version 1
nodes
0 "root" -1
end
skeleton
time 0
0 0 0 0 0 0 0
end
triangles
mount_dovetail_rsr_akr_1913_railed_mount_LOD0
0  -0.028238 -0.006375 0.049743  0.000000 1.000000 0.000299  1.176831 0.005084 0
0  -0.035742 -0.006375 0.049743  0.000000 1.000000 0.000299  1.219079 0.005084 0
0  -0.028537 -0.006375 0.049953  0.000000 1.000000 0.000299  1.178514 0.006270 0
mount_dovetail_rsr_akr_1913_railed_mount_LOD0
0  -0.035742 -0.006375 0.049743  -0.000008 1.000000 0.000574  1.219079 0.005084 0
0  -0.035742 -0.006375 0.050165  -0.000008 1.000000 0.000574  1.219079 0.007460 0
0  -0.028537 -0.006375 0.049953  -0.000008 1.000000 0.000574  1.178514 0.006270 0
mount_dovetail_rsr_akr_1913_railed_mount_LOD0
0  -0.029060 -0.006375 0.051325  -0.000024 1.000000 0.000032  1.181455 0.013993 0
0  -0.028537 -0.006375 0.049953  -0.000010 1.000000 0.000367  1.178514 0.006270 0
0  -0.035742 -0.006375 0.050165  -0.000008 1.000000 0.000367  1.219079 0.007460 0
mount_dovetail_rsr_akr_1913_railed_mount_LOD0
0  -0.029060 -0.006375 0.052688  -0.000034 1.000000 0.000091  1.181453 0.021665 0
0  -0.029060 -0.006375 0.051325  -0.000034 1.000000 0.000091  1.181455 0.013993 0
0  -0.035742 -0.006375 0.050165  -0.000034 1.000000 0.000091  1.219079 0.007460 0
mount_dovetail_rsr_akr_1913_railed_mount_LOD0
0  -0.033219 -0.006375 0.052688  0.000000 1.000000 -0.000001  1.204871 0.021665 0
0  -0.029060 -0.006375 0.052688  0.000000 1.000000 -0.000001  1.181453 0.021665 0
0  -0.035742 -0.006375 0.050165  0.000000 1.000000 -0.000001  1.219079 0.007460 0
mount_dovetail_rsr_akr_1913_railed_mount_LOD0
0  -0.029060 -0.011135 0.052688  0.000000 0.000000 1.000000  1.623336 0.025843 0
0  -0.029060 -0.006375 0.052688  0.000000 0.000000 1.000000  1.596539 0.025843 0
0  -0.033219 -0.006375 0.052688  0.000000 0.000000 1.000000  1.596539 0.002428 0
mount_dovetail_rsr_akr_1913_railed_mount_LOD0
0  -0.033219 -0.011135 0.052688  0.000000 0.000000 1.000000  1.623336 0.002428 0
0  -0.029060 -0.011135 0.052688  0.000000 0.000000 1.000000  1.623336 0.025843 0
0  -0.033219 -0.006375 0.052688  0.000000 0.000000 1.000000  1.596539 0.002428 0
mount_dovetail_rsr_akr_1913_railed_mount_LOD0
0  -0.028238 -0.006375 0.049743  0.000000 0.000000 1.000000  1.927938 0.451323 0
0  -0.028238 -0.001142 0.049743  0.000000 0.000000 1.000000  1.957400 0.451323 0
0  -0.035742 -0.001142 0.049743  0.000000 0.000000 1.000000  1.957400 0.493571 0
mount_dovetail_rsr_akr_1913_railed_mount_LOD0
0  -0.035742 -0.006375 0.049743  0.000000 0.000000 1.000000  1.927938 0.493571 0
0  -0.028238 -0.006375 0.049743  0.000000 0.000000 1.000000  1.927938 0.451323 0
0  -0.035742 -0.001142 0.049743  0.000000 0.000000 1.000000  1.957400 0.493571 0
mount_dovetail_rsr_akr_1913_railed_mount_LOD0
0  -0.029060 -0.006375 0.051325  0.983497 -0.000016 0.180924  0.366567 0.845175 0
0  -0.029060 -0.006375 0.052688  1.000000 0.000000 0.000000  0.366567 0.852847 0
0  -0.029060 -0.011135 0.052688  1.000000 0.000000 0.000000  0.339769 0.852851 0
mount_dovetail_rsr_akr_1913_railed_mount_LOD0
0  -0.029060 -0.011135 0.051325  0.983497 -0.000010 0.180924  0.339767 0.845178 0
0  -0.029060 -0.006375 0.051325  0.983497 -0.000009 0.180924  0.366567 0.845175 0
0  -0.029060 -0.011135 0.052688  1.000000 0.000000 0.000000  0.339769 0.852851 0
mount_dovetail_rsr_akr_1913_railed_mount_LOD0
0  -0.029060 -0.006375 0.051325  0.983450 -0.000002 0.181180  0.366567 0.845175 0
0  -0.029060 -0.011135 0.051325  0.983450 0.000008 0.181180  0.339767 0.845178 0
0  -0.028537 -0.006375 0.049953  0.789588 -0.000011 0.613638  0.366569 0.836911 0
mount_dovetail_rsr_akr_1913_railed_mount_LOD0
0  -0.029060 -0.011135 0.051325  0.983450 -0.000007 0.181182  0.339767 0.845178 0
0  -0.028537 -0.011135 0.049953  0.789587 0.000011 0.613639  0.339767 0.836912 0
0  -0.028537 -0.006375 0.049953  0.789587 -0.000013 0.613639  0.366569 0.836911 0
mount_dovetail_rsr_akr_1913_railed_mount_LOD0
0  -0.028537 -0.006375 0.049953  0.789421 -0.000015 0.613852  0.366569 0.836911 0
0  -0.028537 -0.011135 0.049953  0.789421 -0.000050 0.613852  0.339767 0.836912 0
0  -0.028238 -0.011135 0.049743  0.575663 0.000000 0.817687  0.339769 0.834852 0
mount_dovetail_rsr_akr_1913_railed_mount_LOD0
0  -0.028238 -0.006375 0.049743  0.575667 0.000000 0.817684  0.366569 0.834852 0
0  -0.028537 -0.006375 0.049953  0.789424 0.000036 0.613848  0.366569 0.836911 0
0  -0.028238 -0.011135 0.049743  0.575667 0.000000 0.817684  0.339769 0.834852 0
mount_dovetail_rsr_akr_1913_railed_mount_LOD0
0  -0.028238 -0.006375 0.049743  0.575558 0.000000 0.817761  0.366569 0.834852 0
0  -0.028238 -0.011135 0.049743  0.575558 0.000000 0.817761  0.339769 0.834852 0
0  -0.027110 -0.008755 0.048949  0.389382 0.000005 0.921076  0.353170 0.827089 0
mount_dovetail_rsr_akr_1913_railed_mount_LOD0
0  -0.028238 -0.011135 0.049743  0.575559 0.000000 0.817761  0.339769 0.834852 0
0  -0.028238 -0.016368 0.049743  0.575559 0.000000 0.817761  0.310306 0.834860 0
0  -0.027110 -0.008755 0.048949  0.389383 0.000004 0.921076  0.353170 0.827089 0
mount_dovetail_rsr_akr_1913_railed_mount_LOD0
0  -0.028238 -0.001142 0.049743  0.575555 0.000000 0.817763  0.396034 0.834851 0
0  -0.028238 -0.006375 0.049743  0.575555 0.000000 0.817763  0.366569 0.834852 0
0  -0.027110 -0.008755 0.048949  0.389379 0.000005 0.921078  0.353170 0.827089 0
mount_dovetail_rsr_akr_1913_railed_mount_LOD0
0  -0.028238 -0.016368 0.049743  0.575572 -0.000001 0.817751  0.310306 0.834860 0
0  -0.028238 -0.021128 0.049743  0.575572 -0.000001 0.817751  0.283508 0.834864 0
0  -0.027110 -0.008755 0.048949  0.389398 0.000004 0.921070  0.353170 0.827089 0
mount_dovetail_rsr_akr_1913_railed_mount_LOD0
0  -0.028238 -0.021128 0.049743  0.575549 0.000000 0.817767  0.283508 0.834864 0
0  -0.028238 -0.026361 0.049743  0.575549 0.000000 0.817767  0.254043 0.834877 0
0  -0.027110 -0.008755 0.048949  0.389372 0.000005 0.921080  0.353170 0.827089 0
mount_dovetail_rsr_akr_1913_railed_mount_LOD0
0  -0.028238 -0.001142 0.049743  0.575554 0.000000 0.817764  0.396034 0.834851 0
0  -0.027110 -0.008755 0.048949  0.389378 -0.000001 0.921078  0.353170 0.827089 0
0  -0.028238 0.003617 0.049743  0.575554 0.000000 0.817764  0.422832 0.834848 0
mount_dovetail_rsr_akr_1913_railed_mount_LOD0
0  -0.028537 -0.021128 0.049953  0.789419 -0.000049 0.613855  0.283508 0.836924 0
0  -0.028238 -0.021128 0.049743  0.575659 -0.000002 0.817690  0.283508 0.834864 0
0  -0.028238 -0.016368 0.049743  0.575659 -0.000002 0.817690  0.310306 0.834860 0
mount_dovetail_rsr_akr_1913_railed_mount_LOD0
0  -0.028537 -0.016368 0.049953  0.789428 -0.000005 0.613843  0.310306 0.836917 0
0  -0.028537 -0.021128 0.049953  0.789428 0.000006 0.613842  0.283508 0.836924 0
0  -0.028238 -0.016368 0.049743  0.575673 -0.000002 0.817680  0.310306 0.834860 0
mount_dovetail_rsr_akr_1913_railed_mount_LOD0
0  -0.028537 -0.021128 0.049953  0.789587 0.000022 0.613638  0.283508 0.836924 0
0  -0.028537 -0.016368 0.049953  0.789587 0.000018 0.613638  0.310306 0.836917 0
0  -0.029060 -0.016368 0.051325  0.983476 -0.000035 0.181039  0.310308 0.845179 0
mount_dovetail_rsr_akr_1913_railed_mount_LOD0
0  -0.029060 -0.021128 0.051325  0.983451 -0.000008 0.181175  0.283509 0.845188 0
0  -0.028537 -0.021128 0.049953  0.789591 0.000045 0.613634  0.283508 0.836924 0
0  -0.029060 -0.016368 0.051325  0.983468 -0.000014 0.181081  0.310308 0.845179 0
mount_dovetail_rsr_akr_1913_railed_mount_LOD0
0  -0.029060 -0.016368 0.051325  0.983523 0.000029 0.180783  0.310308 0.845179 0
0  -0.029060 -0.016368 0.052688  1.000000 0.000000 0.000000  0.310312 0.852853 0
0  -0.029060 -0.021128 0.051325  0.983497 -0.000015 0.180924  0.283509 0.845188 0
mount_dovetail_rsr_akr_1913_railed_mount_LOD0
0  -0.029060 -0.016368 0.052688  1.000000 0.000000 0.000000  0.310312 0.852853 0
0  -0.029060 -0.021127 0.052688  1.000000 0.000000 0.000000  0.283513 0.852862 0
0  -0.029060 -0.021128 0.051325  0.983497 -0.000006 0.180924  0.283509 0.845188 0
mount_dovetail_rsr_akr_1913_railed_mount_LOD0
0  -0.028238 -0.001142 0.049743  0.575666 0.000000 0.817685  0.396034 0.834851 0
0  -0.028238 0.003617 0.049743  0.575666 0.000000 0.817685  0.422832 0.834848 0
0  -0.028537 0.003617 0.049953  0.789423 0.000045 0.613849  0.422832 0.836910 0
mount_dovetail_rsr_akr_1913_railed_mount_LOD0
0  -0.028537 -0.001142 0.049953  0.789428 -0.000084 0.613844  0.396034 0.836907 0
0  -0.028238 -0.001142 0.049743  0.575672 0.000000 0.817681  0.396034 0.834851 0
0  -0.028537 0.003617 0.049953  0.789428 -0.000014 0.613843  0.422832 0.836910 0
mount_dovetail_rsr_akr_1913_railed_mount_LOD0
0  -0.029060 -0.001142 0.051325  0.983476 0.000013 0.181041  0.396032 0.845170 0
0  -0.028537 -0.001142 0.049953  0.789586 -0.000007 0.613639  0.396034 0.836907 0
0  -0.028537 0.003617 0.049953  0.789586 -0.000011 0.613639  0.422832 0.836910 0
mount_dovetail_rsr_akr_1913_railed_mount_LOD0
0  -0.029060 0.003617 0.051325  0.983450 -0.000002 0.181179  0.422832 0.845175 0
0  -0.029060 -0.001142 0.051325  0.983476 0.000007 0.181037  0.396032 0.845170 0
0  -0.028537 0.003617 0.049953  0.789589 -0.000011 0.613636  0.422832 0.836910 0
mount_dovetail_rsr_akr_1913_railed_mount_LOD0
0  -0.029060 -0.001142 0.051325  0.983523 -0.000003 0.180783  0.396032 0.845170 0
0  -0.029060 0.003617 0.051325  0.983497 -0.000011 0.180924  0.422832 0.845175 0
0  -0.029060 -0.001142 0.052688  1.000000 0.000000 0.000000  0.396028 0.852842 0
mount_dovetail_rsr_akr_1913_railed_mount_LOD0
0  -0.029060 0.003617 0.051325  0.983497 -0.000016 0.180924  0.422832 0.845175 0
0  -0.029060 0.003617 0.052688  1.000000 0.000000 0.000000  0.422827 0.852850 0
0  -0.029060 -0.001142 0.052688  1.000000 0.000000 0.000000  0.396028 0.852842 0
mount_dovetail_rsr_akr_1913_railed_mount_LOD0
0  -0.028238 0.003617 0.049743  0.575543 0.000000 0.817772  0.422832 0.834848 0
0  -0.027110 -0.008755 0.048949  0.389365 -0.000003 0.921084  0.353170 0.827089 0
0  -0.028238 0.008850 0.049743  0.575543 0.000000 0.817772  0.452291 0.834856 0
mount_dovetail_rsr_akr_1913_railed_mount_LOD0
0  -0.028238 0.008850 0.049743  0.575558 0.000000 0.817761  0.452291 0.834856 0
0  -0.027110 -0.008755 0.048949  0.389382 0.000010 0.921076  0.353170 0.827089 0
0  -0.027110 0.023603 0.048949  0.389382 0.000012 0.921076  0.535355 0.827140 0
mount_dovetail_rsr_akr_1913_railed_mount_LOD0
0  -0.028238 0.013610 0.049743  0.575554 0.000000 0.817764  0.479088 0.834861 0
0  -0.028238 0.008850 0.049743  0.575554 0.000000 0.817764  0.452291 0.834856 0
0  -0.027110 0.023603 0.048949  0.389377 -0.000009 0.921078  0.535355 0.827140 0
mount_dovetail_rsr_akr_1913_railed_mount_LOD0
0  -0.028238 0.018843 0.049743  0.575554 0.000000 0.817764  0.508548 0.834882 0
0  -0.028238 0.013610 0.049743  0.575554 0.000000 0.817764  0.479088 0.834861 0
0  -0.027110 0.023603 0.048949  0.389377 0.000011 0.921078  0.535355 0.827140 0
mount_dovetail_rsr_akr_1913_railed_mount_LOD0
0  -0.028238 0.018843 0.049743  0.575558 0.000000 0.817761  0.508548 0.834882 0
0  -0.027110 0.023603 0.048949  0.389381 0.000000 0.921077  0.535355 0.827140 0
0  -0.028238 0.023603 0.049743  0.575558 0.000000 0.817761  0.535345 0.834909 0
mount_dovetail_rsr_akr_1913_railed_mount_LOD0
0  -0.028238 0.008850 0.049743  0.575661 0.000000 0.817689  0.452291 0.834856 0
0  -0.028238 0.013610 0.049743  0.575661 0.000000 0.817689  0.479088 0.834861 0
0  -0.028537 0.013610 0.049953  0.789420 0.000034 0.613854  0.479088 0.836919 0
mount_dovetail_rsr_akr_1913_railed_mount_LOD0
0  -0.028537 0.008850 0.049953  0.789420 -0.000088 0.613853  0.452289 0.836915 0
0  -0.028238 0.008850 0.049743  0.575661 0.000000 0.817688  0.452291 0.834856 0
0  -0.028537 0.013610 0.049953  0.789420 -0.000014 0.613854  0.479088 0.836919 0
mount_dovetail_rsr_akr_1913_railed_mount_LOD0
0  -0.029060 0.008850 0.051325  0.983476 0.000014 0.181040  0.452286 0.845182 0
0  -0.028537 0.008850 0.049953  0.789587 0.000006 0.613638  0.452289 0.836915 0
0  -0.028537 0.013610 0.049953  0.789587 -0.000011 0.613638  0.479088 0.836919 0
mount_dovetail_rsr_akr_1913_railed_mount_LOD0
0  -0.029060 0.013610 0.051325  0.983450 -0.000001 0.181180  0.479086 0.845185 0
0  -0.029060 0.008850 0.051325  0.983476 0.000007 0.181039  0.452286 0.845182 0
0  -0.028537 0.013610 0.049953  0.789588 -0.000012 0.613638  0.479088 0.836919 0
mount_dovetail_rsr_akr_1913_railed_mount_LOD0
0  -0.029060 0.008850 0.051325  0.983523 -0.000003 0.180783  0.452286 0.845182 0
0  -0.029060 0.013610 0.051325  0.983497 -0.000011 0.180924  0.479086 0.845185 0
0  -0.029060 0.008850 0.052688  1.000000 0.000000 0.000000  0.452286 0.852855 0
mount_dovetail_rsr_akr_1913_railed_mount_LOD0
0  -0.029060 0.013610 0.051325  0.983497 -0.000016 0.180924  0.479086 0.845185 0
0  -0.029060 0.013610 0.052688  1.000000 0.000000 0.000000  0.479084 0.852858 0
0  -0.029060 0.008850 0.052688  1.000000 0.000000 0.000000  0.452286 0.852855 0
mount_dovetail_rsr_akr_1913_railed_mount_LOD0
0  -0.028238 0.018843 0.049743  0.575669 0.000000 0.817683  0.508548 0.834882 0
0  -0.028238 0.023603 0.049743  0.575669 0.000000 0.817683  0.535345 0.834909 0
0  -0.028537 0.023603 0.049953  0.789425 0.000038 0.613846  0.535342 0.836969 0
mount_dovetail_rsr_akr_1913_railed_mount_LOD0
0  -0.028537 0.018843 0.049953  0.789412 -0.000088 0.613863  0.508544 0.836942 0
0  -0.028238 0.018843 0.049743  0.575650 0.000000 0.817696  0.508548 0.834882 0
0  -0.028537 0.023603 0.049953  0.789412 -0.000014 0.613864  0.535342 0.836969 0
mount_dovetail_rsr_akr_1913_railed_mount_LOD0
0  -0.029060 0.018843 0.051325  0.983476 0.000014 0.181038  0.508535 0.845207 0
0  -0.028537 0.018843 0.049953  0.789588 0.000006 0.613637  0.508544 0.836942 0
0  -0.028537 0.023603 0.049953  0.789588 -0.000011 0.613637  0.535342 0.836969 0
mount_dovetail_rsr_akr_1913_railed_mount_LOD0
0  -0.029060 0.023603 0.051325  0.983450 -0.000001 0.181182  0.535335 0.845233 0
0  -0.029060 0.018843 0.051325  0.983476 0.000007 0.181040  0.508535 0.845207 0
0  -0.028537 0.023603 0.049953  0.789587 -0.000012 0.613639  0.535342 0.836969 0
mount_dovetail_rsr_akr_1913_railed_mount_LOD0
0  -0.029060 0.018843 0.051325  0.983523 -0.000003 0.180783  0.508535 0.845207 0
0  -0.029060 0.023603 0.051325  0.983497 -0.000011 0.180924  0.535335 0.845233 0
0  -0.029060 0.018843 0.052688  1.000000 0.000000 0.000000  0.508526 0.852880 0
mount_dovetail_rsr_akr_1913_railed_mount_LOD0
0  -0.029060 0.023603 0.051325  0.983499 -0.000018 0.180916  0.535335 0.845233 0
0  -0.029060 0.023602 0.052688  1.000000 -0.000002 -0.000008  0.535326 0.852908 0
0  -0.029060 0.018843 0.052688  1.000000 -0.000002 -0.000008  0.508526 0.852880 0
mount_dovetail_rsr_akr_1913_railed_mount_LOD0
0  -0.028238 0.023603 0.049743  0.575558 0.000000 0.817761  0.535345 0.834909 0
0  -0.027110 0.023603 0.048949  0.389382 0.000021 0.921076  0.535355 0.827140 0
0  -0.028238 0.028836 0.049743  0.575558 0.000000 0.817761  0.564806 0.834954 0
mount_dovetail_rsr_akr_1913_railed_mount_LOD0
0  -0.028238 0.028836 0.049743  0.575555 0.000000 0.817763  0.564806 0.834954 0
0  -0.027110 0.023603 0.048949  0.389378 0.000005 0.921078  0.535355 0.827140 0
0  -0.028238 0.033595 0.049743  0.575555 0.000000 0.817763  0.591606 0.834998 0
mount_dovetail_rsr_akr_1913_railed_mount_LOD0
0  -0.028238 0.028836 0.049743  0.575656 0.000000 0.817692  0.564806 0.834954 0
0  -0.028238 0.033595 0.049743  0.575656 0.000000 0.817692  0.591606 0.834998 0
0  -0.028537 0.033595 0.049953  0.789416 0.000041 0.613858  0.591602 0.837059 0
mount_dovetail_rsr_akr_1913_railed_mount_LOD0
0  -0.028537 0.028836 0.049953  0.789428 -0.000089 0.613843  0.564804 0.837014 0
0  -0.028238 0.028836 0.049743  0.575673 0.000000 0.817680  0.564806 0.834954 0
0  -0.028537 0.033595 0.049953  0.789428 -0.000014 0.613843  0.591602 0.837059 0
mount_dovetail_rsr_akr_1913_railed_mount_LOD0
0  -0.029060 0.028836 0.051325  0.983468 0.000014 0.181081  0.564790 0.845279 0
0  -0.028537 0.028836 0.049953  0.789591 0.000006 0.613634  0.564804 0.837014 0
0  -0.028537 0.033595 0.049953  0.789591 -0.000011 0.613634  0.591602 0.837059 0
mount_dovetail_rsr_akr_1913_railed_mount_LOD0
0  -0.029060 0.033595 0.051325  0.983451 -0.000001 0.181174  0.591588 0.845327 0
0  -0.029060 0.028836 0.051325  0.983468 0.000007 0.181079  0.564790 0.845279 0
0  -0.028537 0.033595 0.049953  0.789592 -0.000012 0.613632  0.591602 0.837059 0
mount_dovetail_rsr_akr_1913_railed_mount_LOD0
0  -0.029060 0.028836 0.051325  0.983523 -0.000003 0.180783  0.564790 0.845279 0
0  -0.029060 0.033595 0.051325  0.983497 -0.000011 0.180924  0.591588 0.845327 0
0  -0.029060 0.028835 0.052688  1.000000 0.000000 0.000000  0.564774 0.852952 0
mount_dovetail_rsr_akr_1913_railed_mount_LOD0
0  -0.029060 0.033595 0.051325  0.983497 -0.000016 0.180924  0.591588 0.845327 0
0  -0.029060 0.033595 0.052688  1.000000 0.000000 0.000000  0.591574 0.853000 0
0  -0.029060 0.028835 0.052688  1.000000 0.000000 0.000000  0.564774 0.852952 0
mount_dovetail_rsr_akr_1913_railed_mount_LOD0
0  -0.028238 0.033595 0.049743  0.575553 0.000000 0.817764  0.591606 0.834998 0
0  -0.027110 0.023603 0.048949  0.389377 -0.000009 0.921079  0.535355 0.827140 0
0  -0.028238 0.038828 0.049743  0.575553 0.000000 0.817764  0.621065 0.835054 0
mount_dovetail_rsr_akr_1913_railed_mount_LOD0
0  -0.028238 0.038828 0.049743  0.575556 -0.000000 0.817762  0.621065 0.835054 0
0  -0.027110 0.023603 0.048949  0.389380 0.000017 0.921077  0.535355 0.827140 0
0  -0.027110 0.053580 0.048949  0.389380 0.000012 0.921077  0.704144 0.827475 0
mount_dovetail_rsr_akr_1913_railed_mount_LOD0
0  -0.028238 0.043588 0.049743  0.575551 0.000000 0.817766  0.647863 0.835107 0
0  -0.028238 0.038828 0.049743  0.575551 0.000000 0.817766  0.621065 0.835054 0
0  -0.027110 0.053580 0.048949  0.389374 -0.000009 0.921080  0.704144 0.827475 0
mount_dovetail_rsr_akr_1913_railed_mount_LOD0
0  -0.028238 0.038828 0.049743  0.575660 0.000000 0.817689  0.621065 0.835054 0
0  -0.028238 0.043588 0.049743  0.575660 0.000000 0.817689  0.647863 0.835107 0
0  -0.028537 0.043588 0.049953  0.789419 0.000034 0.613854  0.647861 0.837168 0
mount_dovetail_rsr_akr_1913_railed_mount_LOD0
0  -0.028537 0.038828 0.049953  0.789420 -0.000089 0.613853  0.621061 0.837113 0
0  -0.028238 0.038828 0.049743  0.575661 0.000000 0.817688  0.621065 0.835054 0
0  -0.028537 0.043588 0.049953  0.789420 -0.000014 0.613853  0.647861 0.837168 0
mount_dovetail_rsr_akr_1913_railed_mount_LOD0
0  -0.029060 0.038828 0.051325  0.983468 0.000014 0.181080  0.621044 0.845378 0
0  -0.028537 0.038828 0.049953  0.789592 0.000006 0.613633  0.621061 0.837113 0
0  -0.028537 0.043588 0.049953  0.789592 -0.000011 0.613633  0.647861 0.837168 0
mount_dovetail_rsr_akr_1913_railed_mount_LOD0
0  -0.029060 0.043588 0.051325  0.983451 -0.000001 0.181175  0.647844 0.845435 0
0  -0.029060 0.038828 0.051325  0.983468 0.000007 0.181080  0.621044 0.845378 0
0  -0.028537 0.043588 0.049953  0.789591 -0.000013 0.613633  0.647861 0.837168 0
mount_dovetail_rsr_akr_1913_railed_mount_LOD0
0  -0.029060 0.038828 0.051325  0.983523 -0.000002 0.180783  0.621044 0.845378 0
0  -0.029060 0.043588 0.051325  0.983497 -0.000010 0.180924  0.647844 0.845435 0
0  -0.029060 0.038828 0.052688  1.000000 0.000000 0.000000  0.621028 0.853052 0
mount_dovetail_rsr_akr_1913_railed_mount_LOD0
0  -0.029060 0.043588 0.051325  0.983497 -0.000017 0.180924  0.647844 0.845435 0
0  -0.029060 0.043588 0.052688  1.000000 0.000000 0.000000  0.647827 0.853109 0
0  -0.029060 0.038828 0.052688  1.000000 0.000000 0.000000  0.621028 0.853052 0
mount_dovetail_rsr_akr_1913_railed_mount_LOD0
0  -0.028238 0.048821 0.049743  0.575566 -0.000001 0.817755  0.677327 0.835177 0
0  -0.028238 0.043588 0.049743  0.575566 -0.000001 0.817755  0.647863 0.835107 0
0  -0.027110 0.053580 0.048949  0.389391 0.000011 0.921073  0.704144 0.827475 0
mount_dovetail_rsr_akr_1913_railed_mount_LOD0
0  -0.028238 0.053580 0.049743  0.575556 0.000001 0.817762  0.704127 0.835238 0
0  -0.028238 0.048821 0.049743  0.575556 0.000001 0.817762  0.677327 0.835177 0
0  -0.027110 0.053580 0.048949  0.389380 0.000001 0.921077  0.704144 0.827475 0
mount_dovetail_rsr_akr_1913_railed_mount_LOD0
0  -0.028238 0.048821 0.049743  0.575656 0.000001 0.817692  0.677327 0.835177 0
0  -0.028238 0.053580 0.049743  0.575656 0.000001 0.817692  0.704127 0.835238 0
0  -0.028537 0.053580 0.049953  0.789417 0.000043 0.613858  0.704120 0.837300 0
mount_dovetail_rsr_akr_1913_railed_mount_LOD0
0  -0.028537 0.048821 0.049953  0.789426 -0.000076 0.613845  0.677321 0.837238 0
0  -0.028238 0.048821 0.049743  0.575671 0.000001 0.817682  0.677327 0.835177 0
0  -0.028537 0.053580 0.049953  0.789427 -0.000012 0.613845  0.704120 0.837300 0
mount_dovetail_rsr_akr_1913_railed_mount_LOD0
0  -0.029060 0.048821 0.051325  0.983476 0.000013 0.181038  0.677303 0.845504 0
0  -0.028537 0.048821 0.049953  0.789588 -0.000004 0.613637  0.677321 0.837238 0
0  -0.028537 0.053580 0.049953  0.789588 -0.000010 0.613637  0.704120 0.837300 0
mount_dovetail_rsr_akr_1913_railed_mount_LOD0
0  -0.029060 0.053580 0.051325  0.983451 -0.000001 0.181173  0.704101 0.845565 0
0  -0.029060 0.048821 0.051325  0.983468 0.000007 0.181079  0.677303 0.845504 0
0  -0.028537 0.053580 0.049953  0.789592 -0.000012 0.613632  0.704120 0.837300 0
mount_dovetail_rsr_akr_1913_railed_mount_LOD0
0  -0.029060 0.048821 0.051325  0.983523 0.000004 0.180783  0.677303 0.845504 0
0  -0.029060 0.053580 0.051325  0.983497 -0.000011 0.180924  0.704101 0.845565 0
0  -0.029060 0.048821 0.052688  1.000000 0.000000 0.000000  0.677282 0.853177 0
mount_dovetail_rsr_akr_1913_railed_mount_LOD0
0  -0.029060 0.053580 0.051325  0.983497 -0.000017 0.180924  0.704101 0.845565 0
0  -0.029060 0.053580 0.052688  1.000000 0.000000 0.000000  0.704082 0.853240 0
0  -0.029060 0.048821 0.052688  1.000000 0.000000 0.000000  0.677282 0.853177 0
mount_dovetail_rsr_akr_1913_railed_mount_LOD0
0  -0.025161 0.053580 0.048582  0.000130 -0.000000 1.000000  0.704156 0.816314 0
0  -0.027110 0.053580 0.048949  0.389139 -0.000000 0.921179  0.704144 0.827475 0
0  -0.027110 0.023603 0.048949  0.389139 -0.000018 0.921179  0.535355 0.827140 0
mount_dovetail_rsr_akr_1913_railed_mount_LOD0
0  -0.025161 0.023603 0.048582  0.000133 -0.000000 1.000000  0.535368 0.815971 0
0  -0.025161 0.053580 0.048582  0.000133 0.000015 1.000000  0.704156 0.816314 0
0  -0.027110 0.023603 0.048949  0.389141 0.000000 0.921178  0.535355 0.827140 0
mount_dovetail_rsr_akr_1913_railed_mount_LOD0
0  -0.025161 0.023603 0.048582  0.000130 0.000000 1.000000  0.535368 0.815971 0
0  -0.027110 0.023603 0.048949  0.389138 0.000000 0.921179  0.535355 0.827140 0
0  -0.027110 -0.008755 0.048949  0.389138 -0.000003 0.921179  0.353170 0.827089 0
mount_dovetail_rsr_akr_1913_railed_mount_LOD0
0  -0.025161 0.023603 0.048582  -0.000134 0.000000 1.000000  0.535368 0.815971 0
0  -0.023212 0.023603 0.048949  -0.389142 -0.000009 0.921178  0.535381 0.804802 0
0  -0.025161 0.053580 0.048582  -0.000134 0.000012 1.000000  0.704156 0.816314 0
mount_dovetail_rsr_akr_1913_railed_mount_LOD0
0  -0.023212 0.023603 0.048949  -0.389138 -0.000014 0.921179  0.535381 0.804802 0
0  -0.023212 0.053580 0.048949  -0.389138 0.000000 0.921179  0.704173 0.805148 0
0  -0.025161 0.053580 0.048582  -0.000129 0.000008 1.000000  0.704156 0.816314 0
mount_dovetail_rsr_akr_1913_railed_mount_LOD0
0  -0.023212 -0.008755 0.048949  -0.389139 0.000000 0.921179  0.353186 0.804744 0
0  -0.023212 0.023603 0.048949  -0.389139 0.000000 0.921179  0.535381 0.804802 0
0  -0.025161 0.023603 0.048582  -0.000130 0.000008 1.000000  0.535368 0.815971 0
mount_dovetail_rsr_akr_1913_railed_mount_LOD0
0  -0.023212 0.023603 0.048949  -0.389377 -0.000028 0.921079  0.535381 0.804802 0
0  -0.022084 0.038828 0.049743  -0.575553 0.000000 0.817764  0.621125 0.797192 0
0  -0.023212 0.053580 0.048949  -0.389377 0.000007 0.921079  0.704173 0.805148 0
mount_dovetail_rsr_akr_1913_railed_mount_LOD0
0  -0.025161 -0.008755 0.048582  0.000134 -0.000000 1.000000  0.353177 0.815913 0
0  -0.025161 0.023603 0.048582  0.000134 0.000003 1.000000  0.535368 0.815971 0
0  -0.027110 -0.008755 0.048949  0.389142 -0.000000 0.921178  0.353170 0.827089 0
mount_dovetail_rsr_akr_1913_railed_mount_LOD0
0  -0.025161 -0.008755 0.048582  -0.000133 0.000000 1.000000  0.353177 0.815913 0
0  -0.023212 -0.008755 0.048949  -0.389141 -0.000009 0.921178  0.353186 0.804744 0
0  -0.025161 0.023603 0.048582  -0.000133 -0.000000 1.000000  0.535368 0.815971 0
mount_dovetail_rsr_akr_1913_railed_mount_LOD0
0  -0.025161 -0.008755 0.048582  0.000134 0.000000 1.000000  0.353177 0.815913 0
0  -0.027110 -0.008755 0.048949  0.389142 0.000009 0.921178  0.353170 0.827089 0
0  -0.025161 -0.041113 0.048582  0.000134 0.000000 1.000000  0.170989 0.815966 0
mount_dovetail_rsr_akr_1913_railed_mount_LOD0
0  -0.025161 -0.008755 0.048582  -0.000133 0.000000 1.000000  0.353177 0.815913 0
0  -0.025161 -0.041113 0.048582  -0.000133 -0.000003 1.000000  0.170989 0.815966 0
0  -0.023212 -0.008755 0.048949  -0.389141 0.000000 0.921178  0.353186 0.804744 0
mount_dovetail_rsr_akr_1913_railed_mount_LOD0
0  -0.027110 -0.008755 0.048949  0.389138 -0.000000 0.921179  0.353170 0.827089 0
0  -0.027110 -0.041113 0.048949  0.389138 -0.000000 0.921179  0.170980 0.827126 0
0  -0.025161 -0.041113 0.048582  0.000130 -0.000008 1.000000  0.170989 0.815966 0
mount_dovetail_rsr_akr_1913_railed_mount_LOD0
0  -0.027110 -0.008755 0.048949  0.389380 -0.000006 0.921077  0.353170 0.827089 0
0  -0.028238 -0.026361 0.049743  0.575556 -0.000000 0.817762  0.254043 0.834877 0
0  -0.027110 -0.041113 0.048949  0.389380 -0.000007 0.921077  0.170980 0.827126 0
mount_dovetail_rsr_akr_1913_railed_mount_LOD0
0  -0.028238 -0.026361 0.049743  0.575554 0.000000 0.817764  0.254043 0.834877 0
0  -0.028238 -0.031120 0.049743  0.575554 0.000000 0.817764  0.227244 0.834887 0
0  -0.027110 -0.041113 0.048949  0.389378 -0.000028 0.921078  0.170980 0.827126 0
mount_dovetail_rsr_akr_1913_railed_mount_LOD0
0  -0.028238 -0.031120 0.049743  0.575564 0.000000 0.817756  0.227244 0.834887 0
0  -0.028238 -0.036353 0.049743  0.575564 0.000000 0.817756  0.197778 0.834894 0
0  -0.027110 -0.041113 0.048949  0.389389 -0.000004 0.921073  0.170980 0.827126 0
mount_dovetail_rsr_akr_1913_railed_mount_LOD0
0  -0.028537 -0.031120 0.049953  0.789419 -0.000048 0.613855  0.227246 0.836947 0
0  -0.028238 -0.031120 0.049743  0.575659 0.000000 0.817690  0.227244 0.834887 0
0  -0.028238 -0.026361 0.049743  0.575659 0.000000 0.817690  0.254043 0.834877 0
mount_dovetail_rsr_akr_1913_railed_mount_LOD0
0  -0.028537 -0.026361 0.049953  0.789427 -0.000004 0.613844  0.254045 0.836932 0
0  -0.028537 -0.031120 0.049953  0.789428 0.000008 0.613843  0.227246 0.836947 0
0  -0.028238 -0.026361 0.049743  0.575672 0.000000 0.817681  0.254043 0.834877 0
mount_dovetail_rsr_akr_1913_railed_mount_LOD0
0  -0.028537 -0.031120 0.049953  0.789592 0.000023 0.613632  0.227246 0.836947 0
0  -0.028537 -0.026361 0.049953  0.789592 0.000020 0.613633  0.254045 0.836932 0
0  -0.029060 -0.026361 0.051325  0.983468 -0.000033 0.181080  0.254052 0.845194 0
mount_dovetail_rsr_akr_1913_railed_mount_LOD0
0  -0.029060 -0.031120 0.051325  0.983451 -0.000007 0.181176  0.227253 0.845214 0
0  -0.028537 -0.031120 0.049953  0.789591 0.000045 0.613634  0.227246 0.836947 0
0  -0.029060 -0.026361 0.051325  0.983468 -0.000014 0.181081  0.254052 0.845194 0
mount_dovetail_rsr_akr_1913_railed_mount_LOD0
0  -0.029060 -0.026361 0.051325  0.983523 0.000029 0.180783  0.254052 0.845194 0
0  -0.029060 -0.026360 0.052688  1.000000 0.000000 0.000000  0.254058 0.852867 0
0  -0.029060 -0.031120 0.051325  0.983497 -0.000015 0.180924  0.227253 0.845214 0
mount_dovetail_rsr_akr_1913_railed_mount_LOD0
0  -0.029060 -0.026360 0.052688  1.000000 0.000000 0.000000  0.254058 0.852867 0
0  -0.029060 -0.031120 0.052688  1.000000 0.000000 0.000000  0.227258 0.852886 0
0  -0.029060 -0.031120 0.051325  0.983497 -0.000006 0.180924  0.227253 0.845214 0
mount_dovetail_rsr_akr_1913_railed_mount_LOD0
0  -0.025161 -0.041113 0.048582  -0.000130 0.000000 1.000000  0.170989 0.815966 0
0  -0.023212 -0.041113 0.048949  -0.389139 0.000000 0.921179  0.170998 0.804798 0
0  -0.023212 -0.008755 0.048949  -0.389139 0.000004 0.921179  0.353186 0.804744 0
mount_dovetail_rsr_akr_1913_railed_mount_LOD0
0  -0.022084 -0.026361 0.049743  -0.575556 0.000000 0.817762  0.254058 0.797008 0
0  -0.023212 -0.008755 0.048949  -0.389380 -0.000010 0.921077  0.353186 0.804744 0
0  -0.023212 -0.041113 0.048949  -0.389380 -0.000012 0.921077  0.170998 0.804798 0
mount_dovetail_rsr_akr_1913_railed_mount_LOD0
0  -0.022084 -0.021128 0.049743  -0.575553 0.000000 0.817764  0.283520 0.796992 0
0  -0.023212 -0.008755 0.048949  -0.389377 0.000002 0.921079  0.353186 0.804744 0
0  -0.022084 -0.026361 0.049743  -0.575553 0.000000 0.817764  0.254058 0.797008 0
mount_dovetail_rsr_akr_1913_railed_mount_LOD0
0  -0.025161 -0.041113 0.048582  -0.000130 0.000000 1.000000  0.170989 0.815966 0
0  -0.025161 -0.071091 0.048582  -0.000130 -0.000015 1.000000  0.002199 0.815744 0
0  -0.023212 -0.041113 0.048949  -0.389139 0.000000 0.921179  0.170998 0.804798 0
mount_dovetail_rsr_akr_1913_railed_mount_LOD0
0  -0.025161 -0.041113 0.048582  0.000129 -0.000000 1.000000  0.170989 0.815966 0
0  -0.027110 -0.041113 0.048949  0.389138 0.000009 0.921180  0.170980 0.827126 0
0  -0.025161 -0.071091 0.048582  0.000129 -0.000012 1.000000  0.002199 0.815744 0
mount_dovetail_rsr_akr_1913_railed_mount_LOD0
0  -0.025161 -0.071091 0.048582  -0.000129 0.000000 1.000000  0.002199 0.815744 0
0  -0.023212 -0.071091 0.048949  -0.389138 -0.000000 0.921180  0.002209 0.804580 0
0  -0.023212 -0.041113 0.048949  -0.389138 0.000018 0.921180  0.170998 0.804798 0
mount_dovetail_rsr_akr_1913_railed_mount_LOD0
0  -0.027110 -0.041113 0.048949  0.389139 0.000014 0.921179  0.170980 0.827126 0
0  -0.027110 -0.071091 0.048949  0.389139 0.000000 0.921179  0.002188 0.826919 0
0  -0.025161 -0.071091 0.048582  0.000130 -0.000008 1.000000  0.002199 0.815744 0
mount_dovetail_rsr_akr_1913_railed_mount_LOD0
0  -0.022084 -0.016368 0.049743  -0.575566 0.000000 0.817755  0.310319 0.796985 0
0  -0.023212 -0.008755 0.048949  -0.389391 0.000001 0.921072  0.353186 0.804744 0
0  -0.022084 -0.021128 0.049743  -0.575566 0.000000 0.817755  0.283520 0.796992 0
mount_dovetail_rsr_akr_1913_railed_mount_LOD0
0  -0.022084 -0.016368 0.049743  -0.575661 0.000000 0.817688  0.310319 0.796985 0
0  -0.022084 -0.021128 0.049743  -0.575661 0.000000 0.817688  0.283520 0.796992 0
0  -0.021785 -0.021128 0.049953  -0.789420 -0.000034 0.613854  0.283518 0.794933 0
mount_dovetail_rsr_akr_1913_railed_mount_LOD0
0  -0.021785 -0.016368 0.049953  -0.789428 0.000080 0.613843  0.310317 0.794925 0
0  -0.022084 -0.016368 0.049743  -0.575673 0.000000 0.817680  0.310319 0.796985 0
0  -0.021785 -0.021128 0.049953  -0.789428 0.000014 0.613843  0.283518 0.794933 0
mount_dovetail_rsr_akr_1913_railed_mount_LOD0
0  -0.021263 -0.016368 0.051325  -0.983468 -0.000012 0.181080  0.310313 0.786657 0
0  -0.021785 -0.016368 0.049953  -0.789592 0.000006 0.613632  0.310317 0.794925 0
0  -0.021785 -0.021128 0.049953  -0.789592 0.000011 0.613632  0.283518 0.794933 0
mount_dovetail_rsr_akr_1913_railed_mount_LOD0
0  -0.021263 -0.021128 0.051325  -0.983451 0.000001 0.181175  0.283515 0.786670 0
0  -0.021263 -0.016368 0.051325  -0.983468 -0.000007 0.181081  0.310313 0.786657 0
0  -0.021785 -0.021128 0.049953  -0.789591 0.000012 0.613634  0.283518 0.794933 0
mount_dovetail_rsr_akr_1913_railed_mount_LOD0
0  -0.021263 -0.016368 0.051325  -0.983523 0.000003 0.180783  0.310313 0.786657 0
0  -0.021263 -0.021128 0.051325  -0.983497 0.000010 0.180924  0.283515 0.786670 0
0  -0.021263 -0.016368 0.052688  -1.000000 0.000000 0.000000  0.310310 0.778984 0
mount_dovetail_rsr_akr_1913_railed_mount_LOD0
0  -0.021263 -0.021128 0.051325  -0.983497 0.000016 0.180924  0.283515 0.786670 0
0  -0.021263 -0.021127 0.052688  -1.000000 0.000000 0.000000  0.283511 0.778998 0
0  -0.021263 -0.016368 0.052688  -1.000000 0.000000 0.000000  0.310310 0.778984 0
mount_dovetail_rsr_akr_1913_railed_mount_LOD0
0  -0.022084 -0.016368 0.049743  -0.575560 0.000000 0.817760  0.310319 0.796985 0
0  -0.022084 -0.011135 0.049743  -0.575560 0.000000 0.817760  0.339783 0.796980 0
0  -0.023212 -0.008755 0.048949  -0.389384 -0.000005 0.921075  0.353186 0.804744 0
mount_dovetail_rsr_akr_1913_railed_mount_LOD0
0  -0.022084 -0.011135 0.049743  -0.575558 0.000000 0.817761  0.339783 0.796980 0
0  -0.022084 -0.006375 0.049743  -0.575558 0.000000 0.817761  0.366584 0.796975 0
0  -0.023212 -0.008755 0.048949  -0.389382 -0.000005 0.921076  0.353186 0.804744 0
mount_dovetail_rsr_akr_1913_railed_mount_LOD0
0  -0.022084 -0.011135 0.049743  -0.575667 0.000000 0.817684  0.339783 0.796980 0
0  -0.021785 -0.011135 0.049953  -0.789424 -0.000036 0.613848  0.339781 0.794920 0
0  -0.022084 -0.006375 0.049743  -0.575667 0.000000 0.817684  0.366584 0.796975 0
mount_dovetail_rsr_akr_1913_railed_mount_LOD0
0  -0.021785 -0.011135 0.049953  -0.789421 0.000015 0.613852  0.339781 0.794920 0
0  -0.021785 -0.006375 0.049953  -0.789421 0.000050 0.613852  0.366582 0.794912 0
0  -0.022084 -0.006375 0.049743  -0.575663 0.000000 0.817687  0.366584 0.796975 0
mount_dovetail_rsr_akr_1913_railed_mount_LOD0
0  -0.021263 -0.006375 0.051325  -0.983451 0.000007 0.181175  0.366578 0.786646 0
0  -0.021785 -0.006375 0.049953  -0.789591 -0.000011 0.613633  0.366582 0.794912 0
0  -0.021785 -0.011135 0.049953  -0.789591 0.000013 0.613633  0.339781 0.794920 0
mount_dovetail_rsr_akr_1913_railed_mount_LOD0
0  -0.021263 -0.011135 0.051325  -0.983451 0.000002 0.181173  0.339778 0.786655 0
0  -0.021263 -0.006375 0.051325  -0.983451 -0.000008 0.181173  0.366578 0.786646 0
0  -0.021785 -0.011135 0.049953  -0.789592 0.000011 0.613632  0.339781 0.794920 0
mount_dovetail_rsr_akr_1913_railed_mount_LOD0
0  -0.021263 -0.006375 0.051325  -0.983497 0.000010 0.180924  0.366578 0.786646 0
0  -0.021263 -0.011135 0.051325  -0.983497 0.000009 0.180924  0.339778 0.786655 0
0  -0.021263 -0.006375 0.052688  -1.000000 0.000000 0.000000  0.366573 0.778972 0
mount_dovetail_rsr_akr_1913_railed_mount_LOD0
0  -0.021263 -0.011135 0.051325  -0.983497 0.000016 0.180924  0.339778 0.786655 0
0  -0.021263 -0.011135 0.052688  -1.000000 0.000000 0.000000  0.339776 0.778982 0
0  -0.021263 -0.006375 0.052688  -1.000000 0.000000 0.000000  0.366573 0.778972 0
mount_dovetail_rsr_akr_1913_railed_mount_LOD0
0  -0.022084 -0.006375 0.049743  -0.575554 0.000000 0.817764  0.366584 0.796975 0
0  -0.022084 -0.001142 0.049743  -0.575554 0.000000 0.817764  0.396050 0.796972 0
0  -0.023212 -0.008755 0.048949  -0.389377 -0.000004 0.921078  0.353186 0.804744 0
mount_dovetail_rsr_akr_1913_railed_mount_LOD0
0  -0.022084 -0.001142 0.049743  -0.575554 0.000000 0.817764  0.396050 0.796972 0
0  -0.022084 0.003617 0.049743  -0.575554 0.000000 0.817764  0.422850 0.796972 0
0  -0.023212 -0.008755 0.048949  -0.389378 -0.000005 0.921078  0.353186 0.804744 0
mount_dovetail_rsr_akr_1913_railed_mount_LOD0
0  -0.022084 0.003617 0.049743  -0.575543 0.000000 0.817772  0.422850 0.796972 0
0  -0.022084 0.008850 0.049743  -0.575543 0.000000 0.817772  0.452320 0.796985 0
0  -0.023212 -0.008755 0.048949  -0.389365 -0.000004 0.921084  0.353186 0.804744 0
mount_dovetail_rsr_akr_1913_railed_mount_LOD0
0  -0.021785 0.003617 0.049953  -0.789426 0.000045 0.613845  0.422850 0.794910 0
0  -0.022084 0.003617 0.049743  -0.575670 0.000000 0.817682  0.422850 0.796972 0
0  -0.022084 -0.001142 0.049743  -0.575670 0.000000 0.817682  0.396050 0.796972 0
mount_dovetail_rsr_akr_1913_railed_mount_LOD0
0  -0.021785 -0.001142 0.049953  -0.789428 0.000000 0.613844  0.396052 0.794911 0
0  -0.021785 0.003617 0.049953  -0.789428 -0.000008 0.613843  0.422850 0.794910 0
0  -0.022084 -0.001142 0.049743  -0.575672 0.000000 0.817681  0.396050 0.796972 0
mount_dovetail_rsr_akr_1913_railed_mount_LOD0
0  -0.021785 0.003617 0.049953  -0.789590 -0.000024 0.613634  0.422850 0.794910 0
0  -0.021785 -0.001142 0.049953  -0.789590 -0.000021 0.613634  0.396052 0.794911 0
0  -0.021263 -0.001142 0.051325  -0.983468 0.000033 0.181082  0.396052 0.786643 0
mount_dovetail_rsr_akr_1913_railed_mount_LOD0
0  -0.021263 0.003617 0.051325  -0.983451 0.000008 0.181177  0.422850 0.786643 0
0  -0.021785 0.003617 0.049953  -0.789590 -0.000043 0.613635  0.422850 0.794910 0
0  -0.021263 -0.001142 0.051325  -0.983477 0.000016 0.181035  0.396052 0.786643 0
mount_dovetail_rsr_akr_1913_railed_mount_LOD0
0  -0.021263 -0.001142 0.051325  -0.983522 -0.000027 0.180788  0.396052 0.786643 0
0  -0.021263 -0.001142 0.052688  -1.000000 0.000002 0.000005  0.396050 0.778970 0
0  -0.021263 0.003617 0.051325  -0.983496 0.000016 0.180930  0.422850 0.786643 0
mount_dovetail_rsr_akr_1913_railed_mount_LOD0
0  -0.021263 -0.001142 0.052688  -1.000000 0.000000 0.000000  0.396050 0.778970 0
0  -0.021263 0.003617 0.052688  -1.000000 0.000000 0.000000  0.422850 0.778971 0
0  -0.021263 0.003617 0.051325  -0.983497 0.000006 0.180924  0.422850 0.786643 0
mount_dovetail_rsr_akr_1913_railed_mount_LOD0
0  -0.023212 -0.008755 0.048949  -0.389382 0.000006 0.921076  0.353186 0.804744 0
0  -0.022084 0.008850 0.049743  -0.575558 0.000000 0.817761  0.452320 0.796985 0
0  -0.023212 0.023603 0.048949  -0.389382 0.000007 0.921076  0.535381 0.804802 0
mount_dovetail_rsr_akr_1913_railed_mount_LOD0
0  -0.022084 0.008850 0.049743  -0.575566 0.000000 0.817756  0.452320 0.796985 0
0  -0.022084 0.013610 0.049743  -0.575566 0.000000 0.817756  0.479122 0.796989 0
0  -0.023212 0.023603 0.048949  -0.389391 0.000028 0.921073  0.535381 0.804802 0
mount_dovetail_rsr_akr_1913_railed_mount_LOD0
0  -0.021785 0.013610 0.049953  -0.789418 0.000048 0.613856  0.479120 0.794932 0
0  -0.022084 0.013610 0.049743  -0.575659 0.000000 0.817690  0.479122 0.796989 0
0  -0.022084 0.008850 0.049743  -0.575659 0.000000 0.817690  0.452320 0.796985 0
mount_dovetail_rsr_akr_1913_railed_mount_LOD0
0  -0.021785 0.008850 0.049953  -0.789420 -0.000004 0.613853  0.452322 0.794924 0
0  -0.021785 0.013610 0.049953  -0.789420 -0.000008 0.613854  0.479120 0.794932 0
0  -0.022084 0.008850 0.049743  -0.575661 0.000000 0.817688  0.452320 0.796985 0
mount_dovetail_rsr_akr_1913_railed_mount_LOD0
0  -0.021785 0.013610 0.049953  -0.789588 -0.000023 0.613637  0.479120 0.794932 0
0  -0.021785 0.008850 0.049953  -0.789588 -0.000022 0.613637  0.452322 0.794924 0
0  -0.021263 0.008850 0.051325  -0.983476 0.000034 0.181038  0.452325 0.786657 0
mount_dovetail_rsr_akr_1913_railed_mount_LOD0
0  -0.021263 0.013610 0.051325  -0.983450 0.000007 0.181178  0.479124 0.786670 0
0  -0.021785 0.013610 0.049953  -0.789589 -0.000045 0.613636  0.479120 0.794932 0
0  -0.021263 0.008850 0.051325  -0.983476 0.000014 0.181036  0.452325 0.786657 0
mount_dovetail_rsr_akr_1913_railed_mount_LOD0
0  -0.021263 0.008850 0.051325  -0.983523 -0.000029 0.180783  0.452325 0.786657 0
0  -0.021263 0.008850 0.052688  -1.000000 0.000000 0.000000  0.452329 0.778984 0
0  -0.021263 0.013610 0.051325  -0.983497 0.000014 0.180924  0.479124 0.786670 0
mount_dovetail_rsr_akr_1913_railed_mount_LOD0
0  -0.021263 0.008850 0.052688  -1.000000 0.000000 0.000000  0.452329 0.778984 0
0  -0.021263 0.013610 0.052688  -1.000000 0.000000 0.000000  0.479128 0.778998 0
0  -0.021263 0.013610 0.051325  -0.983497 0.000006 0.180924  0.479124 0.786670 0
mount_dovetail_rsr_akr_1913_railed_mount_LOD0
0  -0.022084 0.013610 0.049743  -0.575556 0.000000 0.817762  0.479122 0.796989 0
0  -0.022084 0.018843 0.049743  -0.575556 0.000000 0.817762  0.508589 0.797015 0
0  -0.023212 0.023603 0.048949  -0.389380 0.000004 0.921077  0.535381 0.804802 0
mount_dovetail_rsr_akr_1913_railed_mount_LOD0
0  -0.022084 0.018843 0.049743  -0.575554 0.000001 0.817764  0.508589 0.797015 0
0  -0.022084 0.023603 0.049743  -0.575554 0.000001 0.817764  0.535390 0.797038 0
0  -0.023212 0.023603 0.048949  -0.389377 -0.000022 0.921078  0.535381 0.804802 0
mount_dovetail_rsr_akr_1913_railed_mount_LOD0
0  -0.021785 0.023603 0.049953  -0.789430 0.000040 0.613841  0.535390 0.794982 0
0  -0.022084 0.023603 0.049743  -0.575675 0.000002 0.817679  0.535390 0.797038 0
0  -0.022084 0.018843 0.049743  -0.575675 0.000002 0.817679  0.508589 0.797015 0
mount_dovetail_rsr_akr_1913_railed_mount_LOD0
0  -0.021785 0.018843 0.049953  -0.789413 -0.000003 0.613863  0.508592 0.794956 0
0  -0.021785 0.023603 0.049953  -0.789412 -0.000006 0.613864  0.535390 0.794982 0
0  -0.022084 0.018843 0.049743  -0.575650 0.000001 0.817696  0.508589 0.797015 0
mount_dovetail_rsr_akr_1913_railed_mount_LOD0
0  -0.021785 0.023603 0.049953  -0.789589 -0.000022 0.613636  0.535390 0.794982 0
0  -0.021785 0.018843 0.049953  -0.789589 -0.000020 0.613636  0.508592 0.794956 0
0  -0.021263 0.018843 0.051325  -0.983476 -0.000006 0.181037  0.508598 0.786692 0
mount_dovetail_rsr_akr_1913_railed_mount_LOD0
0  -0.021263 0.023603 0.051325  -0.983451 0.000008 0.181175  0.535398 0.786719 0
0  -0.021785 0.023603 0.049953  -0.789591 -0.000045 0.613633  0.535390 0.794982 0
0  -0.021263 0.018843 0.051325  -0.983468 0.000015 0.181080  0.508598 0.786692 0
mount_dovetail_rsr_akr_1913_railed_mount_LOD0
0  -0.021263 0.018843 0.051325  -0.983523 -0.000029 0.180783  0.508598 0.786692 0
0  -0.021263 0.018843 0.052688  -1.000000 0.000000 0.000000  0.508606 0.779017 0
0  -0.021263 0.023603 0.051325  -0.983497 0.000014 0.180924  0.535398 0.786719 0
mount_dovetail_rsr_akr_1913_railed_mount_LOD0
0  -0.021263 0.018843 0.052688  -1.000000 0.000000 0.000000  0.508606 0.779017 0
0  -0.021263 0.023602 0.052688  -1.000000 0.000000 0.000000  0.535405 0.779047 0
0  -0.021263 0.023603 0.051325  -0.983497 0.000006 0.180924  0.535398 0.786719 0
mount_dovetail_rsr_akr_1913_railed_mount_LOD0
0  -0.022084 0.023603 0.049743  -0.575554 0.000000 0.817764  0.535390 0.797038 0
0  -0.022084 0.028836 0.049743  -0.575554 0.000000 0.817764  0.564858 0.797088 0
0  -0.023212 0.023603 0.048949  -0.389378 0.000000 0.921078  0.535381 0.804802 0
mount_dovetail_rsr_akr_1913_railed_mount_LOD0
0  -0.022084 0.028836 0.049743  -0.575551 0.000000 0.817766  0.564858 0.797088 0
0  -0.022084 0.033595 0.049743  -0.575551 0.000000 0.817766  0.591659 0.797134 0
0  -0.023212 0.023603 0.048949  -0.389374 -0.000002 0.921080  0.535381 0.804802 0
mount_dovetail_rsr_akr_1913_railed_mount_LOD0
0  -0.022084 0.033595 0.049743  -0.575549 0.000000 0.817767  0.591659 0.797134 0
0  -0.022084 0.038828 0.049743  -0.575549 0.000000 0.817767  0.621125 0.797192 0
0  -0.023212 0.023603 0.048949  -0.389372 -0.000012 0.921080  0.535381 0.804802 0
mount_dovetail_rsr_akr_1913_railed_mount_LOD0
0  -0.021785 0.033595 0.049953  -0.789422 0.000042 0.613850  0.591661 0.795078 0
0  -0.022084 0.033595 0.049743  -0.575664 0.000000 0.817686  0.591659 0.797134 0
0  -0.022084 0.028836 0.049743  -0.575664 0.000000 0.817686  0.564858 0.797088 0
mount_dovetail_rsr_akr_1913_railed_mount_LOD0
0  -0.021785 0.028836 0.049953  -0.789431 -0.000005 0.613839  0.564863 0.795032 0
0  -0.021785 0.033595 0.049953  -0.789432 -0.000008 0.613838  0.591661 0.795078 0
0  -0.022084 0.028836 0.049743  -0.575678 0.000000 0.817677  0.564858 0.797088 0
mount_dovetail_rsr_akr_1913_railed_mount_LOD0
0  -0.021785 0.033595 0.049953  -0.789591 -0.000024 0.613633  0.591661 0.795078 0
0  -0.021785 0.028836 0.049953  -0.789591 -0.000022 0.613633  0.564863 0.795032 0
0  -0.021263 0.028836 0.051325  -0.983468 0.000034 0.181081  0.564877 0.786768 0
mount_dovetail_rsr_akr_1913_railed_mount_LOD0
0  -0.021263 0.033595 0.051325  -0.983451 0.000007 0.181174  0.591675 0.786816 0
0  -0.021785 0.033595 0.049953  -0.789592 -0.000045 0.613632  0.591661 0.795078 0
0  -0.021263 0.028836 0.051325  -0.983469 0.000015 0.181079  0.564877 0.786768 0
mount_dovetail_rsr_akr_1913_railed_mount_LOD0
0  -0.021263 0.028836 0.051325  -0.983523 -0.000029 0.180783  0.564877 0.786768 0
0  -0.021263 0.028835 0.052688  -1.000000 0.000000 0.000000  0.564890 0.779094 0
0  -0.021263 0.033595 0.051325  -0.983497 0.000014 0.180924  0.591675 0.786816 0
mount_dovetail_rsr_akr_1913_railed_mount_LOD0
0  -0.021263 0.028835 0.052688  -1.000000 0.000000 0.000000  0.564890 0.779094 0
0  -0.021263 0.033595 0.052688  -1.000000 0.000000 0.000000  0.591688 0.779142 0
0  -0.021263 0.033595 0.051325  -0.983497 0.000006 0.180924  0.591675 0.786816 0
mount_dovetail_rsr_akr_1913_railed_mount_LOD0
0  -0.021785 0.038828 0.049953  -0.789424 -0.000005 0.613849  0.621132 0.795138 0
0  -0.021785 0.043588 0.049953  -0.789424 -0.000008 0.613849  0.647930 0.795192 0
0  -0.022084 0.038828 0.049743  -0.575666 0.000000 0.817685  0.621125 0.797192 0
mount_dovetail_rsr_akr_1913_railed_mount_LOD0
0  -0.021785 0.043588 0.049953  -0.789592 -0.000024 0.613632  0.647930 0.795192 0
0  -0.021785 0.038828 0.049953  -0.789592 -0.000022 0.613633  0.621132 0.795138 0
0  -0.021263 0.038828 0.051325  -0.983468 0.000034 0.181080  0.621146 0.786875 0
mount_dovetail_rsr_akr_1913_railed_mount_LOD0
0  -0.021785 0.043588 0.049953  -0.789421 0.000048 0.613852  0.647930 0.795192 0
0  -0.022084 0.043588 0.049743  -0.575663 0.000000 0.817687  0.647927 0.797246 0
0  -0.022084 0.038828 0.049743  -0.575663 0.000000 0.817687  0.621125 0.797192 0
mount_dovetail_rsr_akr_1913_railed_mount_LOD0
0  -0.021263 0.043588 0.051325  -0.983450 0.000010 0.181182  0.647944 0.786926 0
0  -0.021785 0.043588 0.049953  -0.789587 -0.000044 0.613639  0.647930 0.795192 0
0  -0.021263 0.038828 0.051325  -0.983476 0.000017 0.181040  0.621146 0.786875 0
mount_dovetail_rsr_akr_1913_railed_mount_LOD0
0  -0.021263 0.038828 0.051325  -0.983523 -0.000025 0.180783  0.621146 0.786875 0
0  -0.021263 0.038828 0.052688  -1.000000 0.000002 0.000000  0.621159 0.779201 0
0  -0.021263 0.043588 0.051325  -0.983497 0.000017 0.180924  0.647944 0.786926 0
mount_dovetail_rsr_akr_1913_railed_mount_LOD0
0  -0.021263 0.038828 0.052688  -1.000000 0.000000 -0.000008  0.621159 0.779201 0
0  -0.021263 0.043588 0.052688  -1.000000 0.000000 -0.000008  0.647960 0.779253 0
0  -0.021263 0.043588 0.051325  -0.983498 0.000005 0.180916  0.647944 0.786926 0
mount_dovetail_rsr_akr_1913_railed_mount_LOD0
0  -0.022084 0.038828 0.049743  -0.575552 0.000000 0.817765  0.621125 0.797192 0
0  -0.022084 0.043588 0.049743  -0.575552 0.000000 0.817765  0.647927 0.797246 0
0  -0.023212 0.053580 0.048949  -0.389376 0.000028 0.921079  0.704173 0.805148 0
mount_dovetail_rsr_akr_1913_railed_mount_LOD0
0  -0.022084 0.043588 0.049743  -0.575566 0.000000 0.817755  0.647927 0.797246 0
0  -0.022084 0.048821 0.049743  -0.575566 0.000000 0.817755  0.677393 0.797320 0
0  -0.023212 0.053580 0.048949  -0.389391 0.000004 0.921073  0.704173 0.805148 0
mount_dovetail_rsr_akr_1913_railed_mount_LOD0
0  -0.022084 0.048821 0.049743  -0.575557 0.000000 0.817761  0.677393 0.797320 0
0  -0.022084 0.053580 0.049743  -0.575557 0.000000 0.817761  0.704194 0.797385 0
0  -0.023212 0.053580 0.048949  -0.389381 -0.000023 0.921077  0.704173 0.805148 0
mount_dovetail_rsr_akr_1913_railed_mount_LOD0
0  -0.021785 0.053580 0.049953  -0.789423 0.000030 0.613850  0.704199 0.795331 0
0  -0.022084 0.053580 0.049743  -0.575665 0.000000 0.817686  0.704194 0.797385 0
0  -0.022084 0.048821 0.049743  -0.575665 0.000000 0.817686  0.677393 0.797320 0
mount_dovetail_rsr_akr_1913_railed_mount_LOD0
0  -0.021785 0.048821 0.049953  -0.789430 0.000007 0.613840  0.677401 0.795264 0
0  -0.021785 0.053580 0.049953  -0.789431 -0.000008 0.613839  0.704199 0.795331 0
0  -0.022084 0.048821 0.049743  -0.575676 0.000000 0.817678  0.677393 0.797320 0
mount_dovetail_rsr_akr_1913_railed_mount_LOD0
0  -0.021785 0.053580 0.049953  -0.789587 -0.000023 0.613639  0.704199 0.795331 0
0  -0.021785 0.048821 0.049953  -0.789587 -0.000019 0.613639  0.677401 0.795264 0
0  -0.021263 0.048821 0.051325  -0.983476 0.000032 0.181041  0.677420 0.787001 0
mount_dovetail_rsr_akr_1913_railed_mount_LOD0
0  -0.021263 0.053580 0.051325  -0.983450 0.000007 0.181180  0.704219 0.787069 0
0  -0.021785 0.053580 0.049953  -0.789588 -0.000045 0.613638  0.704199 0.795331 0
0  -0.021263 0.048821 0.051325  -0.983476 0.000014 0.181039  0.677420 0.787001 0
mount_dovetail_rsr_akr_1913_railed_mount_LOD0
0  -0.021263 0.048821 0.051325  -0.983523 -0.000031 0.180783  0.677420 0.787001 0
0  -0.021263 0.048821 0.052688  -1.000000 0.000000 0.000000  0.677439 0.779326 0
0  -0.021263 0.053580 0.051325  -0.983497 0.000014 0.180924  0.704219 0.787069 0
mount_dovetail_rsr_akr_1913_railed_mount_LOD0
0  -0.021263 0.048821 0.052688  -1.000000 0.000000 0.000000  0.677439 0.779326 0
0  -0.021263 0.053580 0.052688  -1.000000 0.000000 0.000000  0.704237 0.779395 0
0  -0.021263 0.053580 0.051325  -0.983497 0.000005 0.180924  0.704219 0.787069 0
mount_dovetail_rsr_akr_1913_railed_mount_LOD0
0  -0.033219 -0.001142 0.052688  -0.707115 0.000005 0.707099  1.997825 0.630922 0
0  -0.033219 0.003617 0.052688  -0.707115 0.000005 0.707099  1.997825 0.657719 0
0  -0.035742 0.003617 0.050165  -0.707115 0.000005 0.707099  1.977737 0.657719 0
mount_dovetail_rsr_akr_1913_railed_mount_LOD0
0  -0.035742 -0.001142 0.050165  -0.707120 0.000000 0.707094  1.977737 0.630922 0
0  -0.033219 -0.001142 0.052688  -0.707120 0.000000 0.707094  1.997825 0.630922 0
0  -0.035742 0.003617 0.050165  -0.707120 0.000000 0.707094  1.977737 0.657719 0
mount_dovetail_rsr_akr_1913_railed_mount_LOD0
0  -0.029060 -0.001142 0.051325  0.000000 -1.000000 -0.000161  1.988937 0.084030 0
0  -0.029060 -0.001142 0.052688  0.000000 -1.000000 -0.000161  1.996609 0.084029 0
0  -0.033219 -0.001142 0.052688  0.000000 -1.000000 -0.000161  1.996609 0.107449 0
mount_dovetail_rsr_akr_1913_railed_mount_LOD0
0  -0.035742 -0.001142 0.050165  0.000040 -1.000000 -0.000040  1.982402 0.121652 0
0  -0.029060 -0.001142 0.051325  0.000040 -1.000000 -0.000040  1.988937 0.084030 0
0  -0.033219 -0.001142 0.052688  0.000040 -1.000000 -0.000040  1.996609 0.107449 0
mount_dovetail_rsr_akr_1913_railed_mount_LOD0
0  -0.028537 -0.001142 0.049953  0.000043 -1.000000 -0.000060  1.981212 0.081088 0
0  -0.029060 -0.001142 0.051325  0.000043 -1.000000 -0.000060  1.988937 0.084030 0
0  -0.035742 -0.001142 0.050165  0.000043 -1.000000 -0.000060  1.982402 0.121652 0
mount_dovetail_rsr_akr_1913_railed_mount_LOD0
0  -0.028537 -0.001142 0.049953  0.000026 -1.000000 -0.000040  1.981212 0.081088 0
0  -0.035742 -0.001142 0.050165  0.000022 -1.000000 -0.000040  1.982402 0.121652 0
0  -0.035742 -0.001142 0.049743  0.000016 -1.000000 -0.000040  1.980027 0.121653 0
mount_dovetail_rsr_akr_1913_railed_mount_LOD0
0  -0.028238 -0.001142 0.049743  0.000020 -1.000000 -0.000171  1.980027 0.079403 0
0  -0.028537 -0.001142 0.049953  0.000029 -1.000000 -0.000171  1.981212 0.081088 0
0  -0.035742 -0.001142 0.049743  0.000020 -1.000000 -0.000171  1.980027 0.121653 0
mount_dovetail_rsr_akr_1913_railed_mount_LOD0
0  -0.028238 0.003617 0.049743  0.000000 1.000000 0.000272  1.997988 0.163809 0
0  -0.035742 0.003617 0.049743  0.000000 1.000000 0.000272  1.997988 0.206060 0
0  -0.028537 0.003617 0.049953  0.000000 1.000000 0.000272  1.996803 0.165493 0
mount_dovetail_rsr_akr_1913_railed_mount_LOD0
0  -0.035742 0.003617 0.049743  -0.000009 1.000000 0.000564  1.997988 0.206060 0
0  -0.035742 0.003617 0.050165  -0.000009 1.000000 0.000564  1.995613 0.206057 0
0  -0.028537 0.003617 0.049953  -0.000009 1.000000 0.000564  1.996803 0.165493 0
mount_dovetail_rsr_akr_1913_railed_mount_LOD0
0  -0.029060 0.003617 0.051325  -0.000024 1.000000 0.000033  1.989078 0.168436 0
0  -0.028537 0.003617 0.049953  -0.000010 1.000000 0.000368  1.996803 0.165493 0
0  -0.035742 0.003617 0.050165  -0.000007 1.000000 0.000368  1.995613 0.206057 0
mount_dovetail_rsr_akr_1913_railed_mount_LOD0
0  -0.029060 0.003617 0.052688  -0.000034 1.000000 0.000091  1.981405 0.168435 0
0  -0.029060 0.003617 0.051325  -0.000034 1.000000 0.000091  1.989078 0.168436 0
0  -0.035742 0.003617 0.050165  -0.000034 1.000000 0.000091  1.995613 0.206057 0
mount_dovetail_rsr_akr_1913_railed_mount_LOD0
0  -0.033219 0.003617 0.052688  0.000000 1.000000 0.000000  1.981405 0.191854 0
0  -0.029060 0.003617 0.052688  0.000000 1.000000 0.000000  1.981405 0.168435 0
0  -0.035742 0.003617 0.050165  0.000000 1.000000 0.000000  1.995613 0.206057 0
mount_dovetail_rsr_akr_1913_railed_mount_LOD0
0  -0.035742 -0.001142 0.050165  -1.000000 0.000000 0.000000  0.381760 0.997933 0
0  -0.035742 0.003617 0.050165  -1.000000 0.000000 0.000000  0.408560 0.997933 0
0  -0.035742 -0.001142 0.049743  -1.000000 0.000000 0.000000  0.381760 0.995558 0
mount_dovetail_rsr_akr_1913_railed_mount_LOD0
0  -0.035742 0.003617 0.050165  -1.000000 0.000000 0.000000  0.408560 0.997933 0
0  -0.035742 0.003617 0.049743  -1.000000 0.000000 0.000000  0.408560 0.995558 0
0  -0.035742 -0.001142 0.049743  -1.000000 0.000000 0.000000  0.381760 0.995558 0
mount_dovetail_rsr_akr_1913_railed_mount_LOD0
0  -0.035742 -0.001142 0.049743  -1.000000 0.000000 0.000000  0.381760 0.995558 0
0  -0.035742 0.003617 0.049743  -1.000000 0.000000 0.000000  0.408560 0.995558 0
0  -0.035742 0.003617 0.049615  -1.000000 0.000000 0.000000  0.408560 0.994839 0
mount_dovetail_rsr_akr_1913_railed_mount_LOD0
0  -0.035742 -0.001143 0.049615  -1.000000 0.000000 0.000000  0.381760 0.994839 0
0  -0.035742 -0.001142 0.049743  -1.000000 0.000000 0.000000  0.381760 0.995558 0
0  -0.035742 0.003617 0.049615  -1.000000 0.000000 0.000000  0.408560 0.994839 0
mount_dovetail_rsr_akr_1913_railed_mount_LOD0
0  -0.035742 0.003617 0.049615  -1.000000 0.000000 0.000000  0.408560 0.994839 0
0  -0.035742 0.003617 0.049743  -1.000000 0.000000 0.000000  0.408560 0.995558 0
0  -0.035742 0.008850 0.049615  -1.000000 0.000000 0.000000  0.438026 0.994839 0
mount_dovetail_rsr_akr_1913_railed_mount_LOD0
0  -0.035742 -0.006375 0.049743  -1.000000 0.000000 0.000000  0.352293 0.995558 0
0  -0.035742 -0.001142 0.049743  -1.000000 0.000000 0.000000  0.381760 0.995558 0
0  -0.035742 -0.001143 0.049615  -1.000000 0.000000 0.000000  0.381760 0.994839 0
mount_dovetail_rsr_akr_1913_railed_mount_LOD0
0  -0.035742 0.003617 0.049743  -1.000000 0.000000 0.000000  0.408560 0.995558 0
0  -0.035742 0.008850 0.049743  -1.000000 0.000000 0.000000  0.438026 0.995558 0
0  -0.035742 0.008850 0.049615  -1.000000 0.000000 0.000000  0.438026 0.994839 0
mount_dovetail_rsr_akr_1913_railed_mount_LOD0
0  -0.035742 -0.006375 0.049615  -1.000000 0.000000 0.000000  0.352293 0.994839 0
0  -0.035742 -0.006375 0.049743  -1.000000 0.000000 0.000000  0.352293 0.995558 0
0  -0.035742 -0.001143 0.049615  -1.000000 0.000000 0.000000  0.381760 0.994839 0
mount_dovetail_rsr_akr_1913_railed_mount_LOD0
0  -0.035742 0.008850 0.049615  -1.000000 0.000000 0.000000  0.438026 0.994839 0
0  -0.035742 0.008850 0.049743  -1.000000 0.000000 0.000000  0.438026 0.995558 0
0  -0.035742 0.013610 0.049615  -1.000000 0.000000 0.000000  0.464827 0.994839 0
mount_dovetail_rsr_akr_1913_railed_mount_LOD0
0  -0.035742 -0.006375 0.049743  -1.000000 0.000000 0.000000  0.352293 0.995558 0
0  -0.035742 -0.006375 0.049615  -1.000000 0.000000 0.000000  0.352293 0.994839 0
0  -0.035742 -0.011135 0.049743  -1.000000 0.000000 0.000000  0.325493 0.995558 0
mount_dovetail_rsr_akr_1913_railed_mount_LOD0
0  -0.035742 -0.006375 0.049615  -1.000000 0.000000 0.000000  0.352293 0.994839 0
0  -0.035742 -0.011135 0.049615  -1.000000 0.000000 0.000000  0.325493 0.994839 0
0  -0.035742 -0.011135 0.049743  -1.000000 0.000000 0.000000  0.325493 0.995558 0
mount_dovetail_rsr_akr_1913_railed_mount_LOD0
0  -0.035742 -0.006375 0.049743  -1.000000 0.000000 0.000000  0.352293 0.995558 0
0  -0.035742 -0.011135 0.049743  -1.000000 0.000000 0.000000  0.325493 0.995558 0
0  -0.035742 -0.006375 0.050165  -1.000000 0.000000 0.000000  0.352293 0.997933 0
mount_dovetail_rsr_akr_1913_railed_mount_LOD0
0  -0.035742 -0.011135 0.049743  -1.000000 0.000000 0.000000  0.325493 0.995558 0
0  -0.035742 -0.011135 0.050165  -1.000000 0.000000 0.000000  0.325493 0.997933 0
0  -0.035742 -0.006375 0.050165  -1.000000 0.000000 0.000000  0.352293 0.997933 0
mount_dovetail_rsr_akr_1913_railed_mount_LOD0
0  -0.035742 -0.011135 0.049743  -1.000000 0.000001 0.000000  0.325493 0.995558 0
0  -0.035742 -0.011135 0.049615  -1.000000 0.000001 0.000000  0.325493 0.994839 0
0  -0.035742 -0.016368 0.049615  -1.000000 0.000001 0.000000  0.296027 0.994839 0
mount_dovetail_rsr_akr_1913_railed_mount_LOD0
0  -0.035742 -0.016368 0.049743  -1.000000 0.000000 0.000087  0.296027 0.995558 0
0  -0.035742 -0.011135 0.049743  -1.000000 0.000000 0.000087  0.325493 0.995558 0
0  -0.035742 -0.016368 0.049615  -1.000000 0.000000 0.000087  0.296027 0.994839 0
mount_dovetail_rsr_akr_1913_railed_mount_LOD0
0  -0.035742 -0.016368 0.049743  -1.000000 -0.000001 0.000087  0.296027 0.995558 0
0  -0.035742 -0.016368 0.049615  -1.000000 -0.000001 0.000087  0.296027 0.994839 0
0  -0.035742 -0.021128 0.049615  -1.000000 -0.000001 0.000087  0.269226 0.994839 0
mount_dovetail_rsr_akr_1913_railed_mount_LOD0
0  -0.035742 0.008850 0.049743  -1.000000 0.000000 0.000000  0.438026 0.995558 0
0  -0.035742 0.013610 0.049743  -1.000000 0.000000 0.000000  0.464827 0.995558 0
0  -0.035742 0.013610 0.049615  -1.000000 0.000000 0.000000  0.464827 0.994839 0
mount_dovetail_rsr_akr_1913_railed_mount_LOD0
0  -0.035742 0.013610 0.049615  -1.000000 0.000000 0.000000  0.464827 0.994839 0
0  -0.035742 0.013610 0.049743  -1.000000 0.000000 0.000000  0.464827 0.995558 0
0  -0.035742 0.018843 0.049615  -1.000000 0.000000 0.000000  0.494293 0.994839 0
mount_dovetail_rsr_akr_1913_railed_mount_LOD0
0  -0.035742 0.013610 0.050165  -1.000000 0.000000 0.000000  0.464827 0.997933 0
0  -0.035742 0.013610 0.049743  -1.000000 0.000000 0.000000  0.464827 0.995558 0
0  -0.035742 0.008850 0.049743  -1.000000 0.000000 0.000000  0.438026 0.995558 0
mount_dovetail_rsr_akr_1913_railed_mount_LOD0
0  -0.035742 0.008850 0.050165  -1.000000 0.000000 0.000000  0.438026 0.997933 0
0  -0.035742 0.013610 0.050165  -1.000000 0.000000 0.000000  0.464827 0.997933 0
0  -0.035742 0.008850 0.049743  -1.000000 0.000000 0.000000  0.438026 0.995558 0
mount_dovetail_rsr_akr_1913_railed_mount_LOD0
0  -0.035742 0.013610 0.049743  -1.000000 0.000000 0.000000  0.464827 0.995558 0
0  -0.035742 0.018843 0.049743  -1.000000 0.000000 0.000000  0.494293 0.995558 0
0  -0.035742 0.018843 0.049615  -1.000000 0.000000 0.000000  0.494293 0.994839 0
mount_dovetail_rsr_akr_1913_railed_mount_LOD0
0  -0.035742 0.018843 0.049615  -1.000000 0.000000 0.000000  0.494293 0.994839 0
0  -0.035742 0.018843 0.049743  -1.000000 0.000000 0.000000  0.494293 0.995558 0
0  -0.035742 0.023602 0.049615  -1.000000 0.000000 0.000000  0.521094 0.994839 0
mount_dovetail_rsr_akr_1913_railed_mount_LOD0
0  -0.035742 -0.021128 0.049743  -1.000000 0.000000 0.000000  0.269226 0.995558 0
0  -0.035742 -0.016368 0.049743  -1.000000 0.000000 0.000000  0.296027 0.995558 0
0  -0.035742 -0.021128 0.049615  -1.000000 0.000000 0.000000  0.269226 0.994839 0
mount_dovetail_rsr_akr_1913_railed_mount_LOD0
0  -0.035742 -0.021128 0.049743  -1.000000 0.000001 0.000000  0.269226 0.995558 0
0  -0.035742 -0.021128 0.049615  -1.000000 0.000001 0.000000  0.269226 0.994839 0
0  -0.035742 -0.026360 0.049615  -1.000000 0.000001 0.000000  0.239761 0.994839 0
mount_dovetail_rsr_akr_1913_railed_mount_LOD0
0  -0.035742 -0.021128 0.049743  -1.000000 0.000000 -0.000026  0.269226 0.995558 0
0  -0.035742 -0.021127 0.050165  -1.000000 0.000000 -0.000026  0.269226 0.997933 0
0  -0.035742 -0.016368 0.049743  -1.000000 0.000000 -0.000026  0.296027 0.995558 0
mount_dovetail_rsr_akr_1913_railed_mount_LOD0
0  -0.035742 -0.021127 0.050165  -1.000000 0.000000 -0.000026  0.269226 0.997933 0
0  -0.035742 -0.016368 0.050165  -1.000000 0.000000 -0.000026  0.296027 0.997933 0
0  -0.035742 -0.016368 0.049743  -1.000000 0.000000 -0.000026  0.296027 0.995558 0
mount_dovetail_rsr_akr_1913_railed_mount_LOD0
0  -0.035742 -0.026361 0.049743  -1.000000 0.000000 0.000087  0.239761 0.995558 0
0  -0.035742 -0.021128 0.049743  -1.000000 0.000000 0.000087  0.269226 0.995558 0
0  -0.035742 -0.026360 0.049615  -1.000000 0.000000 0.000087  0.239761 0.994839 0
mount_dovetail_rsr_akr_1913_railed_mount_LOD0
0  -0.035742 -0.026361 0.049743  -1.000000 0.000000 0.000087  0.239761 0.995558 0
0  -0.035742 -0.026360 0.049615  -1.000000 0.000000 0.000087  0.239761 0.994839 0
0  -0.035742 -0.031120 0.049615  -1.000000 0.000000 0.000087  0.212960 0.994839 0
mount_dovetail_rsr_akr_1913_railed_mount_LOD0
0  -0.035742 0.018843 0.049743  -1.000000 0.000000 0.000000  0.494293 0.995558 0
0  -0.035742 0.023603 0.049743  -1.000000 0.000000 0.000000  0.521094 0.995558 0
0  -0.035742 0.023602 0.049615  -1.000000 0.000000 0.000000  0.521094 0.994839 0
mount_dovetail_rsr_akr_1913_railed_mount_LOD0
0  -0.035742 0.023602 0.049615  -1.000000 0.000000 0.000000  0.521094 0.994839 0
0  -0.035742 0.023603 0.049743  -1.000000 0.000000 0.000000  0.521094 0.995558 0
0  -0.035742 0.028835 0.049615  -1.000000 0.000000 0.000000  0.550561 0.994839 0
mount_dovetail_rsr_akr_1913_railed_mount_LOD0
0  -0.035742 0.023602 0.050165  -1.000000 0.000000 0.000000  0.521094 0.997933 0
0  -0.035742 0.023603 0.049743  -1.000000 0.000000 0.000000  0.521094 0.995558 0
0  -0.035742 0.018843 0.049743  -1.000000 0.000000 0.000000  0.494293 0.995558 0
mount_dovetail_rsr_akr_1913_railed_mount_LOD0
0  -0.035742 0.018843 0.050165  -1.000000 0.000000 0.000000  0.494293 0.997933 0
0  -0.035742 0.023602 0.050165  -1.000000 0.000000 0.000000  0.521094 0.997933 0
0  -0.035742 0.018843 0.049743  -1.000000 0.000000 0.000000  0.494293 0.995558 0
mount_dovetail_rsr_akr_1913_railed_mount_LOD0
0  -0.035742 0.023603 0.049743  -1.000000 0.000000 0.000000  0.521094 0.995558 0
0  -0.035742 0.028836 0.049743  -1.000000 0.000000 0.000000  0.550561 0.995558 0
0  -0.035742 0.028835 0.049615  -1.000000 0.000000 0.000000  0.550561 0.994839 0
mount_dovetail_rsr_akr_1913_railed_mount_LOD0
0  -0.035742 0.028835 0.049615  -1.000000 0.000000 0.000000  0.550561 0.994839 0
0  -0.035742 0.028836 0.049743  -1.000000 0.000000 0.000000  0.550561 0.995558 0
0  -0.035742 0.033595 0.049615  -1.000000 0.000000 0.000000  0.577362 0.994839 0
mount_dovetail_rsr_akr_1913_railed_mount_LOD0
0  -0.035742 -0.031120 0.049743  -1.000000 0.000004 0.000000  0.212960 0.995558 0
0  -0.035742 -0.026361 0.049743  -1.000000 0.000004 0.000000  0.239761 0.995558 0
0  -0.035742 -0.031120 0.049615  -1.000000 0.000004 0.000000  0.212960 0.994839 0
mount_dovetail_rsr_akr_1913_railed_mount_LOD0
0  -0.035742 -0.031120 0.049743  -1.000000 0.000000 0.000000  0.212960 0.995558 0
0  -0.035742 -0.031120 0.049615  -1.000000 0.000000 0.000000  0.212960 0.994839 0
0  -0.035742 -0.036353 0.049615  -1.000000 0.000000 0.000000  0.183494 0.994839 0
mount_dovetail_rsr_akr_1913_railed_mount_LOD0
0  -0.035742 -0.031120 0.049743  -1.000000 0.000004 -0.000000  0.212960 0.995558 0
0  -0.035742 -0.031120 0.050165  -1.000000 0.000004 -0.000000  0.212960 0.997933 0
0  -0.035742 -0.026361 0.049743  -1.000000 0.000004 -0.000000  0.239761 0.995558 0
mount_dovetail_rsr_akr_1913_railed_mount_LOD0
0  -0.035742 -0.031120 0.050165  -1.000000 0.000000 -0.000026  0.212960 0.997933 0
0  -0.035742 -0.026360 0.050165  -1.000000 0.000000 -0.000026  0.239761 0.997933 0
0  -0.035742 -0.026361 0.049743  -1.000000 0.000000 -0.000026  0.239761 0.995558 0
mount_dovetail_rsr_akr_1913_railed_mount_LOD0
0  -0.035742 -0.036353 0.049743  -1.000000 0.000000 0.000000  0.183494 0.995558 0
0  -0.035742 -0.031120 0.049743  -1.000000 0.000000 0.000000  0.212960 0.995558 0
0  -0.035742 -0.036353 0.049615  -1.000000 0.000000 0.000000  0.183494 0.994839 0
mount_dovetail_rsr_akr_1913_railed_mount_LOD0
0  -0.035742 -0.036353 0.049743  -1.000000 0.000000 0.000000  0.183494 0.995558 0
0  -0.035742 -0.036353 0.049615  -1.000000 0.000000 0.000000  0.183494 0.994839 0
0  -0.035742 -0.041113 0.049615  -1.000000 0.000000 0.000000  0.156693 0.994839 0
mount_dovetail_rsr_akr_1913_railed_mount_LOD0
0  -0.035742 0.028836 0.049743  -1.000000 0.000000 0.000000  0.550561 0.995558 0
0  -0.035742 0.033595 0.049743  -1.000000 0.000000 0.000000  0.577362 0.995558 0
0  -0.035742 0.033595 0.049615  -1.000000 0.000000 0.000000  0.577362 0.994839 0
mount_dovetail_rsr_akr_1913_railed_mount_LOD0
0  -0.035742 0.033595 0.049615  -1.000000 0.000000 0.000000  0.577362 0.994839 0
0  -0.035742 0.033595 0.049743  -1.000000 0.000000 0.000000  0.577362 0.995558 0
0  -0.035742 0.038828 0.049615  -1.000000 0.000000 0.000000  0.606828 0.994839 0
mount_dovetail_rsr_akr_1913_railed_mount_LOD0
0  -0.035742 0.033595 0.050165  -1.000000 0.000000 0.000000  0.577362 0.997933 0
0  -0.035742 0.033595 0.049743  -1.000000 0.000000 0.000000  0.577362 0.995558 0
0  -0.035742 0.028836 0.049743  -1.000000 0.000000 0.000000  0.550561 0.995558 0
mount_dovetail_rsr_akr_1913_railed_mount_LOD0
0  -0.035742 0.028835 0.050165  -1.000000 0.000000 0.000000  0.550561 0.997933 0
0  -0.035742 0.033595 0.050165  -1.000000 0.000000 0.000000  0.577362 0.997933 0
0  -0.035742 0.028836 0.049743  -1.000000 0.000000 0.000000  0.550561 0.995558 0
mount_dovetail_rsr_akr_1913_railed_mount_LOD0
0  -0.035742 0.033595 0.049743  -1.000000 0.000001 0.000087  0.577362 0.995558 0
0  -0.035742 0.038828 0.049743  -1.000000 0.000001 0.000087  0.606828 0.995558 0
0  -0.035742 0.038828 0.049615  -1.000000 0.000001 0.000087  0.606828 0.994839 0
mount_dovetail_rsr_akr_1913_railed_mount_LOD0
0  -0.035742 0.038828 0.049615  -1.000000 0.000003 0.000087  0.606828 0.994839 0
0  -0.035742 0.038828 0.049743  -1.000000 0.000003 0.000087  0.606828 0.995558 0
0  -0.035742 0.043588 0.049615  -1.000000 0.000003 0.000087  0.633629 0.994839 0
mount_dovetail_rsr_akr_1913_railed_mount_LOD0
0  -0.035742 -0.041113 0.049743  -1.000000 0.000000 0.000000  0.156693 0.995558 0
0  -0.035742 -0.036353 0.049743  -1.000000 0.000000 0.000000  0.183494 0.995558 0
0  -0.035742 -0.041113 0.049615  -1.000000 0.000000 0.000000  0.156693 0.994839 0
mount_dovetail_rsr_akr_1913_railed_mount_LOD0
0  -0.035742 -0.041113 0.049743  -1.000000 0.000000 0.000000  0.156693 0.995558 0
0  -0.035742 -0.041113 0.049615  -1.000000 0.000000 0.000000  0.156693 0.994839 0
0  -0.035742 -0.046345 0.049615  -1.000000 0.000000 0.000000  0.127226 0.994839 0
mount_dovetail_rsr_akr_1913_railed_mount_LOD0
0  -0.035742 -0.041113 0.049743  -1.000000 0.000000 0.000000  0.156693 0.995558 0
0  -0.035742 -0.041113 0.050165  -1.000000 0.000000 0.000000  0.156693 0.997933 0
0  -0.035742 -0.036353 0.049743  -1.000000 0.000000 0.000000  0.183494 0.995558 0
mount_dovetail_rsr_akr_1913_railed_mount_LOD0
0  -0.035742 -0.041113 0.050165  -1.000000 0.000000 0.000000  0.156693 0.997933 0
0  -0.035742 -0.036353 0.050165  -1.000000 0.000000 0.000000  0.183494 0.997933 0
0  -0.035742 -0.036353 0.049743  -1.000000 0.000000 0.000000  0.183494 0.995558 0
mount_dovetail_rsr_akr_1913_railed_mount_LOD0
0  -0.035742 -0.046346 0.049743  -1.000000 0.000000 0.000000  0.127226 0.995558 0
0  -0.035742 -0.041113 0.049743  -1.000000 0.000000 0.000000  0.156693 0.995558 0
0  -0.035742 -0.046345 0.049615  -1.000000 0.000000 0.000000  0.127226 0.994839 0
mount_dovetail_rsr_akr_1913_railed_mount_LOD0
0  -0.035742 -0.046346 0.049743  -1.000000 0.000000 0.000000  0.127226 0.995558 0
0  -0.035742 -0.046345 0.049615  -1.000000 0.000000 0.000000  0.127226 0.994839 0
0  -0.035742 -0.051105 0.049615  -1.000000 0.000000 0.000000  0.100426 0.994839 0
mount_dovetail_rsr_akr_1913_railed_mount_LOD0
0  -0.035742 0.038828 0.049743  -1.000000 0.000000 0.000000  0.606828 0.995558 0
0  -0.035742 0.043588 0.049743  -1.000000 0.000000 0.000000  0.633629 0.995558 0
0  -0.035742 0.043588 0.049615  -1.000000 0.000000 0.000000  0.633629 0.994839 0
mount_dovetail_rsr_akr_1913_railed_mount_LOD0
0  -0.035742 0.043588 0.049615  -1.000000 -0.000003 0.000000  0.633629 0.994839 0
0  -0.035742 0.043588 0.049743  -1.000000 -0.000003 0.000000  0.633629 0.995558 0
0  -0.035742 0.048820 0.049615  -1.000000 -0.000003 0.000000  0.663093 0.994839 0
mount_dovetail_rsr_akr_1913_railed_mount_LOD0
0  -0.035742 0.043588 0.050165  -1.000000 0.000000 -0.000026  0.633629 0.997933 0
0  -0.035742 0.043588 0.049743  -1.000000 0.000000 -0.000026  0.633629 0.995558 0
0  -0.035742 0.038828 0.049743  -1.000000 0.000000 -0.000026  0.606828 0.995558 0
mount_dovetail_rsr_akr_1913_railed_mount_LOD0
0  -0.035742 0.038828 0.050165  -1.000000 0.000000 -0.000026  0.606828 0.997933 0
0  -0.035742 0.043588 0.050165  -1.000000 0.000000 -0.000026  0.633629 0.997933 0
0  -0.035742 0.038828 0.049743  -1.000000 0.000000 -0.000026  0.606828 0.995558 0
mount_dovetail_rsr_akr_1913_railed_mount_LOD0
0  -0.035742 0.043588 0.049743  -1.000000 0.000000 0.000087  0.633629 0.995558 0
0  -0.035742 0.048821 0.049743  -1.000000 0.000000 0.000087  0.663093 0.995558 0
0  -0.035742 0.048820 0.049615  -1.000000 0.000000 0.000087  0.663093 0.994839 0
mount_dovetail_rsr_akr_1913_railed_mount_LOD0
0  -0.035742 0.048820 0.049615  -1.000000 0.000006 0.000087  0.663093 0.994839 0
0  -0.035742 0.048821 0.049743  -1.000000 0.000006 0.000087  0.663093 0.995558 0
0  -0.035742 0.051063 0.049615  -1.000000 0.000006 0.000087  0.675716 0.994839 0
mount_dovetail_rsr_akr_1913_railed_mount_LOD0
0  -0.035742 0.048821 0.049743  -1.000000 -0.000004 -0.000026  0.663093 0.995558 0
0  -0.035742 0.048821 0.050165  -1.000000 -0.000004 -0.000026  0.663093 0.997933 0
0  -0.035742 0.051063 0.049615  -1.000000 -0.000004 -0.000026  0.675716 0.994839 0
mount_dovetail_rsr_akr_1913_railed_mount_LOD0
0  -0.035742 0.048821 0.050165  -1.000000 0.000000 -0.000020  0.663093 0.997933 0
0  -0.035742 0.051063 0.050165  -1.000000 0.000000 -0.000020  0.675716 0.997933 0
0  -0.035742 0.051063 0.049615  -1.000000 0.000000 -0.000020  0.675716 0.994839 0
mount_dovetail_rsr_akr_1913_railed_mount_LOD0
0  -0.035742 -0.051106 0.049743  -1.000000 0.000000 0.000000  0.100426 0.995558 0
0  -0.035742 -0.046346 0.049743  -1.000000 0.000000 0.000000  0.127226 0.995558 0
0  -0.035742 -0.051105 0.049615  -1.000000 0.000000 0.000000  0.100426 0.994839 0
mount_dovetail_rsr_akr_1913_railed_mount_LOD0
0  -0.035742 -0.051106 0.049743  -1.000000 0.000000 0.000000  0.100426 0.995558 0
0  -0.035742 -0.051105 0.049615  -1.000000 0.000000 0.000000  0.100426 0.994839 0
0  -0.035742 -0.056338 0.049615  -1.000000 0.000000 0.000000  0.070957 0.994839 0
mount_dovetail_rsr_akr_1913_railed_mount_LOD0
0  -0.035742 -0.051106 0.049743  -1.000000 0.000000 0.000000  0.100426 0.995558 0
0  -0.035742 -0.051105 0.050165  -1.000000 0.000000 0.000000  0.100426 0.997933 0
0  -0.035742 -0.046346 0.049743  -1.000000 0.000000 0.000000  0.127226 0.995558 0
mount_dovetail_rsr_akr_1913_railed_mount_LOD0
0  -0.035742 -0.051105 0.050165  -1.000000 0.000000 0.000000  0.100426 0.997933 0
0  -0.035742 -0.046346 0.050165  -1.000000 0.000000 0.000000  0.127226 0.997933 0
0  -0.035742 -0.046346 0.049743  -1.000000 0.000000 0.000000  0.127226 0.995558 0
mount_dovetail_rsr_akr_1913_railed_mount_LOD0
0  -0.035742 -0.056338 0.049743  -1.000000 0.000000 0.000000  0.070957 0.995558 0
0  -0.035742 -0.051106 0.049743  -1.000000 0.000000 0.000000  0.100426 0.995558 0
0  -0.035742 -0.056338 0.049615  -1.000000 0.000000 0.000000  0.070957 0.994839 0
mount_dovetail_rsr_akr_1913_railed_mount_LOD0
0  -0.035742 -0.056338 0.049743  -1.000000 0.000000 0.000000  0.070957 0.995558 0
0  -0.035742 -0.056338 0.049615  -1.000000 0.000000 0.000000  0.070957 0.994839 0
0  -0.035742 -0.061098 0.049615  -1.000000 0.000000 0.000000  0.044155 0.994839 0
mount_dovetail_rsr_akr_1913_railed_mount_LOD0
0  -0.035742 -0.061098 0.049743  -1.000000 0.000000 0.000000  0.044155 0.995558 0
0  -0.035742 -0.056338 0.049743  -1.000000 0.000000 0.000000  0.070957 0.995558 0
0  -0.035742 -0.061098 0.049615  -1.000000 0.000000 0.000000  0.044155 0.994839 0
mount_dovetail_rsr_akr_1913_railed_mount_LOD0
0  -0.035742 -0.061098 0.049743  -1.000000 0.000000 0.000000  0.044155 0.995558 0
0  -0.035742 -0.061098 0.049615  -1.000000 0.000000 0.000000  0.044155 0.994839 0
0  -0.035742 -0.066331 0.049615  -1.000000 0.000000 0.000000  0.014690 0.994839 0
mount_dovetail_rsr_akr_1913_railed_mount_LOD0
0  -0.035742 -0.061098 0.049743  -1.000000 0.000000 0.000000  0.044155 0.995558 0
0  -0.035742 -0.061098 0.050165  -1.000000 0.000000 0.000000  0.044155 0.997933 0
0  -0.035742 -0.056338 0.049743  -1.000000 0.000000 0.000000  0.070957 0.995558 0
mount_dovetail_rsr_akr_1913_railed_mount_LOD0
0  -0.035742 -0.061098 0.050165  -1.000000 0.000000 0.000000  0.044155 0.997933 0
0  -0.035742 -0.056338 0.050165  -1.000000 0.000000 0.000000  0.070957 0.997933 0
0  -0.035742 -0.056338 0.049743  -1.000000 0.000000 0.000000  0.070957 0.995558 0
mount_dovetail_rsr_akr_1913_railed_mount_LOD0
0  -0.035742 -0.066331 0.049743  -1.000000 0.000000 0.000000  0.014690 0.995558 0
0  -0.035742 -0.061098 0.049743  -1.000000 0.000000 0.000000  0.044155 0.995558 0
0  -0.035742 -0.066331 0.049615  -1.000000 0.000000 0.000000  0.014690 0.994839 0
mount_dovetail_rsr_akr_1913_railed_mount_LOD0
0  -0.035742 -0.066331 0.049743  -1.000000 0.000000 0.000000  0.014690 0.995558 0
0  -0.035742 -0.066331 0.049615  -1.000000 0.000000 0.000000  0.014690 0.994839 0
0  -0.035742 -0.068573 0.049615  -1.000000 0.000000 0.000000  0.002066 0.994839 0
mount_dovetail_rsr_akr_1913_railed_mount_LOD0
0  -0.035742 -0.066331 0.049743  -1.000000 0.000000 -0.000014  0.014690 0.995558 0
0  -0.035742 -0.068573 0.049615  -1.000000 0.000000 -0.000014  0.002066 0.994839 0
0  -0.035742 -0.068573 0.050165  -1.000000 0.000000 -0.000014  0.002066 0.997933 0
mount_dovetail_rsr_akr_1913_railed_mount_LOD0
0  -0.035742 -0.066331 0.050165  -1.000000 0.000004 -0.000000  0.014690 0.997933 0
0  -0.035742 -0.066331 0.049743  -1.000000 0.000004 -0.000000  0.014690 0.995558 0
0  -0.035742 -0.068573 0.050165  -1.000000 0.000004 -0.000000  0.002066 0.997933 0
mount_dovetail_rsr_akr_1913_railed_mount_LOD0
0  -0.029060 -0.001142 0.052688  0.000000 0.000000 1.000000  1.591364 0.025564 0
0  -0.029060 0.003617 0.052688  0.000000 0.000000 1.000000  1.564567 0.025564 0
0  -0.033219 0.003617 0.052688  0.000000 0.000000 1.000000  1.564567 0.002148 0
mount_dovetail_rsr_akr_1913_railed_mount_LOD0
0  -0.033219 -0.001142 0.052688  0.000000 0.000000 1.000000  1.591364 0.002148 0
0  -0.029060 -0.001142 0.052688  0.000000 0.000000 1.000000  1.591364 0.025564 0
0  -0.033219 0.003617 0.052688  0.000000 0.000000 1.000000  1.564567 0.002148 0
mount_dovetail_rsr_akr_1913_railed_mount_LOD0
0  -0.028238 0.003617 0.049743  0.000000 0.000000 1.000000  1.249857 0.056343 0
0  -0.028238 0.008850 0.049743  0.000000 0.000000 1.000000  1.249857 0.085805 0
0  -0.035742 0.008850 0.049743  0.000000 0.000000 1.000000  1.207609 0.085805 0
mount_dovetail_rsr_akr_1913_railed_mount_LOD0
0  -0.035742 0.003617 0.049743  0.000000 0.000000 1.000000  1.207609 0.056343 0
0  -0.028238 0.003617 0.049743  0.000000 0.000000 1.000000  1.249857 0.056343 0
0  -0.035742 0.008850 0.049743  0.000000 0.000000 1.000000  1.207609 0.085805 0
mount_dovetail_rsr_akr_1913_railed_mount_LOD0
0  -0.033219 0.008850 0.052688  -0.707116 0.000005 0.707098  1.998098 0.599143 0
0  -0.033219 0.013610 0.052688  -0.707116 0.000005 0.707098  1.998098 0.625940 0
0  -0.035742 0.013610 0.050165  -0.707116 0.000005 0.707098  1.978008 0.625940 0
mount_dovetail_rsr_akr_1913_railed_mount_LOD0
0  -0.035742 0.008850 0.050165  -0.707119 0.000000 0.707094  1.978008 0.599143 0
0  -0.033219 0.008850 0.052688  -0.707119 0.000000 0.707094  1.998098 0.599143 0
0  -0.035742 0.013610 0.050165  -0.707119 0.000000 0.707094  1.978008 0.625940 0
mount_dovetail_rsr_akr_1913_railed_mount_LOD0
0  -0.029060 0.008850 0.051325  0.000000 -1.000000 -0.000162  1.267668 0.010189 0
0  -0.029060 0.008850 0.052688  0.000000 -1.000000 -0.000162  1.267668 0.002516 0
0  -0.033219 0.008850 0.052688  0.000000 -1.000000 -0.000162  1.291085 0.002516 0
mount_dovetail_rsr_akr_1913_railed_mount_LOD0
0  -0.035742 0.008850 0.050165  0.000040 -1.000000 -0.000040  1.305290 0.016724 0
0  -0.029060 0.008850 0.051325  0.000040 -1.000000 -0.000040  1.267668 0.010189 0
0  -0.033219 0.008850 0.052688  0.000040 -1.000000 -0.000040  1.291085 0.002516 0
mount_dovetail_rsr_akr_1913_railed_mount_LOD0
0  -0.028537 0.008850 0.049953  0.000044 -1.000000 -0.000063  1.264726 0.017913 0
0  -0.029060 0.008850 0.051325  0.000044 -1.000000 -0.000063  1.267668 0.010189 0
0  -0.035742 0.008850 0.050165  0.000044 -1.000000 -0.000063  1.305290 0.016724 0
mount_dovetail_rsr_akr_1913_railed_mount_LOD0
0  -0.028537 0.008850 0.049953  0.000026 -1.000000 -0.000042  1.264726 0.017913 0
0  -0.035742 0.008850 0.050165  0.000022 -1.000000 -0.000042  1.305290 0.016724 0
0  -0.035742 0.008850 0.049743  0.000030 -1.000000 -0.000522  1.305290 0.019099 0
mount_dovetail_rsr_akr_1913_railed_mount_LOD0
0  -0.028238 0.008850 0.049743  0.000016 -1.000000 -0.000050  1.263042 0.019099 0
0  -0.028537 0.008850 0.049953  0.000024 -1.000000 -0.000050  1.264726 0.017913 0
0  -0.035742 0.008850 0.049743  0.000016 -1.000000 -0.000050  1.305290 0.019099 0
mount_dovetail_rsr_akr_1913_railed_mount_LOD0
0  -0.028238 0.013610 0.049743  0.000000 1.000000 0.000286  1.176826 0.005084 0
0  -0.035742 0.013610 0.049743  0.000000 1.000000 0.000286  1.219077 0.005084 0
0  -0.028537 0.013610 0.049953  0.000000 1.000000 0.000286  1.178510 0.006269 0
mount_dovetail_rsr_akr_1913_railed_mount_LOD0
0  -0.035742 0.013610 0.049743  -0.000008 1.000000 0.000565  1.219077 0.005084 0
0  -0.035742 0.013610 0.050165  -0.000008 1.000000 0.000565  1.219077 0.007459 0
0  -0.028537 0.013610 0.049953  -0.000008 1.000000 0.000565  1.178510 0.006269 0
mount_dovetail_rsr_akr_1913_railed_mount_LOD0
0  -0.029060 0.013610 0.051325  -0.000024 1.000000 0.000034  1.181453 0.013993 0
0  -0.028537 0.013610 0.049953  -0.000010 1.000000 0.000370  1.178510 0.006269 0
0  -0.035742 0.013610 0.050165  -0.000007 1.000000 0.000369  1.219077 0.007459 0
mount_dovetail_rsr_akr_1913_railed_mount_LOD0
0  -0.029060 0.013610 0.052688  -0.000033 1.000000 0.000088  1.181453 0.021665 0
0  -0.029060 0.013610 0.051325  -0.000033 1.000000 0.000088  1.181453 0.013993 0
0  -0.035742 0.013610 0.050165  -0.000033 1.000000 0.000088  1.219077 0.007459 0
mount_dovetail_rsr_akr_1913_railed_mount_LOD0
0  -0.033219 0.013610 0.052688  0.000000 1.000000 0.000000  1.204870 0.021665 0
0  -0.029060 0.013610 0.052688  0.000000 1.000000 0.000000  1.181453 0.021665 0
0  -0.035742 0.013610 0.050165  0.000000 1.000000 0.000000  1.219077 0.007459 0
mount_dovetail_rsr_akr_1913_railed_mount_LOD0
0  -0.029060 0.008850 0.052688  0.000000 0.000000 1.000000  1.623336 0.025843 0
0  -0.029060 0.013610 0.052688  0.000000 0.000000 1.000000  1.596539 0.025843 0
0  -0.033219 0.013610 0.052688  0.000000 0.000000 1.000000  1.596539 0.002428 0
mount_dovetail_rsr_akr_1913_railed_mount_LOD0
0  -0.033219 0.008850 0.052688  0.000000 0.000000 1.000000  1.623336 0.002428 0
0  -0.029060 0.008850 0.052688  0.000000 0.000000 1.000000  1.623336 0.025843 0
0  -0.033219 0.013610 0.052688  0.000000 0.000000 1.000000  1.596539 0.002428 0
mount_dovetail_rsr_akr_1913_railed_mount_LOD0
0  -0.028238 0.013610 0.049743  0.000000 0.000000 1.000000  1.927938 0.451323 0
0  -0.028238 0.018843 0.049743  0.000000 0.000000 1.000000  1.957400 0.451323 0
0  -0.035742 0.018843 0.049743  0.000000 0.000000 1.000000  1.957400 0.493571 0
mount_dovetail_rsr_akr_1913_railed_mount_LOD0
0  -0.035742 0.013610 0.049743  0.000000 0.000000 1.000000  1.927938 0.493571 0
0  -0.028238 0.013610 0.049743  0.000000 0.000000 1.000000  1.927938 0.451323 0
0  -0.035742 0.018843 0.049743  0.000000 0.000000 1.000000  1.957400 0.493571 0
mount_dovetail_rsr_akr_1913_railed_mount_LOD0
0  -0.033219 0.018843 0.052688  -0.707116 0.000005 0.707098  1.997825 0.630922 0
0  -0.033219 0.023602 0.052688  -0.707116 0.000005 0.707098  1.997825 0.657719 0
0  -0.035742 0.023602 0.050165  -0.707116 0.000005 0.707098  1.977737 0.657719 0
mount_dovetail_rsr_akr_1913_railed_mount_LOD0
0  -0.035742 0.018843 0.050165  -0.707119 0.000000 0.707094  1.977737 0.630922 0
0  -0.033219 0.018843 0.052688  -0.707119 0.000000 0.707094  1.997825 0.630922 0
0  -0.035742 0.023602 0.050165  -0.707119 0.000000 0.707094  1.977737 0.657719 0
mount_dovetail_rsr_akr_1913_railed_mount_LOD0
0  -0.029060 0.018843 0.051325  0.000000 -1.000000 -0.000162  1.988937 0.084029 0
0  -0.029060 0.018843 0.052688  0.000000 -1.000000 -0.000162  1.996609 0.084029 0
0  -0.033219 0.018843 0.052688  0.000000 -1.000000 -0.000162  1.996609 0.107446 0
mount_dovetail_rsr_akr_1913_railed_mount_LOD0
0  -0.035742 0.018843 0.050165  0.000040 -1.000000 -0.000041  1.982402 0.121652 0
0  -0.029060 0.018843 0.051325  0.000040 -1.000000 -0.000041  1.988937 0.084029 0
0  -0.033219 0.018843 0.052688  0.000040 -1.000000 -0.000041  1.996609 0.107446 0
mount_dovetail_rsr_akr_1913_railed_mount_LOD0
0  -0.028537 0.018843 0.049953  0.000044 -1.000000 -0.000063  1.981212 0.081087 0
0  -0.029060 0.018843 0.051325  0.000044 -1.000000 -0.000063  1.988937 0.084029 0
0  -0.035742 0.018843 0.050165  0.000044 -1.000000 -0.000063  1.982402 0.121652 0
mount_dovetail_rsr_akr_1913_railed_mount_LOD0
0  -0.028537 0.018843 0.049953  0.000026 -1.000000 -0.000047  1.981212 0.081087 0
0  -0.035742 0.018843 0.050165  0.000022 -1.000000 -0.000047  1.982402 0.121652 0
0  -0.035742 0.018843 0.049743  0.000030 -1.000000 -0.000527  1.980027 0.121652 0
mount_dovetail_rsr_akr_1913_railed_mount_LOD0
0  -0.028238 0.018843 0.049743  0.000019 -1.000000 -0.000136  1.980027 0.079404 0
0  -0.028537 0.018843 0.049953  0.000023 -1.000000 -0.000040  1.981212 0.081087 0
0  -0.035742 0.018843 0.049743  0.000019 -1.000000 -0.000136  1.980027 0.121652 0
mount_dovetail_rsr_akr_1913_railed_mount_LOD0
0  -0.028238 0.023603 0.049743  0.000000 1.000000 0.000240  1.997988 0.163809 0
0  -0.035742 0.023603 0.049743  0.000000 1.000000 0.000240  1.997988 0.206060 0
0  -0.028537 0.023603 0.049953  0.000000 1.000000 0.000240  1.996803 0.165493 0
mount_dovetail_rsr_akr_1913_railed_mount_LOD0
0  -0.035742 0.023603 0.049743  -0.000009 1.000000 0.000546  1.997988 0.206060 0
0  -0.035742 0.023602 0.050165  -0.000009 1.000000 0.000546  1.995613 0.206057 0
0  -0.028537 0.023603 0.049953  -0.000009 1.000000 0.000546  1.996803 0.165493 0
mount_dovetail_rsr_akr_1913_railed_mount_LOD0
0  -0.029060 0.023603 0.051325  -0.000024 1.000000 0.000036  1.989078 0.168436 0
0  -0.028537 0.023603 0.049953  -0.000010 1.000000 0.000371  1.996803 0.165493 0
0  -0.035742 0.023602 0.050165  -0.000007 1.000000 0.000371  1.995613 0.206057 0
mount_dovetail_rsr_akr_1913_railed_mount_LOD0
0  -0.029060 0.023602 0.052688  -0.000033 1.000000 0.000086  1.981405 0.168435 0
0  -0.029060 0.023603 0.051325  -0.000033 1.000000 0.000086  1.989078 0.168436 0
0  -0.035742 0.023602 0.050165  -0.000033 1.000000 0.000086  1.995613 0.206057 0
mount_dovetail_rsr_akr_1913_railed_mount_LOD0
0  -0.033219 0.023602 0.052688  0.000000 1.000000 0.000000  1.981405 0.191854 0
0  -0.029060 0.023602 0.052688  0.000000 1.000000 0.000000  1.981405 0.168435 0
0  -0.035742 0.023602 0.050165  0.000000 1.000000 0.000000  1.995613 0.206057 0
mount_dovetail_rsr_akr_1913_railed_mount_LOD0
0  -0.029060 0.018843 0.052688  0.000000 0.000000 1.000000  1.591364 0.025564 0
0  -0.029060 0.023602 0.052688  0.000000 0.000000 1.000000  1.564567 0.025564 0
0  -0.033219 0.023602 0.052688  0.000000 0.000000 1.000000  1.564567 0.002148 0
mount_dovetail_rsr_akr_1913_railed_mount_LOD0
0  -0.033219 0.018843 0.052688  0.000000 0.000000 1.000000  1.591364 0.002148 0
0  -0.029060 0.018843 0.052688  0.000000 0.000000 1.000000  1.591364 0.025564 0
0  -0.033219 0.023602 0.052688  0.000000 0.000000 1.000000  1.564567 0.002148 0
mount_dovetail_rsr_akr_1913_railed_mount_LOD0
0  -0.028238 0.023603 0.049743  0.000000 0.000000 1.000000  1.249857 0.056343 0
0  -0.028238 0.028836 0.049743  0.000000 0.000000 1.000000  1.249857 0.085805 0
0  -0.035742 0.028836 0.049743  0.000000 0.000000 1.000000  1.207609 0.085805 0
mount_dovetail_rsr_akr_1913_railed_mount_LOD0
0  -0.035742 0.023603 0.049743  0.000000 0.000000 1.000000  1.207609 0.056343 0
0  -0.028238 0.023603 0.049743  0.000000 0.000000 1.000000  1.249857 0.056343 0
0  -0.035742 0.028836 0.049743  0.000000 0.000000 1.000000  1.207609 0.085805 0
mount_dovetail_rsr_akr_1913_railed_mount_LOD0
0  -0.033219 0.028835 0.052688  -0.707116 0.000003 0.707097  1.997811 0.662751 0
0  -0.033219 0.033595 0.052688  -0.707116 0.000003 0.707097  1.997811 0.689548 0
0  -0.035742 0.033595 0.050165  -0.707116 0.000003 0.707097  1.977721 0.689548 0
mount_dovetail_rsr_akr_1913_railed_mount_LOD0
0  -0.035742 0.028835 0.050165  -0.707117 0.000000 0.707096  1.977721 0.662751 0
0  -0.033219 0.028835 0.052688  -0.707117 0.000000 0.707096  1.997811 0.662751 0
0  -0.035742 0.033595 0.050165  -0.707117 0.000000 0.707096  1.977721 0.689548 0
mount_dovetail_rsr_akr_1913_railed_mount_LOD0
0  -0.029060 0.028836 0.051325  0.000000 -1.000000 -0.000159  1.988605 0.252530 0
0  -0.029060 0.028835 0.052688  0.000000 -1.000000 -0.000159  1.996277 0.252530 0
0  -0.033219 0.028835 0.052688  0.000000 -1.000000 -0.000159  1.996277 0.275947 0
mount_dovetail_rsr_akr_1913_railed_mount_LOD0
0  -0.035742 0.028835 0.050165  0.000040 -1.000000 -0.000040  1.982070 0.290152 0
0  -0.029060 0.028836 0.051325  0.000040 -1.000000 -0.000040  1.988605 0.252530 0
0  -0.033219 0.028835 0.052688  0.000040 -1.000000 -0.000040  1.996277 0.275947 0
mount_dovetail_rsr_akr_1913_railed_mount_LOD0
0  -0.028537 0.028836 0.049953  0.000044 -1.000000 -0.000066  1.980883 0.249586 0
0  -0.029060 0.028836 0.051325  0.000044 -1.000000 -0.000066  1.988605 0.252530 0
0  -0.035742 0.028835 0.050165  0.000044 -1.000000 -0.000066  1.982070 0.290152 0
mount_dovetail_rsr_akr_1913_railed_mount_LOD0
0  -0.028537 0.028836 0.049953  0.000026 -1.000000 -0.000047  1.980883 0.249586 0
0  -0.035742 0.028835 0.050165  0.000022 -1.000000 -0.000047  1.982070 0.290152 0
0  -0.035742 0.028836 0.049743  0.000031 -1.000000 -0.000527  1.979696 0.290152 0
mount_dovetail_rsr_akr_1913_railed_mount_LOD0
0  -0.028238 0.028836 0.049743  0.000016 -1.000000 -0.000041  1.979696 0.247903 0
0  -0.028537 0.028836 0.049953  0.000024 -1.000000 -0.000040  1.980883 0.249586 0
0  -0.035742 0.028836 0.049743  0.000016 -1.000000 -0.000041  1.979696 0.290152 0
mount_dovetail_rsr_akr_1913_railed_mount_LOD0
0  -0.028238 0.033595 0.049743  0.000000 1.000000 0.000240  1.997285 0.334048 0
0  -0.035742 0.033595 0.049743  0.000000 1.000000 0.000240  1.997285 0.376298 0
0  -0.028537 0.033595 0.049953  0.000000 1.000000 0.000240  1.996101 0.335732 0
mount_dovetail_rsr_akr_1913_railed_mount_LOD0
0  -0.035742 0.033595 0.049743  -0.000009 1.000000 0.000546  1.997285 0.376298 0
0  -0.035742 0.033595 0.050165  -0.000009 1.000000 0.000546  1.994907 0.376298 0
0  -0.028537 0.033595 0.049953  -0.000009 1.000000 0.000546  1.996101 0.335732 0
mount_dovetail_rsr_akr_1913_railed_mount_LOD0
0  -0.029060 0.033595 0.051325  -0.000024 1.000000 0.000036  1.988377 0.338674 0
0  -0.028537 0.033595 0.049953  -0.000010 1.000000 0.000371  1.996101 0.335732 0
0  -0.035742 0.033595 0.050165  -0.000007 1.000000 0.000371  1.994907 0.376298 0
mount_dovetail_rsr_akr_1913_railed_mount_LOD0
0  -0.029060 0.033595 0.052688  -0.000033 1.000000 0.000086  1.980704 0.338674 0
0  -0.029060 0.033595 0.051325  -0.000033 1.000000 0.000086  1.988377 0.338674 0
0  -0.035742 0.033595 0.050165  -0.000033 1.000000 0.000086  1.994907 0.376298 0
mount_dovetail_rsr_akr_1913_railed_mount_LOD0
0  -0.033219 0.033595 0.052688  0.000000 1.000000 0.000000  1.980704 0.362091 0
0  -0.029060 0.033595 0.052688  0.000000 1.000000 0.000000  1.980704 0.338674 0
0  -0.035742 0.033595 0.050165  0.000000 1.000000 0.000000  1.994907 0.376298 0
mount_dovetail_rsr_akr_1913_railed_mount_LOD0
0  -0.029060 0.028835 0.052688  0.000000 0.000000 1.000000  1.559705 0.025625 0
0  -0.029060 0.033595 0.052688  0.000000 0.000000 1.000000  1.532908 0.025625 0
0  -0.033219 0.033595 0.052688  0.000000 0.000000 1.000000  1.532908 0.002209 0
mount_dovetail_rsr_akr_1913_railed_mount_LOD0
0  -0.033219 0.028835 0.052688  0.000000 0.000000 1.000000  1.559705 0.002209 0
0  -0.029060 0.028835 0.052688  0.000000 0.000000 1.000000  1.559705 0.025625 0
0  -0.033219 0.033595 0.052688  0.000000 0.000000 1.000000  1.532908 0.002209 0
mount_dovetail_rsr_akr_1913_railed_mount_LOD0
0  -0.028238 0.033595 0.049743  0.000000 0.000000 1.000000  1.458997 0.497413 0
0  -0.028238 0.038828 0.049743  0.000000 0.000000 1.000000  1.429536 0.497413 0
0  -0.035742 0.038828 0.049743  0.000000 0.000000 1.000000  1.429536 0.455166 0
mount_dovetail_rsr_akr_1913_railed_mount_LOD0
0  -0.035742 0.033595 0.049743  0.000000 0.000000 1.000000  1.458997 0.455166 0
0  -0.028238 0.033595 0.049743  0.000000 0.000000 1.000000  1.458997 0.497413 0
0  -0.035742 0.038828 0.049743  0.000000 0.000000 1.000000  1.429536 0.455166 0
mount_dovetail_rsr_akr_1913_railed_mount_LOD0
0  -0.033219 0.038828 0.052688  -0.707115 0.000003 0.707098  1.998018 0.567072 0
0  -0.033219 0.043588 0.052688  -0.707115 0.000003 0.707098  1.998018 0.593869 0
0  -0.035742 0.043588 0.050165  -0.707115 0.000003 0.707098  1.977928 0.593869 0
mount_dovetail_rsr_akr_1913_railed_mount_LOD0
0  -0.035742 0.038828 0.050165  -0.707119 0.000000 0.707094  1.977928 0.567072 0
0  -0.033219 0.038828 0.052688  -0.707119 0.000000 0.707094  1.998018 0.567072 0
0  -0.035742 0.043588 0.050165  -0.707119 0.000000 0.707094  1.977928 0.593869 0
mount_dovetail_rsr_akr_1913_railed_mount_LOD0
0  -0.029060 0.038828 0.051325  0.000000 -1.000000 -0.000154  1.876965 0.220522 0
0  -0.029060 0.038828 0.052688  0.000000 -1.000000 -0.000154  1.884638 0.220525 0
0  -0.033219 0.038828 0.052688  0.000000 -1.000000 -0.000154  1.884638 0.197107 0
mount_dovetail_rsr_akr_1913_railed_mount_LOD0
0  -0.035742 0.038828 0.050165  0.000038 -1.000000 -0.000038  1.870433 0.182899 0
0  -0.029060 0.038828 0.051325  0.000038 -1.000000 -0.000038  1.876965 0.220522 0
0  -0.033219 0.038828 0.052688  0.000038 -1.000000 -0.000038  1.884638 0.197107 0
mount_dovetail_rsr_akr_1913_railed_mount_LOD0
0  -0.028537 0.038828 0.049953  0.000043 -1.000000 -0.000066  1.869242 0.223466 0
0  -0.029060 0.038828 0.051325  0.000043 -1.000000 -0.000066  1.876965 0.220522 0
0  -0.035742 0.038828 0.050165  0.000043 -1.000000 -0.000066  1.870433 0.182899 0
mount_dovetail_rsr_akr_1913_railed_mount_LOD0
0  -0.028537 0.038828 0.049953  0.000026 -1.000000 -0.000017  1.869242 0.223466 0
0  -0.035742 0.038828 0.050165  0.000022 -1.000000 -0.000017  1.870433 0.182899 0
0  -0.035742 0.038828 0.049743  0.000014 -1.000000 -0.000017  1.868057 0.182899 0
mount_dovetail_rsr_akr_1913_railed_mount_LOD0
0  -0.028238 0.038828 0.049743  0.000016 -1.000000 -0.000059  1.868057 0.225148 0
0  -0.028537 0.038828 0.049953  0.000024 -1.000000 -0.000059  1.869242 0.223466 0
0  -0.035742 0.038828 0.049743  0.000016 -1.000000 -0.000059  1.868057 0.182899 0
mount_dovetail_rsr_akr_1913_railed_mount_LOD0
0  -0.028238 0.043588 0.049743  -0.000016 1.000000 0.000774  1.716105 0.043485 0
0  -0.035742 0.043588 0.049743  -0.000016 1.000000 0.000774  1.758355 0.043485 0
0  -0.028537 0.043588 0.049953  0.000000 1.000000 0.000295  1.717788 0.042299 0
mount_dovetail_rsr_akr_1913_railed_mount_LOD0
0  -0.035742 0.043588 0.049743  -0.000009 1.000000 0.000594  1.758355 0.043485 0
0  -0.035742 0.043588 0.050165  -0.000009 1.000000 0.000594  1.758355 0.041111 0
0  -0.028537 0.043588 0.049953  -0.000009 1.000000 0.000594  1.717788 0.042299 0
mount_dovetail_rsr_akr_1913_railed_mount_LOD0
0  -0.029060 0.043588 0.051325  -0.000025 1.000000 0.000042  1.720731 0.034576 0
0  -0.028537 0.043588 0.049953  -0.000011 1.000000 0.000377  1.717788 0.042299 0
0  -0.035742 0.043588 0.050165  -0.000008 1.000000 0.000377  1.758355 0.041111 0
mount_dovetail_rsr_akr_1913_railed_mount_LOD0
0  -0.029060 0.043588 0.052688  -0.000035 1.000000 0.000096  1.720731 0.026903 0
0  -0.029060 0.043588 0.051325  -0.000035 1.000000 0.000096  1.720731 0.034576 0
0  -0.035742 0.043588 0.050165  -0.000035 1.000000 0.000096  1.758355 0.041111 0
mount_dovetail_rsr_akr_1913_railed_mount_LOD0
0  -0.033219 0.043588 0.052688  0.000000 1.000000 0.000000  1.744149 0.026903 0
0  -0.029060 0.043588 0.052688  0.000000 1.000000 0.000000  1.720731 0.026903 0
0  -0.035742 0.043588 0.050165  0.000000 1.000000 0.000000  1.758355 0.041111 0
mount_dovetail_rsr_akr_1913_railed_mount_LOD0
0  -0.029060 0.038828 0.052688  0.000000 0.000000 1.000000  1.817014 0.093853 0
0  -0.029060 0.043588 0.052688  0.000000 0.000000 1.000000  1.817014 0.067055 0
0  -0.033219 0.043588 0.052688  0.000000 0.000000 1.000000  1.840431 0.067055 0
mount_dovetail_rsr_akr_1913_railed_mount_LOD0
0  -0.033219 0.038828 0.052688  0.000000 0.000000 1.000000  1.840431 0.093853 0
0  -0.029060 0.038828 0.052688  0.000000 0.000000 1.000000  1.817014 0.093853 0
0  -0.033219 0.043588 0.052688  0.000000 0.000000 1.000000  1.840431 0.067055 0
mount_dovetail_rsr_akr_1913_railed_mount_LOD0
0  -0.028238 0.043588 0.049743  0.000000 0.000000 1.000000  1.788208 0.679698 0
0  -0.028238 0.048821 0.049743  0.000000 0.000000 1.000000  1.788208 0.709160 0
0  -0.035742 0.048821 0.049743  0.000000 0.000000 1.000000  1.745961 0.709160 0
mount_dovetail_rsr_akr_1913_railed_mount_LOD0
0  -0.035742 0.043588 0.049743  0.000000 0.000000 1.000000  1.745961 0.679698 0
0  -0.028238 0.043588 0.049743  0.000000 0.000000 1.000000  1.788208 0.679698 0
0  -0.035742 0.048821 0.049743  0.000000 0.000000 1.000000  1.745961 0.709160 0
mount_dovetail_rsr_akr_1913_railed_mount_LOD0
0  -0.035399 0.052321 0.050508  -0.707113 -0.000006 0.707101  1.980597 0.542151 0
0  -0.035742 0.051063 0.050165  -0.707113 -0.000006 0.707101  1.977868 0.549239 0
0  -0.034477 0.053243 0.051429  -0.707113 -0.000006 0.707101  1.987935 0.536962 0
mount_dovetail_rsr_akr_1913_railed_mount_LOD0
0  -0.035742 0.051063 0.050165  -0.707113 -0.000004 0.707100  1.977868 0.549239 0
0  -0.033219 0.053580 0.052688  -0.707113 -0.000004 0.707100  1.997959 0.535064 0
0  -0.034477 0.053243 0.051429  -0.707113 -0.000004 0.707100  1.987935 0.536962 0
mount_dovetail_rsr_akr_1913_railed_mount_LOD0
0  -0.033219 0.048821 0.052688  -0.707118 0.000003 0.707096  1.997959 0.561861 0
0  -0.033219 0.053580 0.052688  -0.707118 0.000003 0.707096  1.997959 0.535064 0
0  -0.035742 0.051063 0.050165  -0.707118 0.000003 0.707096  1.977868 0.549239 0
mount_dovetail_rsr_akr_1913_railed_mount_LOD0
0  -0.035742 0.048821 0.050165  -0.707118 0.000000 0.707096  1.977868 0.561861 0
0  -0.033219 0.048821 0.052688  -0.707118 0.000000 0.707096  1.997959 0.561861 0
0  -0.035742 0.051063 0.050165  -0.707118 0.000000 0.707096  1.977868 0.549239 0
mount_dovetail_rsr_akr_1913_railed_mount_LOD0
0  -0.029060 0.048821 0.051325  0.000000 -1.000000 -0.000169  1.087745 0.013507 0
0  -0.029060 0.048821 0.052688  0.000000 -1.000000 -0.000169  1.087744 0.021182 0
0  -0.033219 0.048821 0.052688  0.000000 -1.000000 -0.000169  1.111162 0.021182 0
mount_dovetail_rsr_akr_1913_railed_mount_LOD0
0  -0.035742 0.048821 0.050165  -0.000009 -1.000000 -0.000373  1.125368 0.006975 0
0  -0.029060 0.048821 0.051325  0.000042 -1.000000 -0.000042  1.087745 0.013507 0
0  -0.033219 0.048821 0.052688  0.000042 -1.000000 -0.000042  1.111162 0.021182 0
mount_dovetail_rsr_akr_1913_railed_mount_LOD0
0  -0.028537 0.048821 0.049953  0.000044 -1.000000 -0.000054  1.084803 0.005785 0
0  -0.029060 0.048821 0.051325  0.000044 -1.000000 -0.000054  1.087745 0.013507 0
0  -0.035742 0.048821 0.050165  0.000044 -1.000000 -0.000054  1.125368 0.006975 0
mount_dovetail_rsr_akr_1913_railed_mount_LOD0
0  -0.028537 0.048821 0.049953  0.000029 -1.000000 -0.000550  1.084803 0.005785 0
0  -0.035742 0.048821 0.050165  0.000029 -1.000000 -0.000550  1.125368 0.006975 0
0  -0.035742 0.048821 0.049743  0.000029 -1.000000 -0.000550  1.125368 0.004599 0
mount_dovetail_rsr_akr_1913_railed_mount_LOD0
0  -0.028238 0.048821 0.049743  0.000000 -1.000000 0.000442  1.083120 0.004599 0
0  -0.028537 0.048821 0.049953  0.000000 -1.000000 0.000442  1.084803 0.005785 0
0  -0.035742 0.048821 0.049743  0.000000 -1.000000 0.000442  1.125368 0.004599 0
mount_dovetail_rsr_akr_1913_railed_mount_LOD0
0  -0.029060 0.048821 0.052688  0.000000 0.000000 1.000000  1.844694 0.066920 0
0  -0.029060 0.053580 0.052688  0.000000 0.000000 1.000000  1.844694 0.093716 0
0  -0.033219 0.053580 0.052688  0.000000 0.000000 1.000000  1.868108 0.093716 0
mount_dovetail_rsr_akr_1913_railed_mount_LOD0
0  -0.033219 0.048821 0.052688  0.000000 0.000000 1.000000  1.868108 0.066920 0
0  -0.029060 0.048821 0.052688  0.000000 0.000000 1.000000  1.844694 0.066920 0
0  -0.033219 0.053580 0.052688  0.000000 0.000000 1.000000  1.868108 0.093716 0
mount_dovetail_rsr_akr_1913_railed_mount_LOD0
0  -0.035742 0.051063 0.049615  -0.707791 0.000006 -0.706422  0.689803 0.914982 0
0  -0.035399 0.052321 0.049272  -0.707791 0.000006 -0.706422  0.696891 0.912252 0
0  -0.034477 0.053243 0.048349  -0.707791 0.000006 -0.706422  0.702076 0.904905 0
mount_dovetail_rsr_akr_1913_railed_mount_LOD0
0  -0.035742 0.051063 0.049615  -0.707782 -0.000004 -0.706431  0.689803 0.914982 0
0  -0.034477 0.053243 0.048349  -0.707782 -0.000004 -0.706431  0.702076 0.904905 0
0  -0.032945 0.053580 0.046813  -0.707782 -0.000004 -0.706431  0.703971 0.892691 0
mount_dovetail_rsr_akr_1913_railed_mount_LOD0
0  -0.035742 0.048820 0.049615  -0.707786 0.000003 -0.706427  0.677174 0.914982 0
0  -0.035742 0.051063 0.049615  -0.707786 0.000003 -0.706427  0.689803 0.914982 0
0  -0.032945 0.053580 0.046813  -0.707786 0.000003 -0.706427  0.703971 0.892691 0
mount_dovetail_rsr_akr_1913_railed_mount_LOD0
0  -0.035742 0.048820 0.049615  -0.707778 -0.000001 -0.706435  0.677174 0.914982 0
0  -0.032945 0.053580 0.046813  -0.707778 -0.000001 -0.706435  0.703971 0.892691 0
0  -0.035742 0.043588 0.049615  -0.707778 -0.000001 -0.706435  0.647711 0.914982 0
mount_dovetail_rsr_akr_1913_railed_mount_LOD0
0  -0.035742 0.043588 0.049615  -0.707786 0.000002 -0.706427  0.647711 0.914982 0
0  -0.032945 0.053580 0.046813  -0.707786 0.000002 -0.706427  0.703971 0.892691 0
0  -0.035742 0.038828 0.049615  -0.707786 0.000002 -0.706427  0.620911 0.914982 0
mount_dovetail_rsr_akr_1913_railed_mount_LOD0
0  -0.035742 0.038828 0.049615  -0.707783 0.000000 -0.706430  0.620911 0.914982 0
0  -0.032945 0.053580 0.046813  -0.707783 0.000000 -0.706430  0.703971 0.892691 0
0  -0.035742 0.033595 0.049615  -0.707783 0.000000 -0.706430  0.591446 0.914982 0
mount_dovetail_rsr_akr_1913_railed_mount_LOD0
0  -0.035742 0.033595 0.049615  -0.707781 0.000000 -0.706432  0.591446 0.914982 0
0  -0.032945 0.053580 0.046813  -0.707781 0.000000 -0.706432  0.703971 0.892691 0
0  -0.035742 0.028835 0.049615  -0.707781 0.000000 -0.706432  0.564646 0.914982 0
mount_dovetail_rsr_akr_1913_railed_mount_LOD0
0  -0.035742 0.028835 0.049615  -0.707782 0.000000 -0.706431  0.564646 0.914982 0
0  -0.032945 0.053580 0.046813  -0.707782 0.000000 -0.706431  0.703971 0.892691 0
0  -0.035742 0.023602 0.049615  -0.707782 0.000000 -0.706431  0.535181 0.914982 0
mount_dovetail_rsr_akr_1913_railed_mount_LOD0
0  -0.032945 0.053580 0.046813  -0.707782 0.000000 -0.706431  0.703971 0.892691 0
0  -0.032945 -0.008755 0.046813  -0.707782 0.000000 -0.706431  0.352990 0.892691 0
0  -0.035742 0.023602 0.049615  -0.707782 0.000000 -0.706431  0.535181 0.914982 0
mount_dovetail_rsr_akr_1913_railed_mount_LOD0
0  -0.032945 -0.008755 0.046813  -0.707789 0.000000 -0.706423  0.352990 0.892691 0
0  -0.035742 0.018843 0.049615  -0.707789 0.000000 -0.706423  0.508378 0.914982 0
0  -0.035742 0.023602 0.049615  -0.707789 0.000000 -0.706423  0.535181 0.914982 0
mount_dovetail_rsr_akr_1913_railed_mount_LOD0
0  -0.035742 0.018843 0.049615  -0.707778 0.000000 -0.706435  0.508378 0.914982 0
0  -0.032945 -0.008755 0.046813  -0.707778 0.000000 -0.706435  0.352990 0.892691 0
0  -0.035742 0.013610 0.049615  -0.707778 0.000000 -0.706435  0.478915 0.914982 0
mount_dovetail_rsr_akr_1913_railed_mount_LOD0
0  -0.035742 0.013610 0.049615  -0.707785 0.000000 -0.706428  0.478915 0.914982 0
0  -0.032945 -0.008755 0.046813  -0.707785 0.000000 -0.706428  0.352990 0.892691 0
0  -0.035742 0.008850 0.049615  -0.707785 0.000000 -0.706428  0.452113 0.914982 0
mount_dovetail_rsr_akr_1913_railed_mount_LOD0
0  -0.035742 0.008850 0.049615  -0.707785 0.000000 -0.706428  0.452113 0.914982 0
0  -0.032945 -0.008755 0.046813  -0.707785 0.000000 -0.706428  0.352990 0.892691 0
0  -0.035742 0.003617 0.049615  -0.707785 0.000000 -0.706428  0.422650 0.914982 0
mount_dovetail_rsr_akr_1913_railed_mount_LOD0
0  -0.035742 0.003617 0.049615  -0.707782 0.000000 -0.706431  0.422650 0.914982 0
0  -0.032945 -0.008755 0.046813  -0.707782 0.000000 -0.706431  0.352990 0.892691 0
0  -0.035742 -0.001143 0.049615  -0.707782 0.000000 -0.706431  0.395850 0.914982 0
mount_dovetail_rsr_akr_1913_railed_mount_LOD0
0  -0.035742 -0.001143 0.049615  -0.707782 0.000000 -0.706431  0.395850 0.914982 0
0  -0.032945 -0.008755 0.046813  -0.707782 0.000000 -0.706431  0.352990 0.892691 0
0  -0.035742 -0.006375 0.049615  -0.707782 0.000000 -0.706431  0.366387 0.914982 0
mount_dovetail_rsr_akr_1913_railed_mount_LOD0
0  -0.032945 -0.008755 0.046813  -0.707783 0.000000 -0.706430  0.352990 0.892691 0
0  -0.035742 -0.011135 0.049615  -0.707783 0.000000 -0.706430  0.339588 0.914982 0
0  -0.035742 -0.006375 0.049615  -0.707783 0.000000 -0.706430  0.366387 0.914982 0
mount_dovetail_rsr_akr_1913_railed_mount_LOD0
0  -0.032945 -0.008755 0.046813  -0.707783 0.000001 -0.706430  0.352990 0.892691 0
0  -0.035742 -0.016368 0.049615  -0.707783 0.000001 -0.706430  0.310126 0.914982 0
0  -0.035742 -0.011135 0.049615  -0.707783 0.000001 -0.706430  0.339588 0.914982 0
mount_dovetail_rsr_akr_1913_railed_mount_LOD0
0  -0.032945 -0.008755 0.046813  -0.707780 -0.000001 -0.706433  0.352990 0.892691 0
0  -0.035742 -0.021128 0.049615  -0.707780 -0.000001 -0.706433  0.283324 0.914982 0
0  -0.035742 -0.016368 0.049615  -0.707780 -0.000001 -0.706433  0.310126 0.914982 0
mount_dovetail_rsr_akr_1913_railed_mount_LOD0
0  -0.032945 -0.008755 0.046813  -0.707784 0.000001 -0.706428  0.352990 0.892691 0
0  -0.035742 -0.026360 0.049615  -0.707784 0.000001 -0.706428  0.253863 0.914982 0
0  -0.035742 -0.021128 0.049615  -0.707784 0.000001 -0.706428  0.283324 0.914982 0
mount_dovetail_rsr_akr_1913_railed_mount_LOD0
0  -0.032945 -0.008755 0.046813  -0.707783 0.000000 -0.706430  0.352990 0.892691 0
0  -0.035742 -0.031120 0.049615  -0.707783 0.000000 -0.706430  0.227063 0.914982 0
0  -0.035742 -0.026360 0.049615  -0.707783 0.000000 -0.706430  0.253863 0.914982 0
mount_dovetail_rsr_akr_1913_railed_mount_LOD0
0  -0.035742 -0.036353 0.049615  -0.707781 0.000000 -0.706432  0.197600 0.914982 0
0  -0.035742 -0.031120 0.049615  -0.707781 0.000000 -0.706432  0.227063 0.914982 0
0  -0.032945 -0.008755 0.046813  -0.707781 0.000000 -0.706432  0.352990 0.892691 0
mount_dovetail_rsr_akr_1913_railed_mount_LOD0
0  -0.035742 -0.041113 0.049615  -0.707787 0.000000 -0.706426  0.170801 0.914982 0
0  -0.035742 -0.036353 0.049615  -0.707787 0.000000 -0.706426  0.197600 0.914982 0
0  -0.032945 -0.008755 0.046813  -0.707787 0.000000 -0.706426  0.352990 0.892691 0
mount_dovetail_rsr_akr_1913_railed_mount_LOD0
0  -0.032945 -0.071090 0.046813  -0.707783 0.000000 -0.706430  0.002013 0.892691 0
0  -0.035742 -0.041113 0.049615  -0.707783 0.000000 -0.706430  0.170801 0.914982 0
0  -0.032945 -0.008755 0.046813  -0.707783 0.000000 -0.706430  0.352990 0.892691 0
mount_dovetail_rsr_akr_1913_railed_mount_LOD0
0  -0.032945 -0.071090 0.046813  -0.707780 0.000000 -0.706433  0.002013 0.892691 0
0  -0.035742 -0.046345 0.049615  -0.707780 0.000000 -0.706433  0.141340 0.914982 0
0  -0.035742 -0.041113 0.049615  -0.707780 0.000000 -0.706433  0.170801 0.914982 0
mount_dovetail_rsr_akr_1913_railed_mount_LOD0
0  -0.032945 -0.071090 0.046813  -0.707784 0.000000 -0.706428  0.002013 0.892691 0
0  -0.035742 -0.051105 0.049615  -0.707784 0.000000 -0.706428  0.114540 0.914982 0
0  -0.035742 -0.046345 0.049615  -0.707784 0.000000 -0.706428  0.141340 0.914982 0
mount_dovetail_rsr_akr_1913_railed_mount_LOD0
0  -0.032945 -0.071090 0.046813  -0.707783 0.000000 -0.706430  0.002013 0.892691 0
0  -0.035742 -0.056338 0.049615  -0.707783 0.000000 -0.706430  0.085077 0.914982 0
0  -0.035742 -0.051105 0.049615  -0.707783 0.000000 -0.706430  0.114540 0.914982 0
mount_dovetail_rsr_akr_1913_railed_mount_LOD0
0  -0.032945 -0.071090 0.046813  -0.707784 0.000000 -0.706429  0.002013 0.892691 0
0  -0.035742 -0.061098 0.049615  -0.707784 0.000000 -0.706429  0.058278 0.914982 0
0  -0.035742 -0.056338 0.049615  -0.707784 0.000000 -0.706429  0.085077 0.914982 0
mount_dovetail_rsr_akr_1913_railed_mount_LOD0
0  -0.032945 -0.071090 0.046813  -0.707784 0.000000 -0.706429  0.002013 0.892691 0
0  -0.035742 -0.066331 0.049615  -0.707784 0.000000 -0.706429  0.028819 0.914982 0
0  -0.035742 -0.061098 0.049615  -0.707784 0.000000 -0.706429  0.058278 0.914982 0
mount_dovetail_rsr_akr_1913_railed_mount_LOD0
0  -0.035742 -0.066331 0.049615  -0.707781 0.000000 -0.706432  0.028819 0.914982 0
0  -0.032945 -0.071090 0.046813  -0.707781 0.000000 -0.706432  0.002013 0.892691 0
0  -0.035742 -0.068573 0.049615  -0.707781 0.000000 -0.706432  0.016200 0.914982 0
mount_dovetail_rsr_akr_1913_railed_mount_LOD0
0  -0.032945 -0.071090 0.046813  -0.707783 0.000002 -0.706430  0.002013 0.892691 0
0  -0.034477 -0.070753 0.048349  -0.707783 0.000002 -0.706430  0.003915 0.904914 0
0  -0.035742 -0.068573 0.049615  -0.707783 0.000002 -0.706430  0.016200 0.914982 0
mount_dovetail_rsr_akr_1913_railed_mount_LOD0
0  -0.035399 -0.069832 0.049272  -0.707788 -0.000012 -0.706425  0.009112 0.912257 0
0  -0.035742 -0.068573 0.049615  -0.707788 -0.000012 -0.706425  0.016200 0.914982 0
0  -0.034477 -0.070753 0.048349  -0.707788 -0.000012 -0.706425  0.003915 0.904914 0
mount_dovetail_rsr_akr_1913_railed_mount_LOD0
0  -0.029060 0.053580 0.052688  0.000000 1.000000 0.000098  1.959744 0.377233 0
0  -0.029060 0.053580 0.051325  0.000000 1.000000 0.000098  1.948235 0.377244 0
0  -0.033219 0.053580 0.052688  -0.084658 0.996407 -0.002603  1.959766 0.412355 0
mount_dovetail_rsr_akr_1913_railed_mount_LOD0
0  -0.029060 0.053580 0.051325  -0.000044 1.000000 -0.000039  1.948235 0.377244 0
0  -0.032945 0.053580 0.046813  -0.045070 0.998983 -0.001411  1.910143 0.410079 0
0  -0.033219 0.053580 0.052688  -0.084658 0.996407 -0.002604  1.959766 0.412355 0
mount_dovetail_rsr_akr_1913_railed_mount_LOD0
0  -0.028537 0.053580 0.049953  -0.000096 1.000000 0.000008  1.936649 0.372841 0
0  -0.032945 0.053580 0.046813  -0.045073 0.998983 -0.001403  1.910143 0.410079 0
0  -0.029060 0.053580 0.051325  -0.000096 1.000000 0.000008  1.948235 0.377244 0
mount_dovetail_rsr_akr_1913_railed_mount_LOD0
0  -0.028238 0.053580 0.049743  -0.000108 1.000000 0.000047  1.934876 0.370318 0
0  -0.032945 0.053580 0.046813  -0.045083 0.998982 -0.001393  1.910143 0.410079 0
0  -0.028537 0.053580 0.049953  -0.000108 1.000000 0.000047  1.936649 0.372841 0
mount_dovetail_rsr_akr_1913_railed_mount_LOD0
0  -0.027110 0.053580 0.048949  -0.000050 1.000000 -0.000074  1.928173 0.360798 0
0  -0.032945 0.053580 0.046813  -0.045077 0.998983 -0.001403  1.910143 0.410079 0
0  -0.028238 0.053580 0.049743  -0.000050 1.000000 -0.000074  1.934876 0.370318 0
mount_dovetail_rsr_akr_1913_railed_mount_LOD0
0  -0.025161 0.053580 0.048582  -0.000026 1.000000 -0.000129  1.925069 0.344340 0
0  -0.032945 0.053580 0.046813  -0.045102 0.998981 -0.001405  1.910143 0.410079 0
0  -0.027110 0.053580 0.048949  -0.000026 1.000000 -0.000129  1.928173 0.360798 0
mount_dovetail_rsr_akr_1913_railed_mount_LOD0
0  -0.017378 0.053580 0.046813  0.045080 0.998982 -0.001405  1.910144 0.278604 0
0  -0.032945 0.053580 0.046813  -0.045080 0.998982 -0.001407  1.910143 0.410079 0
0  -0.025161 0.053580 0.048582  0.000000 1.000000 -0.000249  1.925069 0.344340 0
mount_dovetail_rsr_akr_1913_railed_mount_LOD0
0  -0.023212 0.053580 0.048949  0.000026 1.000000 -0.000138  1.928170 0.327883 0
0  -0.017378 0.053580 0.046813  0.045103 0.998981 -0.001404  1.910144 0.278604 0
0  -0.025161 0.053580 0.048582  0.000026 1.000000 -0.000138  1.925069 0.344340 0
mount_dovetail_rsr_akr_1913_railed_mount_LOD0
0  -0.022084 0.053580 0.049743  0.000050 1.000000 -0.000066  1.934871 0.318367 0
0  -0.017378 0.053580 0.046813  0.045076 0.998983 -0.001410  1.910144 0.278604 0
0  -0.023212 0.053580 0.048949  0.000050 1.000000 -0.000066  1.928170 0.327883 0
mount_dovetail_rsr_akr_1913_railed_mount_LOD0
0  -0.021785 0.053580 0.049953  0.000108 1.000000 0.000000  1.936648 0.315846 0
0  -0.017378 0.053580 0.046813  0.045084 0.998982 -0.001439  1.910144 0.278604 0
0  -0.022084 0.053580 0.049743  0.000108 1.000000 0.000000  1.934871 0.318367 0
mount_dovetail_rsr_akr_1913_railed_mount_LOD0
0  -0.021263 0.053580 0.051325  0.000096 1.000000 0.000011  1.948234 0.311443 0
0  -0.017378 0.053580 0.046813  0.045073 0.998983 -0.001397  1.910144 0.278604 0
0  -0.021785 0.053580 0.049953  0.000096 1.000000 0.000011  1.936648 0.315846 0
mount_dovetail_rsr_akr_1913_railed_mount_LOD0
0  -0.032945 0.053580 0.046813  -0.045240 0.998975 -0.001404  1.910143 0.410079 0
0  -0.034477 0.053243 0.048349  -0.383476 0.923535 -0.005317  1.923112 0.423341 0
0  -0.033219 0.053580 0.052688  -0.084838 0.996391 -0.002626  1.959766 0.412355 0
mount_dovetail_rsr_akr_1913_railed_mount_LOD0
0  -0.034477 0.053243 0.048349  -0.383480 0.923534 -0.005298  1.923112 0.423341 0
0  -0.034477 0.053243 0.051429  -0.383880 0.923368 -0.005278  1.949130 0.423345 0
0  -0.033219 0.053580 0.052688  -0.084819 0.996393 -0.002607  1.959766 0.412355 0
mount_dovetail_rsr_akr_1913_railed_mount_LOD0
0  -0.034477 0.053243 0.051429  -0.384153 0.923254 -0.005300  1.949130 0.423345 0
0  -0.034477 0.053243 0.048349  -0.383711 0.923438 -0.005284  1.923112 0.423341 0
0  -0.035399 0.052321 0.049272  -0.829788 0.558079 0.000003  1.930912 0.434351 0
mount_dovetail_rsr_akr_1913_railed_mount_LOD0
0  -0.035399 0.052321 0.050508  -0.830028 0.557721 0.000017  1.941349 0.434347 0
0  -0.034477 0.053243 0.051429  -0.384153 0.923254 -0.005275  1.949130 0.423345 0
0  -0.035399 0.052321 0.049272  -0.829788 0.558079 0.000012  1.930912 0.434351 0
mount_dovetail_rsr_akr_1913_railed_mount_LOD0
0  -0.035399 0.052321 0.049272  -0.829955 0.557830 -0.000002  1.930912 0.434351 0
0  -0.035742 0.051063 0.049615  -0.964898 0.262624 0.000000  1.933820 0.445369 0
0  -0.035399 0.052321 0.050508  -0.830169 0.557512 0.000005  1.941349 0.434347 0
mount_dovetail_rsr_akr_1913_railed_mount_LOD0
0  -0.035742 0.051063 0.049615  -0.964894 0.262639 -0.000015  1.933820 0.445369 0
0  -0.035742 0.051063 0.050165  -0.964894 0.262639 -0.000015  1.938462 0.445364 0
0  -0.035399 0.052321 0.050508  -0.830160 0.557525 0.000020  1.941349 0.434347 0
mount_dovetail_rsr_akr_1913_railed_mount_LOD0
0  -0.017378 0.053580 0.046813  0.045073 0.998983 -0.001402  1.910144 0.278604 0
0  -0.032945 0.053580 0.044364  0.000000 1.000000 0.000000  1.889465 0.410079 0
0  -0.032945 0.053580 0.046813  -0.045073 0.998983 -0.001403  1.910143 0.410079 0
mount_dovetail_rsr_akr_1913_railed_mount_LOD0
0  -0.017378 0.053580 0.044364  0.000000 1.000000 0.000000  1.889468 0.278604 0
0  -0.032945 0.053580 0.044364  0.000000 1.000000 0.000000  1.889465 0.410079 0
0  -0.017378 0.053580 0.046813  0.045073 0.998983 -0.001403  1.910144 0.278604 0
mount_dovetail_rsr_akr_1913_railed_mount_LOD0
0  -0.017104 0.053580 0.052688  0.084658 0.996407 -0.002614  1.959766 0.276330 0
0  -0.017378 0.053580 0.046813  0.045070 0.998983 -0.001406  1.910144 0.278604 0
0  -0.021263 0.053580 0.051325  0.000044 1.000000 -0.000040  1.948234 0.311443 0
mount_dovetail_rsr_akr_1913_railed_mount_LOD0
0  -0.021263 0.053580 0.052688  0.000000 1.000000 0.000098  1.959741 0.311452 0
0  -0.017104 0.053580 0.052688  0.084658 0.996407 -0.002599  1.959766 0.276330 0
0  -0.021263 0.053580 0.051325  0.000000 1.000000 0.000098  1.948234 0.311443 0
mount_dovetail_rsr_akr_1913_railed_mount_LOD0
0  -0.015845 0.053243 0.048349  0.383476 0.923536 -0.005321  1.923112 0.265340 0
0  -0.017378 0.053580 0.046813  0.045239 0.998975 -0.001426  1.910144 0.278604 0
0  -0.017104 0.053580 0.052688  0.084838 0.996391 -0.002606  1.959766 0.276330 0
mount_dovetail_rsr_akr_1913_railed_mount_LOD0
0  -0.015845 0.053243 0.051429  0.383923 0.923350 -0.005274  1.949130 0.265335 0
0  -0.015845 0.053243 0.048349  0.383479 0.923534 -0.005292  1.923112 0.265340 0
0  -0.017104 0.053580 0.052688  0.084818 0.996393 -0.002608  1.959766 0.276330 0
mount_dovetail_rsr_akr_1913_railed_mount_LOD0
0  -0.014924 0.052321 0.049272  0.829788 0.558079 -0.000015  1.930911 0.254329 0
0  -0.015845 0.053243 0.048349  0.383711 0.923438 -0.005279  1.923112 0.265340 0
0  -0.015845 0.053243 0.051429  0.384153 0.923254 -0.005298  1.949130 0.265335 0
mount_dovetail_rsr_akr_1913_railed_mount_LOD0
0  -0.014924 0.052321 0.050508  0.830030 0.557718 -0.000005  1.941348 0.254329 0
0  -0.014924 0.052321 0.049272  0.829790 0.558077 0.000011  1.930911 0.254329 0
0  -0.015845 0.053243 0.051429  0.384157 0.923253 -0.005285  1.949130 0.265335 0
mount_dovetail_rsr_akr_1913_railed_mount_LOD0
0  -0.014581 0.051063 0.049615  0.964898 0.262626 0.000000  1.933812 0.243309 0
0  -0.014924 0.052321 0.049272  0.829954 0.557832 -0.000009  1.930911 0.254329 0
0  -0.014924 0.052321 0.050508  0.830168 0.557514 0.000007  1.941348 0.254329 0
mount_dovetail_rsr_akr_1913_railed_mount_LOD0
0  -0.014581 0.051063 0.050165  0.964898 0.262625 0.000000  1.938454 0.243309 0
0  -0.014581 0.051063 0.049615  0.964898 0.262625 0.000000  1.933812 0.243309 0
0  -0.014924 0.052321 0.050508  0.830169 0.557512 0.000022  1.941348 0.254329 0
mount_dovetail_rsr_akr_1913_railed_mount_LOD0
0  -0.032945 0.053580 0.044364  -1.000000 0.000000 0.000000  0.002160 0.874817 0
0  -0.032945 -0.008755 0.046813  -1.000000 0.000000 0.000000  0.353137 0.888603 0
0  -0.032945 0.053580 0.046813  -1.000000 0.000000 0.000000  0.002160 0.888602 0
mount_dovetail_rsr_akr_1913_railed_mount_LOD0
0  -0.032945 -0.071090 0.044364  -1.000000 0.000000 -0.000001  0.704115 0.874817 0
0  -0.032945 -0.008755 0.046813  -1.000000 0.000000 -0.000001  0.353137 0.888603 0
0  -0.032945 0.053580 0.044364  -1.000000 0.000000 -0.000001  0.002160 0.874817 0
mount_dovetail_rsr_akr_1913_railed_mount_LOD0
0  -0.032945 -0.071090 0.046813  -1.000000 0.000000 0.000000  0.704115 0.888602 0
0  -0.032945 -0.008755 0.046813  -1.000000 0.000000 0.000000  0.353137 0.888603 0
0  -0.032945 -0.071090 0.044364  -1.000000 0.000000 0.000000  0.704115 0.874817 0
mount_dovetail_rsr_akr_1913_railed_mount_LOD0
0  -0.035742 -0.006375 0.050165  -0.707116 0.000000 0.707098  1.978008 0.625940 0
0  -0.035742 -0.011135 0.050165  -0.707116 0.000000 0.707098  1.978008 0.599143 0
0  -0.033219 -0.011135 0.052688  -0.707116 0.000000 0.707098  1.998098 0.599143 0
mount_dovetail_rsr_akr_1913_railed_mount_LOD0
0  -0.033219 -0.006375 0.052688  -0.707116 0.000000 0.707098  1.998098 0.625940 0
0  -0.035742 -0.006375 0.050165  -0.707116 0.000000 0.707098  1.978008 0.625940 0
0  -0.033219 -0.011135 0.052688  -0.707116 0.000000 0.707098  1.998098 0.599143 0
mount_dovetail_rsr_akr_1913_railed_mount_LOD0
0  -0.029060 -0.011135 0.052688  0.000000 -1.000000 -0.000000  1.267668 0.002486 0
0  -0.033219 -0.011135 0.052688  0.000000 -1.000000 -0.000000  1.291085 0.002486 0
0  -0.035742 -0.011135 0.050165  0.000000 -1.000000 -0.000000  1.305290 0.016693 0
mount_dovetail_rsr_akr_1913_railed_mount_LOD0
0  -0.029060 -0.011135 0.051325  -0.000034 -1.000000 0.000089  1.267668 0.010159 0
0  -0.029060 -0.011135 0.052688  -0.000034 -1.000000 0.000089  1.267668 0.002486 0
0  -0.035742 -0.011135 0.050165  -0.000034 -1.000000 0.000089  1.305290 0.016693 0
mount_dovetail_rsr_akr_1913_railed_mount_LOD0
0  -0.028537 -0.011135 0.049953  -0.000024 -1.000000 0.000033  1.264726 0.017883 0
0  -0.029060 -0.011135 0.051325  -0.000024 -1.000000 0.000033  1.267668 0.010159 0
0  -0.035742 -0.011135 0.050165  -0.000024 -1.000000 0.000033  1.305290 0.016693 0
mount_dovetail_rsr_akr_1913_railed_mount_LOD0
0  -0.028537 -0.011135 0.049953  -0.000008 -1.000000 0.000579  1.264726 0.017883 0
0  -0.035742 -0.011135 0.050165  -0.000008 -1.000000 0.000579  1.305290 0.016693 0
0  -0.035742 -0.011135 0.049743  -0.000008 -1.000000 0.000579  1.305290 0.019067 0
mount_dovetail_rsr_akr_1913_railed_mount_LOD0
0  -0.028238 -0.011135 0.049743  0.000000 -1.000000 0.000295  1.263042 0.019067 0
0  -0.028537 -0.011135 0.049953  0.000000 -1.000000 0.000295  1.264726 0.017883 0
0  -0.035742 -0.011135 0.049743  0.000000 -1.000000 0.000295  1.305290 0.019067 0
mount_dovetail_rsr_akr_1913_railed_mount_LOD0
0  -0.035742 -0.016368 0.049743  0.000000 0.000000 1.000000  1.745961 0.679698 0
0  -0.028238 -0.016368 0.049743  0.000000 0.000000 1.000000  1.788208 0.679698 0
0  -0.028238 -0.011135 0.049743  0.000000 0.000000 1.000000  1.788208 0.709159 0
mount_dovetail_rsr_akr_1913_railed_mount_LOD0
0  -0.035742 -0.011135 0.049743  0.000000 0.000000 1.000000  1.745961 0.709159 0
0  -0.035742 -0.016368 0.049743  0.000000 0.000000 1.000000  1.745961 0.679698 0
0  -0.028238 -0.011135 0.049743  0.000000 0.000000 1.000000  1.788208 0.709159 0
mount_dovetail_rsr_akr_1913_railed_mount_LOD0
0  -0.033219 -0.016368 0.052688  -0.707119 0.000000 0.707095  1.998018 0.593869 0
0  -0.035742 -0.016368 0.050165  -0.707119 0.000000 0.707095  1.977928 0.593869 0
0  -0.035742 -0.021127 0.050165  -0.707119 0.000000 0.707095  1.977928 0.567072 0
mount_dovetail_rsr_akr_1913_railed_mount_LOD0
0  -0.033219 -0.021127 0.052688  -0.707115 -0.000002 0.707098  1.998018 0.567072 0
0  -0.033219 -0.016368 0.052688  -0.707115 -0.000002 0.707098  1.998018 0.593869 0
0  -0.035742 -0.021127 0.050165  -0.707115 -0.000002 0.707098  1.977928 0.567072 0
mount_dovetail_rsr_akr_1913_railed_mount_LOD0
0  -0.029060 -0.016368 0.052688  0.000000 1.000000 -0.000162  1.720731 0.026903 0
0  -0.029060 -0.016368 0.051325  0.000000 1.000000 -0.000162  1.720731 0.034576 0
0  -0.033219 -0.016368 0.052688  0.000000 1.000000 -0.000162  1.744149 0.026903 0
mount_dovetail_rsr_akr_1913_railed_mount_LOD0
0  -0.029060 -0.016368 0.051325  0.000040 1.000000 -0.000040  1.720731 0.034576 0
0  -0.035742 -0.016368 0.050165  0.000040 1.000000 -0.000040  1.758355 0.041108 0
0  -0.033219 -0.016368 0.052688  0.000040 1.000000 -0.000040  1.744149 0.026903 0
mount_dovetail_rsr_akr_1913_railed_mount_LOD0
0  -0.028537 -0.016368 0.049953  0.000043 1.000000 -0.000057  1.717788 0.042299 0
0  -0.035742 -0.016368 0.050165  0.000043 1.000000 -0.000057  1.758355 0.041108 0
0  -0.029060 -0.016368 0.051325  0.000043 1.000000 -0.000057  1.720731 0.034576 0
mount_dovetail_rsr_akr_1913_railed_mount_LOD0
0  -0.035742 -0.016368 0.049743  0.000020 1.000000 -0.000186  1.758355 0.043484 0
0  -0.035742 -0.016368 0.050165  0.000021 1.000000 0.000053  1.758355 0.041108 0
0  -0.028537 -0.016368 0.049953  0.000026 1.000000 0.000053  1.717788 0.042299 0
mount_dovetail_rsr_akr_1913_railed_mount_LOD0
0  -0.028238 -0.016368 0.049743  0.000023 1.000000 -0.000297  1.716105 0.043484 0
0  -0.035742 -0.016368 0.049743  0.000023 1.000000 -0.000297  1.758355 0.043484 0
0  -0.028537 -0.016368 0.049953  0.000034 1.000000 -0.000296  1.717788 0.042299 0
mount_dovetail_rsr_akr_1913_railed_mount_LOD0
0  -0.029060 -0.021127 0.052688  0.000000 -1.000000 -0.000001  1.884638 0.220525 0
0  -0.033219 -0.021127 0.052688  0.000000 -1.000000 -0.000001  1.884591 0.197110 0
0  -0.035742 -0.021127 0.050165  0.000000 -1.000000 -0.000001  1.870355 0.182932 0
mount_dovetail_rsr_akr_1913_railed_mount_LOD0
0  -0.029060 -0.021128 0.051325  -0.000033 -1.000000 0.000089  1.876967 0.220540 0
0  -0.029060 -0.021127 0.052688  -0.000033 -1.000000 0.000089  1.884638 0.220525 0
0  -0.035742 -0.021127 0.050165  -0.000033 -1.000000 0.000089  1.870355 0.182932 0
mount_dovetail_rsr_akr_1913_railed_mount_LOD0
0  -0.028537 -0.021128 0.049953  -0.000024 -1.000000 0.000036  1.869249 0.223498 0
0  -0.029060 -0.021128 0.051325  -0.000024 -1.000000 0.000036  1.876967 0.220540 0
0  -0.035742 -0.021127 0.050165  -0.000024 -1.000000 0.000036  1.870355 0.182932 0
mount_dovetail_rsr_akr_1913_railed_mount_LOD0
0  -0.028537 -0.021128 0.049953  -0.000008 -1.000000 0.000567  1.869249 0.223498 0
0  -0.035742 -0.021127 0.050165  -0.000008 -1.000000 0.000567  1.870355 0.182932 0
0  -0.035742 -0.021128 0.049743  -0.000008 -1.000000 0.000567  1.867980 0.182937 0
mount_dovetail_rsr_akr_1913_railed_mount_LOD0
0  -0.028238 -0.021128 0.049743  -0.000014 -1.000000 0.000774  1.868068 0.225186 0
0  -0.028537 -0.021128 0.049953  0.000000 -1.000000 0.000295  1.869249 0.223498 0
0  -0.035742 -0.021128 0.049743  -0.000014 -1.000000 0.000774  1.867980 0.182937 0
mount_dovetail_rsr_akr_1913_railed_mount_LOD0
0  -0.033219 -0.021127 0.052688  0.000000 0.000000 1.000000  1.840431 0.093853 0
0  -0.029060 -0.021127 0.052688  0.000000 0.000000 1.000000  1.817014 0.093853 0
0  -0.029060 -0.016368 0.052688  0.000000 0.000000 1.000000  1.817014 0.067055 0
mount_dovetail_rsr_akr_1913_railed_mount_LOD0
0  -0.033219 -0.016368 0.052688  0.000000 0.000000 1.000000  1.840431 0.067055 0
0  -0.033219 -0.021127 0.052688  0.000000 0.000000 1.000000  1.840431 0.093853 0
0  -0.029060 -0.016368 0.052688  0.000000 0.000000 1.000000  1.817014 0.067055 0
mount_dovetail_rsr_akr_1913_railed_mount_LOD0
0  -0.035742 -0.026361 0.049743  0.000000 0.000000 1.000000  0.458997 0.455166 0
0  -0.028238 -0.026361 0.049743  0.000000 0.000000 1.000000  0.458997 0.497413 0
0  -0.028238 -0.021128 0.049743  0.000000 0.000000 1.000000  0.429536 0.497413 0
mount_dovetail_rsr_akr_1913_railed_mount_LOD0
0  -0.035742 -0.021128 0.049743  0.000000 0.000000 1.000000  0.429536 0.455166 0
0  -0.035742 -0.026361 0.049743  0.000000 0.000000 1.000000  0.458997 0.455166 0
0  -0.028238 -0.021128 0.049743  0.000000 0.000000 1.000000  0.429536 0.497413 0
mount_dovetail_rsr_akr_1913_railed_mount_LOD0
0  -0.033219 -0.026360 0.052688  -0.707119 0.000000 0.707095  0.997811 0.689548 0
0  -0.035742 -0.026360 0.050165  -0.707119 0.000000 0.707095  0.977721 0.689548 0
0  -0.035742 -0.031120 0.050165  -0.707119 0.000000 0.707095  0.977721 0.662751 0
mount_dovetail_rsr_akr_1913_railed_mount_LOD0
0  -0.033219 -0.031120 0.052688  -0.707115 -0.000002 0.707098  0.997811 0.662751 0
0  -0.033219 -0.026360 0.052688  -0.707115 -0.000002 0.707098  0.997811 0.689548 0
0  -0.035742 -0.031120 0.050165  -0.707115 -0.000002 0.707098  0.977721 0.662751 0
mount_dovetail_rsr_akr_1913_railed_mount_LOD0
0  -0.029060 -0.026360 0.052688  0.000000 1.000000 -0.000159  0.980704 0.338674 0
0  -0.029060 -0.026361 0.051325  0.000000 1.000000 -0.000159  0.988376 0.338676 0
0  -0.033219 -0.026360 0.052688  0.000000 1.000000 -0.000159  0.980704 0.362093 0
mount_dovetail_rsr_akr_1913_railed_mount_LOD0
0  -0.029060 -0.026361 0.051325  0.000040 1.000000 -0.000040  0.988376 0.338676 0
0  -0.035742 -0.026360 0.050165  0.000040 1.000000 -0.000040  0.994908 0.376298 0
0  -0.033219 -0.026360 0.052688  0.000040 1.000000 -0.000040  0.980704 0.362093 0
mount_dovetail_rsr_akr_1913_railed_mount_LOD0
0  -0.028537 -0.026361 0.049953  0.000043 1.000000 -0.000057  0.996101 0.335734 0
0  -0.035742 -0.026360 0.050165  0.000043 1.000000 -0.000057  0.994908 0.376298 0
0  -0.029060 -0.026361 0.051325  0.000043 1.000000 -0.000057  0.988376 0.338676 0
mount_dovetail_rsr_akr_1913_railed_mount_LOD0
0  -0.035742 -0.026361 0.049743  0.000029 1.000000 -0.000527  0.997285 0.376298 0
0  -0.035742 -0.026360 0.050165  0.000029 1.000000 -0.000527  0.994908 0.376298 0
0  -0.028537 -0.026361 0.049953  0.000029 1.000000 -0.000527  0.996101 0.335734 0
mount_dovetail_rsr_akr_1913_railed_mount_LOD0
0  -0.028238 -0.026361 0.049743  0.000023 1.000000 -0.000288  0.997285 0.334051 0
0  -0.035742 -0.026361 0.049743  0.000023 1.000000 -0.000288  0.997285 0.376298 0
0  -0.028537 -0.026361 0.049953  0.000034 1.000000 -0.000287  0.996101 0.335734 0
mount_dovetail_rsr_akr_1913_railed_mount_LOD0
0  -0.029060 -0.031120 0.052688  0.000000 -1.000000 0.000001  0.996277 0.252530 0
0  -0.033219 -0.031120 0.052688  0.000000 -1.000000 0.000001  0.996277 0.275949 0
0  -0.035742 -0.031120 0.050165  0.000000 -1.000000 0.000001  0.982070 0.290154 0
mount_dovetail_rsr_akr_1913_railed_mount_LOD0
0  -0.029060 -0.031120 0.051325  -0.000034 -1.000000 0.000089  0.988605 0.252530 0
0  -0.029060 -0.031120 0.052688  -0.000034 -1.000000 0.000089  0.996277 0.252530 0
0  -0.035742 -0.031120 0.050165  -0.000034 -1.000000 0.000089  0.982070 0.290154 0
mount_dovetail_rsr_akr_1913_railed_mount_LOD0
0  -0.028537 -0.031120 0.049953  -0.000024 -1.000000 0.000033  0.980881 0.249588 0
0  -0.029060 -0.031120 0.051325  -0.000024 -1.000000 0.000033  0.988605 0.252530 0
0  -0.035742 -0.031120 0.050165  -0.000024 -1.000000 0.000033  0.982070 0.290154 0
mount_dovetail_rsr_akr_1913_railed_mount_LOD0
0  -0.028537 -0.031120 0.049953  -0.000008 -1.000000 0.000565  0.980881 0.249588 0
0  -0.035742 -0.031120 0.050165  -0.000008 -1.000000 0.000565  0.982070 0.290154 0
0  -0.035742 -0.031120 0.049743  -0.000008 -1.000000 0.000565  0.979695 0.290154 0
mount_dovetail_rsr_akr_1913_railed_mount_LOD0
0  -0.028238 -0.031120 0.049743  0.000000 -1.000000 0.000295  0.979695 0.247905 0
0  -0.028537 -0.031120 0.049953  0.000000 -1.000000 0.000295  0.980881 0.249588 0
0  -0.035742 -0.031120 0.049743  0.000000 -1.000000 0.000295  0.979695 0.290154 0
mount_dovetail_rsr_akr_1913_railed_mount_LOD0
0  -0.033219 -0.031120 0.052688  0.000000 0.000000 1.000000  0.559705 0.002209 0
0  -0.029060 -0.031120 0.052688  0.000000 0.000000 1.000000  0.559705 0.025625 0
0  -0.029060 -0.026360 0.052688  0.000000 0.000000 1.000000  0.532908 0.025625 0
mount_dovetail_rsr_akr_1913_railed_mount_LOD0
0  -0.033219 -0.026360 0.052688  0.000000 0.000000 1.000000  0.532908 0.002209 0
0  -0.033219 -0.031120 0.052688  0.000000 0.000000 1.000000  0.559705 0.002209 0
0  -0.029060 -0.026360 0.052688  0.000000 0.000000 1.000000  0.532908 0.025625 0
mount_dovetail_rsr_akr_1913_railed_mount_LOD0
0  -0.035742 -0.036353 0.049743  0.000000 0.000000 1.000000  0.207609 0.056343 0
0  -0.028238 -0.036353 0.049743  0.000000 0.000000 1.000000  0.249857 0.056343 0
0  -0.028238 -0.031120 0.049743  0.000000 0.000000 1.000000  0.249857 0.085805 0
mount_dovetail_rsr_akr_1913_railed_mount_LOD0
0  -0.035742 -0.031120 0.049743  0.000000 0.000000 1.000000  0.207609 0.085805 0
0  -0.035742 -0.036353 0.049743  0.000000 0.000000 1.000000  0.207609 0.056343 0
0  -0.028238 -0.031120 0.049743  0.000000 0.000000 1.000000  0.249857 0.085805 0
mount_dovetail_rsr_akr_1913_railed_mount_LOD0
0  -0.033219 -0.036353 0.052688  -0.707119 0.000000 0.707094  0.997825 0.657719 0
0  -0.035742 -0.036353 0.050165  -0.707119 0.000000 0.707094  0.977737 0.657719 0
0  -0.035742 -0.041113 0.050165  -0.707119 0.000000 0.707094  0.977737 0.630922 0
mount_dovetail_rsr_akr_1913_railed_mount_LOD0
0  -0.033219 -0.041113 0.052688  -0.707117 -0.000004 0.707097  0.997825 0.630922 0
0  -0.033219 -0.036353 0.052688  -0.707117 -0.000004 0.707097  0.997825 0.657719 0
0  -0.035742 -0.041113 0.050165  -0.707117 -0.000004 0.707097  0.977737 0.630922 0
mount_dovetail_rsr_akr_1913_railed_mount_LOD0
0  -0.029060 -0.036353 0.052688  0.000000 1.000000 -0.000164  0.981405 0.168435 0
0  -0.029060 -0.036353 0.051325  0.000000 1.000000 -0.000164  0.989078 0.168435 0
0  -0.033219 -0.036353 0.052688  0.000000 1.000000 -0.000164  0.981405 0.191853 0
mount_dovetail_rsr_akr_1913_railed_mount_LOD0
0  -0.029060 -0.036353 0.051325  0.000040 1.000000 -0.000040  0.989078 0.168435 0
0  -0.035742 -0.036353 0.050165  0.000040 1.000000 -0.000040  0.995612 0.206057 0
0  -0.033219 -0.036353 0.052688  0.000040 1.000000 -0.000040  0.981405 0.191853 0
mount_dovetail_rsr_akr_1913_railed_mount_LOD0
0  -0.028537 -0.036353 0.049953  0.000044 1.000000 -0.000057  0.996802 0.165492 0
0  -0.035742 -0.036353 0.050165  0.000044 1.000000 -0.000057  0.995612 0.206057 0
0  -0.029060 -0.036353 0.051325  0.000044 1.000000 -0.000057  0.989078 0.168435 0
mount_dovetail_rsr_akr_1913_railed_mount_LOD0
0  -0.035742 -0.036353 0.049743  0.000031 1.000000 -0.000536  0.997988 0.206057 0
0  -0.035742 -0.036353 0.050165  0.000031 1.000000 -0.000536  0.995612 0.206057 0
0  -0.028537 -0.036353 0.049953  0.000031 1.000000 -0.000536  0.996802 0.165492 0
mount_dovetail_rsr_akr_1913_railed_mount_LOD0
0  -0.028238 -0.036353 0.049743  0.000019 1.000000 -0.000118  0.997988 0.163809 0
0  -0.035742 -0.036353 0.049743  0.000019 1.000000 -0.000118  0.997988 0.206057 0
0  -0.028537 -0.036353 0.049953  0.000023 1.000000 -0.000022  0.996802 0.165492 0
mount_dovetail_rsr_akr_1913_railed_mount_LOD0
0  -0.029060 -0.041113 0.052688  0.000000 -1.000000 -0.000001  0.996609 0.084029 0
0  -0.033219 -0.041113 0.052688  0.000000 -1.000000 -0.000001  0.996569 0.107446 0
0  -0.035742 -0.041113 0.050165  0.000000 -1.000000 -0.000001  0.982339 0.121628 0
mount_dovetail_rsr_akr_1913_railed_mount_LOD0
0  -0.029060 -0.041113 0.051325  -0.000033 -1.000000 0.000089  0.988937 0.084017 0
0  -0.029060 -0.041113 0.052688  -0.000033 -1.000000 0.000089  0.996609 0.084029 0
0  -0.035742 -0.041113 0.050165  -0.000033 -1.000000 0.000089  0.982339 0.121628 0
mount_dovetail_rsr_akr_1913_railed_mount_LOD0
0  -0.028537 -0.041113 0.049953  -0.000024 -1.000000 0.000036  0.981217 0.081061 0
0  -0.029060 -0.041113 0.051325  -0.000024 -1.000000 0.000036  0.988937 0.084017 0
0  -0.035742 -0.041113 0.050165  -0.000024 -1.000000 0.000036  0.982339 0.121628 0
mount_dovetail_rsr_akr_1913_railed_mount_LOD0
0  -0.028537 -0.041113 0.049953  -0.000008 -1.000000 0.000574  0.981217 0.081061 0
0  -0.035742 -0.041113 0.050165  -0.000008 -1.000000 0.000574  0.982339 0.121628 0
0  -0.035742 -0.041113 0.049743  -0.000008 -1.000000 0.000574  0.979965 0.121625 0
mount_dovetail_rsr_akr_1913_railed_mount_LOD0
0  -0.028238 -0.041113 0.049743  0.000000 -1.000000 0.000258  0.980035 0.079377 0
0  -0.028537 -0.041113 0.049953  0.000000 -1.000000 0.000258  0.981217 0.081061 0
0  -0.035742 -0.041113 0.049743  0.000000 -1.000000 0.000258  0.979965 0.121625 0
mount_dovetail_rsr_akr_1913_railed_mount_LOD0
0  -0.033219 -0.041113 0.052688  0.000000 0.000000 1.000000  0.591364 0.002148 0
0  -0.029060 -0.041113 0.052688  0.000000 0.000000 1.000000  0.591364 0.025564 0
0  -0.029060 -0.036353 0.052688  0.000000 0.000000 1.000000  0.564567 0.025564 0
mount_dovetail_rsr_akr_1913_railed_mount_LOD0
0  -0.033219 -0.036353 0.052688  0.000000 0.000000 1.000000  0.564567 0.002148 0
0  -0.033219 -0.041113 0.052688  0.000000 0.000000 1.000000  0.591364 0.002148 0
0  -0.029060 -0.036353 0.052688  0.000000 0.000000 1.000000  0.564567 0.025564 0
mount_dovetail_rsr_akr_1913_railed_mount_LOD0
0  -0.035742 -0.046346 0.049743  0.000000 0.000000 1.000000  0.927938 0.493571 0
0  -0.028238 -0.046346 0.049743  0.000000 0.000000 1.000000  0.927938 0.451323 0
0  -0.028238 -0.041113 0.049743  0.000000 0.000000 1.000000  0.957400 0.451323 0
mount_dovetail_rsr_akr_1913_railed_mount_LOD0
0  -0.035742 -0.041113 0.049743  0.000000 0.000000 1.000000  0.957400 0.493571 0
0  -0.035742 -0.046346 0.049743  0.000000 0.000000 1.000000  0.927938 0.493571 0
0  -0.028238 -0.041113 0.049743  0.000000 0.000000 1.000000  0.957400 0.451323 0
mount_dovetail_rsr_akr_1913_railed_mount_LOD0
0  -0.029060 -0.036353 0.052688  1.000000 0.000000 0.000000  0.197777 0.852890 0
0  -0.029060 -0.041113 0.052688  1.000000 0.000000 0.000000  0.170976 0.852890 0
0  -0.029060 -0.041113 0.051325  0.983497 -0.000006 0.180924  0.170976 0.845215 0
mount_dovetail_rsr_akr_1913_railed_mount_LOD0
0  -0.029060 -0.036353 0.051325  0.983523 0.000029 0.180783  0.197777 0.845216 0
0  -0.029060 -0.036353 0.052688  1.000000 0.000000 0.000000  0.197777 0.852890 0
0  -0.029060 -0.041113 0.051325  0.983497 -0.000014 0.180924  0.170976 0.845215 0
mount_dovetail_rsr_akr_1913_railed_mount_LOD0
0  -0.029060 -0.041113 0.051325  0.983451 -0.000007 0.181173  0.170976 0.845215 0
0  -0.028537 -0.041113 0.049953  0.789592 0.000045 0.613632  0.170976 0.836951 0
0  -0.029060 -0.036353 0.051325  0.983468 -0.000015 0.181079  0.197777 0.845216 0
mount_dovetail_rsr_akr_1913_railed_mount_LOD0
0  -0.028537 -0.041113 0.049953  0.789591 0.000024 0.613634  0.170976 0.836951 0
0  -0.028537 -0.036353 0.049953  0.789591 0.000022 0.613634  0.197777 0.836951 0
0  -0.029060 -0.036353 0.051325  0.983468 -0.000034 0.181081  0.197777 0.845216 0
mount_dovetail_rsr_akr_1913_railed_mount_LOD0
0  -0.028537 -0.036353 0.049953  0.789428 0.000005 0.613843  0.197777 0.836951 0
0  -0.028537 -0.041113 0.049953  0.789428 0.000008 0.613843  0.170976 0.836951 0
0  -0.028238 -0.036353 0.049743  0.575673 0.000000 0.817680  0.197778 0.834894 0
mount_dovetail_rsr_akr_1913_railed_mount_LOD0
0  -0.028537 -0.041113 0.049953  0.789418 -0.000048 0.613856  0.170976 0.836951 0
0  -0.028238 -0.041113 0.049743  0.575658 0.000000 0.817690  0.170976 0.834890 0
0  -0.028238 -0.036353 0.049743  0.575658 0.000000 0.817690  0.197778 0.834894 0
mount_dovetail_rsr_akr_1913_railed_mount_LOD0
0  -0.028238 -0.036353 0.049743  0.575560 0.000000 0.817760  0.197778 0.834894 0
0  -0.028238 -0.041113 0.049743  0.575560 0.000000 0.817760  0.170976 0.834890 0
0  -0.027110 -0.041113 0.048949  0.389384 0.000023 0.921076  0.170980 0.827126 0
mount_dovetail_rsr_akr_1913_railed_mount_LOD0
0  -0.028238 -0.041113 0.049743  0.575559 0.000000 0.817760  0.170976 0.834890 0
0  -0.028238 -0.046346 0.049743  0.575559 0.000000 0.817760  0.141510 0.834869 0
0  -0.027110 -0.041113 0.048949  0.389383 0.000000 0.921076  0.170980 0.827126 0
mount_dovetail_rsr_akr_1913_railed_mount_LOD0
0  -0.028238 -0.046346 0.049743  0.575566 0.000000 0.817755  0.141510 0.834869 0
0  -0.028238 -0.051106 0.049743  0.575566 0.000000 0.817755  0.114710 0.834846 0
0  -0.027110 -0.041113 0.048949  0.389391 0.000002 0.921072  0.170980 0.827126 0
mount_dovetail_rsr_akr_1913_railed_mount_LOD0
0  -0.028238 -0.051106 0.049743  0.575553 0.000000 0.817765  0.114710 0.834846 0
0  -0.028238 -0.056338 0.049743  0.575553 0.000000 0.817765  0.085241 0.834801 0
0  -0.027110 -0.041113 0.048949  0.389376 0.000012 0.921079  0.170980 0.827126 0
mount_dovetail_rsr_akr_1913_railed_mount_LOD0
0  -0.028537 -0.051105 0.049953  0.789418 -0.000042 0.613856  0.114708 0.836907 0
0  -0.028238 -0.051106 0.049743  0.575659 0.000000 0.817690  0.114710 0.834846 0
0  -0.028238 -0.046346 0.049743  0.575659 0.000000 0.817690  0.141510 0.834869 0
mount_dovetail_rsr_akr_1913_railed_mount_LOD0
0  -0.028537 -0.046346 0.049953  0.789428 0.000005 0.613843  0.141506 0.836930 0
0  -0.028537 -0.051105 0.049953  0.789428 0.000008 0.613843  0.114708 0.836907 0
0  -0.028238 -0.046346 0.049743  0.575673 0.000000 0.817680  0.141510 0.834869 0
mount_dovetail_rsr_akr_1913_railed_mount_LOD0
0  -0.028537 -0.051105 0.049953  0.789591 0.000024 0.613634  0.114708 0.836907 0
0  -0.028537 -0.046346 0.049953  0.789591 0.000022 0.613634  0.141506 0.836930 0
0  -0.029060 -0.046346 0.051325  0.983468 -0.000034 0.181081  0.141500 0.845197 0
mount_dovetail_rsr_akr_1913_railed_mount_LOD0
0  -0.029060 -0.051105 0.051325  0.983450 -0.000009 0.181180  0.114701 0.845170 0
0  -0.028537 -0.051105 0.049953  0.789588 0.000043 0.613638  0.114708 0.836907 0
0  -0.029060 -0.046346 0.051325  0.983476 0.000016 0.181039  0.141500 0.845197 0
mount_dovetail_rsr_akr_1913_railed_mount_LOD0
0  -0.029060 -0.046346 0.051325  0.983523 0.000027 0.180783  0.141500 0.845197 0
0  -0.029060 -0.046346 0.052688  1.000000 -0.000002 0.000000  0.141492 0.852871 0
0  -0.029060 -0.051105 0.051325  0.983497 -0.000017 0.180924  0.114701 0.845170 0
mount_dovetail_rsr_akr_1913_railed_mount_LOD0
0  -0.029060 -0.046346 0.052688  1.000000 0.000000 -0.000008  0.141492 0.852871 0
0  -0.029060 -0.051105 0.052688  1.000000 0.000000 -0.000008  0.114693 0.852842 0
0  -0.029060 -0.051105 0.051325  0.983499 -0.000006 0.180916  0.114701 0.845170 0
mount_dovetail_rsr_akr_1913_railed_mount_LOD0
0  -0.027110 -0.041113 0.048949  0.389379 0.000028 0.921077  0.170980 0.827126 0
0  -0.028238 -0.056338 0.049743  0.575556 0.000000 0.817763  0.085241 0.834801 0
0  -0.027110 -0.071091 0.048949  0.389379 -0.000007 0.921077  0.002188 0.826919 0
mount_dovetail_rsr_akr_1913_railed_mount_LOD0
0  -0.028238 -0.056338 0.049743  0.575543 -0.000001 0.817771  0.085241 0.834801 0
0  -0.028238 -0.061098 0.049743  0.575543 -0.000001 0.817771  0.058440 0.834764 0
0  -0.027110 -0.071091 0.048949  0.389366 -0.000029 0.921083  0.002188 0.826919 0
mount_dovetail_rsr_akr_1913_railed_mount_LOD0
0  -0.028238 -0.061098 0.049743  0.575566 0.000001 0.817755  0.058440 0.834764 0
0  -0.028238 -0.066331 0.049743  0.575566 0.000001 0.817755  0.028973 0.834720 0
0  -0.027110 -0.071091 0.048949  0.389391 -0.000003 0.921072  0.002188 0.826919 0
mount_dovetail_rsr_akr_1913_railed_mount_LOD0
0  -0.028238 -0.066331 0.049743  0.575555 -0.000001 0.817763  0.028973 0.834720 0
0  -0.028238 -0.071091 0.049743  0.575555 -0.000001 0.817763  0.002174 0.834671 0
0  -0.027110 -0.071091 0.048949  0.389378 0.000022 0.921078  0.002188 0.826919 0
mount_dovetail_rsr_akr_1913_railed_mount_LOD0
0  -0.028537 -0.061098 0.049953  0.789430 -0.000043 0.613841  0.058438 0.836821 0
0  -0.028238 -0.061098 0.049743  0.575674 -0.000001 0.817679  0.058440 0.834764 0
0  -0.028238 -0.056338 0.049743  0.575674 -0.000001 0.817679  0.085241 0.834801 0
mount_dovetail_rsr_akr_1913_railed_mount_LOD0
0  -0.028537 -0.056339 0.049953  0.789428 0.000005 0.613843  0.085236 0.836863 0
0  -0.028537 -0.061098 0.049953  0.789428 0.000008 0.613843  0.058438 0.836821 0
0  -0.028238 -0.056338 0.049743  0.575673 0.000000 0.817680  0.085241 0.834801 0
mount_dovetail_rsr_akr_1913_railed_mount_LOD0
0  -0.028537 -0.061098 0.049953  0.789586 0.000023 0.613639  0.058438 0.836821 0
0  -0.028537 -0.056339 0.049953  0.789586 0.000022 0.613639  0.085236 0.836863 0
0  -0.029060 -0.056338 0.051325  0.983476 -0.000034 0.181041  0.085224 0.845130 0
mount_dovetail_rsr_akr_1913_railed_mount_LOD0
0  -0.029060 -0.061098 0.051325  0.983450 -0.000007 0.181180  0.058425 0.845086 0
0  -0.028537 -0.061098 0.049953  0.789588 0.000045 0.613638  0.058438 0.836821 0
0  -0.029060 -0.056338 0.051325  0.983476 -0.000014 0.181039  0.085224 0.845130 0
mount_dovetail_rsr_akr_1913_railed_mount_LOD0
0  -0.029060 -0.056338 0.051325  0.983523 0.000029 0.180783  0.085224 0.845130 0
0  -0.029060 -0.056338 0.052688  1.000000 0.000000 0.000000  0.085213 0.852805 0
0  -0.029060 -0.061098 0.051325  0.983497 -0.000014 0.180924  0.058425 0.845086 0
mount_dovetail_rsr_akr_1913_railed_mount_LOD0
0  -0.029060 -0.056338 0.052688  1.000000 0.000000 0.000000  0.085213 0.852805 0
0  -0.029060 -0.061098 0.052688  1.000000 0.000000 0.000000  0.058413 0.852760 0
0  -0.029060 -0.061098 0.051325  0.983497 -0.000006 0.180924  0.058425 0.845086 0
mount_dovetail_rsr_akr_1913_railed_mount_LOD0
0  -0.028537 -0.071091 0.049953  0.789419 -0.000037 0.613855  0.002169 0.836727 0
0  -0.028238 -0.071091 0.049743  0.575660 -0.000002 0.817689  0.002174 0.834671 0
0  -0.028238 -0.066331 0.049743  0.575660 -0.000002 0.817689  0.028973 0.834720 0
mount_dovetail_rsr_akr_1913_railed_mount_LOD0
0  -0.028537 -0.066331 0.049953  0.789420 -0.000002 0.613854  0.028967 0.836778 0
0  -0.028537 -0.071091 0.049953  0.789419 0.000006 0.613854  0.002169 0.836727 0
0  -0.028238 -0.066331 0.049743  0.575660 -0.000001 0.817689  0.028973 0.834720 0
mount_dovetail_rsr_akr_1913_railed_mount_LOD0
0  -0.028537 -0.071091 0.049953  0.789587 0.000022 0.613639  0.002169 0.836727 0
0  -0.028537 -0.066331 0.049953  0.789587 0.000019 0.613639  0.028967 0.836778 0
0  -0.029060 -0.066331 0.051325  0.983476 0.000006 0.181040  0.028950 0.845044 0
mount_dovetail_rsr_akr_1913_railed_mount_LOD0
0  -0.029060 -0.071091 0.051325  0.983451 -0.000007 0.181174  0.002151 0.844991 0
0  -0.028537 -0.071091 0.049953  0.789592 0.000045 0.613632  0.002169 0.836727 0
0  -0.029060 -0.066331 0.051325  0.983469 -0.000015 0.181079  0.028950 0.845044 0
mount_dovetail_rsr_akr_1913_railed_mount_LOD0
0  -0.029060 -0.066331 0.051325  0.983523 0.000029 0.180783  0.028950 0.845044 0
0  -0.029060 -0.066331 0.052688  1.000000 0.000000 0.000000  0.028935 0.852717 0
0  -0.029060 -0.071091 0.051325  0.983497 -0.000014 0.180924  0.002151 0.844991 0
mount_dovetail_rsr_akr_1913_railed_mount_LOD0
0  -0.029060 -0.066331 0.052688  1.000000 0.000000 0.000000  0.028935 0.852717 0
0  -0.029060 -0.071090 0.052688  1.000000 0.000000 0.000000  0.002136 0.852662 0
0  -0.029060 -0.071091 0.051325  0.983497 -0.000005 0.180924  0.002151 0.844991 0
mount_dovetail_rsr_akr_1913_railed_mount_LOD0
0  -0.033219 -0.046346 0.052688  -0.707119 0.000000 0.707095  0.998098 0.625940 0
0  -0.035742 -0.046346 0.050165  -0.707119 0.000000 0.707095  0.978008 0.625940 0
0  -0.035742 -0.051105 0.050165  -0.707119 0.000000 0.707095  0.978008 0.599143 0
mount_dovetail_rsr_akr_1913_railed_mount_LOD0
0  -0.033219 -0.051105 0.052688  -0.707117 -0.000004 0.707096  0.998098 0.599143 0
0  -0.033219 -0.046346 0.052688  -0.707117 -0.000004 0.707096  0.998098 0.625940 0
0  -0.035742 -0.051105 0.050165  -0.707117 -0.000004 0.707096  0.978008 0.599143 0
mount_dovetail_rsr_akr_1913_railed_mount_LOD0
0  -0.029060 -0.046346 0.052688  0.000000 1.000000 -0.000164  0.181453 0.021665 0
0  -0.029060 -0.046346 0.051325  0.000000 1.000000 -0.000164  0.181453 0.013991 0
0  -0.033219 -0.046346 0.052688  0.000000 1.000000 -0.000164  0.204870 0.021665 0
mount_dovetail_rsr_akr_1913_railed_mount_LOD0
0  -0.029060 -0.046346 0.051325  0.000040 1.000000 -0.000040  0.181453 0.013991 0
0  -0.035742 -0.046346 0.050165  0.000040 1.000000 -0.000040  0.219077 0.007460 0
0  -0.033219 -0.046346 0.052688  0.000040 1.000000 -0.000040  0.204870 0.021665 0
mount_dovetail_rsr_akr_1913_railed_mount_LOD0
0  -0.028537 -0.046346 0.049953  0.000044 1.000000 -0.000060  0.178512 0.006268 0
0  -0.035742 -0.046346 0.050165  0.000044 1.000000 -0.000060  0.219077 0.007460 0
0  -0.029060 -0.046346 0.051325  0.000044 1.000000 -0.000060  0.181453 0.013991 0
mount_dovetail_rsr_akr_1913_railed_mount_LOD0
0  -0.035742 -0.046346 0.049743  0.000031 1.000000 -0.000517  0.219077 0.005084 0
0  -0.035742 -0.046346 0.050165  0.000031 1.000000 -0.000517  0.219077 0.007460 0
0  -0.028537 -0.046346 0.049953  0.000031 1.000000 -0.000517  0.178512 0.006268 0
mount_dovetail_rsr_akr_1913_railed_mount_LOD0
0  -0.028238 -0.046346 0.049743  0.000023 1.000000 -0.000347  0.176827 0.005084 0
0  -0.035742 -0.046346 0.049743  0.000023 1.000000 -0.000347  0.219077 0.005084 0
0  -0.028537 -0.046346 0.049953  0.000030 1.000000 -0.000250  0.178512 0.006268 0
mount_dovetail_rsr_akr_1913_railed_mount_LOD0
0  -0.029060 -0.051105 0.052688  0.000000 -1.000000 0.000000  0.267668 0.002486 0
0  -0.033219 -0.051105 0.052688  0.000000 -1.000000 0.000000  0.291085 0.002516 0
0  -0.035742 -0.051105 0.050165  0.000000 -1.000000 0.000000  0.305272 0.016743 0
mount_dovetail_rsr_akr_1913_railed_mount_LOD0
0  -0.029060 -0.051105 0.051325  -0.000033 -1.000000 0.000089  0.267659 0.010159 0
0  -0.029060 -0.051105 0.052688  -0.000033 -1.000000 0.000089  0.267668 0.002486 0
0  -0.035742 -0.051105 0.050165  -0.000033 -1.000000 0.000089  0.305272 0.016743 0
mount_dovetail_rsr_akr_1913_railed_mount_LOD0
0  -0.028537 -0.051105 0.049953  -0.000024 -1.000000 0.000030  0.264705 0.017876 0
0  -0.029060 -0.051105 0.051325  -0.000024 -1.000000 0.000030  0.267659 0.010159 0
0  -0.035742 -0.051105 0.050165  -0.000024 -1.000000 0.000030  0.305272 0.016743 0
mount_dovetail_rsr_akr_1913_railed_mount_LOD0
0  -0.028537 -0.051105 0.049953  -0.000009 -1.000000 0.000555  0.264705 0.017876 0
0  -0.035742 -0.051105 0.050165  -0.000009 -1.000000 0.000555  0.305272 0.016743 0
0  -0.035742 -0.051106 0.049743  -0.000009 -1.000000 0.000555  0.305269 0.019120 0
mount_dovetail_rsr_akr_1913_railed_mount_LOD0
0  -0.028238 -0.051106 0.049743  0.000000 -1.000000 0.000221  0.263020 0.019057 0
0  -0.028537 -0.051105 0.049953  0.000000 -1.000000 0.000221  0.264705 0.017876 0
0  -0.035742 -0.051106 0.049743  0.000000 -1.000000 0.000221  0.305269 0.019120 0
mount_dovetail_rsr_akr_1913_railed_mount_LOD0
0  -0.033219 -0.051105 0.052688  0.000000 0.000000 1.000000  0.623336 0.002428 0
0  -0.029060 -0.051105 0.052688  0.000000 0.000000 1.000000  0.623336 0.025843 0
0  -0.029060 -0.046346 0.052688  0.000000 0.000000 1.000000  0.596539 0.025843 0
mount_dovetail_rsr_akr_1913_railed_mount_LOD0
0  -0.033219 -0.046346 0.052688  0.000000 0.000000 1.000000  0.596539 0.002428 0
0  -0.033219 -0.051105 0.052688  0.000000 0.000000 1.000000  0.623336 0.002428 0
0  -0.029060 -0.046346 0.052688  0.000000 0.000000 1.000000  0.596539 0.025843 0
mount_dovetail_rsr_akr_1913_railed_mount_LOD0
0  -0.035742 -0.056338 0.049743  0.000000 0.000000 1.000000  0.745961 0.679698 0
0  -0.028238 -0.056338 0.049743  0.000000 0.000000 1.000000  0.788208 0.679698 0
0  -0.028238 -0.051106 0.049743  0.000000 0.000000 1.000000  0.788208 0.709159 0
mount_dovetail_rsr_akr_1913_railed_mount_LOD0
0  -0.035742 -0.051106 0.049743  0.000000 0.000000 1.000000  0.745961 0.709159 0
0  -0.035742 -0.056338 0.049743  0.000000 0.000000 1.000000  0.745961 0.679698 0
0  -0.028238 -0.051106 0.049743  0.000000 0.000000 1.000000  0.788208 0.709159 0
mount_dovetail_rsr_akr_1913_railed_mount_LOD0
0  -0.033219 -0.056338 0.052688  -0.707119 0.000000 0.707095  0.998018 0.593869 0
0  -0.035742 -0.056338 0.050165  -0.707119 0.000000 0.707095  0.977928 0.593869 0
0  -0.035742 -0.061098 0.050165  -0.707119 0.000000 0.707095  0.977928 0.567072 0
mount_dovetail_rsr_akr_1913_railed_mount_LOD0
0  -0.033219 -0.061098 0.052688  -0.707117 -0.000004 0.707096  0.998018 0.567072 0
0  -0.033219 -0.056338 0.052688  -0.707117 -0.000004 0.707096  0.998018 0.593869 0
0  -0.035742 -0.061098 0.050165  -0.707117 -0.000004 0.707096  0.977928 0.567072 0
mount_dovetail_rsr_akr_1913_railed_mount_LOD0
0  -0.029060 -0.056338 0.052688  0.000000 1.000000 -0.000164  0.720731 0.026903 0
0  -0.029060 -0.056338 0.051325  0.000000 1.000000 -0.000164  0.720731 0.034574 0
0  -0.033219 -0.056338 0.052688  0.000000 1.000000 -0.000164  0.744149 0.026903 0
mount_dovetail_rsr_akr_1913_railed_mount_LOD0
0  -0.029060 -0.056338 0.051325  0.000040 1.000000 -0.000042  0.720731 0.034574 0
0  -0.035742 -0.056338 0.050165  0.000040 1.000000 -0.000042  0.758355 0.041110 0
0  -0.033219 -0.056338 0.052688  0.000040 1.000000 -0.000042  0.744149 0.026903 0
mount_dovetail_rsr_akr_1913_railed_mount_LOD0
0  -0.028537 -0.056339 0.049953  0.000044 1.000000 -0.000060  0.717788 0.042298 0
0  -0.035742 -0.056338 0.050165  0.000044 1.000000 -0.000060  0.758355 0.041110 0
0  -0.029060 -0.056338 0.051325  0.000044 1.000000 -0.000060  0.720731 0.034574 0
mount_dovetail_rsr_akr_1913_railed_mount_LOD0
0  -0.035742 -0.056338 0.049743  0.000031 1.000000 -0.000536  0.758355 0.043484 0
0  -0.035742 -0.056338 0.050165  0.000031 1.000000 -0.000536  0.758355 0.041110 0
0  -0.028537 -0.056339 0.049953  0.000031 1.000000 -0.000536  0.717788 0.042298 0
mount_dovetail_rsr_akr_1913_railed_mount_LOD0
0  -0.028238 -0.056338 0.049743  0.000023 1.000000 -0.000347  0.716105 0.043484 0
0  -0.035742 -0.056338 0.049743  0.000023 1.000000 -0.000347  0.758355 0.043484 0
0  -0.028537 -0.056339 0.049953  0.000030 1.000000 -0.000250  0.717788 0.042298 0
mount_dovetail_rsr_akr_1913_railed_mount_LOD0
0  -0.029060 -0.061098 0.052688  0.000000 -1.000000 -0.000003  0.884638 0.220525 0
0  -0.033219 -0.061098 0.052688  0.000000 -1.000000 -0.000003  0.884638 0.197105 0
0  -0.035742 -0.061098 0.050165  0.000000 -1.000000 -0.000003  0.870430 0.182901 0
mount_dovetail_rsr_akr_1913_railed_mount_LOD0
0  -0.029060 -0.061098 0.051325  -0.000033 -1.000000 0.000089  0.876968 0.220525 0
0  -0.029060 -0.061098 0.052688  -0.000033 -1.000000 0.000089  0.884638 0.220525 0
0  -0.035742 -0.061098 0.050165  -0.000033 -1.000000 0.000089  0.870430 0.182901 0
mount_dovetail_rsr_akr_1913_railed_mount_LOD0
0  -0.028537 -0.061098 0.049953  -0.000024 -1.000000 0.000036  0.869246 0.223467 0
0  -0.029060 -0.061098 0.051325  -0.000024 -1.000000 0.000036  0.876968 0.220525 0
0  -0.035742 -0.061098 0.050165  -0.000024 -1.000000 0.000036  0.870430 0.182901 0
mount_dovetail_rsr_akr_1913_railed_mount_LOD0
0  -0.028537 -0.061098 0.049953  -0.000009 -1.000000 0.000536  0.869246 0.223467 0
0  -0.035742 -0.061098 0.050165  -0.000009 -1.000000 0.000536  0.870430 0.182901 0
0  -0.035742 -0.061098 0.049743  -0.000009 -1.000000 0.000536  0.868057 0.182901 0
mount_dovetail_rsr_akr_1913_railed_mount_LOD0
0  -0.028238 -0.061098 0.049743  -0.000016 -1.000000 0.000833  0.868056 0.225152 0
0  -0.028537 -0.061098 0.049953  0.000000 -1.000000 0.000258  0.869246 0.223467 0
0  -0.035742 -0.061098 0.049743  -0.000018 -1.000000 0.000929  0.868057 0.182901 0
mount_dovetail_rsr_akr_1913_railed_mount_LOD0
0  -0.033219 -0.061098 0.052688  0.000000 0.000000 1.000000  0.840431 0.093853 0
0  -0.029060 -0.061098 0.052688  0.000000 0.000000 1.000000  0.817014 0.093853 0
0  -0.029060 -0.056338 0.052688  0.000000 0.000000 1.000000  0.817014 0.067055 0
mount_dovetail_rsr_akr_1913_railed_mount_LOD0
0  -0.033219 -0.056338 0.052688  0.000000 0.000000 1.000000  0.840431 0.067055 0
0  -0.033219 -0.061098 0.052688  0.000000 0.000000 1.000000  0.840431 0.093853 0
0  -0.029060 -0.056338 0.052688  0.000000 0.000000 1.000000  0.817014 0.067055 0
mount_dovetail_rsr_akr_1913_railed_mount_LOD0
0  -0.035742 -0.066331 0.049743  0.000000 0.000000 1.000000  0.898615 0.968292 0
0  -0.028238 -0.066331 0.049743  0.000000 0.000000 1.000000  0.940862 0.968292 0
0  -0.028238 -0.061098 0.049743  0.000000 0.000000 1.000000  0.940862 0.997753 0
mount_dovetail_rsr_akr_1913_railed_mount_LOD0
0  -0.035742 -0.061098 0.049743  0.000000 0.000000 1.000000  0.898615 0.997753 0
0  -0.035742 -0.066331 0.049743  0.000000 0.000000 1.000000  0.898615 0.968292 0
0  -0.028238 -0.061098 0.049743  0.000000 0.000000 1.000000  0.940862 0.997753 0
mount_dovetail_rsr_akr_1913_railed_mount_LOD0
0  -0.035742 -0.068573 0.050165  -0.707113 0.000000 0.707101  0.977868 0.549237 0
0  -0.035399 -0.069832 0.050508  -0.707113 0.000000 0.707101  0.980597 0.542149 0
0  -0.034477 -0.070753 0.051429  -0.707113 0.000000 0.707101  0.987935 0.536961 0
mount_dovetail_rsr_akr_1913_railed_mount_LOD0
0  -0.033219 -0.071090 0.052688  -0.707113 0.000000 0.707100  0.997959 0.535062 0
0  -0.035742 -0.068573 0.050165  -0.707113 0.000000 0.707100  0.977868 0.549237 0
0  -0.034477 -0.070753 0.051429  -0.707113 0.000000 0.707100  0.987935 0.536961 0
mount_dovetail_rsr_akr_1913_railed_mount_LOD0
0  -0.035742 -0.068573 0.050165  -0.707117 -0.000003 0.707097  0.977868 0.549237 0
0  -0.033219 -0.071090 0.052688  -0.707117 -0.000003 0.707097  0.997959 0.535062 0
0  -0.033219 -0.066331 0.052688  -0.707117 -0.000003 0.707097  0.997959 0.561861 0
mount_dovetail_rsr_akr_1913_railed_mount_LOD0
0  -0.035742 -0.066331 0.050165  -0.707121 0.000000 0.707092  0.977868 0.561861 0
0  -0.035742 -0.068573 0.050165  -0.707121 0.000000 0.707092  0.977868 0.549237 0
0  -0.033219 -0.066331 0.052688  -0.707121 0.000000 0.707092  0.997959 0.561861 0
mount_dovetail_rsr_akr_1913_railed_mount_LOD0
0  -0.029060 -0.066331 0.052688  0.000000 1.000000 -0.000154  0.087744 0.021182 0
0  -0.029060 -0.066331 0.051325  0.000000 1.000000 -0.000154  0.087744 0.013507 0
0  -0.033219 -0.066331 0.052688  0.000000 1.000000 -0.000154  0.111161 0.021182 0
mount_dovetail_rsr_akr_1913_railed_mount_LOD0
0  -0.029060 -0.066331 0.051325  0.000039 1.000000 -0.000040  0.087744 0.013507 0
0  -0.035742 -0.066331 0.050165  0.000039 1.000000 -0.000040  0.125367 0.006976 0
0  -0.033219 -0.066331 0.052688  0.000039 1.000000 -0.000040  0.111161 0.021182 0
mount_dovetail_rsr_akr_1913_railed_mount_LOD0
0  -0.028537 -0.066331 0.049953  0.000043 1.000000 -0.000071  0.084802 0.005782 0
0  -0.035742 -0.066331 0.050165  0.000043 1.000000 -0.000071  0.125367 0.006976 0
0  -0.029060 -0.066331 0.051325  0.000043 1.000000 -0.000071  0.087744 0.013507 0
mount_dovetail_rsr_akr_1913_railed_mount_LOD0
0  -0.035742 -0.066331 0.049743  0.000029 1.000000 -0.000498  0.125367 0.004598 0
0  -0.035742 -0.066331 0.050165  0.000029 1.000000 -0.000498  0.125367 0.006976 0
0  -0.028537 -0.066331 0.049953  0.000029 1.000000 -0.000498  0.084802 0.005782 0
mount_dovetail_rsr_akr_1913_railed_mount_LOD0
0  -0.028238 -0.066331 0.049743  0.000020 1.000000 -0.000192  0.083118 0.004598 0
0  -0.035742 -0.066331 0.049743  0.000020 1.000000 -0.000192  0.125367 0.004598 0
0  -0.028537 -0.066331 0.049953  0.000029 1.000000 -0.000191  0.084802 0.005782 0
mount_dovetail_rsr_akr_1913_railed_mount_LOD0
0  -0.033219 -0.071090 0.052688  0.000000 0.000000 1.000000  0.868108 0.093716 0
0  -0.029060 -0.071090 0.052688  0.000000 0.000000 1.000000  0.844694 0.093716 0
0  -0.029060 -0.066331 0.052688  0.000000 0.000000 1.000000  0.844694 0.066920 0
mount_dovetail_rsr_akr_1913_railed_mount_LOD0
0  -0.033219 -0.066331 0.052688  0.000000 0.000000 1.000000  0.868108 0.066920 0
0  -0.033219 -0.071090 0.052688  0.000000 0.000000 1.000000  0.868108 0.093716 0
0  -0.029060 -0.066331 0.052688  0.000000 0.000000 1.000000  0.844694 0.066920 0
mount_dovetail_rsr_akr_1913_railed_mount_LOD0
0  -0.017378 -0.071090 0.044364  0.000000 -1.000000 0.000000  0.889463 0.278604 0
0  -0.017378 -0.071090 0.046813  0.045073 -0.998983 -0.001402  0.910139 0.278602 0
0  -0.032945 -0.071090 0.044364  0.000000 -1.000000 0.000000  0.889465 0.410079 0
mount_dovetail_rsr_akr_1913_railed_mount_LOD0
0  -0.017378 -0.071090 0.046813  0.045073 -0.998983 -0.001403  0.910139 0.278602 0
0  -0.032945 -0.071090 0.046813  -0.045073 -0.998983 -0.001403  0.910144 0.410079 0
0  -0.032945 -0.071090 0.044364  0.000000 -1.000000 0.000000  0.889465 0.410079 0
mount_dovetail_rsr_akr_1913_railed_mount_LOD0
0  -0.017378 -0.071090 0.046813  0.045080 -0.998982 -0.001411  0.910139 0.278602 0
0  -0.025161 -0.071091 0.048582  0.000000 -1.000000 -0.000254  0.925068 0.344340 0
0  -0.032945 -0.071090 0.046813  -0.045080 -0.998982 -0.001409  0.910144 0.410079 0
mount_dovetail_rsr_akr_1913_railed_mount_LOD0
0  -0.025161 -0.071091 0.048582  -0.000026 -1.000000 -0.000148  0.925068 0.344340 0
0  -0.027110 -0.071091 0.048949  -0.000026 -1.000000 -0.000148  0.928169 0.360798 0
0  -0.032945 -0.071090 0.046813  -0.045102 -0.998981 -0.001431  0.910144 0.410079 0
mount_dovetail_rsr_akr_1913_railed_mount_LOD0
0  -0.023212 -0.071091 0.048949  0.000026 -1.000000 -0.000129  0.928169 0.327881 0
0  -0.025161 -0.071091 0.048582  0.000026 -1.000000 -0.000129  0.925068 0.344340 0
0  -0.017378 -0.071090 0.046813  0.045102 -0.998981 -0.001414  0.910139 0.278602 0
mount_dovetail_rsr_akr_1913_railed_mount_LOD0
0  -0.027110 -0.071091 0.048949  -0.000050 -1.000000 -0.000066  0.928169 0.360798 0
0  -0.028238 -0.071091 0.049743  -0.000050 -1.000000 -0.000066  0.934871 0.370316 0
0  -0.032945 -0.071090 0.046813  -0.045076 -0.998983 -0.001410  0.910144 0.410079 0
mount_dovetail_rsr_akr_1913_railed_mount_LOD0
0  -0.023212 -0.071091 0.048949  0.000050 -1.000000 -0.000074  0.928169 0.327881 0
0  -0.017378 -0.071090 0.046813  0.045077 -0.998983 -0.001412  0.910139 0.278602 0
0  -0.022084 -0.071091 0.049743  0.000050 -1.000000 -0.000074  0.934872 0.318362 0
mount_dovetail_rsr_akr_1913_railed_mount_LOD0
0  -0.028238 -0.071091 0.049743  -0.000120 -1.000000 0.000094  0.934871 0.370316 0
0  -0.028537 -0.071091 0.049953  -0.000120 -1.000000 0.000094  0.936648 0.372836 0
0  -0.032945 -0.071090 0.046813  -0.045093 -0.998982 -0.001405  0.910144 0.410079 0
mount_dovetail_rsr_akr_1913_railed_mount_LOD0
0  -0.017378 -0.071090 0.046813  0.045093 -0.998982 -0.001409  0.910139 0.278602 0
0  -0.021785 -0.071091 0.049953  0.000120 -1.000000 0.000082  0.936649 0.315840 0
0  -0.022084 -0.071091 0.049743  0.000120 -1.000000 0.000082  0.934872 0.318362 0
mount_dovetail_rsr_akr_1913_railed_mount_LOD0
0  -0.021263 -0.071091 0.051325  0.000095 -1.000000 0.000008  0.948235 0.311434 0
0  -0.021785 -0.071091 0.049953  0.000095 -1.000000 0.000008  0.936649 0.315840 0
0  -0.017378 -0.071090 0.046813  0.045072 -0.998983 -0.001403  0.910139 0.278602 0
mount_dovetail_rsr_akr_1913_railed_mount_LOD0
0  -0.021263 -0.071090 0.052688  0.000194 -1.000000 0.000088  0.959744 0.311439 0
0  -0.021263 -0.071091 0.051325  0.000194 -1.000000 0.000088  0.948235 0.311434 0
0  -0.017378 -0.071090 0.046813  0.045072 -0.998983 -0.001408  0.910139 0.278602 0
mount_dovetail_rsr_akr_1913_railed_mount_LOD0
0  -0.017104 -0.071090 0.052688  0.084662 -0.996406 -0.002607  0.959759 0.276315 0
0  -0.021263 -0.071090 0.052688  0.000000 -1.000000 -0.000036  0.959744 0.311439 0
0  -0.017378 -0.071090 0.046813  0.045074 -0.998983 -0.001405  0.910139 0.278602 0
mount_dovetail_rsr_akr_1913_railed_mount_LOD0
0  -0.017378 -0.071090 0.046813  0.045236 -0.998975 -0.001402  0.910139 0.278602 0
0  -0.015845 -0.070753 0.048349  0.383472 -0.923537 -0.005315  0.923102 0.265336 0
0  -0.017104 -0.071090 0.052688  0.084833 -0.996392 -0.002624  0.959759 0.276315 0
mount_dovetail_rsr_akr_1913_railed_mount_LOD0
0  -0.015845 -0.070753 0.048349  0.383478 -0.923535 -0.005301  0.923102 0.265336 0
0  -0.015845 -0.070753 0.051429  0.383921 -0.923351 -0.005284  0.949118 0.265324 0
0  -0.017104 -0.071090 0.052688  0.084816 -0.996393 -0.002610  0.959759 0.276315 0
mount_dovetail_rsr_akr_1913_railed_mount_LOD0
0  -0.015845 -0.070753 0.051429  0.384156 -0.923253 -0.005298  0.949118 0.265324 0
0  -0.015845 -0.070753 0.048349  0.383714 -0.923437 -0.005281  0.923102 0.265336 0
0  -0.014924 -0.069832 0.049272  0.829789 -0.558077 0.000007  0.930898 0.254323 0
mount_dovetail_rsr_akr_1913_railed_mount_LOD0
0  -0.014924 -0.069832 0.050508  0.830028 -0.557721 0.000017  0.941334 0.254323 0
0  -0.015845 -0.070753 0.051429  0.384153 -0.923254 -0.005277  0.949118 0.265324 0
0  -0.014924 -0.069832 0.049272  0.829788 -0.558079 0.000013  0.930898 0.254323 0
mount_dovetail_rsr_akr_1913_railed_mount_LOD0
0  -0.014924 -0.069832 0.049272  0.829954 -0.557831 -0.000002  0.930898 0.254323 0
0  -0.014581 -0.068573 0.049615  0.964898 -0.262625 0.000000  0.933800 0.243305 0
0  -0.014924 -0.069832 0.050508  0.830168 -0.557513 0.000004  0.941334 0.254323 0
mount_dovetail_rsr_akr_1913_railed_mount_LOD0
0  -0.014581 -0.068573 0.049615  0.964898 -0.262625 0.000000  0.933800 0.243305 0
0  -0.014581 -0.068573 0.050165  0.964898 -0.262625 0.000000  0.938443 0.243305 0
0  -0.014924 -0.069832 0.050508  0.830168 -0.557513 -0.000024  0.941334 0.254323 0
mount_dovetail_rsr_akr_1913_railed_mount_LOD0
0  -0.028537 -0.071091 0.049953  -0.000095 -1.000000 0.000000  0.936648 0.372836 0
0  -0.029060 -0.071091 0.051325  -0.000095 -1.000000 0.000000  0.948234 0.377242 0
0  -0.032945 -0.071090 0.046813  -0.045071 -0.998983 -0.001417  0.910144 0.410079 0
mount_dovetail_rsr_akr_1913_railed_mount_LOD0
0  -0.032945 -0.071090 0.046813  -0.045069 -0.998983 -0.001402  0.910144 0.410079 0
0  -0.029060 -0.071091 0.051325  -0.000043 -1.000000 -0.000036  0.948234 0.377242 0
0  -0.033219 -0.071090 0.052688  -0.084657 -0.996407 -0.002611  0.959765 0.412357 0
mount_dovetail_rsr_akr_1913_railed_mount_LOD0
0  -0.029060 -0.071091 0.051325  0.000000 -1.000000 0.000082  0.948234 0.377242 0
0  -0.029060 -0.071090 0.052688  0.000000 -1.000000 0.000082  0.959743 0.377233 0
0  -0.033219 -0.071090 0.052688  -0.084659 -0.996407 -0.002599  0.959765 0.412357 0
mount_dovetail_rsr_akr_1913_railed_mount_LOD0
0  -0.034477 -0.070753 0.048349  -0.383472 -0.923537 -0.005301  0.923108 0.423343 0
0  -0.032945 -0.071090 0.046813  -0.045235 -0.998975 -0.001427  0.910144 0.410079 0
0  -0.033219 -0.071090 0.052688  -0.084835 -0.996392 -0.002607  0.959765 0.412357 0
mount_dovetail_rsr_akr_1913_railed_mount_LOD0
0  -0.034477 -0.070753 0.051429  -0.383921 -0.923351 -0.005290  0.949126 0.423352 0
0  -0.034477 -0.070753 0.048349  -0.383478 -0.923535 -0.005292  0.923108 0.423343 0
0  -0.033219 -0.071090 0.052688  -0.084817 -0.996393 -0.002607  0.959765 0.412357 0
mount_dovetail_rsr_akr_1913_railed_mount_LOD0
0  -0.035399 -0.069832 0.049272  -0.829791 -0.558074 -0.000015  0.930904 0.434353 0
0  -0.034477 -0.070753 0.048349  -0.383717 -0.923436 -0.005279  0.923108 0.423343 0
0  -0.034477 -0.070753 0.051429  -0.384159 -0.923252 -0.005298  0.949126 0.423352 0
mount_dovetail_rsr_akr_1913_railed_mount_LOD0
0  -0.035399 -0.069832 0.050508  -0.830003 -0.557758 -0.000005  0.941342 0.434356 0
0  -0.035399 -0.069832 0.049272  -0.829789 -0.558077 0.000011  0.930904 0.434353 0
0  -0.034477 -0.070753 0.051429  -0.384156 -0.923253 -0.005286  0.949126 0.423352 0
mount_dovetail_rsr_akr_1913_railed_mount_LOD0
0  -0.035742 -0.068573 0.049615  -0.964897 -0.262630 0.000000  0.933803 0.445373 0
0  -0.035399 -0.069832 0.049272  -0.829951 -0.557836 -0.000009  0.930904 0.434353 0
0  -0.035399 -0.069832 0.050508  -0.830165 -0.557518 0.000006  0.941342 0.434356 0
mount_dovetail_rsr_akr_1913_railed_mount_LOD0
0  -0.035742 -0.068573 0.050165  -0.964898 -0.262625 -0.000010  0.938447 0.445373 0
0  -0.035742 -0.068573 0.049615  -0.964898 -0.262625 -0.000010  0.933803 0.445373 0
0  -0.035399 -0.069832 0.050508  -0.830169 -0.557511 0.000011  0.941342 0.434356 0
mount_dovetail_rsr_akr_1913_railed_mount_LOD0
0  -0.014581 -0.011135 0.050165  0.707116 0.000000 0.707098  1.997981 0.439099 0
0  -0.014581 -0.006375 0.050165  0.707116 0.000000 0.707098  1.997981 0.465896 0
0  -0.017104 -0.006375 0.052688  0.707116 0.000000 0.707098  1.977891 0.465896 0
mount_dovetail_rsr_akr_1913_railed_mount_LOD0
0  -0.017104 -0.011135 0.052688  0.707116 0.000000 0.707098  1.977891 0.439099 0
0  -0.014581 -0.011135 0.050165  0.707116 0.000000 0.707098  1.997981 0.439099 0
0  -0.017104 -0.006375 0.052688  0.707116 0.000000 0.707098  1.977891 0.465896 0
mount_dovetail_rsr_akr_1913_railed_mount_LOD0
0  -0.021263 -0.006375 0.052688  0.000000 1.000000 0.000000  1.167839 0.019762 0
0  -0.017104 -0.006375 0.052688  0.000000 1.000000 0.000000  1.144420 0.019762 0
0  -0.014581 -0.006375 0.050165  0.000000 1.000000 0.000000  1.130215 0.005556 0
mount_dovetail_rsr_akr_1913_railed_mount_LOD0
0  -0.021263 -0.006375 0.051325  0.000034 1.000000 0.000091  1.167839 0.012090 0
0  -0.021263 -0.006375 0.052688  0.000034 1.000000 0.000091  1.167839 0.019762 0
0  -0.014581 -0.006375 0.050165  0.000034 1.000000 0.000091  1.130215 0.005556 0
mount_dovetail_rsr_akr_1913_railed_mount_LOD0
0  -0.021785 -0.006375 0.049953  0.000024 1.000000 0.000032  1.170781 0.004367 0
0  -0.021263 -0.006375 0.051325  0.000024 1.000000 0.000032  1.167839 0.012090 0
0  -0.014581 -0.006375 0.050165  0.000024 1.000000 0.000032  1.130215 0.005556 0
mount_dovetail_rsr_akr_1913_railed_mount_LOD0
0  -0.021785 -0.006375 0.049953  0.000013 1.000000 0.000241  1.170781 0.004367 0
0  -0.014581 -0.006375 0.050165  0.000008 1.000000 0.000241  1.130215 0.005556 0
0  -0.014581 -0.006375 0.049743  0.000008 1.000000 0.000577  1.130215 0.003183 0
mount_dovetail_rsr_akr_1913_railed_mount_LOD0
0  -0.022084 -0.006375 0.049743  0.000017 1.000000 0.000870  1.172464 0.003183 0
0  -0.021785 -0.006375 0.049953  0.000000 1.000000 0.000295  1.170781 0.004367 0
0  -0.014581 -0.006375 0.049743  0.000014 1.000000 0.000774  1.130215 0.003183 0
mount_dovetail_rsr_akr_1913_railed_mount_LOD0
0  -0.017104 -0.006375 0.052688  0.000000 0.000000 1.000000  1.687694 0.025134 0
0  -0.021263 -0.006375 0.052688  0.000000 0.000000 1.000000  1.711108 0.025134 0
0  -0.021263 -0.011135 0.052688  0.000000 0.000000 1.000000  1.711108 0.051931 0
mount_dovetail_rsr_akr_1913_railed_mount_LOD0
0  -0.017104 -0.011135 0.052688  0.000000 0.000000 1.000000  1.687694 0.051931 0
0  -0.017104 -0.006375 0.052688  0.000000 0.000000 1.000000  1.687694 0.025134 0
0  -0.021263 -0.011135 0.052688  0.000000 0.000000 1.000000  1.711108 0.051931 0
mount_dovetail_rsr_akr_1913_railed_mount_LOD0
0  -0.014581 -0.001142 0.049743  0.000000 0.000000 1.000000  1.751604 0.048719 0
0  -0.022084 -0.001142 0.049743  0.000000 0.000000 1.000000  1.751604 0.090966 0
0  -0.022084 -0.006375 0.049743  0.000000 0.000000 1.000000  1.722144 0.090966 0
mount_dovetail_rsr_akr_1913_railed_mount_LOD0
0  -0.014581 -0.006375 0.049743  0.000000 0.000000 1.000000  1.722144 0.048719 0
0  -0.014581 -0.001142 0.049743  0.000000 0.000000 1.000000  1.751604 0.048719 0
0  -0.022084 -0.006375 0.049743  0.000000 0.000000 1.000000  1.722144 0.090966 0
mount_dovetail_rsr_akr_1913_railed_mount_LOD0
0  -0.017104 -0.001142 0.052688  0.707120 0.000000 0.707094  1.977885 0.471154 0
0  -0.014581 -0.001142 0.050165  0.707120 0.000000 0.707094  1.997974 0.471154 0
0  -0.014581 0.003617 0.050165  0.707120 0.000000 0.707094  1.997974 0.497952 0
mount_dovetail_rsr_akr_1913_railed_mount_LOD0
0  -0.017104 0.003617 0.052688  0.707115 0.000004 0.707099  1.977885 0.497952 0
0  -0.017104 -0.001142 0.052688  0.707115 0.000004 0.707099  1.977885 0.471154 0
0  -0.014581 0.003617 0.050165  0.707115 0.000004 0.707099  1.997974 0.497952 0
mount_dovetail_rsr_akr_1913_railed_mount_LOD0
0  -0.021263 -0.001142 0.052688  0.000000 -1.000000 -0.000161  1.980836 0.040857 0
0  -0.021263 -0.001142 0.051325  0.000000 -1.000000 -0.000161  1.988508 0.040857 0
0  -0.017104 -0.001142 0.052688  0.000000 -1.000000 -0.000161  1.980836 0.064274 0
mount_dovetail_rsr_akr_1913_railed_mount_LOD0
0  -0.021263 -0.001142 0.051325  -0.000040 -1.000000 -0.000040  1.988508 0.040857 0
0  -0.014581 -0.001142 0.050165  -0.000040 -1.000000 -0.000040  1.995045 0.078479 0
0  -0.017104 -0.001142 0.052688  -0.000040 -1.000000 -0.000040  1.980836 0.064274 0
mount_dovetail_rsr_akr_1913_railed_mount_LOD0
0  -0.021785 -0.001142 0.049953  -0.000043 -1.000000 -0.000060  1.996231 0.037914 0
0  -0.014581 -0.001142 0.050165  -0.000043 -1.000000 -0.000060  1.995045 0.078479 0
0  -0.021263 -0.001142 0.051325  -0.000043 -1.000000 -0.000060  1.988508 0.040857 0
mount_dovetail_rsr_akr_1913_railed_mount_LOD0
0  -0.014581 -0.001142 0.049743  -0.000013 -1.000000 0.000056  1.997417 0.078481 0
0  -0.014581 -0.001142 0.050165  -0.000021 -1.000000 0.000056  1.995045 0.078479 0
0  -0.021785 -0.001142 0.049953  -0.000026 -1.000000 0.000056  1.996231 0.037914 0
mount_dovetail_rsr_akr_1913_railed_mount_LOD0
0  -0.022084 -0.001142 0.049743  -0.000017 -1.000000 -0.000075  1.997417 0.036231 0
0  -0.014581 -0.001142 0.049743  -0.000017 -1.000000 -0.000075  1.997417 0.078481 0
0  -0.021785 -0.001142 0.049953  -0.000025 -1.000000 -0.000075  1.996231 0.037914 0
mount_dovetail_rsr_akr_1913_railed_mount_LOD0
0  -0.021263 0.003617 0.052688  0.000000 1.000000 0.000000  1.980809 0.154596 0
0  -0.017104 0.003617 0.052688  0.000000 1.000000 0.000000  1.980809 0.131178 0
0  -0.014581 0.003617 0.050165  0.000000 1.000000 0.000000  1.995018 0.116971 0
mount_dovetail_rsr_akr_1913_railed_mount_LOD0
0  -0.021263 0.003617 0.051325  0.000034 1.000000 0.000091  1.988484 0.154595 0
0  -0.021263 0.003617 0.052688  0.000034 1.000000 0.000091  1.980809 0.154596 0
0  -0.014581 0.003617 0.050165  0.000034 1.000000 0.000091  1.995018 0.116971 0
mount_dovetail_rsr_akr_1913_railed_mount_LOD0
0  -0.021785 0.003617 0.049953  0.000024 1.000000 0.000032  1.996204 0.157536 0
0  -0.021263 0.003617 0.051325  0.000024 1.000000 0.000032  1.988484 0.154595 0
0  -0.014581 0.003617 0.050165  0.000024 1.000000 0.000032  1.995018 0.116971 0
mount_dovetail_rsr_akr_1913_railed_mount_LOD0
0  -0.021785 0.003617 0.049953  0.000009 1.000000 0.000564  1.996204 0.157536 0
0  -0.014581 0.003617 0.050165  0.000009 1.000000 0.000564  1.995018 0.116971 0
0  -0.014581 0.003617 0.049743  0.000009 1.000000 0.000564  1.997391 0.116971 0
mount_dovetail_rsr_akr_1913_railed_mount_LOD0
0  -0.022084 0.003617 0.049743  0.000017 1.000000 0.000847  1.997391 0.159220 0
0  -0.021785 0.003617 0.049953  0.000000 1.000000 0.000272  1.996204 0.157536 0
0  -0.014581 0.003617 0.049743  0.000017 1.000000 0.000847  1.997391 0.116971 0
mount_dovetail_rsr_akr_1913_railed_mount_LOD0
0  -0.014581 0.003617 0.050165  1.000000 0.000000 0.000000  1.408560 0.997933 0
0  -0.014581 -0.001142 0.050165  1.000000 0.000000 0.000000  1.381760 0.997933 0
0  -0.014581 -0.001142 0.049743  1.000000 0.000000 0.000000  1.381760 0.995558 0
mount_dovetail_rsr_akr_1913_railed_mount_LOD0
0  -0.014581 0.003617 0.049743  1.000000 0.000000 0.000000  1.408560 0.995558 0
0  -0.014581 0.003617 0.050165  1.000000 0.000000 0.000000  1.408560 0.997933 0
0  -0.014581 -0.001142 0.049743  1.000000 0.000000 0.000000  1.381760 0.995558 0
mount_dovetail_rsr_akr_1913_railed_mount_LOD0
0  -0.014581 0.003617 0.049743  1.000000 0.000000 0.000000  1.408560 0.995558 0
0  -0.014581 -0.001142 0.049743  1.000000 0.000000 0.000000  1.381760 0.995558 0
0  -0.014581 0.003617 0.049615  1.000000 0.000000 0.000000  1.408560 0.994839 0
mount_dovetail_rsr_akr_1913_railed_mount_LOD0
0  -0.014581 -0.001142 0.049743  1.000000 0.000000 0.000000  1.381760 0.995558 0
0  -0.014581 -0.001143 0.049615  1.000000 0.000000 0.000000  1.381760 0.994839 0
0  -0.014581 0.003617 0.049615  1.000000 0.000000 0.000000  1.408560 0.994839 0
mount_dovetail_rsr_akr_1913_railed_mount_LOD0
0  -0.014581 0.003617 0.049743  1.000000 0.000000 0.000000  1.408560 0.995558 0
0  -0.014581 0.003617 0.049615  1.000000 0.000000 0.000000  1.408560 0.994839 0
0  -0.014581 0.008850 0.049615  1.000000 0.000000 0.000000  1.438026 0.994839 0
mount_dovetail_rsr_akr_1913_railed_mount_LOD0
0  -0.014581 -0.001142 0.049743  1.000000 0.000000 0.000000  1.381760 0.995558 0
0  -0.014581 -0.006375 0.049743  1.000000 0.000000 0.000000  1.352293 0.995558 0
0  -0.014581 -0.001143 0.049615  1.000000 0.000000 0.000000  1.381760 0.994839 0
mount_dovetail_rsr_akr_1913_railed_mount_LOD0
0  -0.014581 0.008850 0.049743  1.000000 0.000000 0.000000  1.438026 0.995558 0
0  -0.014581 0.003617 0.049743  1.000000 0.000000 0.000000  1.408560 0.995558 0
0  -0.014581 0.008850 0.049615  1.000000 0.000000 0.000000  1.438026 0.994839 0
mount_dovetail_rsr_akr_1913_railed_mount_LOD0
0  -0.014581 -0.006375 0.049743  1.000000 0.000000 0.000000  1.352293 0.995558 0
0  -0.014581 -0.006375 0.049615  1.000000 0.000000 0.000000  1.352293 0.994839 0
0  -0.014581 -0.001143 0.049615  1.000000 0.000000 0.000000  1.381760 0.994839 0
mount_dovetail_rsr_akr_1913_railed_mount_LOD0
0  -0.014581 0.008850 0.049743  1.000000 0.000000 0.000000  1.438026 0.995558 0
0  -0.014581 0.008850 0.049615  1.000000 0.000000 0.000000  1.438026 0.994839 0
0  -0.014581 0.013610 0.049615  1.000000 0.000000 0.000000  1.464827 0.994839 0
mount_dovetail_rsr_akr_1913_railed_mount_LOD0
0  -0.014581 -0.006375 0.049615  1.000000 -0.000002 0.000000  1.352293 0.994839 0
0  -0.014581 -0.006375 0.049743  1.000000 -0.000002 0.000000  1.352293 0.995558 0
0  -0.014581 -0.011135 0.049615  1.000000 -0.000002 0.000000  1.325493 0.994839 0
mount_dovetail_rsr_akr_1913_railed_mount_LOD0
0  -0.014581 0.013610 0.049743  1.000000 0.000000 0.000000  1.464827 0.995558 0
0  -0.014581 0.008850 0.049743  1.000000 0.000000 0.000000  1.438026 0.995558 0
0  -0.014581 0.013610 0.049615  1.000000 0.000000 0.000000  1.464827 0.994839 0
mount_dovetail_rsr_akr_1913_railed_mount_LOD0
0  -0.014581 0.013610 0.049743  1.000000 0.000000 0.000000  1.464827 0.995558 0
0  -0.014581 0.013610 0.049615  1.000000 0.000000 0.000000  1.464827 0.994839 0
0  -0.014581 0.018843 0.049615  1.000000 0.000000 0.000000  1.494293 0.994839 0
mount_dovetail_rsr_akr_1913_railed_mount_LOD0
0  -0.014581 0.013610 0.049743  1.000000 0.000000 0.000000  1.464827 0.995558 0
0  -0.014581 0.013610 0.050165  1.000000 0.000000 0.000000  1.464827 0.997933 0
0  -0.014581 0.008850 0.049743  1.000000 0.000000 0.000000  1.438026 0.995558 0
mount_dovetail_rsr_akr_1913_railed_mount_LOD0
0  -0.014581 0.013610 0.050165  1.000000 0.000000 0.000000  1.464827 0.997933 0
0  -0.014581 0.008850 0.050165  1.000000 0.000000 0.000000  1.438026 0.997933 0
0  -0.014581 0.008850 0.049743  1.000000 0.000000 0.000000  1.438026 0.995558 0
mount_dovetail_rsr_akr_1913_railed_mount_LOD0
0  -0.014581 0.018843 0.049743  1.000000 0.000000 0.000000  1.494293 0.995558 0
0  -0.014581 0.013610 0.049743  1.000000 0.000000 0.000000  1.464827 0.995558 0
0  -0.014581 0.018843 0.049615  1.000000 0.000000 0.000000  1.494293 0.994839 0
mount_dovetail_rsr_akr_1913_railed_mount_LOD0
0  -0.014581 0.018843 0.049743  1.000000 0.000000 0.000000  1.494293 0.995558 0
0  -0.014581 0.018843 0.049615  1.000000 0.000000 0.000000  1.494293 0.994839 0
0  -0.014581 0.023602 0.049615  1.000000 0.000000 0.000000  1.521094 0.994839 0
mount_dovetail_rsr_akr_1913_railed_mount_LOD0
0  -0.014581 -0.006375 0.049743  1.000000 -0.000002 -0.000000  1.352293 0.995558 0
0  -0.014581 -0.011135 0.049743  1.000000 -0.000002 -0.000000  1.325493 0.995558 0
0  -0.014581 -0.011135 0.049615  1.000000 -0.000002 -0.000000  1.325493 0.994839 0
mount_dovetail_rsr_akr_1913_railed_mount_LOD0
0  -0.014581 -0.011135 0.049615  1.000000 0.000002 0.000000  1.325493 0.994839 0
0  -0.014581 -0.011135 0.049743  1.000000 0.000002 0.000000  1.325493 0.995558 0
0  -0.014581 -0.016368 0.049615  1.000000 0.000002 0.000000  1.296027 0.994839 0
mount_dovetail_rsr_akr_1913_railed_mount_LOD0
0  -0.014581 -0.011135 0.049743  1.000000 -0.000002 -0.000022  1.325493 0.995558 0
0  -0.014581 -0.006375 0.049743  1.000000 -0.000002 -0.000022  1.352293 0.995558 0
0  -0.014581 -0.011135 0.050165  1.000000 -0.000002 -0.000022  1.325493 0.997933 0
mount_dovetail_rsr_akr_1913_railed_mount_LOD0
0  -0.014581 -0.006375 0.049743  1.000000 0.000000 0.000000  1.352293 0.995558 0
0  -0.014581 -0.006375 0.050165  1.000000 0.000000 0.000000  1.352293 0.997933 0
0  -0.014581 -0.011135 0.050165  1.000000 0.000000 0.000000  1.325493 0.997933 0
mount_dovetail_rsr_akr_1913_railed_mount_LOD0
0  -0.014581 -0.011135 0.049743  1.000000 0.000000 0.000073  1.325493 0.995558 0
0  -0.014581 -0.016368 0.049743  1.000000 0.000000 0.000073  1.296027 0.995558 0
0  -0.014581 -0.016368 0.049615  1.000000 0.000000 0.000073  1.296027 0.994839 0
mount_dovetail_rsr_akr_1913_railed_mount_LOD0
0  -0.014581 -0.016368 0.049615  1.000000 -0.000002 0.000073  1.296027 0.994839 0
0  -0.014581 -0.016368 0.049743  1.000000 -0.000002 0.000073  1.296027 0.995558 0
0  -0.014581 -0.021128 0.049615  1.000000 -0.000002 0.000073  1.269226 0.994839 0
mount_dovetail_rsr_akr_1913_railed_mount_LOD0
0  -0.014581 0.023603 0.049743  1.000000 0.000000 0.000000  1.521094 0.995558 0
0  -0.014581 0.018843 0.049743  1.000000 0.000000 0.000000  1.494293 0.995558 0
0  -0.014581 0.023602 0.049615  1.000000 0.000000 0.000000  1.521094 0.994839 0
mount_dovetail_rsr_akr_1913_railed_mount_LOD0
0  -0.014581 0.023603 0.049743  1.000000 -0.000002 0.000000  1.521094 0.995558 0
0  -0.014581 0.023602 0.049615  1.000000 -0.000002 0.000000  1.521094 0.994839 0
0  -0.014581 0.028835 0.049615  1.000000 -0.000002 0.000000  1.550561 0.994839 0
mount_dovetail_rsr_akr_1913_railed_mount_LOD0
0  -0.014581 0.023603 0.049743  1.000000 0.000000 -0.000024  1.521094 0.995558 0
0  -0.014581 0.023602 0.050165  1.000000 0.000000 -0.000024  1.521094 0.997933 0
0  -0.014581 0.018843 0.049743  1.000000 0.000000 -0.000024  1.494293 0.995558 0
mount_dovetail_rsr_akr_1913_railed_mount_LOD0
0  -0.014581 0.023602 0.050165  1.000000 -0.000002 -0.000000  1.521094 0.997933 0
0  -0.014581 0.018843 0.050165  1.000000 -0.000002 -0.000000  1.494293 0.997933 0
0  -0.014581 0.018843 0.049743  1.000000 -0.000002 -0.000000  1.494293 0.995558 0
mount_dovetail_rsr_akr_1913_railed_mount_LOD0
0  -0.014581 0.028836 0.049743  1.000000 0.000000 0.000080  1.550561 0.995558 0
0  -0.014581 0.023603 0.049743  1.000000 0.000000 0.000080  1.521094 0.995558 0
0  -0.014581 0.028835 0.049615  1.000000 0.000000 0.000080  1.550561 0.994839 0
mount_dovetail_rsr_akr_1913_railed_mount_LOD0
0  -0.014581 0.028836 0.049743  1.000000 0.000002 0.000080  1.550561 0.995558 0
0  -0.014581 0.028835 0.049615  1.000000 0.000002 0.000080  1.550561 0.994839 0
0  -0.014581 0.033595 0.049615  1.000000 0.000002 0.000080  1.577362 0.994839 0
mount_dovetail_rsr_akr_1913_railed_mount_LOD0
0  -0.014581 -0.016368 0.049743  1.000000 0.000000 0.000000  1.296027 0.995558 0
0  -0.014581 -0.021128 0.049743  1.000000 0.000000 0.000000  1.269226 0.995558 0
0  -0.014581 -0.021128 0.049615  1.000000 0.000000 0.000000  1.269226 0.994839 0
mount_dovetail_rsr_akr_1913_railed_mount_LOD0
0  -0.014581 -0.021128 0.049615  1.000000 0.000002 0.000000  1.269226 0.994839 0
0  -0.014581 -0.021128 0.049743  1.000000 0.000002 0.000000  1.269226 0.995558 0
0  -0.014581 -0.026360 0.049615  1.000000 0.000002 0.000000  1.239761 0.994839 0
mount_dovetail_rsr_akr_1913_railed_mount_LOD0
0  -0.014581 -0.021127 0.050165  1.000000 0.000000 -0.000022  1.269226 0.997933 0
0  -0.014581 -0.021128 0.049743  1.000000 0.000000 -0.000022  1.269226 0.995558 0
0  -0.014581 -0.016368 0.049743  1.000000 0.000000 -0.000022  1.296027 0.995558 0
mount_dovetail_rsr_akr_1913_railed_mount_LOD0
0  -0.014581 -0.016368 0.050165  1.000000 0.000000 -0.000022  1.296027 0.997933 0
0  -0.014581 -0.021127 0.050165  1.000000 0.000000 -0.000022  1.269226 0.997933 0
0  -0.014581 -0.016368 0.049743  1.000000 0.000000 -0.000022  1.296027 0.995558 0
mount_dovetail_rsr_akr_1913_railed_mount_LOD0
0  -0.014581 -0.021128 0.049743  1.000000 0.000000 0.000073  1.269226 0.995558 0
0  -0.014581 -0.026361 0.049743  1.000000 0.000000 0.000073  1.239761 0.995558 0
0  -0.014581 -0.026360 0.049615  1.000000 0.000000 0.000073  1.239761 0.994839 0
mount_dovetail_rsr_akr_1913_railed_mount_LOD0
0  -0.014581 -0.026360 0.049615  1.000000 -0.000002 0.000073  1.239761 0.994839 0
0  -0.014581 -0.026361 0.049743  1.000000 -0.000002 0.000073  1.239761 0.995558 0
0  -0.014581 -0.031120 0.049615  1.000000 -0.000002 0.000073  1.212960 0.994839 0
mount_dovetail_rsr_akr_1913_railed_mount_LOD0
0  -0.014581 0.033595 0.049743  1.000000 0.000000 0.000000  1.577362 0.995558 0
0  -0.014581 0.028836 0.049743  1.000000 0.000000 0.000000  1.550561 0.995558 0
0  -0.014581 0.033595 0.049615  1.000000 0.000000 0.000000  1.577362 0.994839 0
mount_dovetail_rsr_akr_1913_railed_mount_LOD0
0  -0.014581 0.033595 0.049743  1.000000 -0.000002 0.000000  1.577362 0.995558 0
0  -0.014581 0.033595 0.049615  1.000000 -0.000002 0.000000  1.577362 0.994839 0
0  -0.014581 0.038828 0.049615  1.000000 -0.000002 0.000000  1.606828 0.994839 0
mount_dovetail_rsr_akr_1913_railed_mount_LOD0
0  -0.014581 0.033595 0.049743  1.000000 0.000000 -0.000024  1.577362 0.995558 0
0  -0.014581 0.033595 0.050165  1.000000 0.000000 -0.000024  1.577362 0.997933 0
0  -0.014581 0.028836 0.049743  1.000000 0.000000 -0.000024  1.550561 0.995558 0
mount_dovetail_rsr_akr_1913_railed_mount_LOD0
0  -0.014581 0.033595 0.050165  1.000000 0.000000 -0.000024  1.577362 0.997933 0
0  -0.014581 0.028835 0.050165  1.000000 0.000000 -0.000024  1.550561 0.997933 0
0  -0.014581 0.028836 0.049743  1.000000 0.000000 -0.000024  1.550561 0.995558 0
mount_dovetail_rsr_akr_1913_railed_mount_LOD0
0  -0.014581 0.038828 0.049743  1.000000 -0.000002 0.000000  1.606828 0.995558 0
0  -0.014581 0.033595 0.049743  1.000000 -0.000002 0.000000  1.577362 0.995558 0
0  -0.014581 0.038828 0.049615  1.000000 -0.000002 0.000000  1.606828 0.994839 0
mount_dovetail_rsr_akr_1913_railed_mount_LOD0
0  -0.014581 0.038828 0.049743  1.000000 0.000000 0.000000  1.606828 0.995558 0
0  -0.014581 0.038828 0.049615  1.000000 0.000000 0.000000  1.606828 0.994839 0
0  -0.014581 0.043588 0.049615  1.000000 0.000000 0.000000  1.633629 0.994839 0
mount_dovetail_rsr_akr_1913_railed_mount_LOD0
0  -0.014581 -0.026361 0.049743  1.000000 0.000000 0.000000  1.239761 0.995558 0
0  -0.014581 -0.031120 0.049743  1.000000 0.000000 0.000000  1.212960 0.995558 0
0  -0.014581 -0.031120 0.049615  1.000000 0.000000 0.000000  1.212960 0.994839 0
mount_dovetail_rsr_akr_1913_railed_mount_LOD0
0  -0.014581 -0.031120 0.049615  1.000000 0.000002 0.000000  1.212960 0.994839 0
0  -0.014581 -0.031120 0.049743  1.000000 0.000002 0.000000  1.212960 0.995558 0
0  -0.014581 -0.036353 0.049615  1.000000 0.000002 0.000000  1.183494 0.994839 0
mount_dovetail_rsr_akr_1913_railed_mount_LOD0
0  -0.014581 -0.031120 0.050165  1.000000 0.000000 -0.000022  1.212960 0.997933 0
0  -0.014581 -0.031120 0.049743  1.000000 0.000000 -0.000022  1.212960 0.995558 0
0  -0.014581 -0.026361 0.049743  1.000000 0.000000 -0.000022  1.239761 0.995558 0
mount_dovetail_rsr_akr_1913_railed_mount_LOD0
0  -0.014581 -0.026360 0.050165  1.000000 0.000000 -0.000022  1.239761 0.997933 0
0  -0.014581 -0.031120 0.050165  1.000000 0.000000 -0.000022  1.212960 0.997933 0
0  -0.014581 -0.026361 0.049743  1.000000 0.000000 -0.000022  1.239761 0.995558 0
mount_dovetail_rsr_akr_1913_railed_mount_LOD0
0  -0.014581 -0.031120 0.049743  1.000000 0.000000 0.000073  1.212960 0.995558 0
0  -0.014581 -0.036353 0.049743  1.000000 0.000000 0.000073  1.183494 0.995558 0
0  -0.014581 -0.036353 0.049615  1.000000 0.000000 0.000073  1.183494 0.994839 0
mount_dovetail_rsr_akr_1913_railed_mount_LOD0
0  -0.014581 -0.036353 0.049615  1.000000 -0.000002 0.000073  1.183494 0.994839 0
0  -0.014581 -0.036353 0.049743  1.000000 -0.000002 0.000073  1.183494 0.995558 0
0  -0.014581 -0.041113 0.049615  1.000000 -0.000002 0.000073  1.156693 0.994839 0
mount_dovetail_rsr_akr_1913_railed_mount_LOD0
0  -0.014581 0.043588 0.049743  1.000000 0.000000 0.000000  1.633629 0.995558 0
0  -0.014581 0.038828 0.049743  1.000000 0.000000 0.000000  1.606828 0.995558 0
0  -0.014581 0.043588 0.049615  1.000000 0.000000 0.000000  1.633629 0.994839 0
mount_dovetail_rsr_akr_1913_railed_mount_LOD0
0  -0.014581 0.043588 0.049743  1.000000 0.000000 0.000000  1.633629 0.995558 0
0  -0.014581 0.043588 0.049615  1.000000 0.000000 0.000000  1.633629 0.994839 0
0  -0.014581 0.048820 0.049615  1.000000 0.000000 0.000000  1.663093 0.994839 0
mount_dovetail_rsr_akr_1913_railed_mount_LOD0
0  -0.014581 0.043588 0.049743  1.000000 0.000000 0.000000  1.633629 0.995558 0
0  -0.014581 0.043588 0.050165  1.000000 0.000000 0.000000  1.633629 0.997933 0
0  -0.014581 0.038828 0.049743  1.000000 0.000000 0.000000  1.606828 0.995558 0
mount_dovetail_rsr_akr_1913_railed_mount_LOD0
0  -0.014581 0.043588 0.050165  1.000000 0.000000 0.000000  1.633629 0.997933 0
0  -0.014581 0.038828 0.050165  1.000000 0.000000 0.000000  1.606828 0.997933 0
0  -0.014581 0.038828 0.049743  1.000000 0.000000 0.000000  1.606828 0.995558 0
mount_dovetail_rsr_akr_1913_railed_mount_LOD0
0  -0.014581 0.048821 0.049743  1.000000 0.000000 0.000000  1.663093 0.995558 0
0  -0.014581 0.043588 0.049743  1.000000 0.000000 0.000000  1.633629 0.995558 0
0  -0.014581 0.048820 0.049615  1.000000 0.000000 0.000000  1.663093 0.994839 0
mount_dovetail_rsr_akr_1913_railed_mount_LOD0
0  -0.014581 0.048821 0.049743  1.000000 0.000000 0.000000  1.663093 0.995558 0
0  -0.014581 0.048820 0.049615  1.000000 0.000000 0.000000  1.663093 0.994839 0
0  -0.014581 0.051063 0.049615  1.000000 0.000000 0.000000  1.675716 0.994839 0
mount_dovetail_rsr_akr_1913_railed_mount_LOD0
0  -0.014581 0.048821 0.049743  1.000000 0.000000 0.000000  1.663093 0.995558 0
0  -0.014581 0.051063 0.049615  1.000000 0.000000 0.000000  1.675716 0.994839 0
0  -0.014581 0.051063 0.050165  1.000000 0.000000 0.000000  1.675716 0.997933 0
mount_dovetail_rsr_akr_1913_railed_mount_LOD0
0  -0.014581 0.048821 0.050165  1.000000 0.000000 0.000000  1.663093 0.997933 0
0  -0.014581 0.048821 0.049743  1.000000 0.000000 0.000000  1.663093 0.995558 0
0  -0.014581 0.051063 0.050165  1.000000 0.000000 0.000000  1.675716 0.997933 0
mount_dovetail_rsr_akr_1913_railed_mount_LOD0
0  -0.014581 -0.036353 0.049743  1.000000 0.000000 0.000000  1.183494 0.995558 0
0  -0.014581 -0.041113 0.049743  1.000000 0.000000 0.000000  1.156693 0.995558 0
0  -0.014581 -0.041113 0.049615  1.000000 0.000000 0.000000  1.156693 0.994839 0
mount_dovetail_rsr_akr_1913_railed_mount_LOD0
0  -0.014581 -0.041113 0.049615  1.000000 0.000000 0.000000  1.156693 0.994839 0
0  -0.014581 -0.041113 0.049743  1.000000 0.000000 0.000000  1.156693 0.995558 0
0  -0.014581 -0.046345 0.049615  1.000000 0.000000 0.000000  1.127226 0.994839 0
mount_dovetail_rsr_akr_1913_railed_mount_LOD0
0  -0.014581 -0.041113 0.050165  1.000000 0.000000 0.000000  1.156693 0.997933 0
0  -0.014581 -0.041113 0.049743  1.000000 0.000000 0.000000  1.156693 0.995558 0
0  -0.014581 -0.036353 0.049743  1.000000 0.000000 0.000000  1.183494 0.995558 0
mount_dovetail_rsr_akr_1913_railed_mount_LOD0
0  -0.014581 -0.036353 0.050165  1.000000 -0.000002 -0.000022  1.183494 0.997933 0
0  -0.014581 -0.041113 0.050165  1.000000 -0.000002 -0.000022  1.156693 0.997933 0
0  -0.014581 -0.036353 0.049743  1.000000 -0.000002 -0.000022  1.183494 0.995558 0
mount_dovetail_rsr_akr_1913_railed_mount_LOD0
0  -0.014581 -0.041113 0.049743  1.000000 0.000000 0.000000  1.156693 0.995558 0
0  -0.014581 -0.046346 0.049743  1.000000 0.000000 0.000000  1.127226 0.995558 0
0  -0.014581 -0.046345 0.049615  1.000000 0.000000 0.000000  1.127226 0.994839 0
mount_dovetail_rsr_akr_1913_railed_mount_LOD0
0  -0.014581 -0.046345 0.049615  1.000000 0.000000 0.000000  1.127226 0.994839 0
0  -0.014581 -0.046346 0.049743  1.000000 0.000000 0.000000  1.127226 0.995558 0
0  -0.014581 -0.051105 0.049615  1.000000 0.000000 0.000000  1.100426 0.994839 0
mount_dovetail_rsr_akr_1913_railed_mount_LOD0
0  -0.014581 -0.046346 0.049743  1.000000 0.000000 0.000000  1.127226 0.995558 0
0  -0.014581 -0.051106 0.049743  1.000000 0.000000 0.000000  1.100426 0.995558 0
0  -0.014581 -0.051105 0.049615  1.000000 0.000000 0.000000  1.100426 0.994839 0
mount_dovetail_rsr_akr_1913_railed_mount_LOD0
0  -0.014581 -0.051105 0.049615  1.000000 0.000000 0.000000  1.100426 0.994839 0
0  -0.014581 -0.051106 0.049743  1.000000 0.000000 0.000000  1.100426 0.995558 0
0  -0.014581 -0.056338 0.049615  1.000000 0.000000 0.000000  1.070957 0.994839 0
mount_dovetail_rsr_akr_1913_railed_mount_LOD0
0  -0.014581 -0.051105 0.050165  1.000000 0.000000 0.000000  1.100426 0.997933 0
0  -0.014581 -0.051106 0.049743  1.000000 0.000000 0.000000  1.100426 0.995558 0
0  -0.014581 -0.046346 0.049743  1.000000 0.000000 0.000000  1.127226 0.995558 0
mount_dovetail_rsr_akr_1913_railed_mount_LOD0
0  -0.014581 -0.046346 0.050165  1.000000 0.000000 0.000000  1.127226 0.997933 0
0  -0.014581 -0.051105 0.050165  1.000000 0.000000 0.000000  1.100426 0.997933 0
0  -0.014581 -0.046346 0.049743  1.000000 0.000000 0.000000  1.127226 0.995558 0
mount_dovetail_rsr_akr_1913_railed_mount_LOD0
0  -0.014581 -0.051106 0.049743  1.000000 0.000000 0.000000  1.100426 0.995558 0
0  -0.014581 -0.056338 0.049743  1.000000 0.000000 0.000000  1.070957 0.995558 0
0  -0.014581 -0.056338 0.049615  1.000000 0.000000 0.000000  1.070957 0.994839 0
mount_dovetail_rsr_akr_1913_railed_mount_LOD0
0  -0.014581 -0.056338 0.049615  1.000000 0.000000 0.000000  1.070957 0.994839 0
0  -0.014581 -0.056338 0.049743  1.000000 0.000000 0.000000  1.070957 0.995558 0
0  -0.014581 -0.061098 0.049615  1.000000 0.000000 0.000000  1.044155 0.994839 0
mount_dovetail_rsr_akr_1913_railed_mount_LOD0
0  -0.014581 -0.056338 0.049743  1.000000 0.000000 0.000000  1.070957 0.995558 0
0  -0.014581 -0.061098 0.049743  1.000000 0.000000 0.000000  1.044155 0.995558 0
0  -0.014581 -0.061098 0.049615  1.000000 0.000000 0.000000  1.044155 0.994839 0
mount_dovetail_rsr_akr_1913_railed_mount_LOD0
0  -0.014581 -0.061098 0.049615  1.000000 0.000000 0.000000  1.044155 0.994839 0
0  -0.014581 -0.061098 0.049743  1.000000 0.000000 0.000000  1.044155 0.995558 0
0  -0.014581 -0.066331 0.049615  1.000000 0.000000 0.000000  1.014690 0.994839 0
mount_dovetail_rsr_akr_1913_railed_mount_LOD0
0  -0.014581 -0.061098 0.050165  1.000000 0.000000 0.000000  1.044155 0.997933 0
0  -0.014581 -0.061098 0.049743  1.000000 0.000000 0.000000  1.044155 0.995558 0
0  -0.014581 -0.056338 0.049743  1.000000 0.000000 0.000000  1.070957 0.995558 0
mount_dovetail_rsr_akr_1913_railed_mount_LOD0
0  -0.014581 -0.056338 0.050165  1.000000 0.000000 0.000000  1.070957 0.997933 0
0  -0.014581 -0.061098 0.050165  1.000000 0.000000 0.000000  1.044155 0.997933 0
0  -0.014581 -0.056338 0.049743  1.000000 0.000000 0.000000  1.070957 0.995558 0
mount_dovetail_rsr_akr_1913_railed_mount_LOD0
0  -0.014581 -0.061098 0.049743  1.000000 0.000000 0.000000  1.044155 0.995558 0
0  -0.014581 -0.066331 0.049743  1.000000 0.000000 0.000000  1.014690 0.995558 0
0  -0.014581 -0.066331 0.049615  1.000000 0.000000 0.000000  1.014690 0.994839 0
mount_dovetail_rsr_akr_1913_railed_mount_LOD0
0  -0.014581 -0.066331 0.049615  1.000000 0.000000 0.000000  1.014690 0.994839 0
0  -0.014581 -0.066331 0.049743  1.000000 0.000000 0.000000  1.014690 0.995558 0
0  -0.014581 -0.068573 0.049615  1.000000 0.000000 0.000000  1.002066 0.994839 0
mount_dovetail_rsr_akr_1913_railed_mount_LOD0
0  -0.014581 -0.066331 0.049743  1.000000 0.000000 0.000000  1.014690 0.995558 0
0  -0.014581 -0.066331 0.050165  1.000000 0.000000 0.000000  1.014690 0.997933 0
0  -0.014581 -0.068573 0.049615  1.000000 0.000000 0.000000  1.002066 0.994839 0
mount_dovetail_rsr_akr_1913_railed_mount_LOD0
0  -0.014581 -0.066331 0.050165  1.000000 0.000000 0.000000  1.014690 0.997933 0
0  -0.014581 -0.068573 0.050165  1.000000 0.000000 0.000000  1.002066 0.997933 0
0  -0.014581 -0.068573 0.049615  1.000000 0.000000 0.000000  1.002066 0.994839 0
mount_dovetail_rsr_akr_1913_railed_mount_LOD0
0  -0.017104 0.003617 0.052688  0.000000 0.000000 1.000000  1.632187 0.025490 0
0  -0.021263 0.003617 0.052688  0.000000 0.000000 1.000000  1.655602 0.025490 0
0  -0.021263 -0.001142 0.052688  0.000000 0.000000 1.000000  1.655602 0.052288 0
mount_dovetail_rsr_akr_1913_railed_mount_LOD0
0  -0.017104 -0.001142 0.052688  0.000000 0.000000 1.000000  1.632187 0.052288 0
0  -0.017104 0.003617 0.052688  0.000000 0.000000 1.000000  1.632187 0.025490 0
0  -0.021263 -0.001142 0.052688  0.000000 0.000000 1.000000  1.655602 0.052288 0
mount_dovetail_rsr_akr_1913_railed_mount_LOD0
0  -0.014581 0.008850 0.049743  0.000000 0.000000 1.000000  1.002245 0.421272 0
0  -0.022084 0.008850 0.049743  0.000000 0.000000 1.000000  1.002245 0.379025 0
0  -0.022084 0.003617 0.049743  0.000000 0.000000 1.000000  1.031707 0.379025 0
mount_dovetail_rsr_akr_1913_railed_mount_LOD0
0  -0.014581 0.003617 0.049743  0.000000 0.000000 1.000000  1.031707 0.421272 0
0  -0.014581 0.008850 0.049743  0.000000 0.000000 1.000000  1.002245 0.421272 0
0  -0.022084 0.003617 0.049743  0.000000 0.000000 1.000000  1.031707 0.379025 0
mount_dovetail_rsr_akr_1913_railed_mount_LOD0
0  -0.017104 0.008850 0.052688  0.707119 0.000000 0.707094  1.977891 0.439099 0
0  -0.014581 0.008850 0.050165  0.707119 0.000000 0.707094  1.997981 0.439099 0
0  -0.014581 0.013610 0.050165  0.707119 0.000000 0.707094  1.997981 0.465896 0
mount_dovetail_rsr_akr_1913_railed_mount_LOD0
0  -0.017104 0.013610 0.052688  0.707117 0.000003 0.707096  1.977891 0.465896 0
0  -0.017104 0.008850 0.052688  0.707117 0.000003 0.707096  1.977891 0.439099 0
0  -0.014581 0.013610 0.050165  0.707117 0.000003 0.707096  1.997981 0.465896 0
mount_dovetail_rsr_akr_1913_railed_mount_LOD0
0  -0.021263 0.008850 0.052688  0.000000 -1.000000 -0.000160  1.253957 0.004737 0
0  -0.021263 0.008850 0.051325  0.000000 -1.000000 -0.000160  1.253957 0.012410 0
0  -0.017104 0.008850 0.052688  0.000000 -1.000000 -0.000160  1.230542 0.004737 0
mount_dovetail_rsr_akr_1913_railed_mount_LOD0
0  -0.021263 0.008850 0.051325  -0.000040 -1.000000 -0.000040  1.253957 0.012410 0
0  -0.014581 0.008850 0.050165  -0.000040 -1.000000 -0.000040  1.216335 0.018945 0
0  -0.017104 0.008850 0.052688  -0.000040 -1.000000 -0.000040  1.230542 0.004737 0
mount_dovetail_rsr_akr_1913_railed_mount_LOD0
0  -0.021785 0.008850 0.049953  -0.000044 -1.000000 -0.000063  1.256902 0.020134 0
0  -0.014581 0.008850 0.050165  -0.000044 -1.000000 -0.000063  1.216335 0.018945 0
0  -0.021263 0.008850 0.051325  -0.000044 -1.000000 -0.000063  1.253957 0.012410 0
mount_dovetail_rsr_akr_1913_railed_mount_LOD0
0  -0.014581 0.008850 0.049743  -0.000020 -1.000000 -0.000186  1.216335 0.021320 0
0  -0.014581 0.008850 0.050165  -0.000021 -1.000000 0.000053  1.216335 0.018945 0
0  -0.021785 0.008850 0.049953  -0.000025 -1.000000 0.000053  1.256902 0.020134 0
mount_dovetail_rsr_akr_1913_railed_mount_LOD0
0  -0.022084 0.008850 0.049743  -0.000014 -1.000000 0.000046  1.258585 0.021320 0
0  -0.014581 0.008850 0.049743  -0.000014 -1.000000 0.000046  1.216335 0.021320 0
0  -0.021785 0.008850 0.049953  -0.000020 -1.000000 0.000046  1.256902 0.020134 0
mount_dovetail_rsr_akr_1913_railed_mount_LOD0
0  -0.021263 0.013610 0.052688  0.000000 1.000000 0.000001  1.167842 0.019757 0
0  -0.017104 0.013610 0.052688  0.000000 1.000000 0.000001  1.144424 0.019757 0
0  -0.014581 0.013610 0.050165  0.000000 1.000000 0.000001  1.130217 0.005552 0
mount_dovetail_rsr_akr_1913_railed_mount_LOD0
0  -0.021263 0.013610 0.051325  0.000033 1.000000 0.000086  1.167841 0.012083 0
0  -0.021263 0.013610 0.052688  0.000033 1.000000 0.000086  1.167842 0.019757 0
0  -0.014581 0.013610 0.050165  0.000033 1.000000 0.000086  1.130217 0.005552 0
mount_dovetail_rsr_akr_1913_railed_mount_LOD0
0  -0.021785 0.013610 0.049953  0.000024 1.000000 0.000034  1.170782 0.004362 0
0  -0.021263 0.013610 0.051325  0.000024 1.000000 0.000034  1.167841 0.012083 0
0  -0.014581 0.013610 0.050165  0.000024 1.000000 0.000034  1.130217 0.005552 0
mount_dovetail_rsr_akr_1913_railed_mount_LOD0
0  -0.021785 0.013610 0.049953  0.000008 1.000000 0.000565  1.170782 0.004362 0
0  -0.014581 0.013610 0.050165  0.000008 1.000000 0.000565  1.130217 0.005552 0
0  -0.014581 0.013610 0.049743  0.000008 1.000000 0.000565  1.130217 0.003177 0
mount_dovetail_rsr_akr_1913_railed_mount_LOD0
0  -0.022084 0.013610 0.049743  0.000014 1.000000 0.000765  1.172466 0.003177 0
0  -0.021785 0.013610 0.049953  0.000000 1.000000 0.000286  1.170782 0.004362 0
0  -0.014581 0.013610 0.049743  0.000014 1.000000 0.000765  1.130217 0.003177 0
mount_dovetail_rsr_akr_1913_railed_mount_LOD0
0  -0.017104 0.013610 0.052688  0.000000 0.000000 1.000000  1.687694 0.025134 0
0  -0.021263 0.013610 0.052688  0.000000 0.000000 1.000000  1.711109 0.025134 0
0  -0.021263 0.008850 0.052688  0.000000 0.000000 1.000000  1.711109 0.051931 0
mount_dovetail_rsr_akr_1913_railed_mount_LOD0
0  -0.017104 0.008850 0.052688  0.000000 0.000000 1.000000  1.687694 0.051931 0
0  -0.017104 0.013610 0.052688  0.000000 0.000000 1.000000  1.687694 0.025134 0
0  -0.021263 0.008850 0.052688  0.000000 0.000000 1.000000  1.711109 0.051931 0
mount_dovetail_rsr_akr_1913_railed_mount_LOD0
0  -0.014581 0.018843 0.049743  0.000000 0.000000 1.000000  1.751604 0.048719 0
0  -0.022084 0.018843 0.049743  0.000000 0.000000 1.000000  1.751604 0.090966 0
0  -0.022084 0.013610 0.049743  0.000000 0.000000 1.000000  1.722144 0.090966 0
mount_dovetail_rsr_akr_1913_railed_mount_LOD0
0  -0.014581 0.013610 0.049743  0.000000 0.000000 1.000000  1.722144 0.048719 0
0  -0.014581 0.018843 0.049743  0.000000 0.000000 1.000000  1.751604 0.048719 0
0  -0.022084 0.013610 0.049743  0.000000 0.000000 1.000000  1.722144 0.090966 0
mount_dovetail_rsr_akr_1913_railed_mount_LOD0
0  -0.017104 0.018843 0.052688  0.707119 -0.000002 0.707094  1.977885 0.471154 0
0  -0.014581 0.018843 0.050165  0.707119 -0.000002 0.707094  1.997974 0.471154 0
0  -0.014581 0.023602 0.050165  0.707119 -0.000002 0.707094  1.997974 0.497952 0
mount_dovetail_rsr_akr_1913_railed_mount_LOD0
0  -0.017104 0.023602 0.052688  0.707116 0.000003 0.707098  1.977885 0.497952 0
0  -0.017104 0.018843 0.052688  0.707116 0.000003 0.707098  1.977885 0.471154 0
0  -0.014581 0.023602 0.050165  0.707116 0.000003 0.707098  1.997974 0.497952 0
mount_dovetail_rsr_akr_1913_railed_mount_LOD0
0  -0.021263 0.018843 0.052688  0.000000 -1.000000 -0.000162  1.980836 0.040856 0
0  -0.021263 0.018843 0.051325  0.000000 -1.000000 -0.000162  1.988508 0.040854 0
0  -0.017104 0.018843 0.052688  0.000000 -1.000000 -0.000162  1.980836 0.064274 0
mount_dovetail_rsr_akr_1913_railed_mount_LOD0
0  -0.021263 0.018843 0.051325  -0.000040 -1.000000 -0.000039  1.988508 0.040854 0
0  -0.014581 0.018843 0.050165  -0.000040 -1.000000 -0.000039  1.995046 0.078476 0
0  -0.017104 0.018843 0.052688  -0.000040 -1.000000 -0.000039  1.980836 0.064274 0
mount_dovetail_rsr_akr_1913_railed_mount_LOD0
0  -0.021785 0.018843 0.049953  -0.000044 -1.000000 -0.000063  1.996232 0.037911 0
0  -0.014581 0.018843 0.050165  -0.000044 -1.000000 -0.000063  1.995046 0.078476 0
0  -0.021263 0.018843 0.051325  -0.000044 -1.000000 -0.000063  1.988508 0.040854 0
mount_dovetail_rsr_akr_1913_railed_mount_LOD0
0  -0.014581 0.018843 0.049743  -0.000020 -1.000000 -0.000201  1.997420 0.078476 0
0  -0.014581 0.018843 0.050165  -0.000021 -1.000000 0.000039  1.995046 0.078476 0
0  -0.021785 0.018843 0.049953  -0.000025 -1.000000 0.000039  1.996232 0.037911 0
mount_dovetail_rsr_akr_1913_railed_mount_LOD0
0  -0.022084 0.018843 0.049743  -0.000013 -1.000000 0.000055  1.997420 0.036228 0
0  -0.014581 0.018843 0.049743  -0.000013 -1.000000 0.000055  1.997420 0.078476 0
0  -0.021785 0.018843 0.049953  -0.000019 -1.000000 0.000055  1.996232 0.037911 0
mount_dovetail_rsr_akr_1913_railed_mount_LOD0
0  -0.021263 0.023602 0.052688  0.000000 1.000000 0.000001  1.980809 0.154596 0
0  -0.017104 0.023602 0.052688  0.000000 1.000000 0.000001  1.980809 0.131178 0
0  -0.014581 0.023602 0.050165  0.000000 1.000000 0.000001  1.995019 0.116972 0
mount_dovetail_rsr_akr_1913_railed_mount_LOD0
0  -0.021263 0.023603 0.051325  0.000033 1.000000 0.000086  1.988484 0.154596 0
0  -0.021263 0.023602 0.052688  0.000033 1.000000 0.000086  1.980809 0.154596 0
0  -0.014581 0.023602 0.050165  0.000033 1.000000 0.000086  1.995019 0.116972 0
mount_dovetail_rsr_akr_1913_railed_mount_LOD0
0  -0.021785 0.023603 0.049953  0.000024 1.000000 0.000036  1.996209 0.157538 0
0  -0.021263 0.023603 0.051325  0.000024 1.000000 0.000036  1.988484 0.154596 0
0  -0.014581 0.023602 0.050165  0.000024 1.000000 0.000036  1.995019 0.116972 0
mount_dovetail_rsr_akr_1913_railed_mount_LOD0
0  -0.021785 0.023603 0.049953  0.000009 1.000000 0.000552  1.996209 0.157538 0
0  -0.014581 0.023602 0.050165  0.000009 1.000000 0.000552  1.995019 0.116972 0
0  -0.014581 0.023603 0.049743  0.000009 1.000000 0.000552  1.997394 0.116972 0
mount_dovetail_rsr_akr_1913_railed_mount_LOD0
0  -0.022084 0.023603 0.049743  0.000000 1.000000 0.000221  1.997394 0.159223 0
0  -0.021785 0.023603 0.049953  0.000000 1.000000 0.000221  1.996209 0.157538 0
0  -0.014581 0.023603 0.049743  0.000000 1.000000 0.000221  1.997394 0.116972 0
mount_dovetail_rsr_akr_1913_railed_mount_LOD0
0  -0.017104 0.023602 0.052688  0.000000 0.000000 1.000000  1.632187 0.025490 0
0  -0.021263 0.023602 0.052688  0.000000 0.000000 1.000000  1.655602 0.025490 0
0  -0.021263 0.018843 0.052688  0.000000 0.000000 1.000000  1.655602 0.052288 0
mount_dovetail_rsr_akr_1913_railed_mount_LOD0
0  -0.017104 0.018843 0.052688  0.000000 0.000000 1.000000  1.632187 0.052288 0
0  -0.017104 0.023602 0.052688  0.000000 0.000000 1.000000  1.632187 0.025490 0
0  -0.021263 0.018843 0.052688  0.000000 0.000000 1.000000  1.655602 0.052288 0
mount_dovetail_rsr_akr_1913_railed_mount_LOD0
0  -0.014581 0.028836 0.049743  0.000000 0.000000 1.000000  1.002245 0.421272 0
0  -0.022084 0.028836 0.049743  0.000000 0.000000 1.000000  1.002245 0.379025 0
0  -0.022084 0.023603 0.049743  0.000000 0.000000 1.000000  1.031707 0.379025 0
mount_dovetail_rsr_akr_1913_railed_mount_LOD0
0  -0.014581 0.023603 0.049743  0.000000 0.000000 1.000000  1.031707 0.421272 0
0  -0.014581 0.028836 0.049743  0.000000 0.000000 1.000000  1.002245 0.421272 0
0  -0.022084 0.023603 0.049743  0.000000 0.000000 1.000000  1.031707 0.379025 0
mount_dovetail_rsr_akr_1913_railed_mount_LOD0
0  -0.017104 0.028835 0.052688  0.707117 0.000000 0.707096  1.977909 0.502974 0
0  -0.014581 0.028835 0.050165  0.707117 0.000000 0.707096  1.997997 0.502974 0
0  -0.014581 0.033595 0.050165  0.707117 0.000000 0.707096  1.997997 0.529771 0
mount_dovetail_rsr_akr_1913_railed_mount_LOD0
0  -0.017104 0.033595 0.052688  0.707116 0.000003 0.707098  1.977909 0.529771 0
0  -0.017104 0.028835 0.052688  0.707116 0.000003 0.707098  1.977909 0.502974 0
0  -0.014581 0.033595 0.050165  0.707116 0.000003 0.707098  1.997997 0.529771 0
mount_dovetail_rsr_akr_1913_railed_mount_LOD0
0  -0.021263 0.028835 0.052688  0.000000 -1.000000 -0.000162  1.997749 0.239173 0
0  -0.021263 0.028836 0.051325  0.000000 -1.000000 -0.000162  1.990076 0.239173 0
0  -0.017104 0.028835 0.052688  0.000000 -1.000000 -0.000162  1.997749 0.215756 0
mount_dovetail_rsr_akr_1913_railed_mount_LOD0
0  -0.021263 0.028836 0.051325  -0.000040 -1.000000 -0.000040  1.990076 0.239173 0
0  -0.014581 0.028835 0.050165  -0.000040 -1.000000 -0.000040  1.983543 0.201550 0
0  -0.017104 0.028835 0.052688  -0.000040 -1.000000 -0.000040  1.997749 0.215756 0
mount_dovetail_rsr_akr_1913_railed_mount_LOD0
0  -0.021785 0.028836 0.049953  -0.000044 -1.000000 -0.000066  1.982352 0.242113 0
0  -0.014581 0.028835 0.050165  -0.000044 -1.000000 -0.000066  1.983543 0.201550 0
0  -0.021263 0.028836 0.051325  -0.000044 -1.000000 -0.000066  1.990076 0.239173 0
mount_dovetail_rsr_akr_1913_railed_mount_LOD0
0  -0.014581 0.028836 0.049743  -0.000031 -1.000000 -0.000517  1.981167 0.201546 0
0  -0.014581 0.028835 0.050165  -0.000025 -1.000000 -0.000181  1.983543 0.201550 0
0  -0.021785 0.028836 0.049953  -0.000028 -1.000000 -0.000181  1.982352 0.242113 0
mount_dovetail_rsr_akr_1913_railed_mount_LOD0
0  -0.022084 0.028836 0.049743  -0.000019 -1.000000 -0.000155  1.981167 0.243797 0
0  -0.014581 0.028836 0.049743  -0.000019 -1.000000 -0.000155  1.981167 0.201546 0
0  -0.021785 0.028836 0.049953  -0.000023 -1.000000 -0.000059  1.982352 0.242113 0
mount_dovetail_rsr_akr_1913_railed_mount_LOD0
0  -0.021263 0.033595 0.052688  0.000000 1.000000 -0.000001  1.980219 0.323958 0
0  -0.017104 0.033595 0.052688  0.000000 1.000000 -0.000001  1.980219 0.300541 0
0  -0.014581 0.033595 0.050165  0.000000 1.000000 -0.000001  1.994427 0.286336 0
mount_dovetail_rsr_akr_1913_railed_mount_LOD0
0  -0.021263 0.033595 0.051325  0.000033 1.000000 0.000089  1.987891 0.323958 0
0  -0.021263 0.033595 0.052688  0.000033 1.000000 0.000089  1.980219 0.323958 0
0  -0.014581 0.033595 0.050165  0.000033 1.000000 0.000089  1.994427 0.286336 0
mount_dovetail_rsr_akr_1913_railed_mount_LOD0
0  -0.021785 0.033595 0.049953  0.000024 1.000000 0.000033  1.995612 0.326902 0
0  -0.021263 0.033595 0.051325  0.000024 1.000000 0.000033  1.987891 0.323958 0
0  -0.014581 0.033595 0.050165  0.000024 1.000000 0.000033  1.994427 0.286336 0
mount_dovetail_rsr_akr_1913_railed_mount_LOD0
0  -0.021785 0.033595 0.049953  0.000009 1.000000 0.000552  1.995612 0.326902 0
0  -0.014581 0.033595 0.050165  0.000009 1.000000 0.000552  1.994427 0.286336 0
0  -0.014581 0.033595 0.049743  0.000009 1.000000 0.000552  1.996798 0.286336 0
mount_dovetail_rsr_akr_1913_railed_mount_LOD0
0  -0.022084 0.033595 0.049743  0.000000 1.000000 0.000240  1.996798 0.328586 0
0  -0.021785 0.033595 0.049953  0.000000 1.000000 0.000240  1.995612 0.326902 0
0  -0.014581 0.033595 0.049743  0.000000 1.000000 0.000240  1.996798 0.286336 0
mount_dovetail_rsr_akr_1913_railed_mount_LOD0
0  -0.017104 0.033595 0.052688  0.000000 0.000000 1.000000  1.659841 0.025324 0
0  -0.021263 0.033595 0.052688  0.000000 0.000000 1.000000  1.683255 0.025324 0
0  -0.021263 0.028835 0.052688  0.000000 0.000000 1.000000  1.683255 0.052120 0
mount_dovetail_rsr_akr_1913_railed_mount_LOD0
0  -0.017104 0.028835 0.052688  0.000000 0.000000 1.000000  1.659841 0.052120 0
0  -0.017104 0.033595 0.052688  0.000000 0.000000 1.000000  1.659841 0.025324 0
0  -0.021263 0.028835 0.052688  0.000000 0.000000 1.000000  1.683255 0.052120 0
mount_dovetail_rsr_akr_1913_railed_mount_LOD0
0  -0.014581 0.038828 0.049743  0.000000 0.000000 1.000000  1.476451 0.563848 0
0  -0.022084 0.038828 0.049743  0.000000 0.000000 1.000000  1.434204 0.563848 0
0  -0.022084 0.033595 0.049743  0.000000 0.000000 1.000000  1.434204 0.534386 0
mount_dovetail_rsr_akr_1913_railed_mount_LOD0
0  -0.014581 0.033595 0.049743  0.000000 0.000000 1.000000  1.476451 0.534386 0
0  -0.014581 0.038828 0.049743  0.000000 0.000000 1.000000  1.476451 0.563848 0
0  -0.022084 0.033595 0.049743  0.000000 0.000000 1.000000  1.434204 0.534386 0
mount_dovetail_rsr_akr_1913_railed_mount_LOD0
0  -0.017104 0.038828 0.052688  0.707119 0.000000 0.707094  1.977886 0.407633 0
0  -0.014581 0.038828 0.050165  0.707119 0.000000 0.707094  1.997976 0.407633 0
0  -0.014581 0.043588 0.050165  0.707119 0.000000 0.707094  1.997976 0.434431 0
mount_dovetail_rsr_akr_1913_railed_mount_LOD0
0  -0.017104 0.043588 0.052688  0.707115 0.000003 0.707098  1.977886 0.434431 0
0  -0.017104 0.038828 0.052688  0.707115 0.000003 0.707098  1.977886 0.407633 0
0  -0.014581 0.043588 0.050165  0.707115 0.000003 0.707098  1.997976 0.434431 0
mount_dovetail_rsr_akr_1913_railed_mount_LOD0
0  -0.021263 0.038828 0.052688  0.000000 -1.000000 -0.000154  1.479530 0.106488 0
0  -0.021263 0.038828 0.051325  0.000000 -1.000000 -0.000154  1.479530 0.098818 0
0  -0.017104 0.038828 0.052688  0.000000 -1.000000 -0.000154  1.502949 0.106488 0
mount_dovetail_rsr_akr_1913_railed_mount_LOD0
0  -0.021263 0.038828 0.051325  -0.000038 -1.000000 -0.000039  1.479530 0.098818 0
0  -0.014581 0.038828 0.050165  -0.000038 -1.000000 -0.000039  1.517152 0.092280 0
0  -0.017104 0.038828 0.052688  -0.000038 -1.000000 -0.000039  1.502949 0.106488 0
mount_dovetail_rsr_akr_1913_railed_mount_LOD0
0  -0.021785 0.038828 0.049953  -0.000043 -1.000000 -0.000060  1.476586 0.091094 0
0  -0.014581 0.038828 0.050165  -0.000043 -1.000000 -0.000060  1.517152 0.092280 0
0  -0.021263 0.038828 0.051325  -0.000043 -1.000000 -0.000060  1.479530 0.098818 0
mount_dovetail_rsr_akr_1913_railed_mount_LOD0
0  -0.014581 0.038828 0.049743  -0.000019 -1.000000 -0.000162  1.517152 0.089907 0
0  -0.014581 0.038828 0.050165  -0.000024 -1.000000 -0.000162  1.517152 0.092280 0
0  -0.021785 0.038828 0.049953  -0.000027 -1.000000 -0.000162  1.476586 0.091094 0
mount_dovetail_rsr_akr_1913_railed_mount_LOD0
0  -0.022084 0.038828 0.049743  -0.000019 -1.000000 -0.000155  1.474905 0.089907 0
0  -0.014581 0.038828 0.049743  -0.000019 -1.000000 -0.000155  1.517152 0.089907 0
0  -0.021785 0.038828 0.049953  -0.000028 -1.000000 -0.000155  1.476586 0.091094 0
mount_dovetail_rsr_akr_1913_railed_mount_LOD0
0  -0.021263 0.043588 0.052688  0.000000 1.000000 0.000000  1.453038 0.018681 0
0  -0.017104 0.043588 0.052688  0.000000 1.000000 0.000000  1.429621 0.018681 0
0  -0.014581 0.043588 0.050165  0.000000 1.000000 0.000000  1.415414 0.004474 0
mount_dovetail_rsr_akr_1913_railed_mount_LOD0
0  -0.021263 0.043588 0.051325  0.000035 1.000000 0.000096  1.453038 0.011008 0
0  -0.021263 0.043588 0.052688  0.000035 1.000000 0.000096  1.453038 0.018681 0
0  -0.014581 0.043588 0.050165  0.000035 1.000000 0.000096  1.415414 0.004474 0
mount_dovetail_rsr_akr_1913_railed_mount_LOD0
0  -0.021785 0.043588 0.049953  0.000025 1.000000 0.000042  1.455980 0.003287 0
0  -0.021263 0.043588 0.051325  0.000025 1.000000 0.000042  1.453038 0.011008 0
0  -0.014581 0.043588 0.050165  0.000025 1.000000 0.000042  1.415414 0.004474 0
mount_dovetail_rsr_akr_1913_railed_mount_LOD0
0  -0.021785 0.043588 0.049953  0.000009 1.000000 0.000574  1.455980 0.003287 0
0  -0.014581 0.043588 0.050165  0.000009 1.000000 0.000574  1.415414 0.004474 0
0  -0.014581 0.043588 0.049743  0.000009 1.000000 0.000574  1.415416 0.002101 0
mount_dovetail_rsr_akr_1913_railed_mount_LOD0
0  -0.022084 0.043588 0.049743  0.000000 1.000000 0.000295  1.457664 0.002101 0
0  -0.021785 0.043588 0.049953  0.000000 1.000000 0.000295  1.455980 0.003287 0
0  -0.014581 0.043588 0.049743  0.000000 1.000000 0.000295  1.415416 0.002101 0
mount_dovetail_rsr_akr_1913_railed_mount_LOD0
0  -0.017104 0.043588 0.052688  0.000000 0.000000 1.000000  1.758224 0.047701 0
0  -0.021263 0.043588 0.052688  0.000000 0.000000 1.000000  1.781639 0.047701 0
0  -0.021263 0.038828 0.052688  0.000000 0.000000 1.000000  1.781639 0.074498 0
mount_dovetail_rsr_akr_1913_railed_mount_LOD0
0  -0.017104 0.038828 0.052688  0.000000 0.000000 1.000000  1.758224 0.074498 0
0  -0.017104 0.043588 0.052688  0.000000 0.000000 1.000000  1.758224 0.047701 0
0  -0.021263 0.038828 0.052688  0.000000 0.000000 1.000000  1.781639 0.074498 0
mount_dovetail_rsr_akr_1913_railed_mount_LOD0
0  -0.014581 0.048821 0.049743  0.000000 0.000000 1.000000  1.472610 0.444459 0
0  -0.022084 0.048821 0.049743  0.000000 0.000000 1.000000  1.430363 0.444459 0
0  -0.022084 0.043588 0.049743  0.000000 0.000000 1.000000  1.430363 0.414997 0
mount_dovetail_rsr_akr_1913_railed_mount_LOD0
0  -0.014581 0.043588 0.049743  0.000000 0.000000 1.000000  1.472610 0.414997 0
0  -0.014581 0.048821 0.049743  0.000000 0.000000 1.000000  1.472610 0.444459 0
0  -0.022084 0.043588 0.049743  0.000000 0.000000 1.000000  1.430363 0.414997 0
mount_dovetail_rsr_akr_1913_railed_mount_LOD0
0  -0.014581 0.051063 0.050165  0.707113 -0.000008 0.707101  1.998015 0.389816 0
0  -0.014924 0.052321 0.050508  0.707113 -0.000008 0.707101  1.995284 0.382730 0
0  -0.015845 0.053243 0.051429  0.707113 -0.000008 0.707101  1.987946 0.377543 0
mount_dovetail_rsr_akr_1913_railed_mount_LOD0
0  -0.017104 0.053580 0.052688  0.707109 -0.000008 0.707105  1.977923 0.375643 0
0  -0.014581 0.051063 0.050165  0.707109 -0.000008 0.707105  1.998015 0.389816 0
0  -0.015845 0.053243 0.051429  0.707109 -0.000008 0.707105  1.987946 0.377543 0
mount_dovetail_rsr_akr_1913_railed_mount_LOD0
0  -0.014581 0.051063 0.050165  0.707118 0.000004 0.707096  1.998015 0.389816 0
0  -0.017104 0.053580 0.052688  0.707118 0.000004 0.707096  1.977923 0.375643 0
0  -0.017104 0.048821 0.052688  0.707118 0.000004 0.707096  1.977923 0.402442 0
mount_dovetail_rsr_akr_1913_railed_mount_LOD0
0  -0.014581 0.048821 0.050165  0.707120 0.000000 0.707094  1.998015 0.402442 0
0  -0.014581 0.051063 0.050165  0.707120 0.000000 0.707094  1.998015 0.389816 0
0  -0.017104 0.048821 0.052688  0.707120 0.000000 0.707094  1.977923 0.402442 0
mount_dovetail_rsr_akr_1913_railed_mount_LOD0
0  -0.021263 0.048821 0.052688  0.000000 -1.000000 -0.000169  1.074158 0.019567 0
0  -0.021263 0.048821 0.051325  0.000000 -1.000000 -0.000169  1.074159 0.011894 0
0  -0.017104 0.048821 0.052688  0.000000 -1.000000 -0.000169  1.050739 0.019567 0
mount_dovetail_rsr_akr_1913_railed_mount_LOD0
0  -0.021263 0.048821 0.051325  -0.000042 -1.000000 -0.000040  1.074159 0.011894 0
0  -0.014581 0.048821 0.050165  -0.000042 -1.000000 -0.000040  1.036537 0.005359 0
0  -0.017104 0.048821 0.052688  -0.000042 -1.000000 -0.000040  1.050739 0.019567 0
mount_dovetail_rsr_akr_1913_railed_mount_LOD0
0  -0.021785 0.048821 0.049953  -0.000044 -1.000000 -0.000060  1.077102 0.004170 0
0  -0.014581 0.048821 0.050165  -0.000044 -1.000000 -0.000060  1.036537 0.005359 0
0  -0.021263 0.048821 0.051325  -0.000044 -1.000000 -0.000060  1.074159 0.011894 0
mount_dovetail_rsr_akr_1913_railed_mount_LOD0
0  -0.014581 0.048821 0.049743  -0.000029 -1.000000 -0.000536  1.036537 0.002984 0
0  -0.014581 0.048821 0.050165  -0.000029 -1.000000 -0.000536  1.036537 0.005359 0
0  -0.021785 0.048821 0.049953  -0.000029 -1.000000 -0.000536  1.077102 0.004170 0
mount_dovetail_rsr_akr_1913_railed_mount_LOD0
0  -0.022084 0.048821 0.049743  -0.000021 -1.000000 -0.000324  1.078785 0.002984 0
0  -0.014581 0.048821 0.049743  -0.000022 -1.000000 -0.000324  1.036537 0.002984 0
0  -0.021785 0.048821 0.049953  -0.000032 -1.000000 -0.000324  1.077102 0.004170 0
mount_dovetail_rsr_akr_1913_railed_mount_LOD0
0  -0.017104 0.053580 0.052688  0.000000 0.000000 1.000000  1.789030 0.093661 0
0  -0.021263 0.053580 0.052688  0.000000 0.000000 1.000000  1.812444 0.093661 0
0  -0.021263 0.048821 0.052688  0.000000 0.000000 1.000000  1.812444 0.066864 0
mount_dovetail_rsr_akr_1913_railed_mount_LOD0
0  -0.017104 0.048821 0.052688  0.000000 0.000000 1.000000  1.789030 0.066864 0
0  -0.017104 0.053580 0.052688  0.000000 0.000000 1.000000  1.789030 0.093661 0
0  -0.021263 0.048821 0.052688  0.000000 0.000000 1.000000  1.812444 0.066864 0
mount_dovetail_rsr_akr_1913_railed_mount_LOD0
0  -0.022084 -0.011135 0.049743  0.000014 -1.000000 0.000774  1.258583 0.021320 0
0  -0.014581 -0.011135 0.049743  0.000014 -1.000000 0.000774  1.216334 0.021320 0
0  -0.021785 -0.011135 0.049953  0.000000 -1.000000 0.000295  1.256900 0.020135 0
mount_dovetail_rsr_akr_1913_railed_mount_LOD0
0  -0.014581 -0.011135 0.049743  0.000008 -1.000000 0.000574  1.216334 0.021320 0
0  -0.014581 -0.011135 0.050165  0.000008 -1.000000 0.000574  1.216334 0.018942 0
0  -0.021785 -0.011135 0.049953  0.000008 -1.000000 0.000574  1.256900 0.020135 0
mount_dovetail_rsr_akr_1913_railed_mount_LOD0
0  -0.021263 -0.011135 0.051325  0.000024 -1.000000 0.000033  1.253957 0.012410 0
0  -0.021785 -0.011135 0.049953  0.000024 -1.000000 0.000033  1.256900 0.020135 0
0  -0.014581 -0.011135 0.050165  0.000024 -1.000000 0.000033  1.216334 0.018942 0
mount_dovetail_rsr_akr_1913_railed_mount_LOD0
0  -0.021263 -0.011135 0.052688  0.000034 -1.000000 0.000089  1.253957 0.004737 0
0  -0.021263 -0.011135 0.051325  0.000034 -1.000000 0.000089  1.253957 0.012410 0
0  -0.014581 -0.011135 0.050165  0.000034 -1.000000 0.000089  1.216334 0.018942 0
mount_dovetail_rsr_akr_1913_railed_mount_LOD0
0  -0.017104 -0.011135 0.052688  0.000000 -1.000000 0.000000  1.230540 0.004737 0
0  -0.021263 -0.011135 0.052688  0.000000 -1.000000 0.000000  1.253957 0.004737 0
0  -0.014581 -0.011135 0.050165  0.000000 -1.000000 0.000000  1.216334 0.018942 0
mount_dovetail_rsr_akr_1913_railed_mount_LOD0
0  -0.022084 -0.011135 0.049743  0.000000 0.000000 1.000000  1.430363 0.444459 0
0  -0.022084 -0.016368 0.049743  0.000000 0.000000 1.000000  1.430363 0.414997 0
0  -0.014581 -0.016368 0.049743  0.000000 0.000000 1.000000  1.472610 0.414997 0
mount_dovetail_rsr_akr_1913_railed_mount_LOD0
0  -0.014581 -0.011135 0.049743  0.000000 0.000000 1.000000  1.472610 0.444459 0
0  -0.022084 -0.011135 0.049743  0.000000 0.000000 1.000000  1.430363 0.444459 0
0  -0.014581 -0.016368 0.049743  0.000000 0.000000 1.000000  1.472610 0.414997 0
mount_dovetail_rsr_akr_1913_railed_mount_LOD0
0  -0.017104 -0.016368 0.052688  0.707115 -0.000004 0.707098  1.977886 0.434431 0
0  -0.017104 -0.021127 0.052688  0.707115 -0.000004 0.707098  1.977886 0.407633 0
0  -0.014581 -0.021127 0.050165  0.707115 -0.000004 0.707098  1.997976 0.407633 0
mount_dovetail_rsr_akr_1913_railed_mount_LOD0
0  -0.014581 -0.016368 0.050165  0.707120 0.000000 0.707094  1.997976 0.434431 0
0  -0.017104 -0.016368 0.052688  0.707120 0.000000 0.707094  1.977886 0.434431 0
0  -0.014581 -0.021127 0.050165  0.707120 0.000000 0.707094  1.997976 0.407633 0
mount_dovetail_rsr_akr_1913_railed_mount_LOD0
0  -0.021263 -0.016368 0.051325  0.000000 1.000000 -0.000162  1.453038 0.011009 0
0  -0.021263 -0.016368 0.052688  0.000000 1.000000 -0.000162  1.453038 0.018681 0
0  -0.017104 -0.016368 0.052688  0.000000 1.000000 -0.000162  1.429621 0.018681 0
mount_dovetail_rsr_akr_1913_railed_mount_LOD0
0  -0.014581 -0.016368 0.050165  -0.000040 1.000000 -0.000040  1.415416 0.004474 0
0  -0.021263 -0.016368 0.051325  -0.000040 1.000000 -0.000040  1.453038 0.011009 0
0  -0.017104 -0.016368 0.052688  -0.000040 1.000000 -0.000040  1.429621 0.018681 0
mount_dovetail_rsr_akr_1913_railed_mount_LOD0
0  -0.021785 -0.016368 0.049953  -0.000043 1.000000 -0.000057  1.455981 0.003284 0
0  -0.021263 -0.016368 0.051325  -0.000043 1.000000 -0.000057  1.453038 0.011009 0
0  -0.014581 -0.016368 0.050165  -0.000043 1.000000 -0.000057  1.415416 0.004474 0
mount_dovetail_rsr_akr_1913_railed_mount_LOD0
0  -0.021785 -0.016368 0.049953  -0.000029 1.000000 -0.000522  1.455981 0.003284 0
0  -0.014581 -0.016368 0.050165  -0.000029 1.000000 -0.000522  1.415416 0.004474 0
0  -0.014581 -0.016368 0.049743  -0.000029 1.000000 -0.000522  1.415416 0.002099 0
mount_dovetail_rsr_akr_1913_railed_mount_LOD0
0  -0.022084 -0.016368 0.049743  -0.000018 1.000000 -0.000096  1.457666 0.002099 0
0  -0.021785 -0.016368 0.049953  -0.000026 1.000000 -0.000096  1.455981 0.003284 0
0  -0.014581 -0.016368 0.049743  -0.000017 1.000000 -0.000096  1.415416 0.002099 0
mount_dovetail_rsr_akr_1913_railed_mount_LOD0
0  -0.022084 -0.021128 0.049743  0.000014 -1.000000 0.000756  1.474905 0.089908 0
0  -0.014581 -0.021128 0.049743  0.000014 -1.000000 0.000756  1.517154 0.089908 0
0  -0.021785 -0.021128 0.049953  0.000000 -1.000000 0.000276  1.476588 0.091094 0
mount_dovetail_rsr_akr_1913_railed_mount_LOD0
0  -0.014581 -0.021128 0.049743  0.000008 -1.000000 0.000574  1.517154 0.089908 0
0  -0.014581 -0.021127 0.050165  0.000008 -1.000000 0.000574  1.517154 0.092282 0
0  -0.021785 -0.021128 0.049953  0.000008 -1.000000 0.000574  1.476588 0.091094 0
mount_dovetail_rsr_akr_1913_railed_mount_LOD0
0  -0.021263 -0.021128 0.051325  0.000024 -1.000000 0.000039  1.479530 0.098816 0
0  -0.021785 -0.021128 0.049953  0.000024 -1.000000 0.000039  1.476588 0.091094 0
0  -0.014581 -0.021127 0.050165  0.000024 -1.000000 0.000039  1.517154 0.092282 0
mount_dovetail_rsr_akr_1913_railed_mount_LOD0
0  -0.021263 -0.021127 0.052688  0.000033 -1.000000 0.000086  1.479530 0.106488 0
0  -0.021263 -0.021128 0.051325  0.000033 -1.000000 0.000086  1.479530 0.098816 0
0  -0.014581 -0.021127 0.050165  0.000033 -1.000000 0.000086  1.517154 0.092282 0
mount_dovetail_rsr_akr_1913_railed_mount_LOD0
0  -0.017104 -0.021127 0.052688  0.000000 -1.000000 0.000000  1.502948 0.106488 0
0  -0.021263 -0.021127 0.052688  0.000000 -1.000000 0.000000  1.479530 0.106488 0
0  -0.014581 -0.021127 0.050165  0.000000 -1.000000 0.000000  1.517154 0.092282 0
mount_dovetail_rsr_akr_1913_railed_mount_LOD0
0  -0.021263 -0.016368 0.052688  0.000000 0.000000 1.000000  1.781639 0.047701 0
0  -0.021263 -0.021127 0.052688  0.000000 0.000000 1.000000  1.781639 0.074498 0
0  -0.017104 -0.021127 0.052688  0.000000 0.000000 1.000000  1.758224 0.074498 0
mount_dovetail_rsr_akr_1913_railed_mount_LOD0
0  -0.017104 -0.016368 0.052688  0.000000 0.000000 1.000000  1.758224 0.047701 0
0  -0.021263 -0.016368 0.052688  0.000000 0.000000 1.000000  1.781639 0.047701 0
0  -0.017104 -0.021127 0.052688  0.000000 0.000000 1.000000  1.758224 0.074498 0
mount_dovetail_rsr_akr_1913_railed_mount_LOD0
0  -0.022084 -0.021128 0.049743  0.000000 0.000000 1.000000  0.434204 0.563848 0
0  -0.022084 -0.026361 0.049743  0.000000 0.000000 1.000000  0.434204 0.534386 0
0  -0.014581 -0.026361 0.049743  0.000000 0.000000 1.000000  0.476451 0.534386 0
mount_dovetail_rsr_akr_1913_railed_mount_LOD0
0  -0.014581 -0.021128 0.049743  0.000000 0.000000 1.000000  0.476451 0.563848 0
0  -0.022084 -0.021128 0.049743  0.000000 0.000000 1.000000  0.434204 0.563848 0
0  -0.014581 -0.026361 0.049743  0.000000 0.000000 1.000000  0.476451 0.534386 0
mount_dovetail_rsr_akr_1913_railed_mount_LOD0
0  -0.017104 -0.026360 0.052688  0.707115 -0.000003 0.707099  0.977909 0.529771 0
0  -0.017104 -0.031120 0.052688  0.707115 -0.000003 0.707099  0.977909 0.502974 0
0  -0.014581 -0.031120 0.050165  0.707115 -0.000003 0.707099  0.997997 0.502974 0
mount_dovetail_rsr_akr_1913_railed_mount_LOD0
0  -0.014581 -0.026360 0.050165  0.707119 0.000000 0.707095  0.997997 0.529771 0
0  -0.017104 -0.026360 0.052688  0.707119 0.000000 0.707095  0.977909 0.529771 0
0  -0.014581 -0.031120 0.050165  0.707119 0.000000 0.707095  0.997997 0.502974 0
mount_dovetail_rsr_akr_1913_railed_mount_LOD0
0  -0.021263 -0.026361 0.051325  0.000000 1.000000 -0.000159  0.987891 0.323958 0
0  -0.021263 -0.026360 0.052688  0.000000 1.000000 -0.000159  0.980219 0.323958 0
0  -0.017104 -0.026360 0.052688  0.000000 1.000000 -0.000159  0.980219 0.300541 0
mount_dovetail_rsr_akr_1913_railed_mount_LOD0
0  -0.014581 -0.026360 0.050165  -0.000040 1.000000 -0.000040  0.994427 0.286336 0
0  -0.021263 -0.026361 0.051325  -0.000040 1.000000 -0.000040  0.987891 0.323958 0
0  -0.017104 -0.026360 0.052688  -0.000040 1.000000 -0.000040  0.980219 0.300541 0
mount_dovetail_rsr_akr_1913_railed_mount_LOD0
0  -0.021785 -0.026361 0.049953  -0.000043 1.000000 -0.000060  0.995615 0.326902 0
0  -0.021263 -0.026361 0.051325  -0.000043 1.000000 -0.000060  0.987891 0.323958 0
0  -0.014581 -0.026360 0.050165  -0.000043 1.000000 -0.000060  0.994427 0.286336 0
mount_dovetail_rsr_akr_1913_railed_mount_LOD0
0  -0.021785 -0.026361 0.049953  -0.000029 1.000000 -0.000516  0.995615 0.326902 0
0  -0.014581 -0.026360 0.050165  -0.000029 1.000000 -0.000516  0.994427 0.286336 0
0  -0.014581 -0.026361 0.049743  -0.000029 1.000000 -0.000516  0.996801 0.286336 0
mount_dovetail_rsr_akr_1913_railed_mount_LOD0
0  -0.022084 -0.026361 0.049743  -0.000017 1.000000 -0.000114  0.996801 0.328583 0
0  -0.021785 -0.026361 0.049953  -0.000025 1.000000 -0.000114  0.995615 0.326902 0
0  -0.014581 -0.026361 0.049743  -0.000017 1.000000 -0.000114  0.996801 0.286336 0
mount_dovetail_rsr_akr_1913_railed_mount_LOD0
0  -0.022084 -0.031120 0.049743  0.000014 -1.000000 0.000774  0.981168 0.243800 0
0  -0.014581 -0.031120 0.049743  0.000014 -1.000000 0.000774  0.981168 0.201553 0
0  -0.021785 -0.031120 0.049953  0.000000 -1.000000 0.000295  0.982352 0.242117 0
mount_dovetail_rsr_akr_1913_railed_mount_LOD0
0  -0.014581 -0.031120 0.049743  0.000008 -1.000000 0.000565  0.981168 0.201553 0
0  -0.014581 -0.031120 0.050165  0.000008 -1.000000 0.000565  0.983545 0.201553 0
0  -0.021785 -0.031120 0.049953  0.000008 -1.000000 0.000565  0.982352 0.242117 0
mount_dovetail_rsr_akr_1913_railed_mount_LOD0
0  -0.021263 -0.031120 0.051325  0.000024 -1.000000 0.000033  0.990076 0.239176 0
0  -0.021785 -0.031120 0.049953  0.000024 -1.000000 0.000033  0.982352 0.242117 0
0  -0.014581 -0.031120 0.050165  0.000024 -1.000000 0.000033  0.983545 0.201553 0
mount_dovetail_rsr_akr_1913_railed_mount_LOD0
0  -0.021263 -0.031120 0.052688  0.000034 -1.000000 0.000089  0.997749 0.239175 0
0  -0.021263 -0.031120 0.051325  0.000034 -1.000000 0.000089  0.990076 0.239176 0
0  -0.014581 -0.031120 0.050165  0.000034 -1.000000 0.000089  0.983545 0.201553 0
mount_dovetail_rsr_akr_1913_railed_mount_LOD0
0  -0.017104 -0.031120 0.052688  0.000000 -1.000000 0.000003  0.997749 0.215756 0
0  -0.021263 -0.031120 0.052688  0.000000 -1.000000 0.000003  0.997749 0.239175 0
0  -0.014581 -0.031120 0.050165  0.000000 -1.000000 0.000003  0.983545 0.201553 0
mount_dovetail_rsr_akr_1913_railed_mount_LOD0
0  -0.021263 -0.026360 0.052688  0.000000 0.000000 1.000000  0.683255 0.025324 0
0  -0.021263 -0.031120 0.052688  0.000000 0.000000 1.000000  0.683255 0.052120 0
0  -0.017104 -0.031120 0.052688  0.000000 0.000000 1.000000  0.659841 0.052120 0
mount_dovetail_rsr_akr_1913_railed_mount_LOD0
0  -0.017104 -0.026360 0.052688  0.000000 0.000000 1.000000  0.659841 0.025324 0
0  -0.021263 -0.026360 0.052688  0.000000 0.000000 1.000000  0.683255 0.025324 0
0  -0.017104 -0.031120 0.052688  0.000000 0.000000 1.000000  0.659841 0.052120 0
mount_dovetail_rsr_akr_1913_railed_mount_LOD0
0  -0.022084 -0.031120 0.049743  0.000000 0.000000 1.000000  0.002245 0.379025 0
0  -0.022084 -0.036353 0.049743  0.000000 0.000000 1.000000  0.031707 0.379025 0
0  -0.014581 -0.036353 0.049743  0.000000 0.000000 1.000000  0.031707 0.421272 0
mount_dovetail_rsr_akr_1913_railed_mount_LOD0
0  -0.014581 -0.031120 0.049743  0.000000 0.000000 1.000000  0.002245 0.421272 0
0  -0.022084 -0.031120 0.049743  0.000000 0.000000 1.000000  0.002245 0.379025 0
0  -0.014581 -0.036353 0.049743  0.000000 0.000000 1.000000  0.031707 0.421272 0
mount_dovetail_rsr_akr_1913_railed_mount_LOD0
0  -0.021263 -0.031120 0.051325  -0.983497 0.000016 0.180924  0.227248 0.786710 0
0  -0.021263 -0.031120 0.052688  -1.000000 0.000000 0.000000  0.227241 0.779038 0
0  -0.021263 -0.026360 0.052688  -1.000000 0.000000 0.000000  0.254041 0.779016 0
mount_dovetail_rsr_akr_1913_railed_mount_LOD0
0  -0.021263 -0.026361 0.051325  -0.983523 0.000003 0.180783  0.254047 0.786688 0
0  -0.021263 -0.031120 0.051325  -0.983497 0.000010 0.180924  0.227248 0.786710 0
0  -0.021263 -0.026360 0.052688  -1.000000 0.000000 0.000000  0.254041 0.779016 0
mount_dovetail_rsr_akr_1913_railed_mount_LOD0
0  -0.021263 -0.031120 0.051325  -0.983451 0.000001 0.181176  0.227248 0.786710 0
0  -0.021263 -0.026361 0.051325  -0.983468 -0.000007 0.181081  0.254047 0.786688 0
0  -0.021785 -0.031120 0.049953  -0.789591 0.000012 0.613634  0.227256 0.794974 0
mount_dovetail_rsr_akr_1913_railed_mount_LOD0
0  -0.021263 -0.026361 0.051325  -0.983468 -0.000012 0.181080  0.254047 0.786688 0
0  -0.021785 -0.026361 0.049953  -0.789592 0.000006 0.613632  0.254054 0.794951 0
0  -0.021785 -0.031120 0.049953  -0.789592 0.000011 0.613632  0.227256 0.794974 0
mount_dovetail_rsr_akr_1913_railed_mount_LOD0
0  -0.021785 -0.026361 0.049953  -0.789427 0.000080 0.613844  0.254054 0.794951 0
0  -0.022084 -0.026361 0.049743  -0.575672 0.000000 0.817681  0.254058 0.797008 0
0  -0.021785 -0.031120 0.049953  -0.789428 0.000014 0.613843  0.227256 0.794974 0
mount_dovetail_rsr_akr_1913_railed_mount_LOD0
0  -0.022084 -0.026361 0.049743  -0.575661 0.000000 0.817688  0.254058 0.797008 0
0  -0.022084 -0.031120 0.049743  -0.575661 0.000000 0.817688  0.227258 0.797028 0
0  -0.021785 -0.031120 0.049953  -0.789420 -0.000034 0.613853  0.227256 0.794974 0
mount_dovetail_rsr_akr_1913_railed_mount_LOD0
0  -0.022084 -0.031120 0.049743  -0.575551 0.000000 0.817766  0.227258 0.797028 0
0  -0.022084 -0.026361 0.049743  -0.575551 0.000000 0.817766  0.254058 0.797008 0
0  -0.023212 -0.041113 0.048949  -0.389374 0.000009 0.921080  0.170998 0.804798 0
mount_dovetail_rsr_akr_1913_railed_mount_LOD0
0  -0.022084 -0.036353 0.049743  -0.575561 0.000000 0.817759  0.197798 0.797035 0
0  -0.022084 -0.031120 0.049743  -0.575561 0.000000 0.817759  0.227258 0.797028 0
0  -0.023212 -0.041113 0.048949  -0.389385 -0.000011 0.921075  0.170998 0.804798 0
mount_dovetail_rsr_akr_1913_railed_mount_LOD0
0  -0.022084 -0.036353 0.049743  -0.575556 0.000000 0.817763  0.197798 0.797035 0
0  -0.023212 -0.041113 0.048949  -0.389379 0.000000 0.921078  0.170998 0.804798 0
0  -0.022084 -0.041113 0.049743  -0.575556 0.000000 0.817763  0.171002 0.797035 0
mount_dovetail_rsr_akr_1913_railed_mount_LOD0
0  -0.022084 -0.036353 0.049743  -0.575660 0.000000 0.817689  0.197798 0.797035 0
0  -0.022084 -0.041113 0.049743  -0.575660 0.000000 0.817689  0.171002 0.797035 0
0  -0.021785 -0.041113 0.049953  -0.789419 -0.000034 0.613854  0.171000 0.794982 0
mount_dovetail_rsr_akr_1913_railed_mount_LOD0
0  -0.021785 -0.036353 0.049953  -0.789439 0.000088 0.613830  0.197798 0.794981 0
0  -0.022084 -0.036353 0.049743  -0.575687 -0.000001 0.817670  0.197798 0.797035 0
0  -0.021785 -0.041113 0.049953  -0.789439 0.000012 0.613829  0.171000 0.794982 0
mount_dovetail_rsr_akr_1913_railed_mount_LOD0
0  -0.021263 -0.036353 0.051325  -0.983476 -0.000016 0.181041  0.197798 0.786716 0
0  -0.021785 -0.036353 0.049953  -0.789586 0.000006 0.613639  0.197798 0.794981 0
0  -0.021785 -0.041113 0.049953  -0.789586 0.000008 0.613640  0.171000 0.794982 0
mount_dovetail_rsr_akr_1913_railed_mount_LOD0
0  -0.021263 -0.041113 0.051325  -0.983451 0.000001 0.181173  0.171000 0.786719 0
0  -0.021263 -0.036353 0.051325  -0.983468 -0.000007 0.181079  0.197798 0.786716 0
0  -0.021785 -0.041113 0.049953  -0.789592 0.000012 0.613632  0.171000 0.794982 0
mount_dovetail_rsr_akr_1913_railed_mount_LOD0
0  -0.021263 -0.036353 0.051325  -0.983523 0.000003 0.180783  0.197798 0.786716 0
0  -0.021263 -0.041113 0.051325  -0.983497 0.000011 0.180924  0.171000 0.786719 0
0  -0.021263 -0.036353 0.052688  -1.000000 0.000000 0.000000  0.197799 0.779043 0
mount_dovetail_rsr_akr_1913_railed_mount_LOD0
0  -0.021263 -0.041113 0.051325  -0.983497 0.000016 0.180924  0.171000 0.786719 0
0  -0.021263 -0.041113 0.052688  -1.000000 0.000000 0.000000  0.171000 0.779047 0
0  -0.021263 -0.036353 0.052688  -1.000000 0.000000 0.000000  0.197799 0.779043 0
mount_dovetail_rsr_akr_1913_railed_mount_LOD0
0  -0.022084 -0.041113 0.049743  -0.575555 0.000000 0.817763  0.171002 0.797035 0
0  -0.023212 -0.041113 0.048949  -0.389379 -0.000022 0.921078  0.170998 0.804798 0
0  -0.022084 -0.046346 0.049743  -0.575555 0.000000 0.817763  0.141541 0.797011 0
mount_dovetail_rsr_akr_1913_railed_mount_LOD0
0  -0.022084 -0.046346 0.049743  -0.575563 0.000000 0.817758  0.141541 0.797011 0
0  -0.023212 -0.041113 0.048949  -0.389387 -0.000004 0.921074  0.170998 0.804798 0
0  -0.022084 -0.051106 0.049743  -0.575563 0.000000 0.817758  0.114743 0.796984 0
mount_dovetail_rsr_akr_1913_railed_mount_LOD0
0  -0.022084 -0.046346 0.049743  -0.575670 0.000000 0.817682  0.141541 0.797011 0
0  -0.022084 -0.051106 0.049743  -0.575670 0.000000 0.817682  0.114743 0.796984 0
0  -0.021785 -0.051105 0.049953  -0.789427 -0.000041 0.613845  0.114744 0.794924 0
mount_dovetail_rsr_akr_1913_railed_mount_LOD0
0  -0.021785 -0.046346 0.049953  -0.789438 0.000089 0.613830  0.141543 0.794956 0
0  -0.022084 -0.046346 0.049743  -0.575687 0.000000 0.817670  0.141541 0.797011 0
0  -0.021785 -0.051105 0.049953  -0.789439 0.000014 0.613829  0.114744 0.794924 0
mount_dovetail_rsr_akr_1913_railed_mount_LOD0
0  -0.021263 -0.046346 0.051325  -0.983476 -0.000014 0.181041  0.141555 0.786695 0
0  -0.021785 -0.046346 0.049953  -0.789586 -0.000006 0.613639  0.141543 0.794956 0
0  -0.021785 -0.051105 0.049953  -0.789586 0.000011 0.613640  0.114744 0.794924 0
mount_dovetail_rsr_akr_1913_railed_mount_LOD0
0  -0.021263 -0.051105 0.051325  -0.983450 0.000001 0.181180  0.114757 0.786661 0
0  -0.021263 -0.046346 0.051325  -0.983476 -0.000007 0.181038  0.141555 0.786695 0
0  -0.021785 -0.051105 0.049953  -0.789588 0.000012 0.613637  0.114744 0.794924 0
mount_dovetail_rsr_akr_1913_railed_mount_LOD0
0  -0.021263 -0.046346 0.051325  -0.983523 0.000003 0.180783  0.141555 0.786695 0
0  -0.021263 -0.051105 0.051325  -0.983497 0.000011 0.180924  0.114757 0.786661 0
0  -0.021263 -0.046346 0.052688  -1.000000 0.000000 0.000000  0.141567 0.779022 0
mount_dovetail_rsr_akr_1913_railed_mount_LOD0
0  -0.021263 -0.051105 0.051325  -0.983497 0.000016 0.180924  0.114757 0.786661 0
0  -0.021263 -0.051105 0.052688  -1.000000 0.000000 0.000000  0.114767 0.778986 0
0  -0.021263 -0.046346 0.052688  -1.000000 0.000000 0.000000  0.141567 0.779022 0
mount_dovetail_rsr_akr_1913_railed_mount_LOD0
0  -0.022084 -0.051106 0.049743  -0.575542 0.000001 0.817772  0.114743 0.796984 0
0  -0.023212 -0.041113 0.048949  -0.389364 0.000010 0.921084  0.170998 0.804798 0
0  -0.022084 -0.056338 0.049743  -0.575542 0.000001 0.817772  0.085282 0.796940 0
mount_dovetail_rsr_akr_1913_railed_mount_LOD0
0  -0.022084 -0.056338 0.049743  -0.575554 0.000000 0.817764  0.085282 0.796940 0
0  -0.023212 -0.041113 0.048949  -0.389377 -0.000017 0.921078  0.170998 0.804798 0
0  -0.023212 -0.071091 0.048949  -0.389377 -0.000012 0.921078  0.002209 0.804580 0
mount_dovetail_rsr_akr_1913_railed_mount_LOD0
0  -0.022084 -0.061098 0.049743  -0.575543 -0.000001 0.817771  0.058485 0.796903 0
0  -0.022084 -0.056338 0.049743  -0.575543 -0.000001 0.817771  0.085282 0.796940 0
0  -0.023212 -0.071091 0.048949  -0.389366 0.000008 0.921083  0.002209 0.804580 0
mount_dovetail_rsr_akr_1913_railed_mount_LOD0
0  -0.022084 -0.066331 0.049743  -0.575566 0.000001 0.817755  0.029022 0.796856 0
0  -0.022084 -0.061098 0.049743  -0.575566 0.000001 0.817755  0.058485 0.796903 0
0  -0.023212 -0.071091 0.048949  -0.389391 -0.000010 0.921072  0.002209 0.804580 0
mount_dovetail_rsr_akr_1913_railed_mount_LOD0
0  -0.022084 -0.071091 0.049743  -0.575558 0.000000 0.817761  0.002222 0.796809 0
0  -0.022084 -0.066331 0.049743  -0.575558 0.000000 0.817761  0.029022 0.796856 0
0  -0.023212 -0.071091 0.048949  -0.389382 0.000000 0.921077  0.002209 0.804580 0
mount_dovetail_rsr_akr_1913_railed_mount_LOD0
0  -0.022084 -0.056338 0.049743  -0.575670 -0.000002 0.817682  0.085282 0.796940 0
0  -0.022084 -0.061098 0.049743  -0.575670 -0.000002 0.817682  0.058485 0.796903 0
0  -0.021785 -0.061098 0.049953  -0.789427 -0.000043 0.613845  0.058488 0.794840 0
mount_dovetail_rsr_akr_1913_railed_mount_LOD0
0  -0.021785 -0.056339 0.049953  -0.789428 0.000089 0.613843  0.085286 0.794884 0
0  -0.022084 -0.056338 0.049743  -0.575673 0.000000 0.817680  0.085282 0.796940 0
0  -0.021785 -0.061098 0.049953  -0.789428 0.000014 0.613843  0.058488 0.794840 0
mount_dovetail_rsr_akr_1913_railed_mount_LOD0
0  -0.021263 -0.056338 0.051325  -0.983476 -0.000014 0.181041  0.085302 0.786620 0
0  -0.021785 -0.056339 0.049953  -0.789586 -0.000006 0.613639  0.085286 0.794884 0
0  -0.021785 -0.061098 0.049953  -0.789586 0.000011 0.613640  0.058488 0.794840 0
mount_dovetail_rsr_akr_1913_railed_mount_LOD0
0  -0.021263 -0.061098 0.051325  -0.983450 0.000001 0.181180  0.058503 0.786574 0
0  -0.021263 -0.056338 0.051325  -0.983476 -0.000007 0.181039  0.085302 0.786620 0
0  -0.021785 -0.061098 0.049953  -0.789588 0.000012 0.613638  0.058488 0.794840 0
mount_dovetail_rsr_akr_1913_railed_mount_LOD0
0  -0.021263 -0.056338 0.051325  -0.983523 0.000003 0.180783  0.085302 0.786620 0
0  -0.021263 -0.061098 0.051325  -0.983497 0.000011 0.180924  0.058503 0.786574 0
0  -0.021263 -0.056338 0.052688  -1.000000 0.000000 0.000000  0.085317 0.778949 0
mount_dovetail_rsr_akr_1913_railed_mount_LOD0
0  -0.021263 -0.061098 0.051325  -0.983497 0.000016 0.180924  0.058503 0.786574 0
0  -0.021263 -0.061098 0.052688  -1.000000 0.000000 0.000000  0.058518 0.778900 0
0  -0.021263 -0.056338 0.052688  -1.000000 0.000000 0.000000  0.085317 0.778949 0
mount_dovetail_rsr_akr_1913_railed_mount_LOD0
0  -0.022084 -0.066331 0.049743  -0.575661 0.000000 0.817688  0.029022 0.796856 0
0  -0.022084 -0.071091 0.049743  -0.575661 0.000000 0.817688  0.002222 0.796809 0
0  -0.021785 -0.071091 0.049953  -0.789420 -0.000036 0.613853  0.002227 0.794745 0
mount_dovetail_rsr_akr_1913_railed_mount_LOD0
0  -0.021785 -0.066331 0.049953  -0.789419 0.000083 0.613854  0.029026 0.794797 0
0  -0.022084 -0.066331 0.049743  -0.575660 0.000000 0.817689  0.029022 0.796856 0
0  -0.021785 -0.071091 0.049953  -0.789419 0.000014 0.613854  0.002227 0.794745 0
mount_dovetail_rsr_akr_1913_railed_mount_LOD0
0  -0.021263 -0.066331 0.051325  -0.983476 -0.000013 0.181040  0.029044 0.786534 0
0  -0.021785 -0.066331 0.049953  -0.789587 0.000007 0.613639  0.029026 0.794797 0
0  -0.021785 -0.071091 0.049953  -0.789587 0.000011 0.613639  0.002227 0.794745 0
mount_dovetail_rsr_akr_1913_railed_mount_LOD0
0  -0.021263 -0.071091 0.051325  -0.983450 0.000001 0.181180  0.002246 0.786477 0
0  -0.021263 -0.066331 0.051325  -0.983476 -0.000007 0.181039  0.029044 0.786534 0
0  -0.021785 -0.071091 0.049953  -0.789588 0.000012 0.613638  0.002227 0.794745 0
mount_dovetail_rsr_akr_1913_railed_mount_LOD0
0  -0.021263 -0.066331 0.051325  -0.983523 0.000003 0.180783  0.029044 0.786534 0
0  -0.021263 -0.071091 0.051325  -0.983497 0.000010 0.180924  0.002246 0.786477 0
0  -0.021263 -0.066331 0.052688  -1.000000 0.000000 0.000000  0.029062 0.778861 0
mount_dovetail_rsr_akr_1913_railed_mount_LOD0
0  -0.021263 -0.071091 0.051325  -0.983497 0.000017 0.180924  0.002246 0.786477 0
0  -0.021263 -0.071090 0.052688  -1.000000 0.000000 0.000000  0.002263 0.778804 0
0  -0.021263 -0.066331 0.052688  -1.000000 0.000000 0.000000  0.029062 0.778861 0
mount_dovetail_rsr_akr_1913_railed_mount_LOD0
0  -0.017104 -0.036353 0.052688  0.707117 -0.000003 0.707096  0.977885 0.497952 0
0  -0.017104 -0.041113 0.052688  0.707117 -0.000003 0.707096  0.977885 0.471154 0
0  -0.014581 -0.041113 0.050165  0.707117 -0.000003 0.707096  0.997974 0.471154 0
mount_dovetail_rsr_akr_1913_railed_mount_LOD0
0  -0.014581 -0.036353 0.050165  0.707117 -0.000002 0.707096  0.997974 0.497952 0
0  -0.017104 -0.036353 0.052688  0.707117 -0.000002 0.707096  0.977885 0.497952 0
0  -0.014581 -0.041113 0.050165  0.707117 -0.000002 0.707096  0.997974 0.471154 0
mount_dovetail_rsr_akr_1913_railed_mount_LOD0
0  -0.021263 -0.036353 0.051325  0.000000 1.000000 -0.000164  0.988483 0.154596 0
0  -0.021263 -0.036353 0.052688  0.000000 1.000000 -0.000164  0.980809 0.154596 0
0  -0.017104 -0.036353 0.052688  0.000000 1.000000 -0.000164  0.980809 0.131178 0
mount_dovetail_rsr_akr_1913_railed_mount_LOD0
0  -0.014581 -0.036353 0.050165  -0.000040 1.000000 -0.000042  0.995020 0.116974 0
0  -0.021263 -0.036353 0.051325  -0.000040 1.000000 -0.000042  0.988483 0.154596 0
0  -0.017104 -0.036353 0.052688  -0.000040 1.000000 -0.000042  0.980809 0.131178 0
mount_dovetail_rsr_akr_1913_railed_mount_LOD0
0  -0.021785 -0.036353 0.049953  -0.000044 1.000000 -0.000060  0.996206 0.157539 0
0  -0.021263 -0.036353 0.051325  -0.000044 1.000000 -0.000060  0.988483 0.154596 0
0  -0.014581 -0.036353 0.050165  -0.000044 1.000000 -0.000060  0.995020 0.116974 0
mount_dovetail_rsr_akr_1913_railed_mount_LOD0
0  -0.021785 -0.036353 0.049953  -0.000031 1.000000 -0.000529  0.996206 0.157539 0
0  -0.014581 -0.036353 0.050165  -0.000031 1.000000 -0.000529  0.995020 0.116974 0
0  -0.014581 -0.036353 0.049743  -0.000031 1.000000 -0.000529  0.997393 0.116974 0
mount_dovetail_rsr_akr_1913_railed_mount_LOD0
0  -0.022084 -0.036353 0.049743  -0.000014 1.000000 0.000074  0.997393 0.159224 0
0  -0.021785 -0.036353 0.049953  -0.000020 1.000000 0.000074  0.996206 0.157539 0
0  -0.014581 -0.036353 0.049743  -0.000014 1.000000 0.000074  0.997393 0.116974 0
mount_dovetail_rsr_akr_1913_railed_mount_LOD0
0  -0.022084 -0.041113 0.049743  0.000012 -1.000000 0.000737  0.997417 0.036232 0
0  -0.014581 -0.041113 0.049743  0.000012 -1.000000 0.000737  0.997417 0.078481 0
0  -0.021785 -0.041113 0.049953  0.000000 -1.000000 0.000258  0.996233 0.037915 0
mount_dovetail_rsr_akr_1913_railed_mount_LOD0
0  -0.014581 -0.041113 0.049743  0.000008 -1.000000 0.000555  0.997417 0.078481 0
0  -0.014581 -0.041113 0.050165  0.000008 -1.000000 0.000555  0.995042 0.078481 0
0  -0.021785 -0.041113 0.049953  0.000008 -1.000000 0.000555  0.996233 0.037915 0
mount_dovetail_rsr_akr_1913_railed_mount_LOD0
0  -0.021263 -0.041113 0.051325  0.000024 -1.000000 0.000036  0.988511 0.040857 0
0  -0.021785 -0.041113 0.049953  0.000024 -1.000000 0.000036  0.996233 0.037915 0
0  -0.014581 -0.041113 0.050165  0.000024 -1.000000 0.000036  0.995042 0.078481 0
mount_dovetail_rsr_akr_1913_railed_mount_LOD0
0  -0.021263 -0.041113 0.052688  0.000033 -1.000000 0.000089  0.980836 0.040857 0
0  -0.021263 -0.041113 0.051325  0.000033 -1.000000 0.000089  0.988511 0.040857 0
0  -0.014581 -0.041113 0.050165  0.000033 -1.000000 0.000089  0.995042 0.078481 0
mount_dovetail_rsr_akr_1913_railed_mount_LOD0
0  -0.017104 -0.041113 0.052688  0.000000 -1.000000 0.000000  0.980836 0.064274 0
0  -0.021263 -0.041113 0.052688  0.000000 -1.000000 0.000000  0.980836 0.040857 0
0  -0.014581 -0.041113 0.050165  0.000000 -1.000000 0.000000  0.995042 0.078481 0
mount_dovetail_rsr_akr_1913_railed_mount_LOD0
0  -0.021263 -0.036353 0.052688  0.000000 0.000000 1.000000  0.655602 0.025490 0
0  -0.021263 -0.041113 0.052688  0.000000 0.000000 1.000000  0.655602 0.052288 0
0  -0.017104 -0.041113 0.052688  0.000000 0.000000 1.000000  0.632187 0.052288 0
mount_dovetail_rsr_akr_1913_railed_mount_LOD0
0  -0.017104 -0.036353 0.052688  0.000000 0.000000 1.000000  0.632187 0.025490 0
0  -0.021263 -0.036353 0.052688  0.000000 0.000000 1.000000  0.655602 0.025490 0
0  -0.017104 -0.041113 0.052688  0.000000 0.000000 1.000000  0.632187 0.052288 0
mount_dovetail_rsr_akr_1913_railed_mount_LOD0
0  -0.022084 -0.041113 0.049743  0.000000 0.000000 1.000000  0.751604 0.090966 0
0  -0.022084 -0.046346 0.049743  0.000000 0.000000 1.000000  0.722144 0.090966 0
0  -0.014581 -0.046346 0.049743  0.000000 0.000000 1.000000  0.722144 0.048719 0
mount_dovetail_rsr_akr_1913_railed_mount_LOD0
0  -0.014581 -0.041113 0.049743  0.000000 0.000000 1.000000  0.751604 0.048719 0
0  -0.022084 -0.041113 0.049743  0.000000 0.000000 1.000000  0.751604 0.090966 0
0  -0.014581 -0.046346 0.049743  0.000000 0.000000 1.000000  0.722144 0.048719 0
mount_dovetail_rsr_akr_1913_railed_mount_LOD0
0  -0.017104 -0.046346 0.052688  0.707117 -0.000003 0.707097  0.977891 0.465896 0
0  -0.017104 -0.051105 0.052688  0.707117 -0.000003 0.707097  0.977891 0.439099 0
0  -0.014581 -0.051105 0.050165  0.707117 -0.000003 0.707097  0.997981 0.439099 0
mount_dovetail_rsr_akr_1913_railed_mount_LOD0
0  -0.014581 -0.046346 0.050165  0.707120 0.000000 0.707094  0.997981 0.465896 0
0  -0.017104 -0.046346 0.052688  0.707120 0.000000 0.707094  0.977891 0.465896 0
0  -0.014581 -0.051105 0.050165  0.707120 0.000000 0.707094  0.997981 0.439099 0
mount_dovetail_rsr_akr_1913_railed_mount_LOD0
0  -0.021263 -0.046346 0.051325  0.000003 1.000000 -0.000159  0.167840 0.012091 0
0  -0.021263 -0.046346 0.052688  0.000003 1.000000 -0.000159  0.167840 0.019762 0
0  -0.017104 -0.046346 0.052688  0.000003 1.000000 -0.000159  0.144420 0.019762 0
mount_dovetail_rsr_akr_1913_railed_mount_LOD0
0  -0.014581 -0.046346 0.050165  -0.000038 1.000000 -0.000040  0.130217 0.005552 0
0  -0.021263 -0.046346 0.051325  -0.000038 1.000000 -0.000040  0.167840 0.012091 0
0  -0.017104 -0.046346 0.052688  -0.000038 1.000000 -0.000040  0.144420 0.019762 0
mount_dovetail_rsr_akr_1913_railed_mount_LOD0
0  -0.021785 -0.046346 0.049953  -0.000043 1.000000 -0.000066  0.170782 0.004367 0
0  -0.021263 -0.046346 0.051325  -0.000043 1.000000 -0.000066  0.167840 0.012091 0
0  -0.014581 -0.046346 0.050165  -0.000043 1.000000 -0.000066  0.130217 0.005552 0
mount_dovetail_rsr_akr_1913_railed_mount_LOD0
0  -0.021785 -0.046346 0.049953  -0.000025 1.000000 0.000039  0.170782 0.004367 0
0  -0.014581 -0.046346 0.050165  -0.000020 1.000000 0.000039  0.130217 0.005552 0
0  -0.014581 -0.046346 0.049743  -0.000011 1.000000 0.000039  0.130217 0.003179 0
mount_dovetail_rsr_akr_1913_railed_mount_LOD0
0  -0.022084 -0.046346 0.049743  -0.000014 1.000000 0.000111  0.172466 0.003179 0
0  -0.021785 -0.046346 0.049953  -0.000020 1.000000 0.000111  0.170782 0.004367 0
0  -0.014581 -0.046346 0.049743  -0.000014 1.000000 0.000111  0.130217 0.003179 0
mount_dovetail_rsr_akr_1913_railed_mount_LOD0
0  -0.022084 -0.051106 0.049743  0.000000 -1.000000 0.000221  0.258583 0.021320 0
0  -0.014581 -0.051106 0.049743  0.000000 -1.000000 0.000221  0.216333 0.021320 0
0  -0.021785 -0.051105 0.049953  0.000000 -1.000000 0.000221  0.256898 0.020135 0
mount_dovetail_rsr_akr_1913_railed_mount_LOD0
0  -0.014581 -0.051106 0.049743  0.000009 -1.000000 0.000555  0.216333 0.021320 0
0  -0.014581 -0.051105 0.050165  0.000009 -1.000000 0.000555  0.216334 0.018942 0
0  -0.021785 -0.051105 0.049953  0.000009 -1.000000 0.000555  0.256898 0.020135 0
mount_dovetail_rsr_akr_1913_railed_mount_LOD0
0  -0.021263 -0.051105 0.051325  0.000024 -1.000000 0.000030  0.253957 0.012410 0
0  -0.021785 -0.051105 0.049953  0.000024 -1.000000 0.000030  0.256898 0.020135 0
0  -0.014581 -0.051105 0.050165  0.000024 -1.000000 0.000030  0.216334 0.018942 0
mount_dovetail_rsr_akr_1913_railed_mount_LOD0
0  -0.021263 -0.051105 0.052688  0.000033 -1.000000 0.000089  0.253957 0.004737 0
0  -0.021263 -0.051105 0.051325  0.000033 -1.000000 0.000089  0.253957 0.012410 0
0  -0.014581 -0.051105 0.050165  0.000033 -1.000000 0.000089  0.216334 0.018942 0
mount_dovetail_rsr_akr_1913_railed_mount_LOD0
0  -0.017104 -0.051105 0.052688  0.000000 -1.000000 0.000000  0.230540 0.004737 0
0  -0.021263 -0.051105 0.052688  0.000000 -1.000000 0.000000  0.253957 0.004737 0
0  -0.014581 -0.051105 0.050165  0.000000 -1.000000 0.000000  0.216334 0.018942 0
mount_dovetail_rsr_akr_1913_railed_mount_LOD0
0  -0.021263 -0.046346 0.052688  0.000000 0.000000 1.000000  0.711108 0.025134 0
0  -0.021263 -0.051105 0.052688  0.000000 0.000000 1.000000  0.711108 0.051931 0
0  -0.017104 -0.051105 0.052688  0.000000 0.000000 1.000000  0.687694 0.051931 0
mount_dovetail_rsr_akr_1913_railed_mount_LOD0
0  -0.017104 -0.046346 0.052688  0.000000 0.000000 1.000000  0.687694 0.025134 0
0  -0.021263 -0.046346 0.052688  0.000000 0.000000 1.000000  0.711108 0.025134 0
0  -0.017104 -0.051105 0.052688  0.000000 0.000000 1.000000  0.687694 0.051931 0
mount_dovetail_rsr_akr_1913_railed_mount_LOD0
0  -0.022084 -0.051106 0.049743  0.000000 0.000000 1.000000  0.430363 0.444459 0
0  -0.022084 -0.056338 0.049743  0.000000 0.000000 1.000000  0.430363 0.414997 0
0  -0.014581 -0.056338 0.049743  0.000000 0.000000 1.000000  0.472610 0.414997 0
mount_dovetail_rsr_akr_1913_railed_mount_LOD0
0  -0.014581 -0.051106 0.049743  0.000000 0.000000 1.000000  0.472610 0.444459 0
0  -0.022084 -0.051106 0.049743  0.000000 0.000000 1.000000  0.430363 0.444459 0
0  -0.014581 -0.056338 0.049743  0.000000 0.000000 1.000000  0.472610 0.414997 0
mount_dovetail_rsr_akr_1913_railed_mount_LOD0
0  -0.017104 -0.056338 0.052688  0.707118 -0.000003 0.707096  0.977886 0.434431 0
0  -0.017104 -0.061098 0.052688  0.707118 -0.000003 0.707096  0.977886 0.407633 0
0  -0.014581 -0.061098 0.050165  0.707118 -0.000003 0.707096  0.997976 0.407633 0
mount_dovetail_rsr_akr_1913_railed_mount_LOD0
0  -0.014581 -0.056338 0.050165  0.707119 0.000000 0.707095  0.997976 0.434431 0
0  -0.017104 -0.056338 0.052688  0.707119 0.000000 0.707095  0.977886 0.434431 0
0  -0.014581 -0.061098 0.050165  0.707119 0.000000 0.707095  0.997976 0.407633 0
mount_dovetail_rsr_akr_1913_railed_mount_LOD0
0  -0.021263 -0.056338 0.051325  0.000000 1.000000 -0.000164  0.453038 0.011008 0
0  -0.021263 -0.056338 0.052688  0.000000 1.000000 -0.000164  0.453038 0.018681 0
0  -0.017104 -0.056338 0.052688  0.000000 1.000000 -0.000164  0.429621 0.018681 0
mount_dovetail_rsr_akr_1913_railed_mount_LOD0
0  -0.014581 -0.056338 0.050165  -0.000040 1.000000 -0.000042  0.415416 0.004473 0
0  -0.021263 -0.056338 0.051325  -0.000040 1.000000 -0.000042  0.453038 0.011008 0
0  -0.017104 -0.056338 0.052688  -0.000040 1.000000 -0.000042  0.429621 0.018681 0
mount_dovetail_rsr_akr_1913_railed_mount_LOD0
0  -0.021785 -0.056339 0.049953  -0.000044 1.000000 -0.000060  0.455980 0.003284 0
0  -0.021263 -0.056338 0.051325  -0.000044 1.000000 -0.000060  0.453038 0.011008 0
0  -0.014581 -0.056338 0.050165  -0.000044 1.000000 -0.000060  0.415416 0.004473 0
mount_dovetail_rsr_akr_1913_railed_mount_LOD0
0  -0.021785 -0.056339 0.049953  -0.000025 1.000000 0.000058  0.455980 0.003284 0
0  -0.014581 -0.056338 0.050165  -0.000020 1.000000 0.000058  0.415416 0.004473 0
0  -0.014581 -0.056338 0.049743  -0.000012 1.000000 0.000058  0.415416 0.002097 0
mount_dovetail_rsr_akr_1913_railed_mount_LOD0
0  -0.022084 -0.056338 0.049743  -0.000013 1.000000 0.000037  0.457666 0.002097 0
0  -0.021785 -0.056339 0.049953  -0.000019 1.000000 0.000037  0.455980 0.003284 0
0  -0.014581 -0.056338 0.049743  -0.000013 1.000000 0.000037  0.415416 0.002097 0
mount_dovetail_rsr_akr_1913_railed_mount_LOD0
0  -0.022084 -0.061098 0.049743  0.000000 -1.000000 0.000258  0.474902 0.089904 0
0  -0.014581 -0.061098 0.049743  0.000000 -1.000000 0.000258  0.517151 0.089904 0
0  -0.021785 -0.061098 0.049953  0.000000 -1.000000 0.000258  0.476586 0.091090 0
mount_dovetail_rsr_akr_1913_railed_mount_LOD0
0  -0.014581 -0.061098 0.049743  0.000009 -1.000000 0.000536  0.517151 0.089904 0
0  -0.014581 -0.061098 0.050165  0.000009 -1.000000 0.000536  0.517151 0.092277 0
0  -0.021785 -0.061098 0.049953  0.000009 -1.000000 0.000536  0.476586 0.091090 0
mount_dovetail_rsr_akr_1913_railed_mount_LOD0
0  -0.021263 -0.061098 0.051325  0.000024 -1.000000 0.000036  0.479528 0.098815 0
0  -0.021785 -0.061098 0.049953  0.000024 -1.000000 0.000036  0.476586 0.091090 0
0  -0.014581 -0.061098 0.050165  0.000024 -1.000000 0.000036  0.517151 0.092277 0
mount_dovetail_rsr_akr_1913_railed_mount_LOD0
0  -0.021263 -0.061098 0.052688  0.000033 -1.000000 0.000089  0.479530 0.106488 0
0  -0.021263 -0.061098 0.051325  0.000033 -1.000000 0.000089  0.479528 0.098815 0
0  -0.014581 -0.061098 0.050165  0.000033 -1.000000 0.000089  0.517151 0.092277 0
mount_dovetail_rsr_akr_1913_railed_mount_LOD0
0  -0.017104 -0.061098 0.052688  0.000000 -1.000000 0.000000  0.502948 0.106485 0
0  -0.021263 -0.061098 0.052688  0.000000 -1.000000 0.000000  0.479530 0.106488 0
0  -0.014581 -0.061098 0.050165  0.000000 -1.000000 0.000000  0.517151 0.092277 0
mount_dovetail_rsr_akr_1913_railed_mount_LOD0
0  -0.021263 -0.056338 0.052688  0.000000 0.000000 1.000000  0.781639 0.047701 0
0  -0.021263 -0.061098 0.052688  0.000000 0.000000 1.000000  0.781639 0.074498 0
0  -0.017104 -0.061098 0.052688  0.000000 0.000000 1.000000  0.758224 0.074498 0
mount_dovetail_rsr_akr_1913_railed_mount_LOD0
0  -0.017104 -0.056338 0.052688  0.000000 0.000000 1.000000  0.758224 0.047701 0
0  -0.021263 -0.056338 0.052688  0.000000 0.000000 1.000000  0.781639 0.047701 0
0  -0.017104 -0.061098 0.052688  0.000000 0.000000 1.000000  0.758224 0.074498 0
mount_dovetail_rsr_akr_1913_railed_mount_LOD0
0  -0.022084 -0.061098 0.049743  0.000000 0.000000 1.000000  0.898382 0.645837 0
0  -0.022084 -0.066331 0.049743  0.000000 0.000000 1.000000  0.927843 0.645837 0
0  -0.014581 -0.066331 0.049743  0.000000 0.000000 1.000000  0.927843 0.688084 0
mount_dovetail_rsr_akr_1913_railed_mount_LOD0
0  -0.014581 -0.061098 0.049743  0.000000 0.000000 1.000000  0.898382 0.688084 0
0  -0.022084 -0.061098 0.049743  0.000000 0.000000 1.000000  0.898382 0.645837 0
0  -0.014581 -0.066331 0.049743  0.000000 0.000000 1.000000  0.927843 0.688084 0
mount_dovetail_rsr_akr_1913_railed_mount_LOD0
0  -0.014924 -0.069832 0.050508  0.707107 0.000012 0.707107  0.995284 0.382726 0
0  -0.014581 -0.068573 0.050165  0.707107 0.000012 0.707107  0.998015 0.389815 0
0  -0.015845 -0.070753 0.051429  0.707107 0.000012 0.707107  0.987945 0.377539 0
mount_dovetail_rsr_akr_1913_railed_mount_LOD0
0  -0.014581 -0.068573 0.050165  0.707116 0.000000 0.707097  0.998015 0.389815 0
0  -0.017104 -0.071090 0.052688  0.707116 0.000000 0.707097  0.977923 0.375643 0
0  -0.015845 -0.070753 0.051429  0.707116 0.000000 0.707097  0.987945 0.377539 0
mount_dovetail_rsr_akr_1913_railed_mount_LOD0
0  -0.017104 -0.066331 0.052688  0.707118 -0.000004 0.707096  0.977923 0.402442 0
0  -0.017104 -0.071090 0.052688  0.707118 -0.000004 0.707096  0.977923 0.375643 0
0  -0.014581 -0.068573 0.050165  0.707118 -0.000004 0.707096  0.998015 0.389815 0
mount_dovetail_rsr_akr_1913_railed_mount_LOD0
0  -0.014581 -0.066331 0.050165  0.707119 0.000000 0.707094  0.998015 0.402442 0
0  -0.017104 -0.066331 0.052688  0.707119 0.000000 0.707094  0.977923 0.402442 0
0  -0.014581 -0.068573 0.050165  0.707119 0.000000 0.707094  0.998015 0.389815 0
mount_dovetail_rsr_akr_1913_railed_mount_LOD0
0  -0.021263 -0.066331 0.051325  0.000000 1.000000 -0.000154  0.074158 0.011894 0
0  -0.021263 -0.066331 0.052688  0.000000 1.000000 -0.000154  0.074158 0.019567 0
0  -0.017104 -0.066331 0.052688  0.000000 1.000000 -0.000154  0.050741 0.019567 0
mount_dovetail_rsr_akr_1913_railed_mount_LOD0
0  -0.014581 -0.066331 0.050165  -0.000039 1.000000 -0.000038  0.036534 0.005360 0
0  -0.021263 -0.066331 0.051325  -0.000039 1.000000 -0.000038  0.074158 0.011894 0
0  -0.017104 -0.066331 0.052688  -0.000039 1.000000 -0.000038  0.050741 0.019567 0
mount_dovetail_rsr_akr_1913_railed_mount_LOD0
0  -0.021785 -0.066331 0.049953  -0.000043 1.000000 -0.000071  0.077100 0.004170 0
0  -0.021263 -0.066331 0.051325  -0.000043 1.000000 -0.000071  0.074158 0.011894 0
0  -0.014581 -0.066331 0.050165  -0.000043 1.000000 -0.000071  0.036534 0.005360 0
mount_dovetail_rsr_akr_1913_railed_mount_LOD0
0  -0.021785 -0.066331 0.049953  -0.000025 1.000000 0.000173  0.077100 0.004170 0
0  -0.014581 -0.066331 0.050165  -0.000018 1.000000 0.000173  0.036534 0.005360 0
0  -0.014581 -0.066331 0.049743  -0.000008 1.000000 0.000173  0.036533 0.002984 0
mount_dovetail_rsr_akr_1913_railed_mount_LOD0
0  -0.022084 -0.066331 0.049743  -0.000017 1.000000 -0.000096  0.078782 0.002984 0
0  -0.021785 -0.066331 0.049953  -0.000025 1.000000 -0.000096  0.077100 0.004170 0
0  -0.014581 -0.066331 0.049743  -0.000017 1.000000 -0.000096  0.036533 0.002984 0
mount_dovetail_rsr_akr_1913_railed_mount_LOD0
0  -0.021263 -0.066331 0.052688  0.000000 0.000000 1.000000  0.812444 0.066864 0
0  -0.021263 -0.071090 0.052688  0.000000 0.000000 1.000000  0.812444 0.093661 0
0  -0.017104 -0.071090 0.052688  0.000000 0.000000 1.000000  0.789030 0.093661 0
mount_dovetail_rsr_akr_1913_railed_mount_LOD0
0  -0.017104 -0.066331 0.052688  0.000000 0.000000 1.000000  0.789030 0.066864 0
0  -0.021263 -0.066331 0.052688  0.000000 0.000000 1.000000  0.812444 0.066864 0
0  -0.017104 -0.071090 0.052688  0.000000 0.000000 1.000000  0.789030 0.093661 0
mount_dovetail_rsr_akr_1913_railed_mount_LOD0
0  -0.014581 -0.068573 0.049615  0.707791 -0.000009 -0.706422  1.016178 0.914986 0
0  -0.014924 -0.069832 0.049272  0.707791 -0.000009 -0.706422  1.009091 0.912252 0
0  -0.015845 -0.070753 0.048349  0.707791 -0.000009 -0.706422  1.003906 0.904905 0
mount_dovetail_rsr_akr_1913_railed_mount_LOD0
0  -0.014581 -0.068573 0.049615  0.707781 0.000004 -0.706432  1.016178 0.914986 0
0  -0.015845 -0.070753 0.048349  0.707781 0.000004 -0.706432  1.003906 0.904905 0
0  -0.017378 -0.071090 0.046813  0.707781 0.000004 -0.706432  1.002013 0.892691 0
mount_dovetail_rsr_akr_1913_railed_mount_LOD0
0  -0.014581 -0.066331 0.049615  0.707783 0.000000 -0.706430  1.028807 0.914986 0
0  -0.014581 -0.068573 0.049615  0.707783 0.000000 -0.706430  1.016178 0.914986 0
0  -0.017378 -0.071090 0.046813  0.707783 0.000000 -0.706430  1.002013 0.892691 0
mount_dovetail_rsr_akr_1913_railed_mount_LOD0
0  -0.014581 -0.066331 0.049615  0.707781 0.000000 -0.706431  1.028807 0.914986 0
0  -0.017378 -0.071090 0.046813  0.707781 0.000000 -0.706431  1.002013 0.892691 0
0  -0.014581 -0.061098 0.049615  0.707781 0.000000 -0.706431  1.058273 0.914986 0
mount_dovetail_rsr_akr_1913_railed_mount_LOD0
0  -0.014581 -0.061098 0.049615  0.707785 0.000000 -0.706428  1.058273 0.914986 0
0  -0.017378 -0.071090 0.046813  0.707785 0.000000 -0.706428  1.002013 0.892691 0
0  -0.014581 -0.056338 0.049615  0.707785 0.000000 -0.706428  1.085075 0.914986 0
mount_dovetail_rsr_akr_1913_railed_mount_LOD0
0  -0.014581 -0.056338 0.049615  0.707781 0.000000 -0.706431  1.085075 0.914986 0
0  -0.017378 -0.071090 0.046813  0.707781 0.000000 -0.706431  1.002013 0.892691 0
0  -0.014581 -0.051105 0.049615  0.707781 0.000000 -0.706431  1.114540 0.914986 0
mount_dovetail_rsr_akr_1913_railed_mount_LOD0
0  -0.017378 -0.071090 0.046813  0.707783 0.000000 -0.706429  1.002013 0.892691 0
0  -0.017378 -0.041113 0.046813  0.707783 0.000000 -0.706429  1.170808 0.892691 0
0  -0.014581 -0.051105 0.049615  0.707783 0.000000 -0.706429  1.114540 0.914986 0
mount_dovetail_rsr_akr_1913_railed_mount_LOD0
0  -0.017378 -0.041113 0.046813  0.707784 0.000000 -0.706429  1.170808 0.892691 0
0  -0.014581 -0.046345 0.049615  0.707784 0.000000 -0.706429  1.141343 0.914986 0
0  -0.014581 -0.051105 0.049615  0.707784 0.000000 -0.706429  1.114540 0.914986 0
mount_dovetail_rsr_akr_1913_railed_mount_LOD0
0  -0.014581 -0.046345 0.049615  0.707783 0.000000 -0.706430  1.141343 0.914986 0
0  -0.017378 -0.041113 0.046813  0.707783 0.000000 -0.706430  1.170808 0.892691 0
0  -0.014581 -0.041113 0.049615  0.707783 0.000000 -0.706430  1.170809 0.914985 0
mount_dovetail_rsr_akr_1913_railed_mount_LOD0
0  -0.014581 -0.041113 0.049615  0.707783 -0.000001 -0.706430  1.170809 0.914985 0
0  -0.017378 -0.041113 0.046813  0.707783 -0.000001 -0.706430  1.170808 0.892691 0
0  -0.014581 -0.036353 0.049615  0.707783 -0.000001 -0.706430  1.197611 0.914986 0
mount_dovetail_rsr_akr_1913_railed_mount_LOD0
0  -0.014581 -0.036353 0.049615  0.707781 0.000001 -0.706432  1.197611 0.914986 0
0  -0.017378 -0.041113 0.046813  0.707781 0.000001 -0.706432  1.170808 0.892691 0
0  -0.014581 -0.031120 0.049615  0.707781 0.000001 -0.706432  1.227073 0.914986 0
mount_dovetail_rsr_akr_1913_railed_mount_LOD0
0  -0.017378 -0.041113 0.046813  0.707784 -0.000000 -0.706429  1.170808 0.892691 0
0  -0.017378 -0.008755 0.046813  0.707784 -0.000000 -0.706429  1.352999 0.892691 0
0  -0.014581 -0.031120 0.049615  0.707784 -0.000000 -0.706429  1.227073 0.914986 0
mount_dovetail_rsr_akr_1913_railed_mount_LOD0
0  -0.017378 -0.008755 0.046813  0.707779 -0.000002 -0.706434  1.352999 0.892691 0
0  -0.014581 -0.026360 0.049615  0.707779 -0.000002 -0.706434  1.253876 0.914986 0
0  -0.014581 -0.031120 0.049615  0.707779 -0.000002 -0.706434  1.227073 0.914986 0
mount_dovetail_rsr_akr_1913_railed_mount_LOD0
0  -0.014581 -0.026360 0.049615  0.707786 0.000002 -0.706427  1.253876 0.914986 0
0  -0.017378 -0.008755 0.046813  0.707786 0.000002 -0.706427  1.352999 0.892691 0
0  -0.014581 -0.021128 0.049615  0.707786 0.000002 -0.706427  1.283338 0.914986 0
mount_dovetail_rsr_akr_1913_railed_mount_LOD0
0  -0.014581 -0.021128 0.049615  0.707782 -0.000002 -0.706430  1.283338 0.914986 0
0  -0.017378 -0.008755 0.046813  0.707782 -0.000002 -0.706430  1.352999 0.892691 0
0  -0.014581 -0.016368 0.049615  0.707782 -0.000002 -0.706430  1.310140 0.914986 0
mount_dovetail_rsr_akr_1913_railed_mount_LOD0
0  -0.014581 -0.016368 0.049615  0.707784 0.000002 -0.706429  1.310140 0.914986 0
0  -0.017378 -0.008755 0.046813  0.707784 0.000002 -0.706429  1.352999 0.892691 0
0  -0.014581 -0.011135 0.049615  0.707784 0.000002 -0.706429  1.339603 0.914986 0
mount_dovetail_rsr_akr_1913_railed_mount_LOD0
0  -0.017378 -0.008755 0.046813  0.707783 -0.000002 -0.706429  1.352999 0.892691 0
0  -0.014581 -0.006375 0.049615  0.707783 -0.000002 -0.706429  1.366402 0.914986 0
0  -0.014581 -0.011135 0.049615  0.707783 -0.000002 -0.706429  1.339603 0.914986 0
mount_dovetail_rsr_akr_1913_railed_mount_LOD0
0  -0.017378 -0.008755 0.046813  0.707782 0.000000 -0.706431  1.352999 0.892691 0
0  -0.014581 -0.001143 0.049615  0.707782 0.000000 -0.706431  1.395864 0.914986 0
0  -0.014581 -0.006375 0.049615  0.707782 0.000000 -0.706431  1.366402 0.914986 0
mount_dovetail_rsr_akr_1913_railed_mount_LOD0
0  -0.017378 -0.008755 0.046813  0.707781 0.000000 -0.706432  1.352999 0.892691 0
0  -0.014581 0.003617 0.049615  0.707781 0.000000 -0.706432  1.422663 0.914986 0
0  -0.014581 -0.001143 0.049615  0.707781 0.000000 -0.706432  1.395864 0.914986 0
mount_dovetail_rsr_akr_1913_railed_mount_LOD0
0  -0.017378 -0.008755 0.046813  0.707786 0.000000 -0.706427  1.352999 0.892691 0
0  -0.014581 0.008850 0.049615  0.707786 0.000000 -0.706427  1.452125 0.914986 0
0  -0.014581 0.003617 0.049615  0.707786 0.000000 -0.706427  1.422663 0.914986 0
mount_dovetail_rsr_akr_1913_railed_mount_LOD0
0  -0.017378 -0.008755 0.046813  0.707784 0.000000 -0.706429  1.352999 0.892691 0
0  -0.017378 0.023603 0.046813  0.707784 0.000000 -0.706429  1.535189 0.892691 0
0  -0.014581 0.008850 0.049615  0.707784 0.000000 -0.706429  1.452125 0.914986 0
mount_dovetail_rsr_akr_1913_railed_mount_LOD0
0  -0.017378 0.023603 0.046813  0.707784 0.000000 -0.706429  1.535189 0.892691 0
0  -0.014581 0.013610 0.049615  0.707784 0.000000 -0.706429  1.478927 0.914986 0
0  -0.014581 0.008850 0.049615  0.707784 0.000000 -0.706429  1.452125 0.914986 0
mount_dovetail_rsr_akr_1913_railed_mount_LOD0
0  -0.014581 0.018843 0.049615  0.707783 0.000000 -0.706430  1.508388 0.914986 0
0  -0.014581 0.013610 0.049615  0.707783 0.000000 -0.706430  1.478927 0.914986 0
0  -0.017378 0.023603 0.046813  0.707783 0.000000 -0.706430  1.535189 0.892691 0
mount_dovetail_rsr_akr_1913_railed_mount_LOD0
0  -0.014581 0.023602 0.049615  0.707782 0.000000 -0.706430  1.535189 0.914986 0
0  -0.014581 0.018843 0.049615  0.707782 0.000000 -0.706430  1.508388 0.914986 0
0  -0.017378 0.023603 0.046813  0.707782 0.000000 -0.706430  1.535189 0.892691 0
mount_dovetail_rsr_akr_1913_railed_mount_LOD0
0  -0.017378 0.023603 0.046813  0.707783 -0.000001 -0.706430  1.535189 0.892691 0
0  -0.014581 0.028835 0.049615  0.707783 -0.000001 -0.706430  1.564652 0.914986 0
0  -0.014581 0.023602 0.049615  0.707783 -0.000001 -0.706430  1.535189 0.914986 0
mount_dovetail_rsr_akr_1913_railed_mount_LOD0
0  -0.017378 0.023603 0.046813  0.707779 0.000002 -0.706434  1.535189 0.892691 0
0  -0.014581 0.033595 0.049615  0.707779 0.000002 -0.706434  1.591453 0.914986 0
0  -0.014581 0.028835 0.049615  0.707779 0.000002 -0.706434  1.564652 0.914986 0
mount_dovetail_rsr_akr_1913_railed_mount_LOD0
0  -0.017378 0.023603 0.046813  0.707786 -0.000001 -0.706427  1.535189 0.892691 0
0  -0.014581 0.038828 0.049615  0.707786 -0.000001 -0.706427  1.620914 0.914986 0
0  -0.014581 0.033595 0.049615  0.707786 -0.000001 -0.706427  1.591453 0.914986 0
mount_dovetail_rsr_akr_1913_railed_mount_LOD0
0  -0.014581 0.043588 0.049615  0.707781 0.000000 -0.706432  1.647713 0.914986 0
0  -0.014581 0.038828 0.049615  0.707781 0.000000 -0.706432  1.620914 0.914986 0
0  -0.017378 0.023603 0.046813  0.707781 0.000000 -0.706432  1.535189 0.892691 0
mount_dovetail_rsr_akr_1913_railed_mount_LOD0
0  -0.017378 0.053580 0.046813  0.707783 -0.000000 -0.706430  1.703974 0.892691 0
0  -0.014581 0.043588 0.049615  0.707783 -0.000000 -0.706430  1.647713 0.914986 0
0  -0.017378 0.023603 0.046813  0.707783 -0.000000 -0.706430  1.535189 0.892691 0
mount_dovetail_rsr_akr_1913_railed_mount_LOD0
0  -0.017378 0.053580 0.046813  0.707781 0.000000 -0.706431  1.703974 0.892691 0
0  -0.014581 0.048820 0.049615  0.707781 0.000000 -0.706431  1.677170 0.914986 0
0  -0.014581 0.043588 0.049615  0.707781 0.000000 -0.706431  1.647713 0.914986 0
mount_dovetail_rsr_akr_1913_railed_mount_LOD0
0  -0.014581 0.048820 0.049615  0.707783 0.000000 -0.706430  1.677170 0.914986 0
0  -0.017378 0.053580 0.046813  0.707783 0.000000 -0.706430  1.703974 0.892691 0
0  -0.014581 0.051063 0.049615  0.707783 0.000000 -0.706430  1.689791 0.914986 0
mount_dovetail_rsr_akr_1913_railed_mount_LOD0
0  -0.017378 0.053580 0.046813  0.707782 -0.000007 -0.706431  1.703974 0.892691 0
0  -0.015845 0.053243 0.048349  0.707782 -0.000007 -0.706431  1.702069 0.904914 0
0  -0.014581 0.051063 0.049615  0.707782 -0.000007 -0.706431  1.689791 0.914986 0
mount_dovetail_rsr_akr_1913_railed_mount_LOD0
0  -0.014924 0.052321 0.049272  0.707800 0.000012 -0.706412  1.696878 0.912257 0
0  -0.014581 0.051063 0.049615  0.707800 0.000012 -0.706412  1.689791 0.914986 0
0  -0.015845 0.053243 0.048349  0.707800 0.000012 -0.706412  1.702069 0.904914 0
mount_dovetail_rsr_akr_1913_railed_mount_LOD0
0  -0.016888 -0.048175 0.045325  0.000021 0.000000 1.000000  0.012405 0.516282 0
0  -0.017378 -0.003716 0.045325  0.000021 0.000000 1.000000  0.262731 0.519136 0
0  -0.017378 -0.050004 0.045325  0.000021 0.000000 1.000000  0.002104 0.519033 0
mount_dovetail_rsr_akr_1913_railed_mount_LOD0
0  -0.014558 -0.027467 0.045325  0.000000 0.000000 1.000000  0.129003 0.503205 0
0  -0.017378 -0.003716 0.045325  0.000000 0.000000 1.000000  0.262731 0.519136 0
0  -0.016888 -0.048175 0.045325  0.000000 0.000000 1.000000  0.012405 0.516282 0
mount_dovetail_rsr_akr_1913_railed_mount_LOD0
0  -0.014558 -0.037254 0.045325  0.000000 0.000000 1.000000  0.073897 0.503187 0
0  -0.014558 -0.027467 0.045325  0.000000 0.000000 1.000000  0.129003 0.503205 0
0  -0.016888 -0.048175 0.045325  0.000000 0.000000 1.000000  0.012405 0.516282 0
mount_dovetail_rsr_akr_1913_railed_mount_LOD0
0  -0.015549 -0.046836 0.045325  0.000000 0.000000 1.000000  0.019947 0.508747 0
0  -0.014558 -0.037254 0.045325  0.000000 0.000000 1.000000  0.073897 0.503187 0
0  -0.016888 -0.048175 0.045325  0.000000 0.000000 1.000000  0.012405 0.516282 0
mount_dovetail_rsr_akr_1913_railed_mount_LOD0
0  -0.014558 -0.037254 0.045325  -0.000001 0.000000 1.000000  0.073897 0.503187 0
0  -0.015549 -0.046836 0.045325  -0.000001 0.000000 1.000000  0.019947 0.508747 0
0  -0.013719 -0.046345 0.045325  -0.000001 0.000000 1.000000  0.022710 0.498447 0
mount_dovetail_rsr_akr_1913_railed_mount_LOD0
0  -0.014080 -0.039037 0.045325  0.000000 0.000000 1.000000  0.063861 0.500492 0
0  -0.014558 -0.037254 0.045325  0.000000 0.000000 1.000000  0.073897 0.503187 0
0  -0.013719 -0.046345 0.045325  0.000000 0.000000 1.000000  0.022710 0.498447 0
mount_dovetail_rsr_akr_1913_railed_mount_LOD0
0  -0.012775 -0.040342 0.045325  -0.000006 0.000000 1.000000  0.056515 0.493142 0
0  -0.014080 -0.039037 0.045325  -0.000006 0.000000 1.000000  0.063861 0.500492 0
0  -0.013719 -0.046345 0.045325  -0.000006 0.000000 1.000000  0.022710 0.498447 0
mount_dovetail_rsr_akr_1913_railed_mount_LOD0
0  -0.010993 -0.040819 0.045325  0.000000 0.000000 1.000000  0.053828 0.483103 0
0  -0.012775 -0.040342 0.045325  0.000000 0.000000 1.000000  0.056515 0.493142 0
0  -0.013719 -0.046345 0.045325  0.000000 0.000000 1.000000  0.022710 0.498447 0
mount_dovetail_rsr_akr_1913_railed_mount_LOD0
0  -0.010993 -0.040819 0.045325  0.000002 -0.000001 1.000000  0.053828 0.483103 0
0  -0.013719 -0.046345 0.045325  0.000002 -0.000001 1.000000  0.022710 0.498447 0
0  -0.007653 -0.046345 0.045325  0.000002 -0.000001 1.000000  0.022719 0.464289 0
mount_dovetail_rsr_akr_1913_railed_mount_LOD0
0  -0.007653 -0.040819 0.045325  0.000003 -0.000000 1.000000  0.053833 0.464298 0
0  -0.010993 -0.040819 0.045325  0.000003 -0.000000 1.000000  0.053828 0.483103 0
0  -0.007653 -0.046345 0.045325  0.000003 -0.000000 1.000000  0.022719 0.464289 0
mount_dovetail_rsr_akr_1913_railed_mount_LOD0
0  -0.014558 -0.014792 0.045325  0.000007 0.000000 1.000000  0.200369 0.503234 0
0  -0.017378 -0.003716 0.045325  0.000007 0.000000 1.000000  0.262731 0.519136 0
0  -0.014558 -0.027467 0.045325  0.000007 0.000000 1.000000  0.129003 0.503205 0
mount_dovetail_rsr_akr_1913_railed_mount_LOD0
0  -0.014558 -0.014792 0.045325  -0.000007 0.000000 1.000000  0.200369 0.503234 0
0  -0.014558 -0.027467 0.045325  -0.000007 0.000000 1.000000  0.129003 0.503205 0
0  -0.014080 -0.025685 0.045325  -0.000007 0.000000 1.000000  0.139041 0.500522 0
mount_dovetail_rsr_akr_1913_railed_mount_LOD0
0  -0.014080 -0.016575 0.045325  0.000000 0.000000 1.000000  0.190331 0.500540 0
0  -0.014558 -0.014792 0.045325  0.000000 0.000000 1.000000  0.200369 0.503234 0
0  -0.014080 -0.025685 0.045325  0.000000 0.000000 1.000000  0.139041 0.500522 0
mount_dovetail_rsr_akr_1913_railed_mount_LOD0
0  -0.014080 -0.016575 0.045325  -0.000002 0.000000 1.000000  0.190331 0.500540 0
0  -0.014080 -0.025685 0.045325  -0.000002 0.000000 1.000000  0.139041 0.500522 0
0  -0.012775 -0.024380 0.045325  -0.000002 0.000000 1.000000  0.146387 0.493180 0
mount_dovetail_rsr_akr_1913_railed_mount_LOD0
0  -0.012775 -0.017880 0.045325  0.000000 0.000000 1.000000  0.182986 0.493189 0
0  -0.014080 -0.016575 0.045325  0.000000 0.000000 1.000000  0.190331 0.500540 0
0  -0.012775 -0.024380 0.045325  0.000000 0.000000 1.000000  0.146387 0.493180 0
mount_dovetail_rsr_akr_1913_railed_mount_LOD0
0  -0.012775 -0.017880 0.045325  0.000003 0.000000 1.000000  0.182986 0.493189 0
0  -0.012775 -0.024380 0.045325  0.000003 0.000000 1.000000  0.146387 0.493180 0
0  -0.010993 -0.023902 0.045325  0.000003 0.000000 1.000000  0.149079 0.483146 0
mount_dovetail_rsr_akr_1913_railed_mount_LOD0
0  -0.010993 -0.018357 0.045325  -0.000006 0.000000 1.000000  0.180298 0.483152 0
0  -0.012775 -0.017880 0.045325  -0.000006 0.000000 1.000000  0.182986 0.493189 0
0  -0.010993 -0.023902 0.045325  -0.000006 0.000000 1.000000  0.149079 0.483146 0
mount_dovetail_rsr_akr_1913_railed_mount_LOD0
0  -0.010993 -0.018357 0.045325  0.000005 0.000000 1.000000  0.180298 0.483152 0
0  -0.010993 -0.023902 0.045325  0.000005 0.000000 1.000000  0.149079 0.483146 0
0  -0.007653 -0.023902 0.045325  0.000005 0.000000 1.000000  0.149084 0.464340 0
mount_dovetail_rsr_akr_1913_railed_mount_LOD0
0  -0.007653 -0.018357 0.045325  0.000003 0.000000 1.000000  0.180303 0.464347 0
0  -0.010993 -0.018357 0.045325  0.000003 0.000000 1.000000  0.180298 0.483152 0
0  -0.007653 -0.023902 0.045325  0.000003 0.000000 1.000000  0.149084 0.464340 0
mount_dovetail_rsr_akr_1913_railed_mount_LOD0
0  -0.014558 -0.008358 0.045325  0.000000 0.000000 1.000000  0.236598 0.503251 0
0  -0.017378 -0.003716 0.045325  0.000000 0.000000 1.000000  0.262731 0.519136 0
0  -0.014558 -0.014792 0.045325  0.000000 0.000000 1.000000  0.200369 0.503234 0
mount_dovetail_rsr_akr_1913_railed_mount_LOD0
0  -0.014558 0.000840 0.045325  -0.000001 0.000000 1.000000  0.288387 0.503264 0
0  -0.017378 -0.003716 0.045325  -0.000001 0.000000 1.000000  0.262731 0.519136 0
0  -0.014558 -0.008358 0.045325  -0.000001 0.000000 1.000000  0.236598 0.503251 0
mount_dovetail_rsr_akr_1913_railed_mount_LOD0
0  -0.014080 -0.000942 0.045325  0.000000 0.000000 1.000000  0.278351 0.500569 0
0  -0.014558 0.000840 0.045325  0.000000 0.000000 1.000000  0.288387 0.503264 0
0  -0.014558 -0.008358 0.045325  0.000000 0.000000 1.000000  0.236598 0.503251 0
mount_dovetail_rsr_akr_1913_railed_mount_LOD0
0  -0.014080 -0.006575 0.045325  0.000000 0.000000 1.000000  0.246636 0.500563 0
0  -0.014080 -0.000942 0.045325  0.000000 0.000000 1.000000  0.278351 0.500569 0
0  -0.014558 -0.008358 0.045325  0.000000 0.000000 1.000000  0.236598 0.503251 0
mount_dovetail_rsr_akr_1913_railed_mount_LOD0
0  -0.014080 -0.000942 0.045325  0.000015 0.000000 1.000000  0.278351 0.500569 0
0  -0.014080 -0.006575 0.045325  0.000015 0.000000 1.000000  0.246636 0.500563 0
0  -0.012775 -0.005270 0.045325  0.000015 0.000000 1.000000  0.253984 0.493216 0
mount_dovetail_rsr_akr_1913_railed_mount_LOD0
0  -0.012775 -0.002247 0.045325  -0.000007 -0.000004 1.000000  0.271005 0.493220 0
0  -0.014080 -0.000942 0.045325  -0.000007 -0.000004 1.000000  0.278351 0.500569 0
0  -0.012775 -0.005270 0.045325  -0.000007 -0.000004 1.000000  0.253984 0.493216 0
mount_dovetail_rsr_akr_1913_railed_mount_LOD0
0  -0.010993 -0.002725 0.045325  0.000000 -0.000004 1.000000  0.268319 0.483182 0
0  -0.012775 -0.002247 0.045325  0.000000 -0.000004 1.000000  0.271005 0.493220 0
0  -0.012775 -0.005270 0.045325  0.000000 -0.000004 1.000000  0.253984 0.493216 0
mount_dovetail_rsr_akr_1913_railed_mount_LOD0
0  -0.010993 -0.004793 0.045325  0.000000 0.000000 1.000000  0.256675 0.483179 0
0  -0.010993 -0.002725 0.045325  0.000000 0.000000 1.000000  0.268319 0.483182 0
0  -0.012775 -0.005270 0.045325  0.000000 0.000000 1.000000  0.253984 0.493216 0
mount_dovetail_rsr_akr_1913_railed_mount_LOD0
0  -0.010993 -0.002725 0.045325  0.000000 0.000000 1.000000  0.268319 0.483182 0
0  -0.010993 -0.004793 0.045325  0.000000 0.000000 1.000000  0.256675 0.483179 0
0  -0.007653 -0.004793 0.045325  0.000000 0.000000 1.000000  0.256680 0.464374 0
mount_dovetail_rsr_akr_1913_railed_mount_LOD0
0  -0.007653 -0.002725 0.045325  0.000000 0.000000 1.000000  0.268323 0.464376 0
0  -0.010993 -0.002725 0.045325  0.000000 0.000000 1.000000  0.268319 0.483182 0
0  -0.007653 -0.004793 0.045325  0.000000 0.000000 1.000000  0.256680 0.464374 0
mount_dovetail_rsr_akr_1913_railed_mount_LOD0
0  -0.014558 0.007275 0.045325  0.000002 0.000000 1.000000  0.324618 0.503274 0
0  -0.017378 -0.003716 0.045325  0.000002 0.000000 1.000000  0.262731 0.519136 0
0  -0.014558 0.000840 0.045325  0.000002 0.000000 1.000000  0.288387 0.503264 0
mount_dovetail_rsr_akr_1913_railed_mount_LOD0
0  -0.014558 0.019950 0.045325  -0.000003 0.000000 1.000000  0.395987 0.503295 0
0  -0.017378 -0.003716 0.045325  -0.000003 0.000000 1.000000  0.262731 0.519136 0
0  -0.014558 0.007275 0.045325  -0.000003 0.000000 1.000000  0.324618 0.503274 0
mount_dovetail_rsr_akr_1913_railed_mount_LOD0
0  -0.014080 0.018168 0.045325  0.000000 0.000000 1.000000  0.385951 0.500599 0
0  -0.014558 0.019950 0.045325  0.000000 0.000000 1.000000  0.395987 0.503295 0
0  -0.014558 0.007275 0.045325  0.000000 0.000000 1.000000  0.324618 0.503274 0
mount_dovetail_rsr_akr_1913_railed_mount_LOD0
0  -0.014080 0.009057 0.045325  0.000000 0.000000 1.000000  0.334656 0.500587 0
0  -0.014080 0.018168 0.045325  0.000000 0.000000 1.000000  0.385951 0.500599 0
0  -0.014558 0.007275 0.045325  0.000000 0.000000 1.000000  0.324618 0.503274 0
mount_dovetail_rsr_akr_1913_railed_mount_LOD0
0  -0.014080 0.018168 0.045325  0.000003 0.000000 1.000000  0.385951 0.500599 0
0  -0.014080 0.009057 0.045325  0.000003 0.000000 1.000000  0.334656 0.500587 0
0  -0.012775 0.010362 0.045325  0.000003 0.000000 1.000000  0.342005 0.493243 0
mount_dovetail_rsr_akr_1913_railed_mount_LOD0
0  -0.012775 0.016863 0.045325  -0.000007 0.000000 1.000000  0.378605 0.493250 0
0  -0.014080 0.018168 0.045325  -0.000007 0.000000 1.000000  0.385951 0.500599 0
0  -0.012775 0.010362 0.045325  -0.000007 0.000000 1.000000  0.342005 0.493243 0
mount_dovetail_rsr_akr_1913_railed_mount_LOD0
0  -0.010993 0.016385 0.045325  0.000000 0.000000 1.000000  0.375919 0.483213 0
0  -0.012775 0.016863 0.045325  0.000000 0.000000 1.000000  0.378605 0.493250 0
0  -0.012775 0.010362 0.045325  0.000000 0.000000 1.000000  0.342005 0.493243 0
mount_dovetail_rsr_akr_1913_railed_mount_LOD0
0  -0.010993 0.010840 0.045325  0.000000 0.000000 1.000000  0.344696 0.483206 0
0  -0.010993 0.016385 0.045325  0.000000 0.000000 1.000000  0.375919 0.483213 0
0  -0.012775 0.010362 0.045325  0.000000 0.000000 1.000000  0.342005 0.493243 0
mount_dovetail_rsr_akr_1913_railed_mount_LOD0
0  -0.010993 0.016385 0.045325  0.000006 0.000000 1.000000  0.375919 0.483213 0
0  -0.010993 0.010840 0.045325  0.000006 0.000000 1.000000  0.344696 0.483206 0
0  -0.007653 0.010840 0.045325  0.000006 0.000000 1.000000  0.344702 0.464399 0
mount_dovetail_rsr_akr_1913_railed_mount_LOD0
0  -0.007653 0.016385 0.045325  0.000003 -0.000000 1.000000  0.375925 0.464408 0
0  -0.010993 0.016385 0.045325  0.000003 -0.000000 1.000000  0.375919 0.483213 0
0  -0.007653 0.010840 0.045325  0.000003 -0.000000 1.000000  0.344702 0.464399 0
mount_dovetail_rsr_akr_1913_railed_mount_LOD0
0  -0.016888 0.040657 0.045325  0.000002 0.000000 1.000000  0.512574 0.516443 0
0  -0.017378 -0.003716 0.045325  0.000002 0.000000 1.000000  0.262731 0.519136 0
0  -0.014558 0.019950 0.045325  0.000002 0.000000 1.000000  0.395987 0.503295 0
mount_dovetail_rsr_akr_1913_railed_mount_LOD0
0  -0.017378 0.042487 0.045325  0.000000 0.000000 1.000000  0.522873 0.519203 0
0  -0.017378 -0.003716 0.045325  0.000000 0.000000 1.000000  0.262731 0.519136 0
0  -0.016888 0.040657 0.045325  0.000000 0.000000 1.000000  0.512574 0.516443 0
mount_dovetail_rsr_akr_1913_railed_mount_LOD0
0  -0.016888 0.040657 0.045325  0.000003 0.000000 1.000000  0.512574 0.516443 0
0  -0.014558 0.019950 0.045325  0.000003 0.000000 1.000000  0.395987 0.503295 0
0  -0.014558 0.029737 0.045325  0.000003 0.000000 1.000000  0.451092 0.503309 0
mount_dovetail_rsr_akr_1913_railed_mount_LOD0
0  -0.015548 0.039318 0.045325  0.000000 0.000000 1.000000  0.505035 0.508901 0
0  -0.016888 0.040657 0.045325  0.000000 0.000000 1.000000  0.512574 0.516443 0
0  -0.014558 0.029737 0.045325  0.000000 0.000000 1.000000  0.451092 0.503309 0
mount_dovetail_rsr_akr_1913_railed_mount_LOD0
0  -0.015548 0.039318 0.045325  -0.000007 0.000000 1.000000  0.505035 0.508901 0
0  -0.014558 0.029737 0.045325  -0.000007 0.000000 1.000000  0.451092 0.503309 0
0  -0.014080 0.031520 0.045325  -0.000007 0.000000 1.000000  0.461129 0.500622 0
mount_dovetail_rsr_akr_1913_railed_mount_LOD0
0  -0.013719 0.038828 0.045325  0.000000 0.000000 1.000000  0.502279 0.498603 0
0  -0.015548 0.039318 0.045325  0.000000 0.000000 1.000000  0.505035 0.508901 0
0  -0.014080 0.031520 0.045325  0.000000 0.000000 1.000000  0.461129 0.500622 0
mount_dovetail_rsr_akr_1913_railed_mount_LOD0
0  -0.012775 0.032824 0.045325  0.000000 0.000000 1.000000  0.468479 0.493277 0
0  -0.013719 0.038828 0.045325  0.000000 0.000000 1.000000  0.502279 0.498603 0
0  -0.014080 0.031520 0.045325  0.000000 0.000000 1.000000  0.461129 0.500622 0
mount_dovetail_rsr_akr_1913_railed_mount_LOD0
0  -0.010993 0.033302 0.045325  0.000000 0.000000 1.000000  0.471174 0.483244 0
0  -0.013719 0.038828 0.045325  0.000000 0.000000 1.000000  0.502279 0.498603 0
0  -0.012775 0.032824 0.045325  0.000000 0.000000 1.000000  0.468479 0.493277 0
mount_dovetail_rsr_akr_1913_railed_mount_LOD0
0  -0.007653 0.038828 0.045325  0.000003 0.000001 1.000000  0.502290 0.464448 0
0  -0.013719 0.038828 0.045325  0.000003 0.000001 1.000000  0.502279 0.498603 0
0  -0.010993 0.033302 0.045325  0.000003 0.000001 1.000000  0.471174 0.483244 0
mount_dovetail_rsr_akr_1913_railed_mount_LOD0
0  -0.007653 0.033302 0.045325  0.000000 0.000000 1.000000  0.471179 0.464437 0
0  -0.007653 0.038828 0.045325  0.000000 0.000000 1.000000  0.502290 0.464448 0
0  -0.010993 0.033302 0.045325  0.000000 0.000000 1.000000  0.471174 0.483244 0
mount_dovetail_rsr_akr_1913_railed_mount_LOD0
0  0.003435 0.016385 0.034062  0.712622 -0.000000 0.701548  0.425476 0.410084 0
0  -0.007653 0.016385 0.045325  0.712622 -0.000000 0.701548  0.425476 0.499076 0
0  -0.007653 0.010840 0.045325  0.712622 -0.000000 0.701548  0.394252 0.499076 0
mount_dovetail_rsr_akr_1913_railed_mount_LOD0
0  0.003435 0.010840 0.034062  0.712286 -0.000000 0.701890  0.394252 0.410084 0
0  0.003435 0.016385 0.034062  0.712286 -0.000000 0.701890  0.425476 0.410084 0
0  -0.007653 0.010840 0.045325  0.712286 -0.000001 0.701890  0.394252 0.499076 0
mount_dovetail_rsr_akr_1913_railed_mount_LOD0
0  0.003435 0.016385 0.034062  0.712626 -0.000001 0.701544  0.425476 0.410084 0
0  0.003435 0.010840 0.034062  0.712626 -0.000001 0.701544  0.394252 0.410084 0
0  0.005547 0.038828 0.031917  0.712626 -0.000001 0.701544  0.551837 0.393135 0
mount_dovetail_rsr_akr_1913_railed_mount_LOD0
0  0.003435 0.033302 0.034062  0.712623 0.000000 0.701547  0.520726 0.410084 0
0  0.003435 0.016385 0.034062  0.712623 0.000000 0.701547  0.425476 0.410084 0
0  0.005547 0.038828 0.031917  0.712623 0.000000 0.701547  0.551837 0.393135 0
mount_dovetail_rsr_akr_1913_railed_mount_LOD0
0  -0.007653 0.033302 0.045325  0.712622 0.000001 0.701548  0.520726 0.499074 0
0  0.003435 0.033302 0.034062  0.712622 0.000001 0.701548  0.520726 0.410084 0
0  0.005547 0.038828 0.031917  0.712622 0.000001 0.701548  0.551837 0.393135 0
mount_dovetail_rsr_akr_1913_railed_mount_LOD0
0  -0.007653 0.038828 0.045325  0.712623 0.000000 0.701548  0.551837 0.499074 0
0  -0.007653 0.033302 0.045325  0.712623 0.000000 0.701548  0.520726 0.499074 0
0  0.005547 0.038828 0.031917  0.712623 0.000000 0.701548  0.551837 0.393135 0
mount_dovetail_rsr_akr_1913_railed_mount_LOD0
0  0.003435 0.010840 0.034062  0.712286 -0.000000 0.701889  0.394252 0.410084 0
0  0.005547 -0.003759 0.031917  0.712286 -0.000000 0.701889  0.312056 0.393135 0
0  0.005547 0.038828 0.031917  0.712286 0.000001 0.701889  0.551837 0.393135 0
mount_dovetail_rsr_akr_1913_railed_mount_LOD0
0  0.003435 0.010840 0.034062  0.712622 -0.000000 0.701549  0.394252 0.410084 0
0  0.003435 -0.002725 0.034062  0.712622 -0.000000 0.701549  0.317876 0.410084 0
0  0.005547 -0.003759 0.031917  0.712622 -0.000000 0.701549  0.312056 0.393135 0
mount_dovetail_rsr_akr_1913_railed_mount_LOD0
0  0.003435 -0.002725 0.034062  0.712623 0.000000 0.701548  0.317876 0.410084 0
0  0.003435 -0.004793 0.034062  0.712623 0.000000 0.701548  0.306234 0.410084 0
0  0.005547 -0.003759 0.031917  0.712623 0.000000 0.701548  0.312056 0.393135 0
mount_dovetail_rsr_akr_1913_railed_mount_LOD0
0  0.003435 -0.004793 0.034062  0.712286 -0.000000 0.701890  0.306234 0.410084 0
0  0.003435 -0.002725 0.034062  0.712286 -0.000000 0.701890  0.317876 0.410084 0
0  -0.007653 -0.004793 0.045325  0.712286 0.000000 0.701890  0.306234 0.499076 0
mount_dovetail_rsr_akr_1913_railed_mount_LOD0
0  0.003435 -0.002725 0.034062  0.712622 0.000000 0.701548  0.317876 0.410084 0
0  -0.007653 -0.002725 0.045325  0.712622 0.000000 0.701548  0.317876 0.499076 0
0  -0.007653 -0.004793 0.045325  0.712622 0.000000 0.701548  0.306234 0.499076 0
mount_dovetail_rsr_akr_1913_railed_mount_LOD0
0  0.003435 -0.004793 0.034062  0.712621 -0.000000 0.701549  0.306234 0.410084 0
0  0.003435 -0.018357 0.034062  0.712621 -0.000000 0.701549  0.229858 0.410084 0
0  0.005547 -0.003759 0.031917  0.712621 -0.000000 0.701549  0.312056 0.393135 0
mount_dovetail_rsr_akr_1913_railed_mount_LOD0
0  0.005547 -0.003759 0.031917  0.712620 -0.000000 0.701550  0.312056 0.393135 0
0  0.003435 -0.018357 0.034062  0.712620 -0.000000 0.701550  0.229858 0.410084 0
0  0.005547 -0.046345 0.031917  0.712620 -0.000000 0.701550  0.072273 0.393135 0
mount_dovetail_rsr_akr_1913_railed_mount_LOD0
0  0.003435 -0.018357 0.034062  0.712289 -0.000000 0.701886  0.229858 0.410084 0
0  0.003435 -0.023903 0.034062  0.712289 -0.000000 0.701886  0.198636 0.410084 0
0  0.005547 -0.046345 0.031917  0.712625 0.000001 0.701545  0.072273 0.393135 0
mount_dovetail_rsr_akr_1913_railed_mount_LOD0
0  0.003435 -0.023903 0.034062  0.712151 -0.000001 0.702026  0.198636 0.410084 0
0  0.003435 -0.018357 0.034062  0.712151 -0.000001 0.702026  0.229858 0.410084 0
0  -0.007653 -0.023902 0.045325  0.712151 -0.000001 0.702026  0.198639 0.499076 0
mount_dovetail_rsr_akr_1913_railed_mount_LOD0
0  0.003435 -0.018357 0.034062  0.712622 0.000000 0.701548  0.229858 0.410084 0
0  -0.007653 -0.018357 0.045325  0.712622 0.000000 0.701548  0.229857 0.499076 0
0  -0.007653 -0.023902 0.045325  0.712622 0.000000 0.701548  0.198639 0.499076 0
mount_dovetail_rsr_akr_1913_railed_mount_LOD0
0  0.003435 -0.023903 0.034062  0.712622 -0.000000 0.701548  0.198636 0.410084 0
0  0.003435 -0.040820 0.034062  0.712622 -0.000000 0.701548  0.103385 0.410084 0
0  0.005547 -0.046345 0.031917  0.712622 -0.000000 0.701548  0.072273 0.393135 0
mount_dovetail_rsr_akr_1913_railed_mount_LOD0
0  0.005547 -0.046345 0.031917  0.712622 -0.000000 0.701549  0.072273 0.393135 0
0  0.003435 -0.040820 0.034062  0.712622 -0.000000 0.701549  0.103385 0.410084 0
0  -0.007653 -0.046345 0.045325  0.712622 -0.000000 0.701549  0.072273 0.499074 0
mount_dovetail_rsr_akr_1913_railed_mount_LOD0
0  0.003435 -0.040820 0.034062  0.712623 -0.000000 0.701548  0.103385 0.410084 0
0  -0.007653 -0.040819 0.045325  0.712623 -0.000000 0.701548  0.103387 0.499074 0
0  -0.007653 -0.046345 0.045325  0.712623 -0.000000 0.701548  0.072273 0.499074 0
mount_dovetail_rsr_akr_1913_railed_mount_LOD0
0  0.003024 -0.046346 0.028053  0.707115 0.000002 -0.707098  0.941772 0.078176 0
0  0.003024 -0.041113 0.028053  0.707115 0.000002 -0.707098  0.941772 0.107638 0
0  0.005547 -0.041113 0.030576  0.707115 0.000002 -0.707098  0.921683 0.107638 0
mount_dovetail_rsr_akr_1913_railed_mount_LOD0
0  0.005547 -0.046346 0.030576  0.707120 -0.000000 -0.707094  0.921683 0.078176 0
0  0.003024 -0.046346 0.028053  0.707120 -0.000000 -0.707094  0.941772 0.078176 0
0  0.005547 -0.041113 0.030576  0.707120 -0.000000 -0.707094  0.921683 0.107638 0
mount_dovetail_rsr_akr_1913_railed_mount_LOD0
0  -0.006214 -0.041112 0.030998  0.000000 1.000000 -0.000563  0.925155 0.194348 0
0  0.005547 -0.041112 0.030998  0.000000 1.000000 -0.000563  0.978129 0.194348 0
0  -0.006214 -0.041113 0.030576  0.000000 1.000000 -0.000563  0.925157 0.196248 0
mount_dovetail_rsr_akr_1913_railed_mount_LOD0
0  0.005547 -0.041112 0.030998  0.000000 1.000000 -0.000540  0.978129 0.194348 0
0  0.005547 -0.041113 0.030576  0.000000 1.000000 -0.000540  0.978132 0.196248 0
0  -0.006214 -0.041113 0.030576  0.000000 1.000000 -0.000540  0.925157 0.196248 0
mount_dovetail_rsr_akr_1913_railed_mount_LOD0
0  -0.006214 -0.041113 0.030576  0.000000 1.000000 -0.000334  0.925157 0.196248 0
0  0.005547 -0.041113 0.030576  0.000000 1.000000 -0.000334  0.978132 0.196248 0
0  0.003024 -0.041113 0.028053  0.000000 1.000000 0.000001  0.966768 0.207615 0
mount_dovetail_rsr_akr_1913_railed_mount_LOD0
0  -0.003691 -0.041113 0.028053  0.000002 1.000000 0.000000  0.936522 0.207615 0
0  -0.006214 -0.041113 0.030576  0.000002 1.000000 0.000000  0.925157 0.196248 0
0  0.003024 -0.041113 0.028053  0.000002 1.000000 0.000000  0.966768 0.207615 0
mount_dovetail_rsr_akr_1913_railed_mount_LOD0
0  0.005547 -0.046346 0.030576  1.000000 -0.000001 0.000002  0.002115 0.282193 0
0  0.005547 -0.041113 0.030576  1.000000 -0.000001 0.000002  0.031579 0.282193 0
0  0.005547 -0.046345 0.030998  1.000000 -0.000001 0.000002  0.002117 0.284568 0
mount_dovetail_rsr_akr_1913_railed_mount_LOD0
0  0.005547 -0.041113 0.030576  1.000000 0.000000 0.000011  0.031579 0.282193 0
0  0.005547 -0.041112 0.030998  1.000000 0.000000 0.000011  0.031580 0.284568 0
0  0.005547 -0.046345 0.030998  1.000000 0.000000 0.000011  0.002117 0.284568 0
mount_dovetail_rsr_akr_1913_railed_mount_LOD0
0  0.005547 -0.046345 0.030998  1.000000 0.000000 -0.000394  0.002117 0.284568 0
0  0.005547 -0.041112 0.030998  1.000000 0.000000 -0.000394  0.031580 0.284568 0
0  0.005547 -0.046345 0.031917  1.000000 0.000000 -0.000394  0.002115 0.289743 0
mount_dovetail_rsr_akr_1913_railed_mount_LOD0
0  0.005547 -0.041112 0.030998  1.000000 0.000000 -0.000394  0.031580 0.284568 0
0  0.005547 -0.036353 0.030998  1.000000 0.000000 -0.000394  0.058378 0.284570 0
0  0.005547 -0.046345 0.031917  1.000000 0.000000 -0.000394  0.002115 0.289743 0
mount_dovetail_rsr_akr_1913_railed_mount_LOD0
0  0.005547 -0.036353 0.030998  1.000000 -0.000000 -0.000396  0.058378 0.284570 0
0  0.005547 -0.031120 0.030998  1.000000 -0.000000 -0.000396  0.087843 0.284570 0
0  0.005547 -0.046345 0.031917  1.000000 -0.000000 -0.000396  0.002115 0.289743 0
mount_dovetail_rsr_akr_1913_railed_mount_LOD0
0  0.005547 -0.031120 0.030576  1.000000 -0.000000 0.000015  0.087841 0.282191 0
0  0.005547 -0.031120 0.030998  1.000000 -0.000000 0.000015  0.087843 0.284570 0
0  0.005547 -0.036353 0.030998  1.000000 -0.000000 0.000015  0.058378 0.284570 0
mount_dovetail_rsr_akr_1913_railed_mount_LOD0
0  0.005547 -0.036353 0.030576  1.000000 -0.000001 0.000002  0.058376 0.282191 0
0  0.005547 -0.031120 0.030576  1.000000 -0.000001 0.000002  0.087841 0.282191 0
0  0.005547 -0.036353 0.030998  1.000000 -0.000001 0.000002  0.058378 0.284570 0
mount_dovetail_rsr_akr_1913_railed_mount_LOD0
0  0.005547 -0.031120 0.030998  1.000000 -0.000001 -0.000416  0.087843 0.284570 0
0  0.005547 -0.026360 0.030998  1.000000 -0.000001 -0.000416  0.114642 0.284568 0
0  0.005547 -0.046345 0.031917  1.000000 -0.000001 -0.000416  0.002115 0.289743 0
mount_dovetail_rsr_akr_1913_railed_mount_LOD0
0  0.005547 -0.026360 0.030998  1.000000 0.000001 -0.000355  0.114642 0.284568 0
0  0.005547 -0.021128 0.030998  1.000000 0.000001 -0.000355  0.144105 0.284568 0
0  0.005547 -0.046345 0.031917  1.000000 0.000001 -0.000355  0.002115 0.289743 0
mount_dovetail_rsr_akr_1913_railed_mount_LOD0
0  0.005547 -0.021128 0.030998  1.000000 -0.000000 -0.000394  0.144105 0.284568 0
0  0.005547 -0.003759 0.031917  1.000000 -0.000000 -0.000394  0.241898 0.289743 0
0  0.005547 -0.046345 0.031917  1.000000 -0.000000 -0.000394  0.002115 0.289743 0
mount_dovetail_rsr_akr_1913_railed_mount_LOD0
0  0.005547 -0.016368 0.030998  1.000000 0.000000 -0.000390  0.170903 0.284568 0
0  0.005547 -0.003759 0.031917  1.000000 0.000000 -0.000390  0.241898 0.289743 0
0  0.005547 -0.021128 0.030998  1.000000 0.000000 -0.000390  0.144105 0.284568 0
mount_dovetail_rsr_akr_1913_railed_mount_LOD0
0  0.005547 -0.021128 0.030576  1.000000 0.000001 0.000011  0.144105 0.282193 0
0  0.005547 -0.021128 0.030998  1.000000 0.000001 0.000011  0.144105 0.284568 0
0  0.005547 -0.026360 0.030998  1.000000 0.000001 0.000011  0.114642 0.284568 0
mount_dovetail_rsr_akr_1913_railed_mount_LOD0
0  0.005547 -0.026360 0.030576  1.000000 0.000001 -0.000000  0.114642 0.282193 0
0  0.005547 -0.021128 0.030576  1.000000 0.000001 -0.000000  0.144105 0.282193 0
0  0.005547 -0.026360 0.030998  1.000000 0.000001 -0.000000  0.114642 0.284568 0
mount_dovetail_rsr_akr_1913_railed_mount_LOD0
0  0.005547 -0.011135 0.030998  1.000000 -0.000000 -0.000393  0.200367 0.284568 0
0  0.005547 -0.003759 0.031917  1.000000 -0.000000 -0.000393  0.241898 0.289743 0
0  0.005547 -0.016368 0.030998  1.000000 -0.000000 -0.000393  0.170903 0.284568 0
mount_dovetail_rsr_akr_1913_railed_mount_LOD0
0  0.005547 -0.011135 0.030576  1.000000 0.000000 0.000015  0.200367 0.282193 0
0  0.005547 -0.011135 0.030998  1.000000 0.000000 0.000015  0.200367 0.284568 0
0  0.005547 -0.016368 0.030998  1.000000 0.000000 0.000015  0.170903 0.284568 0
mount_dovetail_rsr_akr_1913_railed_mount_LOD0
0  0.005547 -0.016368 0.030576  1.000000 -0.000001 0.000009  0.170902 0.282193 0
0  0.005547 -0.011135 0.030576  1.000000 -0.000001 0.000009  0.200367 0.282193 0
0  0.005547 -0.016368 0.030998  1.000000 -0.000001 0.000009  0.170903 0.284568 0
mount_dovetail_rsr_akr_1913_railed_mount_LOD0
0  0.005547 -0.006375 0.030998  1.000000 -0.000001 -0.000387  0.227164 0.284568 0
0  0.005547 -0.003759 0.031917  1.000000 -0.000001 -0.000387  0.241898 0.289743 0
0  0.005547 -0.011135 0.030998  1.000000 -0.000001 -0.000387  0.200367 0.284568 0
mount_dovetail_rsr_akr_1913_railed_mount_LOD0
0  0.005547 -0.001143 0.030998  1.000000 0.000000 -0.000389  0.256626 0.284568 0
0  0.005547 -0.003759 0.031917  1.000000 0.000000 -0.000389  0.241898 0.289743 0
0  0.005547 -0.006375 0.030998  1.000000 0.000000 -0.000389  0.227164 0.284568 0
mount_dovetail_rsr_akr_1913_railed_mount_LOD0
0  0.005547 -0.001143 0.030576  1.000000 -0.000000 0.000007  0.256628 0.282191 0
0  0.005547 -0.001143 0.030998  1.000000 -0.000000 0.000007  0.256626 0.284568 0
0  0.005547 -0.006375 0.030998  1.000000 -0.000000 0.000007  0.227164 0.284568 0
mount_dovetail_rsr_akr_1913_railed_mount_LOD0
0  0.005547 -0.006375 0.030576  1.000000 0.000000 0.000007  0.227164 0.282191 0
0  0.005547 -0.001143 0.030576  1.000000 0.000000 0.000007  0.256628 0.282191 0
0  0.005547 -0.006375 0.030998  1.000000 0.000000 0.000007  0.227164 0.284568 0
mount_dovetail_rsr_akr_1913_railed_mount_LOD0
0  0.005547 0.003617 0.030998  1.000000 -0.000001 -0.000392  0.283425 0.284557 0
0  0.005547 -0.003759 0.031917  1.000000 -0.000001 -0.000392  0.241898 0.289743 0
0  0.005547 -0.001143 0.030998  1.000000 -0.000001 -0.000392  0.256626 0.284568 0
mount_dovetail_rsr_akr_1913_railed_mount_LOD0
0  0.005547 0.008850 0.030998  1.000000 0.000000 -0.000381  0.312891 0.284557 0
0  0.005547 -0.003759 0.031917  1.000000 0.000000 -0.000381  0.241898 0.289743 0
0  0.005547 0.003617 0.030998  1.000000 0.000000 -0.000381  0.283425 0.284557 0
mount_dovetail_rsr_akr_1913_railed_mount_LOD0
0  0.005547 0.008850 0.030576  1.000000 0.000000 0.000011  0.312889 0.282182 0
0  0.005547 0.008850 0.030998  1.000000 0.000000 0.000011  0.312891 0.284557 0
0  0.005547 0.003617 0.030998  1.000000 0.000000 0.000011  0.283425 0.284557 0
mount_dovetail_rsr_akr_1913_railed_mount_LOD0
0  0.005547 0.003617 0.030576  1.000000 0.000000 0.000007  0.283425 0.282182 0
0  0.005547 0.008850 0.030576  1.000000 0.000000 0.000007  0.312889 0.282182 0
0  0.005547 0.003617 0.030998  1.000000 0.000000 0.000007  0.283425 0.284557 0
mount_dovetail_rsr_akr_1913_railed_mount_LOD0
0  0.005547 0.013610 0.030998  1.000000 -0.000001 -0.000399  0.339686 0.284568 0
0  0.005547 -0.003759 0.031917  1.000000 -0.000001 -0.000399  0.241898 0.289743 0
0  0.005547 0.008850 0.030998  1.000000 -0.000001 -0.000399  0.312891 0.284557 0
mount_dovetail_rsr_akr_1913_railed_mount_LOD0
0  0.005547 0.038828 0.031917  1.000000 0.000000 -0.000381  0.481673 0.289743 0
0  0.005547 -0.003759 0.031917  1.000000 0.000000 -0.000381  0.241898 0.289743 0
0  0.005547 0.013610 0.030998  1.000000 0.000000 -0.000381  0.339686 0.284568 0
mount_dovetail_rsr_akr_1913_railed_mount_LOD0
0  0.005547 0.018843 0.030998  1.000000 0.000001 -0.000395  0.369150 0.284568 0
0  0.005547 0.038828 0.031917  1.000000 0.000001 -0.000395  0.481673 0.289743 0
0  0.005547 0.013610 0.030998  1.000000 0.000001 -0.000395  0.339686 0.284568 0
mount_dovetail_rsr_akr_1913_railed_mount_LOD0
0  0.005547 0.018843 0.030576  1.000000 0.000001 0.000007  0.369150 0.282191 0
0  0.005547 0.018843 0.030998  1.000000 0.000001 0.000007  0.369150 0.284568 0
0  0.005547 0.013610 0.030998  1.000000 0.000001 0.000007  0.339686 0.284568 0
mount_dovetail_rsr_akr_1913_railed_mount_LOD0
0  0.005547 0.013610 0.030576  1.000000 0.000000 0.000000  0.339684 0.282191 0
0  0.005547 0.018843 0.030576  1.000000 0.000000 0.000000  0.369150 0.282191 0
0  0.005547 0.013610 0.030998  1.000000 0.000000 0.000000  0.339686 0.284568 0
mount_dovetail_rsr_akr_1913_railed_mount_LOD0
0  0.005547 0.023603 0.030998  1.000000 -0.000001 -0.000371  0.395945 0.284579 0
0  0.005547 0.038828 0.031917  1.000000 -0.000001 -0.000371  0.481673 0.289743 0
0  0.005547 0.018843 0.030998  1.000000 -0.000001 -0.000371  0.369150 0.284568 0
mount_dovetail_rsr_akr_1913_railed_mount_LOD0
0  0.005547 0.028836 0.030998  1.000000 0.000000 -0.000381  0.425411 0.284579 0
0  0.005547 0.038828 0.031917  1.000000 0.000000 -0.000381  0.481673 0.289743 0
0  0.005547 0.023603 0.030998  1.000000 0.000000 -0.000381  0.395945 0.284579 0
mount_dovetail_rsr_akr_1913_railed_mount_LOD0
0  0.005547 0.028836 0.030576  1.000000 -0.000000 0.000011  0.425411 0.282200 0
0  0.005547 0.028836 0.030998  1.000000 -0.000000 -0.000325  0.425411 0.284579 0
0  0.005547 0.023603 0.030998  1.000000 -0.000001 -0.000325  0.395945 0.284579 0
mount_dovetail_rsr_akr_1913_railed_mount_LOD0
0  0.005547 0.023603 0.030576  1.000000 -0.000000 0.000004  0.395947 0.282200 0
0  0.005547 0.028836 0.030576  1.000000 -0.000000 0.000004  0.425411 0.282200 0
0  0.005547 0.023603 0.030998  1.000000 -0.000000 0.000004  0.395945 0.284579 0
mount_dovetail_rsr_akr_1913_railed_mount_LOD0
0  0.005547 0.033596 0.030998  1.000000 0.000000 -0.000381  0.452210 0.284570 0
0  0.005547 0.038828 0.031917  1.000000 0.000000 -0.000381  0.481673 0.289743 0
0  0.005547 0.028836 0.030998  1.000000 0.000000 -0.000381  0.425411 0.284579 0
mount_dovetail_rsr_akr_1913_railed_mount_LOD0
0  0.005547 0.038828 0.030998  1.000000 0.000000 0.000191  0.481671 0.284570 0
0  0.005547 0.038828 0.031917  1.000000 0.000000 -0.000384  0.481673 0.289743 0
0  0.005547 0.033596 0.030998  1.000000 0.000000 -0.000384  0.452210 0.284570 0
mount_dovetail_rsr_akr_1913_railed_mount_LOD0
0  0.005547 0.038828 0.030576  1.000000 0.000000 0.000011  0.481669 0.282195 0
0  0.005547 0.038828 0.030998  1.000000 0.000000 0.000011  0.481671 0.284570 0
0  0.005547 0.033596 0.030998  1.000000 0.000000 0.000011  0.452210 0.284570 0
mount_dovetail_rsr_akr_1913_railed_mount_LOD0
0  0.005547 0.033596 0.030576  1.000000 0.000000 0.000004  0.452208 0.282195 0
0  0.005547 0.038828 0.030576  1.000000 0.000000 0.000004  0.481669 0.282195 0
0  0.005547 0.033596 0.030998  1.000000 0.000000 0.000004  0.452210 0.284570 0
mount_dovetail_rsr_akr_1913_railed_mount_LOD0
0  0.003024 -0.036353 0.028053  0.707116 0.000002 -0.707098  0.977995 0.998224 0
0  0.003024 -0.031120 0.028053  0.707116 0.000002 -0.707098  0.977995 0.968761 0
0  0.005547 -0.031120 0.030576  0.707116 0.000002 -0.707098  0.998085 0.968761 0
mount_dovetail_rsr_akr_1913_railed_mount_LOD0
0  0.005547 -0.036353 0.030576  0.707120 -0.000001 -0.707094  0.998085 0.998224 0
0  0.003024 -0.036353 0.028053  0.707120 -0.000001 -0.707094  0.977995 0.998224 0
0  0.005547 -0.031120 0.030576  0.707120 -0.000001 -0.707094  0.998085 0.968761 0
mount_dovetail_rsr_akr_1913_railed_mount_LOD0
0  0.005547 -0.031120 0.030998  0.000133 1.000000 -0.000204  0.646838 0.129575 0
0  0.005547 -0.031120 0.030576  0.000133 1.000000 -0.000204  0.646838 0.131476 0
0  0.003024 -0.031120 0.028053  0.000139 1.000000 -0.000197  0.635473 0.142841 0
mount_dovetail_rsr_akr_1913_railed_mount_LOD0
0  0.000524 -0.031120 0.030998  -0.000022 1.000000 -0.000057  0.624215 0.129575 0
0  0.005547 -0.031120 0.030998  -0.000022 1.000000 -0.000057  0.646838 0.129575 0
0  0.003024 -0.031120 0.028053  -0.000022 1.000000 -0.000057  0.635473 0.142841 0
mount_dovetail_rsr_akr_1913_railed_mount_LOD0
0  0.000524 -0.031120 0.030998  0.000000 1.000000 -0.000041  0.624215 0.129575 0
0  0.003024 -0.031120 0.028053  0.000000 1.000000 -0.000041  0.635473 0.142841 0
0  -0.003691 -0.031120 0.028053  0.000000 1.000000 -0.000041  0.605227 0.142841 0
mount_dovetail_rsr_akr_1913_railed_mount_LOD0
0  -0.003422 -0.031120 0.030998  0.000000 1.000000 -0.000038  0.606439 0.129575 0
0  0.000524 -0.031120 0.030998  0.000000 1.000000 -0.000038  0.624215 0.129575 0
0  -0.003691 -0.031120 0.028053  0.000000 1.000000 -0.000038  0.605227 0.142841 0
mount_dovetail_rsr_akr_1913_railed_mount_LOD0
0  -0.003422 -0.031120 0.030998  -0.000041 1.000000 -0.000038  0.606439 0.129575 0
0  -0.003691 -0.031120 0.028053  -0.000041 1.000000 -0.000038  0.605227 0.142841 0
0  -0.006214 -0.031120 0.030576  -0.000041 1.000000 -0.000038  0.593863 0.131475 0
mount_dovetail_rsr_akr_1913_railed_mount_LOD0
0  -0.006214 -0.031120 0.030998  -0.000075 1.000000 0.000190  0.593863 0.129575 0
0  -0.003422 -0.031120 0.030998  -0.000043 1.000000 0.000194  0.606439 0.129575 0
0  -0.006214 -0.031120 0.030576  -0.000075 1.000000 0.000190  0.593863 0.131475 0
mount_dovetail_rsr_akr_1913_railed_mount_LOD0
0  0.003024 -0.026360 0.028053  0.707116 0.000003 -0.707097  0.002021 0.001968 0
0  0.003024 -0.021128 0.028053  0.707116 0.000003 -0.707097  0.031483 0.001968 0
0  0.005547 -0.021128 0.030576  0.707116 0.000003 -0.707097  0.031483 0.022058 0
mount_dovetail_rsr_akr_1913_railed_mount_LOD0
0  0.005547 -0.026360 0.030576  0.707119 0.000000 -0.707095  0.002021 0.022058 0
0  0.003024 -0.026360 0.028053  0.707119 0.000000 -0.707095  0.002021 0.001968 0
0  0.005547 -0.021128 0.030576  0.707119 0.000000 -0.707095  0.031483 0.022058 0
mount_dovetail_rsr_akr_1913_railed_mount_LOD0
0  -0.006214 -0.021128 0.030998  0.000001 1.000000 -0.000575  0.002330 0.168715 0
0  0.005547 -0.021128 0.030998  0.000001 1.000000 -0.000575  0.055304 0.168715 0
0  -0.006214 -0.021128 0.030576  0.000001 1.000000 -0.000575  0.002330 0.170616 0
mount_dovetail_rsr_akr_1913_railed_mount_LOD0
0  0.005547 -0.021128 0.030998  0.000001 1.000000 -0.000575  0.055304 0.168715 0
0  0.005547 -0.021128 0.030576  0.000001 1.000000 -0.000575  0.055305 0.170616 0
0  -0.006214 -0.021128 0.030576  0.000001 1.000000 -0.000575  0.002330 0.170616 0
mount_dovetail_rsr_akr_1913_railed_mount_LOD0
0  -0.006214 -0.021128 0.030576  0.000001 1.000000 0.000003  0.002330 0.170616 0
0  0.005547 -0.021128 0.030576  0.000001 1.000000 0.000003  0.055305 0.170616 0
0  0.003024 -0.021128 0.028053  0.000001 1.000000 0.000003  0.043942 0.181980 0
mount_dovetail_rsr_akr_1913_railed_mount_LOD0
0  -0.003691 -0.021128 0.028053  0.000001 1.000000 0.000007  0.013697 0.181980 0
0  -0.006214 -0.021128 0.030576  0.000001 1.000000 0.000007  0.002330 0.170616 0
0  0.003024 -0.021128 0.028053  0.000001 1.000000 0.000007  0.043942 0.181980 0
mount_dovetail_rsr_akr_1913_railed_mount_LOD0
0  0.003024 -0.016368 0.028053  0.707116 0.000002 -0.707098  0.997915 0.900458 0
0  0.003024 -0.011135 0.028053  0.707116 0.000002 -0.707098  0.997915 0.929920 0
0  0.005547 -0.011135 0.030576  0.707116 0.000002 -0.707098  0.977825 0.929920 0
mount_dovetail_rsr_akr_1913_railed_mount_LOD0
0  0.005547 -0.016368 0.030576  0.707119 -0.000000 -0.707095  0.977825 0.900458 0
0  0.003024 -0.016368 0.028053  0.707119 -0.000000 -0.707095  0.997915 0.900458 0
0  0.005547 -0.011135 0.030576  0.707119 -0.000000 -0.707095  0.977825 0.929920 0
mount_dovetail_rsr_akr_1913_railed_mount_LOD0
0  -0.003691 -0.016368 0.028053  0.000000 -1.000000 -0.000006  0.789442 0.545630 0
0  0.003024 -0.016368 0.028053  0.000000 -1.000000 -0.000006  0.819687 0.545630 0
0  0.005547 -0.016368 0.030576  0.000000 -1.000000 -0.000006  0.831051 0.556995 0
mount_dovetail_rsr_akr_1913_railed_mount_LOD0
0  -0.006214 -0.016368 0.030576  0.000000 -1.000000 -0.000004  0.778076 0.556995 0
0  -0.003691 -0.016368 0.028053  0.000000 -1.000000 -0.000004  0.789442 0.545630 0
0  0.005547 -0.016368 0.030576  0.000000 -1.000000 -0.000004  0.831051 0.556995 0
mount_dovetail_rsr_akr_1913_railed_mount_LOD0
0  -0.006214 -0.016368 0.030576  0.000000 -1.000000 0.000497  0.778076 0.556995 0
0  0.005547 -0.016368 0.030576  0.000000 -1.000000 0.000497  0.831051 0.556995 0
0  0.005547 -0.016368 0.030998  0.000000 -1.000000 0.000497  0.831051 0.558895 0
mount_dovetail_rsr_akr_1913_railed_mount_LOD0
0  -0.006214 -0.016368 0.030998  -0.000001 -1.000000 0.000528  0.778076 0.558895 0
0  -0.006214 -0.016368 0.030576  -0.000001 -1.000000 0.000528  0.778076 0.556995 0
0  0.005547 -0.016368 0.030998  -0.000001 -1.000000 0.000528  0.831051 0.558895 0
mount_dovetail_rsr_akr_1913_railed_mount_LOD0
0  0.003024 -0.006375 0.028053  0.707118 0.000001 -0.707096  0.998012 0.934745 0
0  0.003024 -0.001143 0.028053  0.707118 0.000001 -0.707096  0.998012 0.964206 0
0  0.005547 -0.001143 0.030576  0.707118 0.000001 -0.707096  0.977922 0.964206 0
mount_dovetail_rsr_akr_1913_railed_mount_LOD0
0  0.005547 -0.006375 0.030576  0.707119 0.000000 -0.707095  0.977922 0.934745 0
0  0.003024 -0.006375 0.028053  0.707119 0.000000 -0.707095  0.998012 0.934745 0
0  0.005547 -0.001143 0.030576  0.707119 0.000000 -0.707095  0.977922 0.964206 0
mount_dovetail_rsr_akr_1913_railed_mount_LOD0
0  0.003024 0.003617 0.028053  0.707117 0.000000 -0.707097  1.977995 0.968761 0
0  0.003024 0.008850 0.028053  0.707117 0.000000 -0.707097  1.977995 0.998224 0
0  0.005547 0.008850 0.030576  0.707117 0.000000 -0.707097  1.998085 0.998224 0
mount_dovetail_rsr_akr_1913_railed_mount_LOD0
0  0.005547 0.003617 0.030576  0.707118 0.000000 -0.707096  1.998085 0.968761 0
0  0.003024 0.003617 0.028053  0.707118 0.000000 -0.707096  1.977995 0.968761 0
0  0.005547 0.008850 0.030576  0.707118 0.000000 -0.707096  1.998085 0.998224 0
mount_dovetail_rsr_akr_1913_railed_mount_LOD0
0  0.003024 0.013610 0.028053  0.707117 0.000002 -0.707097  1.031485 0.001968 0
0  0.003024 0.018843 0.028053  0.707117 0.000002 -0.707097  1.002021 0.001968 0
0  0.005547 0.018843 0.030576  0.707117 0.000002 -0.707097  1.002021 0.022058 0
mount_dovetail_rsr_akr_1913_railed_mount_LOD0
0  0.005547 0.013610 0.030576  0.707120 0.000000 -0.707094  1.031485 0.022058 0
0  0.003024 0.013610 0.028053  0.707120 0.000000 -0.707094  1.031485 0.001968 0
0  0.005547 0.018843 0.030576  0.707120 0.000000 -0.707094  1.002021 0.022058 0
mount_dovetail_rsr_akr_1913_railed_mount_LOD0
0  0.003024 0.023603 0.028053  0.707117 0.000000 -0.707096  1.997915 0.929920 0
0  0.003024 0.028836 0.028053  0.707117 0.000000 -0.707096  1.997915 0.900458 0
0  0.005547 0.028836 0.030576  0.707117 0.000000 -0.707096  1.977825 0.900458 0
mount_dovetail_rsr_akr_1913_railed_mount_LOD0
0  0.005547 0.023603 0.030576  0.707118 -0.000000 -0.707095  1.977825 0.929920 0
0  0.003024 0.023603 0.028053  0.707118 -0.000000 -0.707095  1.997915 0.929920 0
0  0.005547 0.028836 0.030576  0.707118 -0.000000 -0.707095  1.977825 0.900458 0
mount_dovetail_rsr_akr_1913_railed_mount_LOD0
0  -0.006214 0.028836 0.030998  0.000001 1.000000 -0.000563  1.778076 0.558895 0
0  0.005547 0.028836 0.030998  0.000001 1.000000 -0.000563  1.831051 0.558895 0
0  -0.006214 0.028836 0.030576  0.000001 1.000000 -0.000563  1.778076 0.556995 0
mount_dovetail_rsr_akr_1913_railed_mount_LOD0
0  0.005547 0.028836 0.030998  0.000001 1.000000 -0.000528  1.831051 0.558895 0
0  0.005547 0.028836 0.030576  0.000001 1.000000 -0.000528  1.831051 0.556995 0
0  -0.006214 0.028836 0.030576  0.000001 1.000000 -0.000528  1.778076 0.556995 0
mount_dovetail_rsr_akr_1913_railed_mount_LOD0
0  -0.006214 0.028836 0.030576  0.000001 1.000000 -0.000011  1.778076 0.556995 0
0  0.005547 0.028836 0.030576  0.000001 1.000000 -0.000011  1.831051 0.556995 0
0  0.003024 0.028836 0.028053  0.000001 1.000000 -0.000011  1.819687 0.545630 0
mount_dovetail_rsr_akr_1913_railed_mount_LOD0
0  -0.003691 0.028836 0.028053  0.000000 1.000000 -0.000010  1.789442 0.545630 0
0  -0.006214 0.028836 0.030576  0.000000 1.000000 -0.000010  1.778076 0.556995 0
0  0.003024 0.028836 0.028053  0.000000 1.000000 -0.000010  1.819687 0.545630 0
mount_dovetail_rsr_akr_1913_railed_mount_LOD0
0  0.003024 0.033596 0.028053  0.707117 0.000003 -0.707097  1.941772 0.107633 0
0  0.003024 0.038828 0.028053  0.707117 0.000003 -0.707097  1.941772 0.078176 0
0  0.005547 0.038828 0.030576  0.707117 0.000003 -0.707097  1.921683 0.078176 0
mount_dovetail_rsr_akr_1913_railed_mount_LOD0
0  0.005547 0.033596 0.030576  0.707119 0.000000 -0.707094  1.921683 0.107633 0
0  0.003024 0.033596 0.028053  0.707119 0.000000 -0.707094  1.941772 0.107633 0
0  0.005547 0.038828 0.030576  0.707119 0.000000 -0.707094  1.921683 0.078176 0
mount_dovetail_rsr_akr_1913_railed_mount_LOD0
0  0.005547 -0.036353 0.030998  0.000000 0.000001 -1.000000  0.923959 0.190081 0
0  0.005547 -0.041112 0.030998  0.000000 0.000001 -1.000000  0.923959 0.168643 0
0  -0.006214 -0.041112 0.030998  0.000000 0.000001 -1.000000  0.976930 0.168643 0
mount_dovetail_rsr_akr_1913_railed_mount_LOD0
0  -0.006214 -0.036353 0.030998  0.000000 0.000001 -1.000000  0.976930 0.190081 0
0  0.005547 -0.036353 0.030998  0.000000 0.000001 -1.000000  0.923959 0.190081 0
0  -0.006214 -0.041112 0.030998  0.000000 0.000001 -1.000000  0.976930 0.168643 0
mount_dovetail_rsr_akr_1913_railed_mount_LOD0
0  0.003024 -0.001143 0.028053  -0.000001 0.000000 -1.000000  0.497750 0.025877 0
0  0.003024 -0.006375 0.028053  -0.000001 0.000000 -1.000000  0.497750 0.002308 0
0  -0.003691 -0.006375 0.028053  -0.000001 0.000000 -1.000000  0.527993 0.002308 0
mount_dovetail_rsr_akr_1913_railed_mount_LOD0
0  -0.003691 -0.001143 0.028053  0.000000 0.000000 -1.000000  0.527993 0.025877 0
0  0.003024 -0.001143 0.028053  0.000000 0.000000 -1.000000  0.497750 0.025877 0
0  -0.003691 -0.006375 0.028053  0.000000 0.000000 -1.000000  0.527993 0.002308 0
mount_dovetail_rsr_akr_1913_railed_mount_LOD0
0  0.005547 0.013610 0.030998  0.000001 0.000001 -1.000000  1.683493 0.190698 0
0  0.005547 0.008850 0.030998  0.000001 0.000001 -1.000000  1.683493 0.212136 0
0  -0.006214 0.008850 0.030998  0.000001 0.000001 -1.000000  1.736468 0.212136 0
mount_dovetail_rsr_akr_1913_railed_mount_LOD0
0  -0.006214 0.013610 0.030998  0.000000 0.000002 -1.000000  1.736468 0.190698 0
0  0.005547 0.013610 0.030998  0.000000 0.000002 -1.000000  1.683493 0.190698 0
0  -0.006214 0.008850 0.030998  0.000000 0.000002 -1.000000  1.736468 0.212136 0
mount_dovetail_rsr_akr_1913_railed_mount_LOD0
0  -0.003691 -0.046346 0.028053  -0.707119 0.000001 -0.707095  0.977679 0.002063 0
0  -0.006214 -0.046346 0.030576  -0.707119 0.000001 -0.707095  0.997767 0.002063 0
0  -0.006214 -0.041113 0.030576  -0.707119 0.000001 -0.707095  0.997767 0.031525 0
mount_dovetail_rsr_akr_1913_railed_mount_LOD0
0  -0.003691 -0.041113 0.028053  -0.707117 0.000004 -0.707097  0.977679 0.031525 0
0  -0.003691 -0.046346 0.028053  -0.707117 0.000004 -0.707097  0.977679 0.002063 0
0  -0.006214 -0.041113 0.030576  -0.707117 0.000004 -0.707097  0.997767 0.031525 0
mount_dovetail_rsr_akr_1913_railed_mount_LOD0
0  -0.006214 -0.046346 0.030576  0.000000 -1.000000 -0.000003  0.583509 0.303499 0
0  -0.003691 -0.046346 0.028053  0.000000 -1.000000 -0.000003  0.562201 0.282189 0
0  0.003024 -0.046346 0.028053  0.000000 -1.000000 -0.000003  0.505493 0.282191 0
mount_dovetail_rsr_akr_1913_railed_mount_LOD0
0  0.005547 -0.046346 0.030576  0.000000 -1.000000 -0.000008  0.484183 0.303501 0
0  -0.006214 -0.046346 0.030576  0.000000 -1.000000 -0.000008  0.583509 0.303499 0
0  0.003024 -0.046346 0.028053  0.000000 -1.000000 -0.000008  0.505493 0.282191 0
mount_dovetail_rsr_akr_1913_railed_mount_LOD0
0  -0.006214 -0.046346 0.030576  -0.000000 -1.000000 0.000546  0.583509 0.303499 0
0  0.005547 -0.046346 0.030576  -0.000000 -1.000000 0.000546  0.484183 0.303501 0
0  0.005547 -0.046345 0.030998  -0.000000 -1.000000 0.000546  0.484183 0.307065 0
mount_dovetail_rsr_akr_1913_railed_mount_LOD0
0  -0.006214 -0.046345 0.030998  -0.000000 -1.000000 0.000037  0.583509 0.307065 0
0  -0.006214 -0.046346 0.030576  -0.000000 -1.000000 0.000516  0.583509 0.303499 0
0  0.005547 -0.046345 0.030998  -0.000000 -1.000000 0.000516  0.484183 0.307065 0
mount_dovetail_rsr_akr_1913_railed_mount_LOD0
0  -0.006399 -0.046345 0.031917  0.000000 -1.000000 -0.000140  0.585071 0.314830 0
0  -0.006214 -0.046345 0.030998  0.000000 -1.000000 -0.000140  0.583509 0.307065 0
0  0.005547 -0.046345 0.030998  0.000000 -1.000000 -0.000140  0.484183 0.307065 0
mount_dovetail_rsr_akr_1913_railed_mount_LOD0
0  0.005547 -0.046345 0.031917  -0.000001 -1.000000 -0.000148  0.484180 0.314832 0
0  -0.006399 -0.046345 0.031917  -0.000001 -1.000000 -0.000148  0.585071 0.314830 0
0  0.005547 -0.046345 0.030998  -0.000001 -1.000000 -0.000148  0.484183 0.307065 0
mount_dovetail_rsr_akr_1913_railed_mount_LOD0
0  -0.006399 -0.046345 0.031917  -0.000001 -1.000000 -0.000005  0.585071 0.314830 0
0  0.005547 -0.046345 0.031917  -0.000001 -1.000000 -0.000005  0.484180 0.314832 0
0  -0.007309 -0.046345 0.034062  -0.000001 -1.000000 -0.000005  0.592757 0.332946 0
mount_dovetail_rsr_akr_1913_railed_mount_LOD0
0  -0.007309 -0.046345 0.034062  -0.000001 -1.000000 0.000000  0.592757 0.332946 0
0  0.005547 -0.046345 0.031917  -0.000001 -1.000000 0.000000  0.484180 0.314832 0
0  -0.008195 -0.046345 0.035500  -0.000001 -1.000000 0.000000  0.600243 0.345090 0
mount_dovetail_rsr_akr_1913_railed_mount_LOD0
0  -0.008195 -0.046345 0.035500  -0.000001 -1.000000 0.000000  0.600243 0.345090 0
0  0.005547 -0.046345 0.031917  -0.000001 -1.000000 0.000000  0.484180 0.314832 0
0  -0.007653 -0.046345 0.045325  -0.000001 -1.000000 0.000000  0.595665 0.428070 0
mount_dovetail_rsr_akr_1913_railed_mount_LOD0
0  -0.009205 -0.046345 0.036855  0.000000 -1.000000 -0.000000  0.608770 0.356536 0
0  -0.008195 -0.046345 0.035500  0.000000 -1.000000 -0.000000  0.600243 0.345090 0
0  -0.007653 -0.046345 0.045325  0.000000 -1.000000 -0.000000  0.595665 0.428070 0
mount_dovetail_rsr_akr_1913_railed_mount_LOD0
0  -0.010993 -0.046345 0.038947  0.000000 -1.000000 0.000000  0.623874 0.374197 0
0  -0.009205 -0.046345 0.036855  0.000000 -1.000000 0.000000  0.608770 0.356536 0
0  -0.007653 -0.046345 0.045325  0.000000 -1.000000 0.000000  0.595665 0.428070 0
mount_dovetail_rsr_akr_1913_railed_mount_LOD0
0  -0.012144 -0.046345 0.040053  0.000000 -1.000000 0.000000  0.633592 0.383540 0
0  -0.010993 -0.046345 0.038947  0.000000 -1.000000 0.000000  0.623874 0.374197 0
0  -0.007653 -0.046345 0.045325  0.000000 -1.000000 0.000000  0.595665 0.428070 0
mount_dovetail_rsr_akr_1913_railed_mount_LOD0
0  -0.013719 -0.046345 0.044364  0.000001 -1.000000 -0.000002  0.646897 0.419954 0
0  -0.012144 -0.046345 0.040053  0.000001 -1.000000 -0.000002  0.633592 0.383540 0
0  -0.007653 -0.046345 0.045325  0.000001 -1.000000 -0.000002  0.595665 0.428070 0
mount_dovetail_rsr_akr_1913_railed_mount_LOD0
0  -0.013719 -0.046345 0.045325  0.000001 -1.000000 0.000000  0.646899 0.428070 0
0  -0.013719 -0.046345 0.044364  0.000001 -1.000000 0.000000  0.646897 0.419954 0
0  -0.007653 -0.046345 0.045325  0.000001 -1.000000 0.000000  0.595665 0.428070 0
mount_dovetail_rsr_akr_1913_railed_mount_LOD0
0  -0.014558 -0.046345 0.041918  -0.000002 -1.000000 -0.000004  0.653981 0.399295 0
0  -0.012144 -0.046345 0.040053  -0.000002 -1.000000 -0.000004  0.633592 0.383540 0
0  -0.013719 -0.046345 0.044364  -0.000002 -1.000000 -0.000004  0.646897 0.419954 0
mount_dovetail_rsr_akr_1913_railed_mount_LOD0
0  -0.017023 -0.046345 0.043261  -0.000001 -1.000000 -0.000001  0.674799 0.410632 0
0  -0.014558 -0.046345 0.041918  -0.000001 -1.000000 -0.000001  0.653981 0.399295 0
0  -0.013719 -0.046345 0.044364  -0.000001 -1.000000 -0.000001  0.646897 0.419954 0
mount_dovetail_rsr_akr_1913_railed_mount_LOD0
0  -0.019812 -0.046345 0.043929  -0.000007 -1.000000 0.000011  0.698361 0.416280 0
0  -0.017023 -0.046345 0.043261  -0.000007 -1.000000 0.000011  0.674799 0.410632 0
0  -0.013719 -0.046345 0.044364  -0.000007 -1.000000 0.000011  0.646897 0.419954 0
mount_dovetail_rsr_akr_1913_railed_mount_LOD0
0  -0.022742 -0.046345 0.044364  -0.000009 -1.000000 0.000015  0.723100 0.419961 0
0  -0.019812 -0.046345 0.043929  -0.000009 -1.000000 0.000015  0.698361 0.416280 0
0  -0.013719 -0.046345 0.044364  -0.000009 -1.000000 0.000015  0.646897 0.419954 0
mount_dovetail_rsr_akr_1913_railed_mount_LOD0
0  -0.006214 -0.041113 0.030576  -1.000000 0.000000 0.000004  0.362127 0.032642 0
0  -0.006214 -0.046346 0.030576  -1.000000 0.000000 0.000004  0.385697 0.032650 0
0  -0.006214 -0.046345 0.030998  -0.995095 -0.000011 -0.098922  0.385697 0.034552 0
mount_dovetail_rsr_akr_1913_railed_mount_LOD0
0  -0.006214 -0.041112 0.030998  -0.991255 -0.000071 -0.131960  0.362127 0.034543 0
0  -0.006214 -0.041113 0.030576  -1.000000 0.000001 0.000012  0.362127 0.032642 0
0  -0.006214 -0.046345 0.030998  -0.995096 0.000002 -0.098914  0.385697 0.034552 0
mount_dovetail_rsr_akr_1913_railed_mount_LOD0
0  -0.006214 -0.046345 0.030998  -0.995067 -0.000013 -0.099200  0.385697 0.034552 0
0  -0.006399 -0.046345 0.031917  -0.955426 -0.000002 -0.295232  0.385695 0.038782 0
0  -0.006214 -0.041112 0.030998  -0.991236 -0.000001 -0.132102  0.362127 0.034543 0
mount_dovetail_rsr_akr_1913_railed_mount_LOD0
0  -0.006214 -0.041112 0.030998  -0.991236 0.000000 -0.132106  0.362127 0.034543 0
0  -0.006399 -0.046345 0.031917  -0.955424 0.000003 -0.295236  0.385695 0.038782 0
0  -0.006214 -0.036353 0.030998  -0.991255 -0.000003 -0.131963  0.340689 0.034533 0
mount_dovetail_rsr_akr_1913_railed_mount_LOD0
0  -0.006214 -0.036353 0.030998  -0.991254 0.000004 -0.131966  0.340689 0.034533 0
0  -0.006399 -0.046345 0.031917  -0.955424 0.000004 -0.295238  0.385695 0.038782 0
0  -0.006214 -0.031120 0.030998  -0.991235 0.000002 -0.132109  0.317117 0.034520 0
mount_dovetail_rsr_akr_1913_railed_mount_LOD0
0  -0.006214 -0.031120 0.030998  -0.991255 -0.000075 -0.131961  0.317117 0.034520 0
0  -0.006214 -0.031120 0.030576  -1.000000 0.000000 0.000011  0.317119 0.032618 0
0  -0.006214 -0.036353 0.030998  -0.991274 0.000001 -0.131818  0.340689 0.034533 0
mount_dovetail_rsr_akr_1913_railed_mount_LOD0
0  -0.006214 -0.031120 0.030576  -1.000000 -0.000000 0.000006  0.317119 0.032618 0
0  -0.006214 -0.036353 0.030576  -1.000000 -0.000000 0.000006  0.340691 0.032631 0
0  -0.006214 -0.036353 0.030998  -0.991273 -0.000021 -0.131824  0.340689 0.034533 0
mount_dovetail_rsr_akr_1913_railed_mount_LOD0
0  -0.006214 -0.031120 0.030998  -0.991235 0.000005 -0.132107  0.317117 0.034520 0
0  -0.006399 -0.046345 0.031917  -0.955424 0.000006 -0.295237  0.385695 0.038782 0
0  -0.006214 -0.026360 0.030998  -0.991254 0.000000 -0.131965  0.295677 0.034511 0
mount_dovetail_rsr_akr_1913_railed_mount_LOD0
0  -0.006214 -0.026360 0.030998  -0.991252 0.000001 -0.131981  0.295677 0.034511 0
0  -0.006399 -0.046345 0.031917  -0.955419 -0.000001 -0.295253  0.385695 0.038782 0
0  -0.006214 -0.021128 0.030998  -0.991233 -0.000005 -0.132124  0.272107 0.034503 0
mount_dovetail_rsr_akr_1913_railed_mount_LOD0
0  -0.006399 -0.046345 0.031917  -0.955422 -0.000009 -0.295245  0.385695 0.038782 0
0  -0.006399 -0.003759 0.031917  -0.955422 0.000002 -0.295245  0.193869 0.038688 0
0  -0.006214 -0.021128 0.030998  -0.991234 0.000003 -0.132115  0.272107 0.034503 0
mount_dovetail_rsr_akr_1913_railed_mount_LOD0
0  -0.006214 -0.021128 0.030998  -0.991233 -0.000001 -0.132124  0.272107 0.034503 0
0  -0.006399 -0.003759 0.031917  -0.955419 0.000004 -0.295253  0.193869 0.038688 0
0  -0.006214 -0.016368 0.030998  -0.991252 0.000001 -0.131981  0.250667 0.034492 0
mount_dovetail_rsr_akr_1913_railed_mount_LOD0
0  -0.006214 -0.021128 0.030998  -0.991255 -0.000074 -0.131961  0.272107 0.034503 0
0  -0.006214 -0.021128 0.030576  -1.000000 0.000001 0.000011  0.272109 0.032602 0
0  -0.006214 -0.026360 0.030998  -0.991274 0.000002 -0.131818  0.295677 0.034511 0
mount_dovetail_rsr_akr_1913_railed_mount_LOD0
0  -0.006214 -0.021128 0.030576  -1.000000 0.000001 -0.000000  0.272109 0.032602 0
0  -0.006214 -0.026360 0.030576  -1.000000 0.000001 -0.000000  0.295679 0.032611 0
0  -0.006214 -0.026360 0.030998  -0.991272 -0.000020 -0.131829  0.295677 0.034511 0
mount_dovetail_rsr_akr_1913_railed_mount_LOD0
0  -0.006399 -0.003759 0.031917  -0.955351 0.000005 -0.295475  0.193869 0.038688 0
0  -0.006399 -0.046345 0.031917  -0.955351 -0.000001 -0.295475  0.385695 0.038782 0
0  -0.007309 -0.040820 0.034062  -0.899737 -0.000011 -0.436432  0.360803 0.049265 0
mount_dovetail_rsr_akr_1913_railed_mount_LOD0
0  -0.006399 -0.046345 0.031917  -0.955350 0.000000 -0.295475  0.385695 0.038782 0
0  -0.007309 -0.046345 0.034062  -0.888491 -0.000000 -0.458894  0.385693 0.049262 0
0  -0.007309 -0.040820 0.034062  -0.899737 0.000000 -0.436433  0.360803 0.049265 0
mount_dovetail_rsr_akr_1913_railed_mount_LOD0
0  -0.007309 -0.046345 0.034062  -0.888487 0.000000 -0.458902  0.385693 0.049262 0
0  -0.008195 -0.046345 0.035500  -0.827517 0.000005 -0.561440  0.385693 0.056855 0
0  -0.007309 -0.040820 0.034062  -0.899670 -0.000004 -0.436570  0.360803 0.049265 0
mount_dovetail_rsr_akr_1913_railed_mount_LOD0
0  -0.008195 -0.046345 0.035500  -0.827517 0.000002 -0.561441  0.385693 0.056855 0
0  -0.008195 -0.040819 0.035500  -0.827517 -0.000013 -0.561441  0.360801 0.056860 0
0  -0.007309 -0.040820 0.034062  -0.899670 -0.000011 -0.436571  0.360803 0.049265 0
mount_dovetail_rsr_akr_1913_railed_mount_LOD0
0  -0.008195 -0.046345 0.035500  -0.827505 0.000000 -0.561459  0.385693 0.056855 0
0  -0.009205 -0.046345 0.036855  -0.781362 0.000004 -0.624079  0.385693 0.064456 0
0  -0.008195 -0.040819 0.035500  -0.827505 0.000004 -0.561459  0.360801 0.056860 0
mount_dovetail_rsr_akr_1913_railed_mount_LOD0
0  -0.009205 -0.046345 0.036855  -0.781365 -0.000003 -0.624075  0.385693 0.064456 0
0  -0.009205 -0.040819 0.036855  -0.781365 0.000000 -0.624075  0.360803 0.064463 0
0  -0.008195 -0.040819 0.035500  -0.827507 -0.000005 -0.561455  0.360801 0.056860 0
mount_dovetail_rsr_akr_1913_railed_mount_LOD0
0  -0.009205 -0.046345 0.036855  -0.781327 0.000000 -0.624122  0.385693 0.064456 0
0  -0.010993 -0.046345 0.038947  -0.727566 0.000005 -0.686038  0.385697 0.076837 0
0  -0.009205 -0.040819 0.036855  -0.781327 -0.000003 -0.624122  0.360803 0.064463 0
mount_dovetail_rsr_akr_1913_railed_mount_LOD0
0  -0.010993 -0.046345 0.038947  -0.727564 -0.000005 -0.686040  0.385697 0.076837 0
0  -0.010993 -0.040819 0.038947  -0.725423 -0.000000 -0.688303  0.360807 0.076848 0
0  -0.009205 -0.040819 0.036855  -0.781326 -0.000004 -0.624124  0.360803 0.064463 0
mount_dovetail_rsr_akr_1913_railed_mount_LOD0
0  -0.010993 -0.046345 0.038947  -0.727561 -0.000000 -0.686043  0.385697 0.076837 0
0  -0.012144 -0.046345 0.040053  -0.653225 0.000006 -0.757163  0.385702 0.084013 0
0  -0.010993 -0.040819 0.038947  -0.725420 0.000003 -0.688307  0.360807 0.076848 0
mount_dovetail_rsr_akr_1913_railed_mount_LOD0
0  -0.012144 -0.046345 0.040053  -0.653223 -0.000003 -0.757165  0.385702 0.084013 0
0  -0.012144 -0.040511 0.040053  -0.647944 -0.000002 -0.761688  0.359421 0.084030 0
0  -0.010993 -0.040819 0.038947  -0.725418 -0.000006 -0.688309  0.360807 0.076848 0
mount_dovetail_rsr_akr_1913_railed_mount_LOD0
0  -0.012775 -0.040342 0.040541  -0.610994 0.000000 -0.791635  0.358660 0.087616 0
0  -0.012144 -0.040511 0.040053  -0.647935 -0.000000 -0.761696  0.359421 0.084030 0
0  -0.012144 -0.046345 0.040053  -0.653178 -0.000005 -0.757205  0.385702 0.084013 0
mount_dovetail_rsr_akr_1913_railed_mount_LOD0
0  -0.012775 -0.040342 0.040541  -0.611369 0.000000 -0.791346  0.358660 0.087616 0
0  -0.012144 -0.046345 0.040053  -0.653174 0.000000 -0.757208  0.385702 0.084013 0
0  -0.014558 -0.046345 0.041918  -0.546447 0.000010 -0.837494  0.385706 0.097737 0
mount_dovetail_rsr_akr_1913_railed_mount_LOD0
0  -0.014080 -0.039037 0.041549  -0.611374 0.000000 -0.791342  0.352784 0.095034 0
0  -0.012775 -0.040342 0.040541  -0.611374 0.000000 -0.791342  0.358660 0.087616 0
0  -0.014558 -0.046345 0.041918  -0.546452 0.000002 -0.837490  0.385706 0.097737 0
mount_dovetail_rsr_akr_1913_railed_mount_LOD0
0  -0.014558 -0.037254 0.041918  -0.491473 0.000006 -0.870893  0.344756 0.097738 0
0  -0.014080 -0.039037 0.041549  -0.611367 0.000000 -0.791347  0.352784 0.095034 0
0  -0.014558 -0.046345 0.041918  -0.546445 0.000004 -0.837495  0.385706 0.097737 0
mount_dovetail_rsr_akr_1913_railed_mount_LOD0
0  -0.014558 -0.046345 0.041918  -0.546412 0.000000 -0.837517  0.385706 0.097737 0
0  -0.017023 -0.046345 0.043261  -0.358728 0.000015 -0.933442  0.385711 0.110352 0
0  -0.014558 -0.037254 0.041918  -0.491355 -0.000000 -0.870960  0.344756 0.097738 0
mount_dovetail_rsr_akr_1913_railed_mount_LOD0
0  -0.014558 -0.037254 0.041918  -0.491399 -0.000000 -0.870935  0.344756 0.097738 0
0  -0.017023 -0.046345 0.043261  -0.358731 -0.000012 -0.933441  0.385711 0.110352 0
0  -0.014558 -0.027467 0.041918  -0.491399 0.000001 -0.870935  0.300671 0.097743 0
mount_dovetail_rsr_akr_1913_railed_mount_LOD0
0  -0.014558 -0.027467 0.041918  -0.491355 0.000000 -0.870960  0.300671 0.097743 0
0  -0.017023 -0.046345 0.043261  -0.358728 -0.000017 -0.933442  0.385711 0.110352 0
0  -0.014558 -0.014792 0.041918  -0.491355 0.000000 -0.870960  0.243579 0.097765 0
mount_dovetail_rsr_akr_1913_railed_mount_LOD0
0  -0.014558 -0.014792 0.041918  -0.491464 0.000006 -0.870898  0.243579 0.097765 0
0  -0.014080 -0.016575 0.041549  -0.611359 0.000000 -0.791353  0.251607 0.095039 0
0  -0.014558 -0.027467 0.041918  -0.491464 0.000010 -0.870898  0.300671 0.097743 0
mount_dovetail_rsr_akr_1913_railed_mount_LOD0
0  -0.014080 -0.016575 0.041549  -0.611369 0.000000 -0.791346  0.251607 0.095039 0
0  -0.014080 -0.025685 0.041549  -0.611369 0.000000 -0.791346  0.292641 0.095025 0
0  -0.014558 -0.027467 0.041918  -0.491475 -0.000001 -0.870892  0.300671 0.097743 0
mount_dovetail_rsr_akr_1913_railed_mount_LOD0
0  -0.014080 -0.016575 0.041549  -0.611373 0.000000 -0.791343  0.251607 0.095039 0
0  -0.012775 -0.017880 0.040541  -0.611373 0.000000 -0.791343  0.257481 0.087611 0
0  -0.014080 -0.025685 0.041549  -0.611373 0.000000 -0.791343  0.292641 0.095025 0
mount_dovetail_rsr_akr_1913_railed_mount_LOD0
0  -0.012775 -0.017880 0.040541  -0.611368 0.000000 -0.791347  0.257481 0.087611 0
0  -0.012775 -0.024380 0.040541  -0.611102 0.000000 -0.791552  0.286760 0.087602 0
0  -0.014080 -0.025685 0.041549  -0.611368 0.000000 -0.791347  0.292641 0.095025 0
mount_dovetail_rsr_akr_1913_railed_mount_LOD0
0  -0.012775 -0.017880 0.040541  -0.611369 0.000000 -0.791346  0.257481 0.087611 0
0  -0.012144 -0.018049 0.040053  -0.647931 0.000007 -0.761699  0.258240 0.084016 0
0  -0.012775 -0.024380 0.040541  -0.611369 0.000000 -0.791346  0.286760 0.087602 0
mount_dovetail_rsr_akr_1913_railed_mount_LOD0
0  -0.012144 -0.018049 0.040053  -0.647941 -0.000001 -0.761690  0.258240 0.084016 0
0  -0.012144 -0.024211 0.040053  -0.647941 -0.000007 -0.761690  0.285995 0.084009 0
0  -0.012775 -0.024380 0.040541  -0.611380 0.000001 -0.791337  0.286760 0.087602 0
mount_dovetail_rsr_akr_1913_railed_mount_LOD0
0  -0.012144 -0.018049 0.040053  -0.647943 -0.000002 -0.761689  0.258240 0.084016 0
0  -0.010993 -0.018357 0.038947  -0.725417 -0.000006 -0.688310  0.259627 0.076826 0
0  -0.012144 -0.024211 0.040053  -0.647943 -0.000005 -0.761689  0.285995 0.084009 0
mount_dovetail_rsr_akr_1913_railed_mount_LOD0
0  -0.010993 -0.018357 0.038947  -0.725418 0.000003 -0.688309  0.259627 0.076826 0
0  -0.010993 -0.023902 0.038947  -0.725418 -0.000006 -0.688308  0.284604 0.076823 0
0  -0.012144 -0.024211 0.040053  -0.647945 -0.000003 -0.761687  0.285995 0.084009 0
mount_dovetail_rsr_akr_1913_railed_mount_LOD0
0  -0.010993 -0.023902 0.038947  -0.725423 -0.000004 -0.688303  0.284604 0.076823 0
0  -0.010993 -0.018357 0.038947  -0.725423 -0.000000 -0.688303  0.259627 0.076826 0
0  -0.009205 -0.018357 0.036855  -0.781326 -0.000004 -0.624123  0.259626 0.064433 0
mount_dovetail_rsr_akr_1913_railed_mount_LOD0
0  -0.009205 -0.023902 0.036855  -0.781327 0.000000 -0.624122  0.284601 0.064432 0
0  -0.010993 -0.023902 0.038947  -0.725424 0.000005 -0.688302  0.284604 0.076823 0
0  -0.009205 -0.018357 0.036855  -0.781327 0.000003 -0.624122  0.259626 0.064433 0
mount_dovetail_rsr_akr_1913_railed_mount_LOD0
0  -0.009205 -0.023902 0.036855  -0.781366 -0.000002 -0.624073  0.284601 0.064432 0
0  -0.009205 -0.018357 0.036855  -0.781366 0.000000 -0.624073  0.259626 0.064433 0
0  -0.008195 -0.018357 0.035500  -0.827509 -0.000005 -0.561453  0.259624 0.056818 0
mount_dovetail_rsr_akr_1913_railed_mount_LOD0
0  -0.008195 -0.023902 0.035500  -0.827504 0.000000 -0.561459  0.284599 0.056823 0
0  -0.009205 -0.023902 0.036855  -0.781361 0.000004 -0.624079  0.284601 0.064432 0
0  -0.008195 -0.018357 0.035500  -0.827504 0.000003 -0.561459  0.259624 0.056818 0
mount_dovetail_rsr_akr_1913_railed_mount_LOD0
0  -0.008195 -0.023902 0.035500  -0.827516 0.000003 -0.561442  0.284599 0.056823 0
0  -0.008195 -0.018357 0.035500  -0.827516 0.000000 -0.561442  0.259624 0.056818 0
0  -0.007309 -0.018357 0.034062  -0.899774 -0.000011 -0.436356  0.259626 0.049207 0
mount_dovetail_rsr_akr_1913_railed_mount_LOD0
0  -0.007309 -0.023903 0.034062  -0.899775 0.000020 -0.436355  0.284601 0.049218 0
0  -0.008195 -0.023902 0.035500  -0.827517 0.000004 -0.561440  0.284599 0.056823 0
0  -0.007309 -0.018357 0.034062  -0.899775 -0.000007 -0.436355  0.259626 0.049207 0
mount_dovetail_rsr_akr_1913_railed_mount_LOD0
0  -0.007309 -0.018357 0.034062  -0.899840 -0.000000 -0.436221  0.259626 0.049207 0
0  -0.006399 -0.003759 0.031917  -0.955349 -0.000005 -0.295480  0.193869 0.038688 0
0  -0.007309 -0.023903 0.034062  -0.899840 -0.000001 -0.436221  0.284601 0.049218 0
mount_dovetail_rsr_akr_1913_railed_mount_LOD0
0  -0.007309 -0.023903 0.034062  -0.899843 -0.000000 -0.436213  0.284601 0.049218 0
0  -0.006399 -0.003759 0.031917  -0.955352 -0.000000 -0.295471  0.193869 0.038688 0
0  -0.007309 -0.040820 0.034062  -0.899739 -0.000002 -0.436429  0.360803 0.049265 0
mount_dovetail_rsr_akr_1913_railed_mount_LOD0
0  -0.007309 -0.004793 0.034062  -0.899841 0.000002 -0.436217  0.198526 0.049189 0
0  -0.006399 -0.003759 0.031917  -0.955350 0.000007 -0.295475  0.193869 0.038688 0
0  -0.007309 -0.018357 0.034062  -0.899841 -0.000001 -0.436217  0.259626 0.049207 0
mount_dovetail_rsr_akr_1913_railed_mount_LOD0
0  -0.006399 -0.003759 0.031917  -0.955350 -0.000007 -0.295475  0.193869 0.038688 0
0  -0.007309 -0.004793 0.034062  -0.899841 -0.000003 -0.436217  0.198526 0.049189 0
0  -0.007309 -0.002725 0.034062  -0.899842 -0.000003 -0.436217  0.189215 0.049189 0
mount_dovetail_rsr_akr_1913_railed_mount_LOD0
0  -0.007309 -0.004793 0.034062  -0.899774 -0.000001 -0.436356  0.198526 0.049189 0
0  -0.008195 -0.004793 0.035500  -0.827516 -0.000003 -0.561441  0.198528 0.056804 0
0  -0.007309 -0.002725 0.034062  -0.899774 -0.000003 -0.436356  0.189215 0.049189 0
mount_dovetail_rsr_akr_1913_railed_mount_LOD0
0  -0.006399 -0.003759 0.031917  -0.955350 0.000009 -0.295476  0.193869 0.038688 0
0  -0.007309 -0.002725 0.034062  -0.899841 -0.000001 -0.436218  0.189215 0.049189 0
0  -0.007309 0.010840 0.034062  -0.899841 0.000004 -0.436218  0.128115 0.049225 0
mount_dovetail_rsr_akr_1913_railed_mount_LOD0
0  -0.008195 -0.004793 0.035500  -0.827517 -0.000000 -0.561441  0.198528 0.056804 0
0  -0.008195 -0.002725 0.035500  -0.827517 -0.000001 -0.561441  0.189212 0.056804 0
0  -0.007309 -0.002725 0.034062  -0.899774 0.000002 -0.436355  0.189215 0.049189 0
mount_dovetail_rsr_akr_1913_railed_mount_LOD0
0  -0.008195 -0.004793 0.035500  -0.827506 -0.000001 -0.561458  0.198528 0.056804 0
0  -0.009205 -0.004793 0.036855  -0.781363 -0.000002 -0.624077  0.198526 0.064422 0
0  -0.008195 -0.002725 0.035500  -0.827506 0.000003 -0.561458  0.189212 0.056804 0
mount_dovetail_rsr_akr_1913_railed_mount_LOD0
0  -0.009205 -0.004793 0.036855  -0.781364 -0.000003 -0.624075  0.198526 0.064422 0
0  -0.009205 -0.002725 0.036855  -0.781364 0.000000 -0.624075  0.189212 0.064423 0
0  -0.008195 -0.002725 0.035500  -0.827507 0.000001 -0.561456  0.189212 0.056804 0
mount_dovetail_rsr_akr_1913_railed_mount_LOD0
0  -0.009205 -0.004793 0.036855  -0.781327 0.000000 -0.624122  0.198526 0.064422 0
0  -0.010993 -0.004793 0.038947  -0.725424 -0.000002 -0.688302  0.198529 0.076822 0
0  -0.009205 -0.002725 0.036855  -0.781327 -0.000000 -0.624122  0.189212 0.064423 0
mount_dovetail_rsr_akr_1913_railed_mount_LOD0
0  -0.010993 -0.004793 0.038947  -0.725424 0.000000 -0.688302  0.198529 0.076822 0
0  -0.010993 -0.002725 0.038947  -0.725424 -0.000000 -0.688302  0.189214 0.076824 0
0  -0.009205 -0.002725 0.036855  -0.781327 0.000001 -0.624122  0.189212 0.064423 0
mount_dovetail_rsr_akr_1913_railed_mount_LOD0
0  -0.010993 -0.004793 0.038947  -0.725419 -0.000008 -0.688308  0.198529 0.076822 0
0  -0.012144 -0.005101 0.040053  -0.647945 -0.000003 -0.761687  0.199919 0.084016 0
0  -0.010993 -0.002725 0.038947  -0.725419 0.000002 -0.688308  0.189214 0.076824 0
mount_dovetail_rsr_akr_1913_railed_mount_LOD0
0  -0.012144 -0.005101 0.040053  -0.647943 -0.000003 -0.761689  0.199919 0.084016 0
0  -0.012144 -0.002416 0.040053  -0.647943 -0.000002 -0.761689  0.187827 0.084020 0
0  -0.010993 -0.002725 0.038947  -0.725416 0.000001 -0.688310  0.189214 0.076824 0
mount_dovetail_rsr_akr_1913_railed_mount_LOD0
0  -0.012144 -0.002416 0.040053  -0.647937 0.000004 -0.761694  0.187827 0.084020 0
0  -0.012144 -0.005101 0.040053  -0.647937 -0.000008 -0.761694  0.199919 0.084016 0
0  -0.012775 -0.005270 0.040541  -0.611375 0.000000 -0.791341  0.200682 0.087615 0
mount_dovetail_rsr_akr_1913_railed_mount_LOD0
0  -0.012775 -0.002247 0.040541  -0.611380 0.000000 -0.791337  0.187065 0.087623 0
0  -0.012144 -0.002416 0.040053  -0.647941 -0.000004 -0.761690  0.187827 0.084020 0
0  -0.012775 -0.005270 0.040541  -0.611380 0.000000 -0.791337  0.200682 0.087615 0
mount_dovetail_rsr_akr_1913_railed_mount_LOD0
0  -0.007309 0.016385 0.034062  -0.899841 0.000002 -0.436219  0.103138 0.049237 0
0  -0.006399 -0.003759 0.031917  -0.955350 0.000004 -0.295477  0.193869 0.038688 0
0  -0.007309 0.010840 0.034062  -0.899841 -0.000002 -0.436219  0.128115 0.049225 0
mount_dovetail_rsr_akr_1913_railed_mount_LOD0
0  -0.006399 0.038828 0.031917  -0.955351 -0.000008 -0.295473  0.002044 0.038768 0
0  -0.006399 -0.003759 0.031917  -0.955351 -0.000003 -0.295473  0.193869 0.038688 0
0  -0.007309 0.016385 0.034062  -0.899842 -0.000000 -0.436215  0.103138 0.049237 0
mount_dovetail_rsr_akr_1913_railed_mount_LOD0
0  -0.007309 0.033302 0.034062  -0.899841 0.000009 -0.436218  0.026936 0.049251 0
0  -0.006399 0.038828 0.031917  -0.955350 0.000013 -0.295477  0.002044 0.038768 0
0  -0.007309 0.016385 0.034062  -0.899841 0.000004 -0.436218  0.103138 0.049237 0
mount_dovetail_rsr_akr_1913_railed_mount_LOD0
0  -0.007309 0.010840 0.034062  -0.899775 0.000000 -0.436354  0.128115 0.049225 0
0  -0.008195 0.010840 0.035500  -0.827518 0.000005 -0.561440  0.128120 0.056839 0
0  -0.007309 0.016385 0.034062  -0.899775 -0.000008 -0.436354  0.103138 0.049237 0
mount_dovetail_rsr_akr_1913_railed_mount_LOD0
0  -0.008195 0.010840 0.035500  -0.827517 0.000004 -0.561440  0.128120 0.056839 0
0  -0.008195 0.016385 0.035500  -0.827517 0.000001 -0.561440  0.103141 0.056848 0
0  -0.007309 0.016385 0.034062  -0.899775 -0.000011 -0.436355  0.103138 0.049237 0
mount_dovetail_rsr_akr_1913_railed_mount_LOD0
0  -0.008195 0.010840 0.035500  -0.827505 0.000001 -0.561458  0.128120 0.056839 0
0  -0.009205 0.010840 0.036855  -0.781362 0.000004 -0.624078  0.128121 0.064456 0
0  -0.008195 0.016385 0.035500  -0.827505 0.000003 -0.561458  0.103141 0.056848 0
mount_dovetail_rsr_akr_1913_railed_mount_LOD0
0  -0.009205 0.010840 0.036855  -0.781364 -0.000002 -0.624076  0.128121 0.064456 0
0  -0.009205 0.016385 0.036855  -0.781364 0.000000 -0.624076  0.103142 0.064463 0
0  -0.008195 0.016385 0.035500  -0.827507 -0.000005 -0.561456  0.103141 0.056848 0
mount_dovetail_rsr_akr_1913_railed_mount_LOD0
0  -0.009205 0.010840 0.036855  -0.781328 0.000000 -0.624121  0.128121 0.064456 0
0  -0.010993 0.010840 0.038947  -0.725425 0.000005 -0.688301  0.128123 0.076855 0
0  -0.009205 0.016385 0.036855  -0.781328 0.000001 -0.624121  0.103142 0.064463 0
mount_dovetail_rsr_akr_1913_railed_mount_LOD0
0  -0.010993 0.010840 0.038947  -0.725423 -0.000002 -0.688303  0.128123 0.076855 0
0  -0.010993 0.016385 0.038947  -0.725423 0.000000 -0.688303  0.103145 0.076861 0
0  -0.009205 0.016385 0.036855  -0.781326 -0.000003 -0.624123  0.103142 0.064463 0
mount_dovetail_rsr_akr_1913_railed_mount_LOD0
0  -0.010993 0.016385 0.038947  -0.725418 0.000003 -0.688309  0.103145 0.076861 0
0  -0.010993 0.010840 0.038947  -0.725418 -0.000006 -0.688309  0.128123 0.076855 0
0  -0.012144 0.010532 0.040053  -0.647944 0.000006 -0.761688  0.129512 0.084048 0
mount_dovetail_rsr_akr_1913_railed_mount_LOD0
0  -0.012144 0.016693 0.040053  -0.647945 -0.000002 -0.761687  0.101756 0.084054 0
0  -0.010993 0.016385 0.038947  -0.725419 -0.000006 -0.688308  0.103145 0.076861 0
0  -0.012144 0.010532 0.040053  -0.647945 -0.000004 -0.761687  0.129512 0.084048 0
mount_dovetail_rsr_akr_1913_railed_mount_LOD0
0  -0.012144 0.016693 0.040053  -0.647934 -0.000002 -0.761696  0.101756 0.084054 0
0  -0.012144 0.010532 0.040053  -0.647934 -0.000006 -0.761696  0.129512 0.084048 0
0  -0.012775 0.010362 0.040541  -0.611372 0.000000 -0.791343  0.130273 0.087648 0
mount_dovetail_rsr_akr_1913_railed_mount_LOD0
0  -0.012775 0.016863 0.040541  -0.611372 0.000001 -0.791343  0.100992 0.087656 0
0  -0.012144 0.016693 0.040053  -0.647934 0.000007 -0.761696  0.101756 0.084054 0
0  -0.012775 0.010362 0.040541  -0.611372 0.000001 -0.791343  0.130273 0.087648 0
mount_dovetail_rsr_akr_1913_railed_mount_LOD0
0  -0.012775 0.016863 0.040541  -0.611370 0.000001 -0.791345  0.100992 0.087656 0
0  -0.012775 0.010362 0.040541  -0.611370 0.000001 -0.791345  0.130273 0.087648 0
0  -0.014080 0.009057 0.041549  -0.611370 0.000001 -0.791345  0.136151 0.095080 0
mount_dovetail_rsr_akr_1913_railed_mount_LOD0
0  -0.014080 0.018168 0.041549  -0.611372 0.000000 -0.791343  0.095117 0.095093 0
0  -0.012775 0.016863 0.040541  -0.611372 0.000000 -0.791343  0.100992 0.087656 0
0  -0.014080 0.009057 0.041549  -0.611372 0.000000 -0.791343  0.136151 0.095080 0
mount_dovetail_rsr_akr_1913_railed_mount_LOD0
0  -0.014080 0.018168 0.041549  -0.611375 0.000000 -0.791341  0.095117 0.095093 0
0  -0.014080 0.009057 0.041549  -0.611375 0.000000 -0.791341  0.136151 0.095080 0
0  -0.014558 0.007275 0.041918  -0.491481 -0.000000 -0.870888  0.144180 0.097813 0
mount_dovetail_rsr_akr_1913_railed_mount_LOD0
0  -0.014558 0.019950 0.041918  -0.491467 0.000007 -0.870896  0.087088 0.097830 0
0  -0.014080 0.018168 0.041549  -0.611361 0.000000 -0.791351  0.095117 0.095093 0
0  -0.014558 0.007275 0.041918  -0.491467 0.000011 -0.870896  0.144180 0.097813 0
mount_dovetail_rsr_akr_1913_railed_mount_LOD0
0  -0.014558 0.019950 0.041918  -0.491352 0.000000 -0.870961  0.087088 0.097830 0
0  -0.014558 0.007275 0.041918  -0.491352 -0.000001 -0.870961  0.144180 0.097813 0
0  -0.017023 0.038828 0.043261  -0.358726 -0.000006 -0.933443  0.002057 0.110482 0
mount_dovetail_rsr_akr_1913_railed_mount_LOD0
0  -0.014558 0.029737 0.041918  -0.491356 -0.000001 -0.870959  0.043005 0.097835 0
0  -0.014558 0.019950 0.041918  -0.491356 -0.000001 -0.870959  0.087088 0.097830 0
0  -0.017023 0.038828 0.043261  -0.358730 -0.000006 -0.933441  0.002057 0.110482 0
mount_dovetail_rsr_akr_1913_railed_mount_LOD0
0  -0.014558 0.007275 0.041918  -0.491347 0.000001 -0.870964  0.144180 0.097813 0
0  -0.014558 0.000840 0.041918  -0.491347 -0.000000 -0.870964  0.173163 0.097788 0
0  -0.017023 0.038828 0.043261  -0.358720 0.000012 -0.933445  0.002057 0.110482 0
mount_dovetail_rsr_akr_1913_railed_mount_LOD0
0  -0.014558 0.038828 0.041918  -0.546410 -0.000000 -0.837518  0.002057 0.097838 0
0  -0.014558 0.029737 0.041918  -0.491353 -0.000000 -0.870960  0.043005 0.097835 0
0  -0.017023 0.038828 0.043261  -0.358727 0.000001 -0.933443  0.002057 0.110482 0
mount_dovetail_rsr_akr_1913_railed_mount_LOD0
0  -0.014558 0.029737 0.041918  -0.491465 -0.000000 -0.870898  0.043005 0.097835 0
0  -0.014558 0.038828 0.041918  -0.546437 -0.000002 -0.837500  0.002057 0.097838 0
0  -0.014080 0.031520 0.041549  -0.611359 0.000000 -0.791353  0.034977 0.095111 0
mount_dovetail_rsr_akr_1913_railed_mount_LOD0
0  -0.014080 0.031520 0.041549  -0.610995 -0.000001 -0.791635  0.034977 0.095111 0
0  -0.014558 0.038828 0.041918  -0.546452 -0.000011 -0.837490  0.002057 0.097838 0
0  -0.012775 0.032824 0.040541  -0.611374 -0.000001 -0.791342  0.029099 0.087680 0
mount_dovetail_rsr_akr_1913_railed_mount_LOD0
0  -0.014558 0.038828 0.041918  -0.546450 0.000000 -0.837492  0.002057 0.097838 0
0  -0.012144 0.038828 0.040053  -0.653176 0.000002 -0.757206  0.002057 0.084087 0
0  -0.012775 0.032824 0.040541  -0.611371 0.000000 -0.791344  0.029099 0.087680 0
mount_dovetail_rsr_akr_1913_railed_mount_LOD0
0  -0.012144 0.038828 0.040053  -0.653173 0.000004 -0.757208  0.002057 0.084087 0
0  -0.012144 0.032994 0.040053  -0.647931 -0.000007 -0.761699  0.028336 0.084080 0
0  -0.012775 0.032824 0.040541  -0.611369 -0.000000 -0.791346  0.029099 0.087680 0
mount_dovetail_rsr_akr_1913_railed_mount_LOD0
0  -0.010993 0.033302 0.038947  -0.725418 -0.000007 -0.688309  0.026946 0.076885 0
0  -0.012144 0.032994 0.040053  -0.647944 -0.000000 -0.761688  0.028336 0.084080 0
0  -0.012144 0.038828 0.040053  -0.653223 -0.000003 -0.757166  0.002057 0.084087 0
mount_dovetail_rsr_akr_1913_railed_mount_LOD0
0  -0.010993 0.038828 0.038947  -0.727560 0.000000 -0.686044  0.002057 0.076892 0
0  -0.010993 0.033302 0.038947  -0.725419 0.000002 -0.688308  0.026946 0.076885 0
0  -0.012144 0.038828 0.040053  -0.653224 0.000000 -0.757164  0.002057 0.084087 0
mount_dovetail_rsr_akr_1913_railed_mount_LOD0
0  -0.010993 0.033302 0.038947  -0.725423 0.000001 -0.688303  0.026946 0.076885 0
0  -0.010993 0.038828 0.038947  -0.727564 -0.000000 -0.686039  0.002057 0.076892 0
0  -0.009205 0.038828 0.036855  -0.781326 -0.000004 -0.624123  0.002054 0.064494 0
mount_dovetail_rsr_akr_1913_railed_mount_LOD0
0  -0.009205 0.033302 0.036855  -0.781327 0.000000 -0.624122  0.026942 0.064485 0
0  -0.010993 0.033302 0.038947  -0.725424 0.000006 -0.688302  0.026946 0.076885 0
0  -0.009205 0.038828 0.036855  -0.781327 -0.000001 -0.624122  0.002054 0.064494 0
mount_dovetail_rsr_akr_1913_railed_mount_LOD0
0  -0.009205 0.033302 0.036855  -0.781364 0.000002 -0.624076  0.026942 0.064485 0
0  -0.009205 0.038828 0.036855  -0.781364 0.000000 -0.624076  0.002054 0.064494 0
0  -0.008195 0.038828 0.035500  -0.827506 -0.000005 -0.561456  0.002052 0.056878 0
mount_dovetail_rsr_akr_1913_railed_mount_LOD0
0  -0.008195 0.033302 0.035500  -0.827506 0.000000 -0.561456  0.026940 0.056869 0
0  -0.009205 0.033302 0.036855  -0.781364 0.000004 -0.624076  0.026942 0.064485 0
0  -0.008195 0.038828 0.035500  -0.827506 -0.000003 -0.561456  0.002052 0.056878 0
mount_dovetail_rsr_akr_1913_railed_mount_LOD0
0  -0.008195 0.033302 0.035500  -0.827516 0.000001 -0.561443  0.026940 0.056869 0
0  -0.008195 0.038828 0.035500  -0.827516 0.000000 -0.561442  0.002052 0.056878 0
0  -0.007309 0.038828 0.034062  -0.888486 -0.000008 -0.458904  0.002048 0.049267 0
mount_dovetail_rsr_akr_1913_railed_mount_LOD0
0  -0.007309 0.033302 0.034062  -0.899774 0.000000 -0.436356  0.026936 0.049251 0
0  -0.008195 0.033302 0.035500  -0.827516 0.000005 -0.561442  0.026940 0.056869 0
0  -0.007309 0.038828 0.034062  -0.888486 -0.000002 -0.458904  0.002048 0.049267 0
mount_dovetail_rsr_akr_1913_railed_mount_LOD0
0  -0.007309 0.038828 0.034062  -0.888491 0.000000 -0.458894  0.002048 0.049267 0
0  -0.006399 0.038828 0.031917  -0.955350 -0.000012 -0.295475  0.002044 0.038768 0
0  -0.007309 0.033302 0.034062  -0.899841 0.000000 -0.436217  0.026936 0.049251 0
mount_dovetail_rsr_akr_1913_railed_mount_LOD0
0  -0.019812 -0.046345 0.043929  -0.190141 0.000003 -0.981757  0.385713 0.123314 0
0  -0.019812 0.038828 0.043929  -0.190141 0.000000 -0.981757  0.002059 0.123383 0
0  -0.017023 0.038828 0.043261  -0.358503 0.000003 -0.933528  0.002057 0.110482 0
mount_dovetail_rsr_akr_1913_railed_mount_LOD0
0  -0.019812 0.038828 0.043929  -0.190124 -0.000001 -0.981760  0.002059 0.123383 0
0  -0.019812 -0.046345 0.043929  -0.190124 0.000000 -0.981760  0.385713 0.123314 0
0  -0.022742 0.038828 0.044364  -0.036967 0.000002 -0.999316  0.002061 0.136709 0
mount_dovetail_rsr_akr_1913_railed_mount_LOD0
0  -0.019812 -0.046345 0.043929  -0.190128 0.000001 -0.981759  0.385713 0.123314 0
0  -0.022742 -0.046345 0.044364  -0.036971 -0.000002 -0.999316  0.385713 0.136669 0
0  -0.022742 0.038828 0.044364  -0.036971 -0.000001 -0.999316  0.002061 0.136709 0
mount_dovetail_rsr_akr_1913_railed_mount_LOD0
0  -0.017023 -0.046345 0.043261  -0.358507 0.000001 -0.933527  0.385711 0.110352 0
0  -0.019812 -0.046345 0.043929  -0.190145 -0.000002 -0.981756  0.385713 0.123314 0
0  -0.017023 0.038828 0.043261  -0.358508 -0.000010 -0.933527  0.002057 0.110482 0
mount_dovetail_rsr_akr_1913_railed_mount_LOD0
0  -0.017023 -0.046345 0.043261  -0.358730 0.000005 -0.933441  0.385711 0.110352 0
0  -0.017023 0.038828 0.043261  -0.358730 0.000004 -0.933441  0.002057 0.110482 0
0  -0.014558 0.000840 0.041918  -0.491356 0.000001 -0.870959  0.173163 0.097788 0
mount_dovetail_rsr_akr_1913_railed_mount_LOD0
0  -0.014558 -0.008358 0.041918  -0.491362 0.000001 -0.870955  0.214595 0.097764 0
0  -0.017023 -0.046345 0.043261  -0.358736 0.000001 -0.933439  0.385711 0.110352 0
0  -0.014558 0.000840 0.041918  -0.491362 -0.000000 -0.870955  0.173163 0.097788 0
mount_dovetail_rsr_akr_1913_railed_mount_LOD0
0  -0.014558 -0.014792 0.041918  -0.491357 0.000001 -0.870958  0.243579 0.097765 0
0  -0.017023 -0.046345 0.043261  -0.358731 -0.000010 -0.933441  0.385711 0.110352 0
0  -0.014558 -0.008358 0.041918  -0.491357 0.000000 -0.870958  0.214595 0.097764 0
mount_dovetail_rsr_akr_1913_railed_mount_LOD0
0  -0.014080 -0.006575 0.041549  -0.611363 0.000001 -0.791350  0.206562 0.095043 0
0  -0.014558 -0.008358 0.041918  -0.491468 0.000000 -0.870895  0.214595 0.097764 0
0  -0.014558 0.000840 0.041918  -0.491468 0.000003 -0.870896  0.173163 0.097788 0
mount_dovetail_rsr_akr_1913_railed_mount_LOD0
0  -0.014080 -0.000942 0.041549  -0.611003 0.000000 -0.791628  0.181191 0.095059 0
0  -0.014080 -0.006575 0.041549  -0.611003 0.000000 -0.791628  0.206562 0.095043 0
0  -0.014558 0.000840 0.041918  -0.491490 -0.000019 -0.870883  0.173163 0.097788 0
mount_dovetail_rsr_akr_1913_railed_mount_LOD0
0  -0.014080 -0.000942 0.041549  -0.611371 0.000000 -0.791344  0.181191 0.095059 0
0  -0.012775 -0.002247 0.040541  -0.611371 0.000000 -0.791344  0.187065 0.087623 0
0  -0.014080 -0.006575 0.041549  -0.611371 0.000000 -0.791344  0.206562 0.095043 0
mount_dovetail_rsr_akr_1913_railed_mount_LOD0
0  -0.012775 -0.002247 0.040541  -0.611366 0.000000 -0.791348  0.187065 0.087623 0
0  -0.012775 -0.005270 0.040541  -0.611366 0.000000 -0.791348  0.200682 0.087615 0
0  -0.014080 -0.006575 0.041549  -0.611366 0.000000 -0.791348  0.206562 0.095043 0
mount_dovetail_rsr_akr_1913_railed_mount_LOD0
0  -0.006214 0.038828 0.030998  -0.995069 -0.000004 -0.099183  0.002042 0.034544 0
0  -0.006214 0.033596 0.030998  -0.991251 -0.000002 -0.131989  0.025611 0.034547 0
0  -0.006399 0.038828 0.031917  -0.955417 0.000020 -0.295261  0.002044 0.038768 0
mount_dovetail_rsr_akr_1913_railed_mount_LOD0
0  -0.006214 0.038828 0.030998  -0.995096 -0.000058 -0.098916  0.002042 0.034544 0
0  -0.006214 0.038828 0.030576  -1.000000 0.000001 0.000011  0.002044 0.032643 0
0  -0.006214 0.033596 0.030998  -0.991274 0.000001 -0.131818  0.025611 0.034547 0
mount_dovetail_rsr_akr_1913_railed_mount_LOD0
0  -0.006214 0.038828 0.030576  -1.000000 0.000000 0.000004  0.002044 0.032643 0
0  -0.006214 0.033596 0.030576  -1.000000 0.000000 0.000004  0.025612 0.032647 0
0  -0.006214 0.033596 0.030998  -0.991273 -0.000015 -0.131825  0.025611 0.034547 0
mount_dovetail_rsr_akr_1913_railed_mount_LOD0
0  -0.006214 0.033596 0.030998  -0.991251 0.000002 -0.131989  0.025611 0.034547 0
0  -0.006214 0.028836 0.030998  -0.991238 0.000001 -0.132084  0.047050 0.034547 0
0  -0.006399 0.038828 0.031917  -0.955417 0.000003 -0.295260  0.002044 0.038768 0
mount_dovetail_rsr_akr_1913_railed_mount_LOD0
0  -0.006214 0.028836 0.030998  -0.991236 -0.000001 -0.132104  0.047050 0.034547 0
0  -0.006214 0.023603 0.030998  -0.991236 -0.000002 -0.132104  0.070622 0.034537 0
0  -0.006399 0.038828 0.031917  -0.955425 -0.000001 -0.295234  0.002044 0.038768 0
mount_dovetail_rsr_akr_1913_railed_mount_LOD0
0  -0.006214 0.028836 0.030998  -0.991255 -0.000070 -0.131960  0.047050 0.034547 0
0  -0.006214 0.028836 0.030576  -1.000000 0.000002 0.000012  0.047050 0.032649 0
0  -0.006214 0.023603 0.030998  -0.991255 0.000004 -0.131960  0.070622 0.034537 0
mount_dovetail_rsr_akr_1913_railed_mount_LOD0
0  -0.006214 0.028836 0.030576  -1.000000 0.000002 0.000008  0.047050 0.032649 0
0  -0.006214 0.023603 0.030576  -1.000000 0.000002 0.000008  0.070621 0.032636 0
0  -0.006214 0.023603 0.030998  -0.991255 -0.000005 -0.131964  0.070622 0.034537 0
mount_dovetail_rsr_akr_1913_railed_mount_LOD0
0  -0.006214 0.023603 0.030998  -0.991233 0.000003 -0.132126  0.070622 0.034537 0
0  -0.006214 0.018843 0.030998  -0.991233 -0.000000 -0.132126  0.092061 0.034520 0
0  -0.006399 0.038828 0.031917  -0.955419 -0.000004 -0.295255  0.002044 0.038768 0
mount_dovetail_rsr_akr_1913_railed_mount_LOD0
0  -0.006214 0.018843 0.030998  -0.991234 0.000000 -0.132117  0.092061 0.034520 0
0  -0.006214 0.013610 0.030998  -0.991253 -0.000008 -0.131975  0.115631 0.034508 0
0  -0.006399 0.038828 0.031917  -0.955421 -0.000005 -0.295247  0.002044 0.038768 0
mount_dovetail_rsr_akr_1913_railed_mount_LOD0
0  -0.006214 0.018843 0.030998  -0.991254 -0.000005 -0.131967  0.092061 0.034520 0
0  -0.006214 0.018843 0.030576  -1.000000 -0.000002 0.000004  0.092060 0.032620 0
0  -0.006214 0.013610 0.030998  -0.991273 0.000000 -0.131825  0.115631 0.034508 0
mount_dovetail_rsr_akr_1913_railed_mount_LOD0
0  -0.006214 0.018843 0.030576  -1.000000 -0.000002 0.000000  0.092060 0.032620 0
0  -0.006214 0.013610 0.030576  -1.000000 -0.000002 0.000000  0.115631 0.032608 0
0  -0.006214 0.013610 0.030998  -0.991272 -0.000018 -0.131829  0.115631 0.034508 0
mount_dovetail_rsr_akr_1913_railed_mount_LOD0
0  -0.006214 0.013610 0.030998  -0.991252 0.000005 -0.131982  0.115631 0.034508 0
0  -0.006399 -0.003759 0.031917  -0.955419 -0.000000 -0.295253  0.193869 0.038688 0
0  -0.006399 0.038828 0.031917  -0.955419 0.000010 -0.295253  0.002044 0.038768 0
mount_dovetail_rsr_akr_1913_railed_mount_LOD0
0  -0.006214 0.008850 0.030998  -0.991234 0.000002 -0.132122  0.137070 0.034503 0
0  -0.006399 -0.003759 0.031917  -0.955420 -0.000002 -0.295251  0.193869 0.038688 0
0  -0.006214 0.013610 0.030998  -0.991252 0.000001 -0.131979  0.115631 0.034508 0
mount_dovetail_rsr_akr_1913_railed_mount_LOD0
0  -0.006214 0.003617 0.030998  -0.991249 0.000002 -0.132005  0.160641 0.034490 0
0  -0.006399 -0.003759 0.031917  -0.955426 -0.000011 -0.295230  0.193869 0.038688 0
0  -0.006214 0.008850 0.030998  -0.991236 0.000003 -0.132100  0.137070 0.034503 0
mount_dovetail_rsr_akr_1913_railed_mount_LOD0
0  -0.006214 0.008850 0.030998  -0.991255 -0.000070 -0.131961  0.137070 0.034503 0
0  -0.006214 0.008850 0.030576  -1.000000 0.000002 0.000011  0.137069 0.032605 0
0  -0.006214 0.003617 0.030998  -0.991274 0.000003 -0.131818  0.160641 0.034490 0
mount_dovetail_rsr_akr_1913_railed_mount_LOD0
0  -0.006214 0.008850 0.030576  -1.000000 0.000002 0.000006  0.137069 0.032605 0
0  -0.006214 0.003617 0.030576  -1.000000 0.000002 0.000006  0.160640 0.032589 0
0  -0.006214 0.003617 0.030998  -0.991273 0.000002 -0.131824  0.160641 0.034490 0
mount_dovetail_rsr_akr_1913_railed_mount_LOD0
0  -0.006214 -0.001143 0.030998  -0.991234 -0.000012 -0.132116  0.182083 0.034468 0
0  -0.006399 -0.003759 0.031917  -0.955422 -0.000012 -0.295245  0.193869 0.038688 0
0  -0.006214 0.003617 0.030998  -0.991253 -0.000000 -0.131973  0.160641 0.034490 0
mount_dovetail_rsr_akr_1913_railed_mount_LOD0
0  -0.006214 -0.006375 0.030998  -0.991254 0.000005 -0.131970  0.205653 0.034465 0
0  -0.006399 -0.003759 0.031917  -0.955423 0.000020 -0.295242  0.193869 0.038688 0
0  -0.006214 -0.001143 0.030998  -0.991235 -0.000005 -0.132112  0.182083 0.034468 0
mount_dovetail_rsr_akr_1913_railed_mount_LOD0
0  -0.006214 -0.001143 0.030998  -0.991254 -0.000001 -0.131966  0.182083 0.034468 0
0  -0.006214 -0.001143 0.030576  -1.000000 0.000001 0.000006  0.182083 0.032567 0
0  -0.006214 -0.006375 0.030998  -0.991273 0.000002 -0.131824  0.205653 0.034465 0
mount_dovetail_rsr_akr_1913_railed_mount_LOD0
0  -0.006214 -0.001143 0.030576  -1.000000 0.000000 -0.000000  0.182083 0.032567 0
0  -0.006214 -0.006375 0.030576  -1.000000 0.000000 -0.000000  0.205653 0.032565 0
0  -0.006214 -0.006375 0.030998  -0.991272 -0.000019 -0.131829  0.205653 0.034465 0
mount_dovetail_rsr_akr_1913_railed_mount_LOD0
0  -0.006214 -0.011135 0.030998  -0.991235 -0.000002 -0.132109  0.227096 0.034479 0
0  -0.006399 -0.003759 0.031917  -0.955424 -0.000005 -0.295239  0.193869 0.038688 0
0  -0.006214 -0.006375 0.030998  -0.991254 -0.000002 -0.131966  0.205653 0.034465 0
mount_dovetail_rsr_akr_1913_railed_mount_LOD0
0  -0.006214 -0.016368 0.030998  -0.991254 -0.000002 -0.131969  0.250667 0.034492 0
0  -0.006399 -0.003759 0.031917  -0.955423 0.000013 -0.295241  0.193869 0.038688 0
0  -0.006214 -0.011135 0.030998  -0.991235 0.000002 -0.132112  0.227096 0.034479 0
mount_dovetail_rsr_akr_1913_railed_mount_LOD0
0  -0.006214 -0.011135 0.030998  -0.991255 -0.000074 -0.131961  0.227096 0.034479 0
0  -0.006214 -0.011135 0.030576  -1.000000 -0.000001 0.000011  0.227098 0.032580 0
0  -0.006214 -0.016368 0.030998  -0.991274 0.000001 -0.131818  0.250667 0.034492 0
mount_dovetail_rsr_akr_1913_railed_mount_LOD0
0  -0.006214 -0.011135 0.030576  -1.000000 -0.000001 0.000006  0.227098 0.032580 0
0  -0.006214 -0.016368 0.030576  -1.000000 -0.000001 0.000006  0.250669 0.032590 0
0  -0.006214 -0.016368 0.030998  -0.991273 -0.000015 -0.131824  0.250667 0.034492 0
mount_dovetail_rsr_akr_1913_railed_mount_LOD0
0  -0.003691 -0.036353 0.028053  -0.707119 -0.000000 -0.707095  0.978016 0.694243 0
0  -0.006214 -0.036353 0.030576  -0.707119 -0.000000 -0.707095  0.998106 0.694243 0
0  -0.006214 -0.031120 0.030576  -0.707119 -0.000000 -0.707095  0.998106 0.723704 0
mount_dovetail_rsr_akr_1913_railed_mount_LOD0
0  -0.003691 -0.031120 0.028053  -0.707116 0.000004 -0.707097  0.978016 0.723704 0
0  -0.003691 -0.036353 0.028053  -0.707116 0.000004 -0.707097  0.978016 0.694243 0
0  -0.006214 -0.031120 0.030576  -0.707116 0.000004 -0.707097  0.998106 0.723704 0
mount_dovetail_rsr_akr_1913_railed_mount_LOD0
0  -0.006214 -0.036353 0.030576  -0.000002 -1.000000 -0.000007  0.401916 0.644504 0
0  -0.003691 -0.036353 0.028053  -0.000002 -1.000000 -0.000007  0.390550 0.655872 0
0  0.003024 -0.036353 0.028053  -0.000002 -1.000000 -0.000007  0.360305 0.655872 0
mount_dovetail_rsr_akr_1913_railed_mount_LOD0
0  0.005547 -0.036353 0.030576  -0.000001 -1.000000 0.000000  0.348942 0.644504 0
0  -0.006214 -0.036353 0.030576  -0.000001 -1.000000 0.000000  0.401916 0.644504 0
0  0.003024 -0.036353 0.028053  -0.000001 -1.000000 0.000000  0.360305 0.655872 0
mount_dovetail_rsr_akr_1913_railed_mount_LOD0
0  -0.006214 -0.036353 0.030576  -0.000001 -1.000000 0.000502  0.401916 0.644504 0
0  0.005547 -0.036353 0.030576  -0.000001 -1.000000 0.000502  0.348942 0.644504 0
0  0.005547 -0.036353 0.030998  -0.000001 -1.000000 0.000502  0.348942 0.642604 0
mount_dovetail_rsr_akr_1913_railed_mount_LOD0
0  -0.006214 -0.036353 0.030998  -0.000001 -1.000000 0.000516  0.401916 0.642604 0
0  -0.006214 -0.036353 0.030576  -0.000001 -1.000000 0.000516  0.401916 0.644504 0
0  0.005547 -0.036353 0.030998  -0.000001 -1.000000 0.000516  0.348942 0.642604 0
mount_dovetail_rsr_akr_1913_railed_mount_LOD0
0  -0.003691 -0.026360 0.028053  -0.707119 0.000000 -0.707095  0.977886 0.728440 0
0  -0.006214 -0.026360 0.030576  -0.707119 0.000000 -0.707095  0.997976 0.728440 0
0  -0.006214 -0.021128 0.030576  -0.707119 0.000000 -0.707095  0.997976 0.757902 0
mount_dovetail_rsr_akr_1913_railed_mount_LOD0
0  -0.003691 -0.021128 0.028053  -0.707116 0.000002 -0.707097  0.977886 0.757902 0
0  -0.003691 -0.026360 0.028053  -0.707116 0.000002 -0.707097  0.977886 0.728440 0
0  -0.006214 -0.021128 0.030576  -0.707116 0.000002 -0.707097  0.997976 0.757902 0
mount_dovetail_rsr_akr_1913_railed_mount_LOD0
0  -0.006214 -0.026360 0.030998  -0.000172 -1.000000 -0.000067  0.055559 0.189766 0
0  -0.006214 -0.026360 0.030576  -0.000172 -1.000000 -0.000067  0.055559 0.191667 0
0  -0.003691 -0.026360 0.028053  -0.000177 -1.000000 -0.000134  0.044194 0.203032 0
mount_dovetail_rsr_akr_1913_railed_mount_LOD0
0  -0.003422 -0.026360 0.030998  -0.000082 -1.000000 0.000004  0.042983 0.189766 0
0  -0.006214 -0.026360 0.030998  -0.000082 -1.000000 0.000004  0.055559 0.189766 0
0  -0.003691 -0.026360 0.028053  -0.000082 -1.000000 0.000004  0.044194 0.203032 0
mount_dovetail_rsr_akr_1913_railed_mount_LOD0
0  0.000524 -0.026360 0.030998  0.000000 -1.000000 -0.000008  0.025207 0.189766 0
0  -0.003422 -0.026360 0.030998  0.000000 -1.000000 -0.000008  0.042983 0.189766 0
0  -0.003691 -0.026360 0.028053  0.000000 -1.000000 -0.000008  0.044194 0.203032 0
mount_dovetail_rsr_akr_1913_railed_mount_LOD0
0  0.003024 -0.026360 0.028053  -0.000001 -1.000000 -0.000005  0.013950 0.203032 0
0  0.000524 -0.026360 0.030998  -0.000001 -1.000000 -0.000005  0.025207 0.189766 0
0  -0.003691 -0.026360 0.028053  -0.000001 -1.000000 -0.000005  0.044194 0.203032 0
mount_dovetail_rsr_akr_1913_railed_mount_LOD0
0  0.005547 -0.026360 0.030998  0.000044 -1.000000 0.000033  0.002585 0.189766 0
0  0.000524 -0.026360 0.030998  0.000044 -1.000000 0.000033  0.025207 0.189766 0
0  0.003024 -0.026360 0.028053  0.000044 -1.000000 0.000033  0.013950 0.203032 0
mount_dovetail_rsr_akr_1913_railed_mount_LOD0
0  0.005547 -0.026360 0.030576  -0.000090 -1.000000 0.000156  0.002585 0.191667 0
0  0.005547 -0.026360 0.030998  -0.000090 -1.000000 0.000156  0.002585 0.189766 0
0  0.003024 -0.026360 0.028053  0.000110 -1.000000 -0.000052  0.013950 0.203032 0
mount_dovetail_rsr_akr_1913_railed_mount_LOD0
0  -0.003691 -0.016368 0.028053  -0.707121 -0.000001 -0.707093  0.977913 0.762431 0
0  -0.006214 -0.016368 0.030576  -0.707121 -0.000001 -0.707093  0.998004 0.762431 0
0  -0.006214 -0.011135 0.030576  -0.707121 -0.000001 -0.707093  0.998004 0.791894 0
mount_dovetail_rsr_akr_1913_railed_mount_LOD0
0  -0.003691 -0.011135 0.028053  -0.707115 0.000004 -0.707099  0.977913 0.791894 0
0  -0.003691 -0.016368 0.028053  -0.707115 0.000004 -0.707099  0.977913 0.762431 0
0  -0.006214 -0.011135 0.030576  -0.707115 0.000004 -0.707099  0.998004 0.791894 0
mount_dovetail_rsr_akr_1913_railed_mount_LOD0
0  -0.003691 -0.006375 0.028053  -0.707119 0.000000 -0.707094  0.978013 0.796446 0
0  -0.006214 -0.006375 0.030576  -0.707119 0.000000 -0.707094  0.998103 0.796446 0
0  -0.006214 -0.001143 0.030576  -0.707119 0.000000 -0.707094  0.998103 0.825908 0
mount_dovetail_rsr_akr_1913_railed_mount_LOD0
0  -0.003691 -0.001143 0.028053  -0.707117 0.000002 -0.707097  0.978013 0.825908 0
0  -0.003691 -0.006375 0.028053  -0.707117 0.000002 -0.707097  0.978013 0.796446 0
0  -0.006214 -0.001143 0.030576  -0.707117 0.000002 -0.707097  0.998103 0.825908 0
mount_dovetail_rsr_akr_1913_railed_mount_LOD0
0  -0.003691 0.003617 0.028053  -0.707118 0.000001 -0.707096  1.978016 0.723704 0
0  -0.006214 0.003617 0.030576  -0.707118 0.000001 -0.707096  1.998106 0.723704 0
0  -0.006214 0.008850 0.030576  -0.707118 0.000001 -0.707096  1.998106 0.694243 0
mount_dovetail_rsr_akr_1913_railed_mount_LOD0
0  -0.003691 0.008850 0.028053  -0.707119 -0.000001 -0.707094  1.978016 0.694243 0
0  -0.003691 0.003617 0.028053  -0.707119 -0.000001 -0.707094  1.978016 0.723704 0
0  -0.006214 0.008850 0.030576  -0.707119 -0.000001 -0.707094  1.998106 0.694243 0
mount_dovetail_rsr_akr_1913_railed_mount_LOD0
0  0.003024 0.008850 0.028053  -0.000001 1.000000 0.000021  1.360303 0.655872 0
0  -0.003691 0.008850 0.028053  -0.000001 1.000000 0.000021  1.390548 0.655872 0
0  0.005547 0.008850 0.030576  0.000000 1.000000 -0.000315  1.348940 0.644507 0
mount_dovetail_rsr_akr_1913_railed_mount_LOD0
0  -0.003691 0.008850 0.028053  0.000001 1.000000 0.000013  1.390548 0.655872 0
0  -0.006214 0.008850 0.030576  0.000001 1.000000 -0.000323  1.401915 0.644507 0
0  0.005547 0.008850 0.030576  0.000001 1.000000 -0.000323  1.348940 0.644507 0
mount_dovetail_rsr_akr_1913_railed_mount_LOD0
0  0.005547 0.008850 0.030576  0.000001 1.000000 -0.000544  1.348940 0.644507 0
0  -0.006214 0.008850 0.030576  0.000001 1.000000 -0.000544  1.401915 0.644507 0
0  -0.006214 0.008850 0.030998  0.000001 1.000000 -0.000544  1.401915 0.642604 0
mount_dovetail_rsr_akr_1913_railed_mount_LOD0
0  0.005547 0.008850 0.030998  0.000001 1.000000 -0.000543  1.348942 0.642604 0
0  0.005547 0.008850 0.030576  0.000001 1.000000 -0.000543  1.348940 0.644507 0
0  -0.006214 0.008850 0.030998  0.000001 1.000000 -0.000543  1.401915 0.642604 0
mount_dovetail_rsr_akr_1913_railed_mount_LOD0
0  -0.003691 0.013610 0.028053  -0.707119 -0.000002 -0.707094  1.977886 0.757906 0
0  -0.006214 0.013610 0.030576  -0.707119 -0.000002 -0.707094  1.997976 0.757906 0
0  -0.006214 0.018843 0.030576  -0.707119 -0.000002 -0.707094  1.997976 0.728440 0
mount_dovetail_rsr_akr_1913_railed_mount_LOD0
0  -0.003691 0.018843 0.028053  -0.707116 0.000001 -0.707098  1.977886 0.728440 0
0  -0.003691 0.013610 0.028053  -0.707116 0.000001 -0.707098  1.977886 0.757906 0
0  -0.006214 0.018843 0.030576  -0.707116 0.000001 -0.707098  1.997976 0.728440 0
mount_dovetail_rsr_akr_1913_railed_mount_LOD0
0  -0.006214 0.013610 0.030576  0.000000 -1.000000 -0.000003  1.002332 0.170616 0
0  -0.003691 0.013610 0.028053  0.000000 -1.000000 -0.000003  1.013698 0.181980 0
0  0.003024 0.013610 0.028053  0.000000 -1.000000 -0.000003  1.043942 0.181980 0
mount_dovetail_rsr_akr_1913_railed_mount_LOD0
0  0.005547 0.013610 0.030576  -0.000001 -1.000000 -0.000009  1.055306 0.170616 0
0  -0.006214 0.013610 0.030576  -0.000001 -1.000000 -0.000009  1.002332 0.170616 0
0  0.003024 0.013610 0.028053  -0.000001 -1.000000 -0.000009  1.043942 0.181980 0
mount_dovetail_rsr_akr_1913_railed_mount_LOD0
0  -0.006214 0.013610 0.030576  -0.000001 -1.000000 0.000287  1.002332 0.170616 0
0  0.005547 0.013610 0.030576  -0.000001 -1.000000 0.000287  1.055306 0.170616 0
0  0.005547 0.013610 0.030998  -0.000001 -1.000000 0.000287  1.055306 0.168715 0
mount_dovetail_rsr_akr_1913_railed_mount_LOD0
0  -0.006214 0.013610 0.030998  0.000000 -1.000000 0.000258  1.002332 0.168715 0
0  -0.006214 0.013610 0.030576  0.000000 -1.000000 0.000258  1.002332 0.170616 0
0  0.005547 0.013610 0.030998  0.000000 -1.000000 0.000258  1.055306 0.168715 0
mount_dovetail_rsr_akr_1913_railed_mount_LOD0
0  -0.003691 0.023603 0.028053  -0.707118 0.000001 -0.707095  1.977913 0.791894 0
0  -0.006214 0.023603 0.030576  -0.707118 0.000001 -0.707095  1.998004 0.791894 0
0  -0.006214 0.028836 0.030576  -0.707118 0.000001 -0.707095  1.998004 0.762431 0
mount_dovetail_rsr_akr_1913_railed_mount_LOD0
0  -0.003691 0.028836 0.028053  -0.707119 0.000000 -0.707095  1.977913 0.762431 0
0  -0.003691 0.023603 0.028053  -0.707119 0.000000 -0.707095  1.977913 0.791894 0
0  -0.006214 0.028836 0.030576  -0.707119 0.000000 -0.707095  1.998004 0.762431 0
mount_dovetail_rsr_akr_1913_railed_mount_LOD0
0  -0.003691 0.033596 0.028053  -0.707120 0.000001 -0.707094  1.977679 0.031520 0
0  -0.006214 0.033596 0.030576  -0.707120 0.000001 -0.707094  1.997767 0.031520 0
0  -0.006214 0.038828 0.030576  -0.707120 0.000001 -0.707094  1.997767 0.002063 0
mount_dovetail_rsr_akr_1913_railed_mount_LOD0
0  -0.003691 0.038828 0.028053  -0.707117 0.000003 -0.707097  1.977679 0.002063 0
0  -0.003691 0.033596 0.028053  -0.707117 0.000003 -0.707097  1.977679 0.031520 0
0  -0.006214 0.038828 0.030576  -0.707117 0.000003 -0.707097  1.997767 0.002063 0
mount_dovetail_rsr_akr_1913_railed_mount_LOD0
0  -0.006214 0.033596 0.030576  0.000000 -1.000000 -0.000003  1.925157 0.196248 0
0  -0.003691 0.033596 0.028053  0.000000 -1.000000 -0.000003  1.936522 0.207615 0
0  0.003024 0.033596 0.028053  0.000000 -1.000000 -0.000003  1.966768 0.207615 0
mount_dovetail_rsr_akr_1913_railed_mount_LOD0
0  0.005547 0.033596 0.030576  -0.000001 -1.000000 -0.000002  1.978130 0.196248 0
0  -0.006214 0.033596 0.030576  -0.000001 -1.000000 -0.000002  1.925157 0.196248 0
0  0.003024 0.033596 0.028053  -0.000001 -1.000000 -0.000002  1.966768 0.207615 0
mount_dovetail_rsr_akr_1913_railed_mount_LOD0
0  -0.006214 0.033596 0.030576  -0.000001 -1.000000 0.000248  1.925157 0.196248 0
0  0.005547 0.033596 0.030576  -0.000001 -1.000000 0.000248  1.978130 0.196248 0
0  0.005547 0.033596 0.030998  -0.000001 -1.000000 0.000248  1.978130 0.194348 0
mount_dovetail_rsr_akr_1913_railed_mount_LOD0
0  -0.006214 0.033596 0.030998  -0.000001 -1.000000 0.000246  1.925155 0.194348 0
0  -0.006214 0.033596 0.030576  -0.000001 -1.000000 0.000246  1.925157 0.196248 0
0  0.005547 0.033596 0.030998  -0.000001 -1.000000 0.000246  1.978130 0.194348 0
mount_dovetail_rsr_akr_1913_railed_mount_LOD0
0  -0.003691 -0.041113 0.028053  0.000001 0.000000 -1.000000  0.340451 0.025714 0
0  0.003024 -0.041113 0.028053  0.000001 0.000000 -1.000000  0.310207 0.025714 0
0  0.003024 -0.046346 0.028053  0.000001 0.000000 -1.000000  0.310207 0.002144 0
mount_dovetail_rsr_akr_1913_railed_mount_LOD0
0  -0.003691 -0.046346 0.028053  0.000001 0.000001 -1.000000  0.340451 0.002144 0
0  -0.003691 -0.041113 0.028053  0.000001 0.000001 -1.000000  0.340451 0.025714 0
0  0.003024 -0.046346 0.028053  0.000001 0.000001 -1.000000  0.310207 0.002144 0
mount_dovetail_rsr_akr_1913_railed_mount_LOD0
0  -0.003691 -0.021128 0.028053  0.000000 0.000000 -1.000000  0.410571 0.025797 0
0  0.003024 -0.021128 0.028053  0.000000 0.000000 -1.000000  0.380327 0.025797 0
0  0.003024 -0.026360 0.028053  0.000000 0.000000 -1.000000  0.380327 0.002228 0
mount_dovetail_rsr_akr_1913_railed_mount_LOD0
0  -0.003691 -0.026360 0.028053  0.000000 0.000000 -1.000000  0.410571 0.002228 0
0  -0.003691 -0.021128 0.028053  0.000000 0.000000 -1.000000  0.410571 0.025797 0
0  0.003024 -0.026360 0.028053  0.000000 0.000000 -1.000000  0.380327 0.002228 0
mount_dovetail_rsr_akr_1913_railed_mount_LOD0
0  -0.006214 -0.016368 0.030998  0.000000 0.000001 -1.000000  0.736465 0.212136 0
0  0.005547 -0.016368 0.030998  0.000000 0.000001 -1.000000  0.683493 0.212136 0
0  0.005547 -0.021128 0.030998  0.000000 0.000001 -1.000000  0.683493 0.190698 0
mount_dovetail_rsr_akr_1913_railed_mount_LOD0
0  -0.006214 -0.021128 0.030998  0.000000 0.000001 -1.000000  0.736465 0.190698 0
0  -0.006214 -0.016368 0.030998  0.000000 0.000001 -1.000000  0.736465 0.212136 0
0  0.005547 -0.021128 0.030998  0.000000 0.000001 -1.000000  0.683493 0.190698 0
mount_dovetail_rsr_akr_1913_railed_mount_LOD0
0  -0.003691 0.018843 0.028053  0.000000 0.000000 -1.000000  1.410571 0.002228 0
0  0.003024 0.018843 0.028053  0.000000 0.000000 -1.000000  1.380327 0.002228 0
0  0.003024 0.013610 0.028053  0.000000 0.000000 -1.000000  1.380327 0.025800 0
mount_dovetail_rsr_akr_1913_railed_mount_LOD0
0  -0.003691 0.013610 0.028053  0.000000 0.000000 -1.000000  1.410571 0.025800 0
0  -0.003691 0.018843 0.028053  0.000000 0.000000 -1.000000  1.410571 0.002228 0
0  0.003024 0.013610 0.028053  0.000000 0.000000 -1.000000  1.380327 0.025800 0
mount_dovetail_rsr_akr_1913_railed_mount_LOD0
0  0.005547 0.033596 0.030998  0.000000 0.000001 -1.000000  1.923959 0.168643 0
0  0.005547 0.028836 0.030998  0.000000 0.000001 -1.000000  1.923959 0.190083 0
0  -0.006214 0.028836 0.030998  0.000000 0.000001 -1.000000  1.976930 0.190083 0
mount_dovetail_rsr_akr_1913_railed_mount_LOD0
0  -0.006214 0.033596 0.030998  0.000000 0.000000 -1.000000  1.976930 0.168643 0
0  0.005547 0.033596 0.030998  0.000000 0.000000 -1.000000  1.923959 0.168643 0
0  -0.006214 0.028836 0.030998  0.000000 0.000000 -1.000000  1.976930 0.190083 0
mount_dovetail_rsr_akr_1913_railed_mount_LOD0
0  -0.003691 0.038828 0.028053  0.000000 0.000000 -1.000000  1.340451 0.002144 0
0  0.003024 0.038828 0.028053  0.000000 0.000000 -1.000000  1.310207 0.002144 0
0  0.003024 0.033596 0.028053  0.000000 0.000000 -1.000000  1.310207 0.025709 0
mount_dovetail_rsr_akr_1913_railed_mount_LOD0
0  -0.003691 0.033596 0.028053  0.000001 0.000000 -1.000000  1.340451 0.025709 0
0  -0.003691 0.038828 0.028053  0.000001 0.000000 -1.000000  1.340451 0.002144 0
0  0.003024 0.033596 0.028053  0.000001 0.000000 -1.000000  1.310207 0.025709 0
mount_dovetail_rsr_akr_1913_railed_mount_LOD0
0  -0.019812 0.038828 0.043929  -0.000008 1.000000 0.000030  1.698364 0.416281 0
0  -0.022742 0.038828 0.044364  -0.000008 1.000000 0.000030  1.723101 0.419964 0
0  -0.013719 0.038828 0.044364  -0.000008 1.000000 0.000030  1.646899 0.419952 0
mount_dovetail_rsr_akr_1913_railed_mount_LOD0
0  -0.017023 0.038828 0.043261  -0.000005 1.000000 0.000011  1.674802 0.410634 0
0  -0.019812 0.038828 0.043929  -0.000005 1.000000 0.000011  1.698364 0.416281 0
0  -0.013719 0.038828 0.044364  -0.000005 1.000000 0.000011  1.646899 0.419952 0
mount_dovetail_rsr_akr_1913_railed_mount_LOD0
0  -0.014558 0.038828 0.041918  -0.000004 1.000000 0.000000  1.653985 0.399295 0
0  -0.017023 0.038828 0.043261  -0.000004 1.000000 0.000000  1.674802 0.410634 0
0  -0.013719 0.038828 0.044364  -0.000004 1.000000 0.000000  1.646899 0.419952 0
mount_dovetail_rsr_akr_1913_railed_mount_LOD0
0  -0.012144 0.038828 0.040053  0.000000 1.000000 -0.000002  1.633593 0.383540 0
0  -0.014558 0.038828 0.041918  0.000000 1.000000 -0.000002  1.653985 0.399295 0
0  -0.013719 0.038828 0.044364  0.000000 1.000000 -0.000002  1.646899 0.419952 0
mount_dovetail_rsr_akr_1913_railed_mount_LOD0
0  -0.007653 0.038828 0.045325  0.000000 1.000000 0.000001  1.595665 0.428070 0
0  -0.012144 0.038828 0.040053  0.000000 1.000000 0.000001  1.633593 0.383540 0
0  -0.013719 0.038828 0.044364  0.000000 1.000000 0.000001  1.646899 0.419952 0
mount_dovetail_rsr_akr_1913_railed_mount_LOD0
0  -0.013719 0.038828 0.045325  0.000000 1.000000 0.000000  1.646899 0.428070 0
0  -0.007653 0.038828 0.045325  0.000000 1.000000 0.000000  1.595665 0.428070 0
0  -0.013719 0.038828 0.044364  0.000000 1.000000 0.000000  1.646899 0.419952 0
mount_dovetail_rsr_akr_1913_railed_mount_LOD0
0  -0.010993 0.038828 0.038947  0.000000 1.000000 0.000000  1.623874 0.374199 0
0  -0.012144 0.038828 0.040053  0.000000 1.000000 0.000000  1.633593 0.383540 0
0  -0.007653 0.038828 0.045325  0.000000 1.000000 0.000000  1.595665 0.428070 0
mount_dovetail_rsr_akr_1913_railed_mount_LOD0
0  -0.009205 0.038828 0.036855  0.000000 1.000000 0.000002  1.608770 0.356537 0
0  -0.010993 0.038828 0.038947  0.000000 1.000000 0.000002  1.623874 0.374199 0
0  -0.007653 0.038828 0.045325  0.000000 1.000000 0.000002  1.595665 0.428070 0
mount_dovetail_rsr_akr_1913_railed_mount_LOD0
0  -0.008195 0.038828 0.035500  0.000000 1.000000 0.000000  1.600243 0.345090 0
0  -0.009205 0.038828 0.036855  0.000000 1.000000 0.000000  1.608770 0.356537 0
0  -0.007653 0.038828 0.045325  0.000000 1.000000 0.000000  1.595665 0.428070 0
mount_dovetail_rsr_akr_1913_railed_mount_LOD0
0  0.005547 0.038828 0.031917  0.000001 1.000000 -0.000000  1.484182 0.314832 0
0  -0.008195 0.038828 0.035500  0.000001 1.000000 -0.000000  1.600243 0.345090 0
0  -0.007653 0.038828 0.045325  0.000001 1.000000 -0.000000  1.595665 0.428070 0
mount_dovetail_rsr_akr_1913_railed_mount_LOD0
0  -0.007309 0.038828 0.034062  0.000001 1.000000 0.000000  1.592760 0.332949 0
0  -0.008195 0.038828 0.035500  0.000001 1.000000 0.000000  1.600243 0.345090 0
0  0.005547 0.038828 0.031917  0.000001 1.000000 0.000000  1.484182 0.314832 0
mount_dovetail_rsr_akr_1913_railed_mount_LOD0
0  -0.006399 0.038828 0.031917  0.000001 1.000000 0.000000  1.585072 0.314832 0
0  -0.007309 0.038828 0.034062  0.000001 1.000000 0.000000  1.592760 0.332949 0
0  0.005547 0.038828 0.031917  0.000001 1.000000 0.000000  1.484182 0.314832 0
mount_dovetail_rsr_akr_1913_railed_mount_LOD0
0  -0.006399 0.038828 0.031917  0.000001 1.000000 0.000196  1.585072 0.314832 0
0  0.005547 0.038828 0.031917  0.000001 1.000000 0.000196  1.484182 0.314832 0
0  -0.006214 0.038828 0.030998  0.000001 1.000000 0.000196  1.583509 0.307065 0
mount_dovetail_rsr_akr_1913_railed_mount_LOD0
0  0.005547 0.038828 0.031917  0.000002 1.000000 0.000178  1.484182 0.314832 0
0  0.005547 0.038828 0.030998  0.000002 1.000000 0.000178  1.484183 0.307065 0
0  -0.006214 0.038828 0.030998  0.000002 1.000000 0.000178  1.583509 0.307065 0
mount_dovetail_rsr_akr_1913_railed_mount_LOD0
0  -0.006214 0.038828 0.030998  0.000002 1.000000 -0.000575  1.583509 0.307065 0
0  0.005547 0.038828 0.030998  0.000002 1.000000 -0.000575  1.484183 0.307065 0
0  -0.006214 0.038828 0.030576  0.000002 1.000000 -0.000575  1.583509 0.303501 0
mount_dovetail_rsr_akr_1913_railed_mount_LOD0
0  0.005547 0.038828 0.030998  0.000001 1.000000 -0.000563  1.484183 0.307065 0
0  0.005547 0.038828 0.030576  0.000001 1.000000 -0.000563  1.484183 0.303501 0
0  -0.006214 0.038828 0.030576  0.000001 1.000000 -0.000563  1.583509 0.303501 0
mount_dovetail_rsr_akr_1913_railed_mount_LOD0
0  -0.006214 0.038828 0.030576  0.000001 1.000000 0.000001  1.583509 0.303501 0
0  0.005547 0.038828 0.030576  0.000001 1.000000 0.000001  1.484183 0.303501 0
0  0.003024 0.038828 0.028053  0.000001 1.000000 0.000001  1.505493 0.282191 0
mount_dovetail_rsr_akr_1913_railed_mount_LOD0
0  -0.003691 0.038828 0.028053  0.000000 1.000000 0.000000  1.562201 0.282191 0
0  -0.006214 0.038828 0.030576  0.000000 1.000000 0.000000  1.583509 0.303501 0
0  0.003024 0.038828 0.028053  0.000000 1.000000 0.000000  1.505493 0.282191 0
mount_dovetail_rsr_akr_1913_railed_mount_LOD0
0  -0.013719 -0.046345 0.045325  0.258824 -0.965925 0.000000  0.087477 0.631147 0
0  -0.015549 -0.046836 0.045325  0.499790 -0.866147 -0.000015  0.076812 0.631147 0
0  -0.013719 -0.046345 0.044364  0.258824 -0.965925 0.000000  0.087477 0.625738 0
mount_dovetail_rsr_akr_1913_railed_mount_LOD0
0  -0.015549 -0.046836 0.045325  0.499784 -0.866150 0.000020  0.076812 0.631147 0
0  -0.015549 -0.046836 0.044364  0.499783 -0.866151 -0.000007  0.076812 0.625738 0
0  -0.013719 -0.046345 0.044364  0.258816 -0.965927 -0.000008  0.087477 0.625738 0
mount_dovetail_rsr_akr_1913_railed_mount_LOD0
0  -0.015549 -0.046836 0.045325  0.500047 -0.865998 -0.000008  0.076812 0.631147 0
0  -0.016888 -0.048175 0.045325  0.865997 -0.500049 -0.000019  0.066151 0.631147 0
0  -0.015549 -0.046836 0.044364  0.500047 -0.865998 0.000006  0.076812 0.625738 0
mount_dovetail_rsr_akr_1913_railed_mount_LOD0
0  -0.016888 -0.048175 0.045325  0.866000 -0.500044 -0.000014  0.066151 0.631147 0
0  -0.016888 -0.048175 0.044364  0.866000 -0.500044 0.000000  0.066151 0.625738 0
0  -0.015549 -0.046836 0.044364  0.500053 -0.865995 0.000011  0.076812 0.625738 0
mount_dovetail_rsr_akr_1913_railed_mount_LOD0
0  -0.016888 -0.048175 0.045325  0.866148 -0.499788 0.000000  0.066151 0.631147 0
0  -0.017378 -0.050004 0.045325  0.965925 -0.258821 0.000000  0.055486 0.631147 0
0  -0.016888 -0.048175 0.044364  0.866148 -0.499788 0.000014  0.066151 0.625738 0
mount_dovetail_rsr_akr_1913_railed_mount_LOD0
0  -0.017378 -0.050004 0.045325  0.965924 -0.258825 -0.000002  0.055486 0.631147 0
0  -0.017378 -0.050004 0.044364  0.965924 -0.258825 -0.000002  0.055486 0.625738 0
0  -0.016888 -0.048175 0.044364  0.866146 -0.499791 0.000009  0.066151 0.625738 0
mount_dovetail_rsr_akr_1913_railed_mount_LOD0
0  -0.017378 0.042487 0.045325  0.965926 0.258819 0.000000  0.050200 0.632122 0
0  -0.016888 0.040657 0.045325  0.866149 0.499786 -0.000011  0.034204 0.632122 0
0  -0.017378 0.042487 0.044364  0.965926 0.258819 0.000000  0.050200 0.624010 0
mount_dovetail_rsr_akr_1913_railed_mount_LOD0
0  -0.016888 0.040657 0.045325  0.866150 0.499784 -0.000014  0.034204 0.632122 0
0  -0.016888 0.040657 0.044364  0.866150 0.499784 0.000000  0.034204 0.624010 0
0  -0.017378 0.042487 0.044364  0.965926 0.258818 0.000000  0.050200 0.624010 0
mount_dovetail_rsr_akr_1913_railed_mount_LOD0
0  -0.016888 0.040657 0.045325  0.866003 0.500039 0.000000  0.034204 0.632122 0
0  -0.015548 0.039318 0.045325  0.500058 0.865992 -0.000011  0.018211 0.632122 0
0  -0.016888 0.040657 0.044364  0.866003 0.500039 0.000013  0.034204 0.624010 0
mount_dovetail_rsr_akr_1913_railed_mount_LOD0
0  -0.015548 0.039318 0.045325  0.500053 0.865995 -0.000013  0.018211 0.632122 0
0  -0.015548 0.039318 0.044364  0.500054 0.865995 0.000000  0.018211 0.624010 0
0  -0.016888 0.040657 0.044364  0.866000 0.500043 0.000011  0.034204 0.624010 0
mount_dovetail_rsr_akr_1913_railed_mount_LOD0
0  -0.015548 0.039318 0.045325  0.499780 0.866153 0.000000  0.018211 0.632122 0
0  -0.013719 0.038828 0.045325  0.258813 0.965928 0.000000  0.002214 0.632122 0
0  -0.015548 0.039318 0.044364  0.499780 0.866153 0.000014  0.018211 0.624010 0
mount_dovetail_rsr_akr_1913_railed_mount_LOD0
0  -0.013719 0.038828 0.045325  0.258813 0.965927 0.000000  0.002214 0.632122 0
0  -0.013719 0.038828 0.044364  0.258813 0.965927 0.000000  0.002214 0.624010 0
0  -0.015548 0.039318 0.044364  0.499780 0.866152 0.000018  0.018211 0.624010 0
mount_dovetail_rsr_akr_1913_railed_mount_LOD0
0  -0.008195 -0.023902 0.035500  0.000000 -1.000000 0.000237  0.965855 0.922285 0
0  -0.007309 -0.023903 0.034062  0.000000 -1.000000 0.000237  0.973950 0.927273 0
0  0.003435 -0.023903 0.034062  0.000000 -1.000000 0.000237  0.973967 0.987767 0
mount_dovetail_rsr_akr_1913_railed_mount_LOD0
0  -0.009205 -0.023902 0.036855  -0.000032 -1.000000 -0.000024  0.958221 0.916604 0
0  -0.008195 -0.023902 0.035500  -0.000032 -1.000000 -0.000024  0.965855 0.922285 0
0  0.003435 -0.023903 0.034062  -0.000032 -1.000000 -0.000024  0.973967 0.987767 0
mount_dovetail_rsr_akr_1913_railed_mount_LOD0
0  -0.007653 -0.023902 0.045325  -0.000026 -1.000000 0.000005  0.910534 0.925354 0
0  -0.009205 -0.023902 0.036855  -0.000026 -1.000000 0.000005  0.958221 0.916604 0
0  0.003435 -0.023903 0.034062  -0.000026 -1.000000 0.000005  0.973967 0.987767 0
mount_dovetail_rsr_akr_1913_railed_mount_LOD0
0  -0.010993 -0.023902 0.038947  0.065768 -0.997835 0.000011  0.946443 0.906539 0
0  -0.009205 -0.023902 0.036855  -0.000004 -1.000000 0.000001  0.958221 0.916604 0
0  -0.007653 -0.023902 0.045325  -0.000004 -1.000000 0.000001  0.910534 0.925354 0
mount_dovetail_rsr_akr_1913_railed_mount_LOD0
0  -0.010993 -0.023902 0.045325  0.130401 -0.991461 -0.000000  0.910529 0.906547 0
0  -0.010993 -0.023902 0.038947  0.065769 -0.997835 0.000002  0.946443 0.906539 0
0  -0.007653 -0.023902 0.045325  -0.000003 -1.000000 0.000000  0.910534 0.925354 0
mount_dovetail_rsr_akr_1913_railed_mount_LOD0
0  -0.012144 -0.024211 0.040053  0.258819 -0.965926 -0.000000  0.940213 0.899833 0
0  -0.010993 -0.023902 0.038947  0.065923 -0.997825 0.000009  0.946443 0.906539 0
0  -0.010993 -0.023902 0.045325  0.130649 -0.991429 0.000007  0.910529 0.906547 0
mount_dovetail_rsr_akr_1913_railed_mount_LOD0
0  -0.012775 -0.024380 0.045325  0.499789 -0.866147 0.000009  0.910526 0.896156 0
0  -0.012144 -0.024211 0.040053  0.258823 -0.965925 -0.000001  0.940213 0.899833 0
0  -0.010993 -0.023902 0.045325  0.130653 -0.991428 -0.000001  0.910529 0.906547 0
mount_dovetail_rsr_akr_1913_railed_mount_LOD0
0  -0.012775 -0.024380 0.040541  0.417361 -0.908741 0.000005  0.937465 0.896152 0
0  -0.012144 -0.024211 0.040053  0.258816 -0.965927 -0.000002  0.940213 0.899833 0
0  -0.012775 -0.024380 0.045325  0.499782 -0.866151 -0.000024  0.910526 0.896156 0
mount_dovetail_rsr_akr_1913_railed_mount_LOD0
0  -0.012775 -0.024380 0.040541  0.417593 -0.908634 0.000028  0.937465 0.896152 0
0  -0.012775 -0.024380 0.045325  0.500045 -0.865999 -0.000002  0.910526 0.896156 0
0  -0.014080 -0.025685 0.045325  0.865996 -0.500051 -0.000032  0.910525 0.885765 0
mount_dovetail_rsr_akr_1913_railed_mount_LOD0
0  -0.014080 -0.025685 0.041549  0.837577 -0.546320 -0.000003  0.931788 0.885762 0
0  -0.012775 -0.024380 0.040541  0.417601 -0.908631 0.000036  0.937465 0.896152 0
0  -0.014080 -0.025685 0.045325  0.866000 -0.500044 -0.000019  0.910525 0.885765 0
mount_dovetail_rsr_akr_1913_railed_mount_LOD0
0  -0.014080 -0.025685 0.041549  0.837714 -0.546108 0.000020  0.931788 0.885762 0
0  -0.014080 -0.025685 0.045325  0.866150 -0.499784 0.000001  0.910525 0.885765 0
0  -0.014558 -0.027467 0.045325  0.991429 -0.130647 -0.000013  0.910525 0.875374 0
mount_dovetail_rsr_akr_1913_railed_mount_LOD0
0  -0.014558 -0.027467 0.041918  0.990384 -0.138347 -0.000015  0.929709 0.875374 0
0  -0.014080 -0.025685 0.041549  0.837713 -0.546111 0.000019  0.931788 0.885762 0
0  -0.014558 -0.027467 0.045325  0.991428 -0.130651 -0.000008  0.910525 0.875374 0
mount_dovetail_rsr_akr_1913_railed_mount_LOD0
0  -0.014558 -0.037254 0.041918  0.990418 0.138099 0.000000  0.929709 0.820268 0
0  -0.014558 -0.027467 0.041918  0.990418 -0.138099 -0.000000  0.929709 0.875374 0
0  -0.014558 -0.027467 0.045325  0.991461 -0.130403 0.000001  0.910525 0.875374 0
mount_dovetail_rsr_akr_1913_railed_mount_LOD0
0  -0.014558 -0.037254 0.045325  0.991461 0.130403 -0.000000  0.910525 0.820268 0
0  -0.014558 -0.037254 0.041918  0.990418 0.138099 -0.000001  0.929709 0.820268 0
0  -0.014558 -0.027467 0.045325  0.991461 -0.130403 0.000000  0.910525 0.875374 0
mount_dovetail_rsr_akr_1913_railed_mount_LOD0
0  -0.014080 -0.039037 0.041549  0.837713 0.546110 0.000025  0.931788 0.809879 0
0  -0.014558 -0.037254 0.041918  0.990384 0.138345 -0.000001  0.929709 0.820268 0
0  -0.014558 -0.037254 0.045325  0.991429 0.130650 -0.000005  0.910525 0.820268 0
mount_dovetail_rsr_akr_1913_railed_mount_LOD0
0  -0.014080 -0.039037 0.045325  0.866150 0.499784 0.000000  0.910525 0.809879 0
0  -0.014080 -0.039037 0.041549  0.837715 0.546108 0.000013  0.931788 0.809879 0
0  -0.014558 -0.037254 0.045325  0.991429 0.130647 0.000000  0.910525 0.820268 0
mount_dovetail_rsr_akr_1913_railed_mount_LOD0
0  -0.012775 -0.040342 0.040541  0.417600 0.908631 -0.000011  0.937465 0.799489 0
0  -0.014080 -0.039037 0.041549  0.837576 0.546320 0.000002  0.931788 0.809879 0
0  -0.014080 -0.039037 0.045325  0.866000 0.500045 -0.000013  0.910525 0.809879 0
mount_dovetail_rsr_akr_1913_railed_mount_LOD0
0  -0.012775 -0.040342 0.045325  0.500048 0.865998 -0.000002  0.910526 0.799488 0
0  -0.012775 -0.040342 0.040541  0.417595 0.908633 0.000015  0.937465 0.799489 0
0  -0.014080 -0.039037 0.045325  0.865997 0.500049 -0.000002  0.910525 0.809879 0
mount_dovetail_rsr_akr_1913_railed_mount_LOD0
0  -0.012144 -0.040511 0.040053  0.258809 0.965928 -0.000001  0.940213 0.795805 0
0  -0.012775 -0.040342 0.040541  0.417355 0.908744 -0.000001  0.937465 0.799489 0
0  -0.012775 -0.040342 0.045325  0.499777 0.866154 0.000034  0.910526 0.799488 0
mount_dovetail_rsr_akr_1913_railed_mount_LOD0
0  -0.012144 -0.040511 0.040053  0.258824 0.965925 -0.000001  0.940213 0.795805 0
0  -0.012775 -0.040342 0.045325  0.499789 0.866147 -0.000001  0.910526 0.799488 0
0  -0.010993 -0.040819 0.045325  0.130654 0.991428 -0.000002  0.910529 0.789097 0
mount_dovetail_rsr_akr_1913_railed_mount_LOD0
0  -0.010993 -0.040819 0.038947  0.065924 0.997825 -0.000015  0.946443 0.789099 0
0  -0.012144 -0.040511 0.040053  0.258820 0.965926 -0.000001  0.940213 0.795805 0
0  -0.010993 -0.040819 0.045325  0.130650 0.991429 0.000000  0.910529 0.789097 0
mount_dovetail_rsr_akr_1913_railed_mount_LOD0
0  -0.010993 -0.040819 0.038947  0.065772 0.997835 0.000003  0.946443 0.789099 0
0  -0.010993 -0.040819 0.045325  0.130403 0.991461 -0.000000  0.910529 0.789097 0
0  -0.007653 -0.040819 0.045325  0.000000 1.000000 0.000000  0.910530 0.770290 0
mount_dovetail_rsr_akr_1913_railed_mount_LOD0
0  -0.009205 -0.040819 0.036855  0.000000 1.000000 0.000000  0.958220 0.779033 0
0  -0.010993 -0.040819 0.038947  0.065772 0.997835 0.000003  0.946443 0.789099 0
0  -0.007653 -0.040819 0.045325  0.000000 1.000000 0.000000  0.910530 0.770290 0
mount_dovetail_rsr_akr_1913_railed_mount_LOD0
0  -0.009205 -0.040819 0.036855  0.000040 1.000000 -0.000007  0.958220 0.779033 0
0  -0.007653 -0.040819 0.045325  0.000040 1.000000 -0.000007  0.910530 0.770290 0
0  0.003435 -0.040820 0.034062  0.000040 1.000000 -0.000007  0.973954 0.707867 0
mount_dovetail_rsr_akr_1913_railed_mount_LOD0
0  -0.008195 -0.040819 0.035500  0.000001 1.000000 -0.000291  0.965852 0.773350 0
0  -0.009205 -0.040819 0.036855  0.000049 1.000000 0.000041  0.958220 0.779033 0
0  0.003435 -0.040820 0.034062  0.000049 1.000000 0.000041  0.973954 0.707867 0
mount_dovetail_rsr_akr_1913_railed_mount_LOD0
0  -0.007309 -0.040820 0.034062  -0.000000 1.000000 -0.000362  0.973949 0.768360 0
0  -0.008195 -0.040819 0.035500  -0.000000 1.000000 -0.000362  0.965852 0.773350 0
0  0.003435 -0.040820 0.034062  -0.000000 1.000000 -0.000362  0.973954 0.707867 0
mount_dovetail_rsr_akr_1913_railed_mount_LOD0
0  -0.008195 0.033302 0.035500  0.000000 -1.000000 0.000000  1.965842 0.773350 0
0  -0.007309 0.033302 0.034062  0.000000 -1.000000 0.000000  1.973937 0.768360 0
0  0.003435 0.033302 0.034062  0.000000 -1.000000 0.000000  1.973941 0.707867 0
mount_dovetail_rsr_akr_1913_railed_mount_LOD0
0  -0.009205 0.033302 0.036855  0.000000 -1.000000 0.000000  1.958211 0.779033 0
0  -0.008195 0.033302 0.035500  0.000000 -1.000000 0.000000  1.965842 0.773350 0
0  0.003435 0.033302 0.034062  0.000000 -1.000000 0.000000  1.973941 0.707867 0
mount_dovetail_rsr_akr_1913_railed_mount_LOD0
0  -0.007653 0.033302 0.045325  0.000000 -1.000000 0.000001  1.910521 0.770291 0
0  -0.009205 0.033302 0.036855  0.000000 -1.000000 0.000001  1.958211 0.779033 0
0  0.003435 0.033302 0.034062  0.000000 -1.000000 0.000001  1.973941 0.707867 0
mount_dovetail_rsr_akr_1913_railed_mount_LOD0
0  -0.010993 0.033302 0.038947  0.065820 -0.997832 0.000009  1.946434 0.789099 0
0  -0.009205 0.033302 0.036855  0.000000 -1.000000 0.000000  1.958211 0.779033 0
0  -0.007653 0.033302 0.045325  0.000000 -1.000000 0.000000  1.910521 0.770291 0
mount_dovetail_rsr_akr_1913_railed_mount_LOD0
0  -0.010993 0.033302 0.045325  0.130498 -0.991449 -0.000001  1.910520 0.789098 0
0  -0.010993 0.033302 0.038947  0.065820 -0.997832 0.000002  1.946434 0.789099 0
0  -0.007653 0.033302 0.045325  0.000000 -1.000000 -0.000001  1.910521 0.770291 0
mount_dovetail_rsr_akr_1913_railed_mount_LOD0
0  -0.012144 0.032994 0.040053  0.258994 -0.965879 0.000001  1.940207 0.795805 0
0  -0.010993 0.033302 0.038947  0.065960 -0.997822 0.000007  1.946434 0.789099 0
0  -0.010993 0.033302 0.045325  0.130781 -0.991411 0.000009  1.910520 0.789098 0
mount_dovetail_rsr_akr_1913_railed_mount_LOD0
0  -0.012775 0.032824 0.045325  0.499790 -0.866146 0.000007  1.910520 0.799489 0
0  -0.012144 0.032994 0.040053  0.259010 -0.965875 -0.000003  1.940207 0.795805 0
0  -0.010993 0.033302 0.045325  0.130750 -0.991415 -0.000003  1.910520 0.789098 0
mount_dovetail_rsr_akr_1913_railed_mount_LOD0
0  -0.012775 0.032824 0.040541  0.417545 -0.908656 -0.000002  1.937458 0.799488 0
0  -0.012144 0.032994 0.040053  0.259012 -0.965874 -0.000002  1.940207 0.795805 0
0  -0.012775 0.032824 0.045325  0.499792 -0.866145 -0.000022  1.910520 0.799489 0
mount_dovetail_rsr_akr_1913_railed_mount_LOD0
0  -0.012775 0.032824 0.040541  0.417814 -0.908533 0.000028  1.937458 0.799488 0
0  -0.012775 0.032824 0.045325  0.500048 -0.865997 -0.000002  1.910520 0.799489 0
0  -0.014080 0.031520 0.045325  0.865997 -0.500049 -0.000032  1.910521 0.809879 0
mount_dovetail_rsr_akr_1913_railed_mount_LOD0
0  -0.014080 0.031520 0.041549  0.837573 -0.546325 0.000004  1.931783 0.809877 0
0  -0.012775 0.032824 0.040541  0.417813 -0.908533 0.000033  1.937458 0.799488 0
0  -0.014080 0.031520 0.045325  0.865997 -0.500050 0.000023  1.910521 0.809879 0
mount_dovetail_rsr_akr_1913_railed_mount_LOD0
0  -0.014080 0.031520 0.041549  0.837714 -0.546109 0.000017  1.931783 0.809877 0
0  -0.014080 0.031520 0.045325  0.866150 -0.499784 -0.000001  1.910521 0.809879 0
0  -0.014558 0.029737 0.045325  0.991429 -0.130648 -0.000014  1.910522 0.820268 0
mount_dovetail_rsr_akr_1913_railed_mount_LOD0
0  -0.014558 0.029737 0.041918  0.990385 -0.138342 -0.000016  1.929708 0.820267 0
0  -0.014080 0.031520 0.041549  0.837715 -0.546108 0.000018  1.931783 0.809877 0
0  -0.014558 0.029737 0.045325  0.991429 -0.130647 -0.000008  1.910522 0.820268 0
mount_dovetail_rsr_akr_1913_railed_mount_LOD0
0  -0.014558 0.029737 0.041918  0.990418 -0.138099 0.000004  1.929708 0.820267 0
0  -0.014558 0.029737 0.045325  0.991461 -0.130403 0.000000  1.910522 0.820268 0
0  -0.014558 0.019950 0.045325  0.991461 0.130403 -0.000016  1.910522 0.875374 0
mount_dovetail_rsr_akr_1913_railed_mount_LOD0
0  -0.014558 0.019950 0.041918  0.990418 0.138099 0.000000  1.929708 0.875374 0
0  -0.014558 0.029737 0.041918  0.990418 -0.138099 0.000017  1.929708 0.820267 0
0  -0.014558 0.019950 0.045325  0.991461 0.130403 -0.000004  1.910522 0.875374 0
mount_dovetail_rsr_akr_1913_railed_mount_LOD0
0  -0.014080 0.018168 0.041549  0.837713 0.546111 0.000025  1.931787 0.885762 0
0  -0.014558 0.019950 0.041918  0.990384 0.138346 0.000004  1.929708 0.875374 0
0  -0.014558 0.019950 0.045325  0.991428 0.130650 -0.000007  1.910522 0.875374 0
mount_dovetail_rsr_akr_1913_railed_mount_LOD0
0  -0.014080 0.018168 0.045325  0.866152 0.499781 0.000003  1.910525 0.885765 0
0  -0.014080 0.018168 0.041549  0.837717 0.546105 0.000017  1.931787 0.885762 0
0  -0.014558 0.019950 0.045325  0.991429 0.130643 0.000003  1.910522 0.875374 0
mount_dovetail_rsr_akr_1913_railed_mount_LOD0
0  -0.012775 0.016863 0.040541  0.417600 0.908631 -0.000008  1.937463 0.896152 0
0  -0.014080 0.018168 0.041549  0.837577 0.546320 0.000005  1.931787 0.885762 0
0  -0.014080 0.018168 0.045325  0.866000 0.500045 -0.000010  1.910525 0.885765 0
mount_dovetail_rsr_akr_1913_railed_mount_LOD0
0  -0.012775 0.016863 0.045325  0.500049 0.865997 0.000002  1.910525 0.896154 0
0  -0.012775 0.016863 0.040541  0.417597 0.908633 0.000018  1.937463 0.896152 0
0  -0.014080 0.018168 0.045325  0.865998 0.500048 0.000002  1.910525 0.885765 0
mount_dovetail_rsr_akr_1913_railed_mount_LOD0
0  -0.012144 0.016693 0.040053  0.258814 0.965927 0.000001  1.940213 0.899834 0
0  -0.012775 0.016863 0.040541  0.417359 0.908741 0.000001  1.937463 0.896152 0
0  -0.012775 0.016863 0.045325  0.499781 0.866152 -0.000013  1.910525 0.896154 0
mount_dovetail_rsr_akr_1913_railed_mount_LOD0
0  -0.012144 0.016693 0.040053  0.258822 0.965925 0.000002  1.940213 0.899834 0
0  -0.012775 0.016863 0.045325  0.499788 0.866148 0.000002  1.910525 0.896154 0
0  -0.010993 0.016385 0.045325  0.130652 0.991428 0.000001  1.910526 0.906544 0
mount_dovetail_rsr_akr_1913_railed_mount_LOD0
0  -0.010993 0.016385 0.038947  0.065933 0.997824 -0.000014  1.946443 0.906542 0
0  -0.012144 0.016693 0.040053  0.258828 0.965923 0.000000  1.940213 0.899834 0
0  -0.010993 0.016385 0.045325  0.130658 0.991428 0.000001  1.910526 0.906544 0
mount_dovetail_rsr_akr_1913_railed_mount_LOD0
0  -0.010993 0.016385 0.038947  0.065772 0.997835 0.000003  1.946443 0.906542 0
0  -0.010993 0.016385 0.045325  0.130403 0.991461 -0.000000  1.910526 0.906544 0
0  -0.007653 0.016385 0.045325  0.000000 1.000000 0.000000  1.910529 0.925351 0
mount_dovetail_rsr_akr_1913_railed_mount_LOD0
0  -0.009205 0.016385 0.036855  0.000000 1.000000 0.000000  1.958218 0.916607 0
0  -0.010993 0.016385 0.038947  0.065772 0.997835 0.000003  1.946443 0.906542 0
0  -0.007653 0.016385 0.045325  0.000000 1.000000 0.000000  1.910529 0.925351 0
mount_dovetail_rsr_akr_1913_railed_mount_LOD0
0  -0.009205 0.016385 0.036855  0.000000 1.000000 0.000000  1.958218 0.916607 0
0  -0.007653 0.016385 0.045325  0.000000 1.000000 0.000000  1.910529 0.925351 0
0  0.003435 0.016385 0.034062  0.000000 1.000000 0.000000  1.973954 0.987775 0
mount_dovetail_rsr_akr_1913_railed_mount_LOD0
0  -0.008195 0.016385 0.035500  0.000000 1.000000 -0.000002  1.965851 0.922290 0
0  -0.009205 0.016385 0.036855  0.000000 1.000000 -0.000002  1.958218 0.916607 0
0  0.003435 0.016385 0.034062  0.000000 1.000000 -0.000002  1.973954 0.987775 0
mount_dovetail_rsr_akr_1913_railed_mount_LOD0
0  -0.007309 0.016385 0.034062  0.000000 1.000000 0.000002  1.973949 0.927281 0
0  -0.008195 0.016385 0.035500  0.000000 1.000000 0.000002  1.965851 0.922290 0
0  0.003435 0.016385 0.034062  0.000000 1.000000 0.000002  1.973954 0.987775 0
mount_dovetail_rsr_akr_1913_railed_mount_LOD0
0  -0.008195 -0.004793 0.035500  0.000000 -1.000000 0.000003  0.906612 0.581188 0
0  -0.007309 -0.004793 0.034062  0.000000 -1.000000 0.000003  0.898514 0.576200 0
0  0.003435 -0.004793 0.034062  0.000000 -1.000000 0.000003  0.898499 0.515706 0
mount_dovetail_rsr_akr_1913_railed_mount_LOD0
0  -0.009205 -0.004793 0.036855  -0.000000 -1.000000 0.000000  0.914245 0.586870 0
0  -0.008195 -0.004793 0.035500  -0.000000 -1.000000 0.000000  0.906612 0.581188 0
0  0.003435 -0.004793 0.034062  -0.000000 -1.000000 0.000000  0.898499 0.515706 0
mount_dovetail_rsr_akr_1913_railed_mount_LOD0
0  -0.007653 -0.004793 0.045325  -0.000001 -1.000000 -0.000001  0.961933 0.578121 0
0  -0.009205 -0.004793 0.036855  -0.000001 -1.000000 -0.000001  0.914245 0.586870 0
0  0.003435 -0.004793 0.034062  -0.000001 -1.000000 -0.000001  0.898499 0.515706 0
mount_dovetail_rsr_akr_1913_railed_mount_LOD0
0  -0.010993 -0.004793 0.038947  0.065769 -0.997835 0.000009  0.926020 0.596934 0
0  -0.009205 -0.004793 0.036855  -0.000003 -1.000000 -0.000000  0.914245 0.586870 0
0  -0.007653 -0.004793 0.045325  -0.000003 -1.000000 -0.000000  0.961933 0.578121 0
mount_dovetail_rsr_akr_1913_railed_mount_LOD0
0  -0.010993 -0.004793 0.045325  0.130402 -0.991461 -0.000002  0.961937 0.596926 0
0  -0.010993 -0.004793 0.038947  0.065771 -0.997835 0.000001  0.926020 0.596934 0
0  -0.007653 -0.004793 0.045325  -0.000001 -1.000000 -0.000002  0.961933 0.578121 0
mount_dovetail_rsr_akr_1913_railed_mount_LOD0
0  -0.012144 -0.005101 0.040053  0.258817 -0.965926 -0.000001  0.932250 0.603640 0
0  -0.010993 -0.004793 0.038947  0.065921 -0.997825 0.000008  0.926020 0.596934 0
0  -0.010993 -0.004793 0.045325  0.130647 -0.991429 0.000006  0.961937 0.596926 0
mount_dovetail_rsr_akr_1913_railed_mount_LOD0
0  -0.012775 -0.005270 0.045325  0.499786 -0.866149 0.000008  0.961938 0.607316 0
0  -0.012144 -0.005101 0.040053  0.258820 -0.965926 -0.000002  0.932250 0.603640 0
0  -0.010993 -0.004793 0.045325  0.130650 -0.991429 -0.000002  0.961937 0.596926 0
mount_dovetail_rsr_akr_1913_railed_mount_LOD0
0  -0.012775 -0.005270 0.040541  0.417368 -0.908738 0.000006  0.935001 0.607321 0
0  -0.012144 -0.005101 0.040053  0.258823 -0.965925 -0.000001  0.932250 0.603640 0
0  -0.012775 -0.005270 0.045325  0.499789 -0.866147 -0.000023  0.961938 0.607316 0
mount_dovetail_rsr_akr_1913_railed_mount_LOD0
0  -0.012775 -0.005270 0.040541  0.417594 -0.908634 0.000029  0.935001 0.607321 0
0  -0.012775 -0.005270 0.045325  0.500047 -0.865999 0.000001  0.961938 0.607316 0
0  -0.014080 -0.006575 0.045325  0.865996 -0.500050 -0.000033  0.961941 0.617707 0
mount_dovetail_rsr_akr_1913_railed_mount_LOD0
0  -0.014080 -0.006575 0.041549  0.837574 -0.546324 -0.000006  0.940678 0.617709 0
0  -0.012775 -0.005270 0.040541  0.417596 -0.908633 0.000034  0.935001 0.607321 0
0  -0.014080 -0.006575 0.045325  0.865997 -0.500048 -0.000022  0.961941 0.617707 0
mount_dovetail_rsr_akr_1913_railed_mount_LOD0
0  -0.014080 -0.006575 0.041549  0.837715 -0.546108 0.000018  0.940678 0.617709 0
0  -0.014080 -0.006575 0.045325  0.866150 -0.499784 0.000000  0.961941 0.617707 0
0  -0.014558 -0.008358 0.045325  0.991429 -0.130647 -0.000014  0.961942 0.628098 0
mount_dovetail_rsr_akr_1913_railed_mount_LOD0
0  -0.014558 -0.008358 0.041918  0.990384 -0.138345 -0.000015  0.942758 0.628099 0
0  -0.014080 -0.006575 0.041549  0.837713 -0.546110 0.000018  0.940678 0.617709 0
0  -0.014558 -0.008358 0.045325  0.991429 -0.130649 -0.000008  0.961942 0.628098 0
mount_dovetail_rsr_akr_1913_railed_mount_LOD0
0  -0.014558 -0.008358 0.041918  0.990418 -0.138099 0.000004  0.942758 0.628099 0
0  -0.014558 -0.008358 0.045325  0.991461 -0.130403 0.000000  0.961942 0.628098 0
0  -0.014558 -0.014792 0.045325  0.991461 0.130403 -0.000005  0.961942 0.664328 0
mount_dovetail_rsr_akr_1913_railed_mount_LOD0
0  -0.014558 -0.014792 0.041918  0.990418 0.138099 0.000000  0.942758 0.664328 0
0  -0.014558 -0.008358 0.041918  0.990418 -0.138099 0.000005  0.942758 0.628099 0
0  -0.014558 -0.014792 0.045325  0.991461 0.130403 -0.000004  0.961942 0.664328 0
mount_dovetail_rsr_akr_1913_railed_mount_LOD0
0  -0.014080 -0.016575 0.041549  0.837713 0.546110 0.000025  0.940680 0.674718 0
0  -0.014558 -0.014792 0.041918  0.990384 0.138345 -0.000002  0.942758 0.664328 0
0  -0.014558 -0.014792 0.045325  0.991429 0.130650 -0.000006  0.961942 0.664328 0
mount_dovetail_rsr_akr_1913_railed_mount_LOD0
0  -0.014080 -0.016575 0.045325  0.866151 0.499783 0.000000  0.961942 0.674718 0
0  -0.014080 -0.016575 0.041549  0.837715 0.546107 0.000012  0.940680 0.674718 0
0  -0.014558 -0.014792 0.045325  0.991429 0.130646 0.000000  0.961942 0.664328 0
mount_dovetail_rsr_akr_1913_railed_mount_LOD0
0  -0.012775 -0.017880 0.040541  0.417596 0.908633 -0.000011  0.935006 0.685109 0
0  -0.014080 -0.016575 0.041549  0.837574 0.546324 0.000002  0.940680 0.674718 0
0  -0.014080 -0.016575 0.045325  0.865997 0.500049 -0.000012  0.961942 0.674718 0
mount_dovetail_rsr_akr_1913_railed_mount_LOD0
0  -0.012775 -0.017880 0.045325  0.500051 0.865996 0.000002  0.961944 0.685109 0
0  -0.012775 -0.017880 0.040541  0.417599 0.908631 0.000018  0.935006 0.685109 0
0  -0.014080 -0.016575 0.045325  0.865999 0.500045 0.000002  0.961942 0.674718 0
mount_dovetail_rsr_akr_1913_railed_mount_LOD0
0  -0.012144 -0.018049 0.040053  0.258819 0.965926 0.000000  0.932258 0.688790 0
0  -0.012775 -0.017880 0.040541  0.417364 0.908740 0.000000  0.935006 0.685109 0
0  -0.012775 -0.017880 0.045325  0.499785 0.866149 -0.000013  0.961944 0.685109 0
mount_dovetail_rsr_akr_1913_railed_mount_LOD0
0  -0.012144 -0.018049 0.040053  0.258818 0.965926 0.000001  0.932258 0.688790 0
0  -0.012775 -0.017880 0.045325  0.499785 0.866150 0.000001  0.961944 0.685109 0
0  -0.010993 -0.018357 0.045325  0.130648 0.991429 0.000001  0.961944 0.695499 0
mount_dovetail_rsr_akr_1913_railed_mount_LOD0
0  -0.010993 -0.018357 0.038947  0.065924 0.997825 -0.000014  0.926029 0.695499 0
0  -0.012144 -0.018049 0.040053  0.258820 0.965926 0.000000  0.932258 0.688790 0
0  -0.010993 -0.018357 0.045325  0.130650 0.991429 0.000001  0.961944 0.695499 0
mount_dovetail_rsr_akr_1913_railed_mount_LOD0
0  -0.010993 -0.018357 0.038947  0.065772 0.997835 0.000003  0.926029 0.695499 0
0  -0.010993 -0.018357 0.045325  0.130403 0.991461 -0.000000  0.961944 0.695499 0
0  -0.007653 -0.018357 0.045325  0.000000 1.000000 0.000000  0.961942 0.714303 0
mount_dovetail_rsr_akr_1913_railed_mount_LOD0
0  -0.009205 -0.018357 0.036855  0.000000 1.000000 0.000000  0.914255 0.705567 0
0  -0.010993 -0.018357 0.038947  0.065772 0.997835 0.000003  0.926029 0.695499 0
0  -0.007653 -0.018357 0.045325  0.000000 1.000000 0.000000  0.961942 0.714303 0
mount_dovetail_rsr_akr_1913_railed_mount_LOD0
0  -0.009205 -0.018357 0.036855  0.000000 1.000000 -0.000000  0.914255 0.705567 0
0  -0.007653 -0.018357 0.045325  0.000000 1.000000 -0.000000  0.961942 0.714303 0
0  0.003435 -0.018357 0.034062  0.000000 1.000000 -0.000000  0.898527 0.776736 0
mount_dovetail_rsr_akr_1913_railed_mount_LOD0
0  -0.008195 -0.018357 0.035500  0.000000 1.000000 0.000000  0.906623 0.711251 0
0  -0.009205 -0.018357 0.036855  0.000000 1.000000 0.000000  0.914255 0.705567 0
0  0.003435 -0.018357 0.034062  0.000000 1.000000 0.000000  0.898527 0.776736 0
mount_dovetail_rsr_akr_1913_railed_mount_LOD0
0  -0.007309 -0.018357 0.034062  0.000000 1.000000 0.000000  0.898527 0.716242 0
0  -0.008195 -0.018357 0.035500  0.000000 1.000000 0.000000  0.906623 0.711251 0
0  0.003435 -0.018357 0.034062  0.000000 1.000000 0.000000  0.898527 0.776736 0
mount_dovetail_rsr_akr_1913_railed_mount_LOD0
0  -0.008195 0.010840 0.035500  0.000000 -1.000000 0.000000  1.906612 0.711254 0
0  -0.007309 0.010840 0.034062  0.000000 -1.000000 0.000000  1.898514 0.716242 0
0  0.003435 0.010840 0.034062  0.000000 -1.000000 0.000000  1.898500 0.776736 0
mount_dovetail_rsr_akr_1913_railed_mount_LOD0
0  -0.009205 0.010840 0.036855  0.000000 -1.000000 0.000002  1.914245 0.705570 0
0  -0.008195 0.010840 0.035500  0.000000 -1.000000 0.000002  1.906612 0.711254 0
0  0.003435 0.010840 0.034062  0.000000 -1.000000 0.000002  1.898500 0.776736 0
mount_dovetail_rsr_akr_1913_railed_mount_LOD0
0  -0.007653 0.010840 0.045325  0.000000 -1.000000 0.000000  1.961933 0.714320 0
0  -0.009205 0.010840 0.036855  0.000000 -1.000000 0.000000  1.914245 0.705570 0
0  0.003435 0.010840 0.034062  0.000000 -1.000000 0.000000  1.898500 0.776736 0
mount_dovetail_rsr_akr_1913_railed_mount_LOD0
0  -0.010993 0.010840 0.038947  0.065772 -0.997835 0.000009  1.926021 0.695506 0
0  -0.009205 0.010840 0.036855  0.000000 -1.000000 -0.000000  1.914245 0.705570 0
0  -0.007653 0.010840 0.045325  0.000000 -1.000000 -0.000000  1.961933 0.714320 0
mount_dovetail_rsr_akr_1913_railed_mount_LOD0
0  -0.010993 0.010840 0.045325  0.130403 -0.991461 -0.000000  1.961938 0.695513 0
0  -0.010993 0.010840 0.038947  0.065772 -0.997835 0.000003  1.926021 0.695506 0
0  -0.007653 0.010840 0.045325  0.000000 -1.000000 0.000000  1.961933 0.714320 0
mount_dovetail_rsr_akr_1913_railed_mount_LOD0
0  -0.012144 0.010532 0.040053  0.258771 -0.965939 -0.000001  1.932253 0.688802 0
0  -0.010993 0.010840 0.038947  0.065922 -0.997825 0.000010  1.926021 0.695506 0
0  -0.010993 0.010840 0.045325  0.130648 -0.991429 0.000007  1.961938 0.695513 0
mount_dovetail_rsr_akr_1913_railed_mount_LOD0
0  -0.012775 0.010362 0.045325  0.499788 -0.866148 0.000008  1.961941 0.685122 0
0  -0.012144 0.010532 0.040053  0.258775 -0.965938 -0.000001  1.932253 0.688802 0
0  -0.010993 0.010840 0.045325  0.130651 -0.991428 -0.000001  1.961938 0.695513 0
mount_dovetail_rsr_akr_1913_railed_mount_LOD0
0  -0.012775 0.010362 0.040541  0.417377 -0.908734 0.000008  1.935002 0.685118 0
0  -0.012144 0.010532 0.040053  0.258786 -0.965935 0.000000  1.932253 0.688802 0
0  -0.012775 0.010362 0.045325  0.499798 -0.866142 -0.000022  1.961941 0.685122 0
mount_dovetail_rsr_akr_1913_railed_mount_LOD0
0  -0.012775 0.010362 0.040541  0.417596 -0.908633 0.000029  1.935002 0.685118 0
0  -0.012775 0.010362 0.045325  0.500048 -0.865997 0.000000  1.961941 0.685122 0
0  -0.014080 0.009057 0.045325  0.865997 -0.500048 -0.000031  1.961942 0.674731 0
mount_dovetail_rsr_akr_1913_railed_mount_LOD0
0  -0.014080 0.009057 0.041549  0.837574 -0.546323 -0.000006  1.940680 0.674730 0
0  -0.012775 0.010362 0.040541  0.417597 -0.908632 0.000035  1.935002 0.685118 0
0  -0.014080 0.009057 0.045325  0.865998 -0.500048 -0.000021  1.961942 0.674731 0
mount_dovetail_rsr_akr_1913_railed_mount_LOD0
0  -0.014558 0.007275 0.041918  0.990384 -0.138342 -0.000016  1.942758 0.664340 0
0  -0.014080 0.009057 0.041549  0.837715 -0.546108 0.000005  1.940680 0.674730 0
0  -0.014080 0.009057 0.045325  0.866150 -0.499784 0.000010  1.961942 0.674731 0
mount_dovetail_rsr_akr_1913_railed_mount_LOD0
0  -0.014558 0.007275 0.045325  0.991429 -0.130645 -0.000000  1.961942 0.664340 0
0  -0.014558 0.007275 0.041918  0.990385 -0.138340 -0.000004  1.942758 0.664340 0
0  -0.014080 0.009057 0.045325  0.866151 -0.499782 0.000000  1.961942 0.674731 0
mount_dovetail_rsr_akr_1913_railed_mount_LOD0
0  -0.014558 0.000840 0.041918  0.990418 0.138099 0.000000  1.942758 0.628109 0
0  -0.014558 0.007275 0.041918  0.990418 -0.138099 -0.000000  1.942758 0.664340 0
0  -0.014558 0.007275 0.045325  0.991461 -0.130403 -0.000000  1.961942 0.664340 0
mount_dovetail_rsr_akr_1913_railed_mount_LOD0
0  -0.014558 0.000840 0.045325  0.991461 0.130403 0.000000  1.961942 0.628109 0
0  -0.014558 0.000840 0.041918  0.990418 0.138099 0.000000  1.942758 0.628109 0
0  -0.014558 0.007275 0.045325  0.991461 -0.130403 0.000000  1.961942 0.664340 0
mount_dovetail_rsr_akr_1913_railed_mount_LOD0
0  -0.014080 -0.000942 0.041549  0.837717 0.546105 0.000026  1.940680 0.617718 0
0  -0.014558 0.000840 0.041918  0.990385 0.138339 -0.000001  1.942758 0.628109 0
0  -0.014558 0.000840 0.045325  0.991430 0.130643 -0.000005  1.961942 0.628109 0
mount_dovetail_rsr_akr_1913_railed_mount_LOD0
0  -0.014080 -0.000942 0.045325  0.866152 0.499780 0.000000  1.961942 0.617718 0
0  -0.014080 -0.000942 0.041549  0.837717 0.546105 0.000014  1.940680 0.617718 0
0  -0.014558 0.000840 0.045325  0.991430 0.130643 0.000000  1.961942 0.628109 0
mount_dovetail_rsr_akr_1913_railed_mount_LOD0
0  -0.012775 -0.002247 0.040541  0.417594 0.908634 -0.000010  1.935005 0.607327 0
0  -0.014080 -0.000942 0.041549  0.837573 0.546326 0.000002  1.940680 0.617718 0
0  -0.014080 -0.000942 0.045325  0.865996 0.500050 -0.000012  1.961942 0.617718 0
mount_dovetail_rsr_akr_1913_railed_mount_LOD0
0  -0.012775 -0.002247 0.045325  0.500049 0.865997 0.000002  1.961944 0.607327 0
0  -0.012775 -0.002247 0.040541  0.417597 0.908632 0.000019  1.935005 0.607327 0
0  -0.014080 -0.000942 0.045325  0.865998 0.500047 0.000002  1.961942 0.617718 0
mount_dovetail_rsr_akr_1913_railed_mount_LOD0
0  -0.012144 -0.002416 0.040053  0.258822 0.965925 0.000001  1.932258 0.603645 0
0  -0.012775 -0.002247 0.040541  0.417366 0.908738 0.000001  1.935005 0.607327 0
0  -0.012775 -0.002247 0.045325  0.499788 0.866148 -0.000012  1.961944 0.607327 0
mount_dovetail_rsr_akr_1913_railed_mount_LOD0
0  -0.012144 -0.002416 0.040053  0.258815 0.965927 0.000001  1.932258 0.603645 0
0  -0.012775 -0.002247 0.045325  0.499782 0.866151 -0.000001  1.961944 0.607327 0
0  -0.010993 -0.002725 0.045325  0.130644 0.991429 0.000001  1.961944 0.596938 0
mount_dovetail_rsr_akr_1913_railed_mount_LOD0
0  -0.010993 -0.002725 0.038947  0.065922 0.997825 -0.000015  1.926029 0.596938 0
0  -0.012144 -0.002416 0.040053  0.258818 0.965926 0.000000  1.932258 0.603645 0
0  -0.010993 -0.002725 0.045325  0.130648 0.991429 0.000001  1.961944 0.596938 0
mount_dovetail_rsr_akr_1913_railed_mount_LOD0
0  -0.010993 -0.002725 0.038947  0.065773 0.997835 0.000003  1.926029 0.596938 0
0  -0.010993 -0.002725 0.045325  0.130405 0.991461 0.000000  1.961944 0.596938 0
0  -0.007653 -0.002725 0.045325  0.000001 1.000000 0.000000  1.961942 0.578132 0
mount_dovetail_rsr_akr_1913_railed_mount_LOD0
0  -0.009205 -0.002725 0.036855  0.000002 1.000000 -0.000000  1.914254 0.586867 0
0  -0.010993 -0.002725 0.038947  0.065774 0.997835 0.000002  1.926029 0.596938 0
0  -0.007653 -0.002725 0.045325  0.000002 1.000000 -0.000000  1.961942 0.578132 0
mount_dovetail_rsr_akr_1913_railed_mount_LOD0
0  -0.008195 -0.002725 0.035500  0.000000 1.000000 0.000000  1.906621 0.581184 0
0  -0.009205 -0.002725 0.036855  0.000000 1.000000 0.000000  1.914254 0.586867 0
0  -0.007653 -0.002725 0.045325  0.000000 1.000000 0.000000  1.961942 0.578132 0
mount_dovetail_rsr_akr_1913_railed_mount_LOD0
0  0.003435 -0.002725 0.034062  0.000000 1.000000 -0.000000  1.898527 0.515700 0
0  -0.008195 -0.002725 0.035500  0.000000 1.000000 -0.000000  1.906621 0.581184 0
0  -0.007653 -0.002725 0.045325  0.000000 1.000000 -0.000000  1.961942 0.578132 0
mount_dovetail_rsr_akr_1913_railed_mount_LOD0
0  -0.007309 -0.002725 0.034062  0.000000 1.000000 0.000000  1.898527 0.576195 0
0  -0.008195 -0.002725 0.035500  0.000000 1.000000 0.000000  1.906621 0.581184 0
0  0.003435 -0.002725 0.034062  0.000000 1.000000 0.000000  1.898527 0.515700 0
mount_dovetail_rsr_akr_1913_railed_mount_LOD0
0  -0.005796 -0.028741 0.034062  1.000000 0.000086 0.000013  0.359472 0.356045 0
0  -0.005796 -0.028736 0.030998  1.000000 -0.000345 -0.000340  0.359472 0.342242 0
0  -0.005478 -0.027549 0.030998  0.866029 -0.499994 -0.000650  0.365007 0.342242 0
mount_dovetail_rsr_akr_1913_railed_mount_LOD0
0  -0.005478 -0.027553 0.034062  0.866246 -0.499618 -0.000339  0.365007 0.356045 0
0  -0.005796 -0.028741 0.034062  1.000000 0.000090 -0.000029  0.359472 0.356045 0
0  -0.005478 -0.027549 0.030998  0.866030 -0.499991 -0.000691  0.365007 0.342242 0
mount_dovetail_rsr_akr_1913_railed_mount_LOD0
0  -0.005478 -0.027553 0.034062  0.866114 -0.499846 -0.000655  0.365007 0.356045 0
0  -0.005478 -0.027549 0.030998  0.865875 -0.500260 -0.000926  0.365007 0.342242 0
0  -0.004609 -0.026680 0.030998  0.501205 -0.865328 -0.000821  0.370543 0.342242 0
mount_dovetail_rsr_akr_1913_railed_mount_LOD0
0  -0.004609 -0.026685 0.034062  0.501578 -0.865112 -0.000925  0.370543 0.356045 0
0  -0.005478 -0.027553 0.034062  0.866114 -0.499846 -0.000695  0.365007 0.356045 0
0  -0.004609 -0.026680 0.030998  0.501205 -0.865328 -0.000870  0.370543 0.342242 0
mount_dovetail_rsr_akr_1913_railed_mount_LOD0
0  -0.004609 -0.026685 0.034062  0.501339 -0.865251 -0.000870  0.370543 0.356045 0
0  -0.004609 -0.026680 0.030998  0.500966 -0.865466 -0.001263  0.370543 0.342242 0
0  -0.003422 -0.026360 0.030998  0.132099 -0.991237 -0.000368  0.376082 0.342242 0
mount_dovetail_rsr_akr_1913_railed_mount_LOD0
0  -0.003422 -0.026361 0.034062  0.132111 -0.991235 -0.000069  0.376082 0.356045 0
0  -0.004609 -0.026685 0.034062  0.501310 -0.865267 -0.000877  0.370543 0.356045 0
0  -0.003422 -0.026360 0.030998  0.132111 -0.991235 -0.000383  0.376082 0.342242 0
mount_dovetail_rsr_akr_1913_railed_mount_LOD0
0  -0.003422 -0.026360 0.030998  0.131829 -0.991272 -0.000070  0.376082 0.342242 0
0  0.000524 -0.026360 0.030998  -0.131829 -0.991272 -0.000392  0.393857 0.342242 0
0  -0.003422 -0.026361 0.034062  0.131829 -0.991272 -0.000373  0.376082 0.356045 0
mount_dovetail_rsr_akr_1913_railed_mount_LOD0
0  0.000524 -0.026360 0.030998  -0.131829 -0.991272 -0.000375  0.393857 0.342242 0
0  0.000524 -0.026361 0.034062  -0.131829 -0.991272 -0.000072  0.393857 0.356045 0
0  -0.003422 -0.026361 0.034062  0.131829 -0.991272 -0.000367  0.376082 0.356045 0
mount_dovetail_rsr_akr_1913_railed_mount_LOD0
0  0.000524 -0.026361 0.034062  -0.132087 -0.991238 -0.000382  0.393857 0.356045 0
0  0.000524 -0.026360 0.030998  -0.132087 -0.991238 -0.000067  0.393857 0.342242 0
0  0.001711 -0.026680 0.030998  -0.500957 -0.865472 -0.000857  0.399399 0.342242 0
mount_dovetail_rsr_akr_1913_railed_mount_LOD0
0  0.001711 -0.026684 0.034062  -0.501305 -0.865270 -0.001263  0.399399 0.356045 0
0  0.000524 -0.026361 0.034062  -0.132107 -0.991235 -0.000388  0.393857 0.356045 0
0  0.001711 -0.026680 0.030998  -0.500973 -0.865462 -0.000858  0.399399 0.342242 0
mount_dovetail_rsr_akr_1913_railed_mount_LOD0
0  0.001711 -0.026684 0.034062  -0.501543 -0.865132 -0.000862  0.399399 0.356045 0
0  0.001711 -0.026680 0.030998  -0.501212 -0.865324 -0.000925  0.399399 0.342242 0
0  0.002580 -0.027549 0.030998  -0.865878 -0.500254 -0.000650  0.404933 0.342242 0
mount_dovetail_rsr_akr_1913_railed_mount_LOD0
0  0.002580 -0.027553 0.034062  -0.866118 -0.499840 -0.000926  0.404933 0.356045 0
0  0.001711 -0.026684 0.034062  -0.501543 -0.865132 -0.000858  0.399399 0.356045 0
0  0.002580 -0.027549 0.030998  -0.865878 -0.500255 -0.000663  0.404933 0.342242 0
mount_dovetail_rsr_akr_1913_railed_mount_LOD0
0  0.002580 -0.027553 0.034062  -0.866244 -0.499620 -0.000681  0.404933 0.356045 0
0  0.002580 -0.027549 0.030998  -0.866029 -0.499994 -0.000338  0.404933 0.342242 0
0  0.002898 -0.028736 0.030998  -1.000000 -0.000345 0.000030  0.410468 0.342242 0
mount_dovetail_rsr_akr_1913_railed_mount_LOD0
0  0.002898 -0.028741 0.034062  -1.000000 0.000089 -0.000340  0.410468 0.356045 0
0  0.002580 -0.027553 0.034062  -0.866246 -0.499618 -0.000708  0.404933 0.356045 0
0  0.002898 -0.028736 0.030998  -1.000000 -0.000342 0.000004  0.410468 0.342242 0
mount_dovetail_rsr_akr_1913_railed_mount_LOD0
0  0.002898 -0.028741 0.034062  -1.000000 0.000342 -0.000004  0.410468 0.356045 0
0  0.002898 -0.028736 0.030998  -1.000000 -0.000089 0.000339  0.410468 0.342242 0
0  0.002580 -0.029923 0.030998  -0.866246 0.499618 0.000708  0.416004 0.342242 0
mount_dovetail_rsr_akr_1913_railed_mount_LOD0
0  0.002580 -0.029928 0.034062  -0.866029 0.499994 0.000339  0.416004 0.356045 0
0  0.002898 -0.028741 0.034062  -1.000000 0.000345 -0.000030  0.410468 0.356045 0
0  0.002580 -0.029923 0.030998  -0.866244 0.499620 0.000682  0.416004 0.342242 0
mount_dovetail_rsr_akr_1913_railed_mount_LOD0
0  0.002580 -0.029928 0.034062  -0.865877 0.500256 0.000662  0.416004 0.356045 0
0  0.002580 -0.029923 0.030998  -0.866117 0.499841 0.000925  0.416004 0.342242 0
0  0.001711 -0.030792 0.030998  -0.503076 0.864242 0.000858  0.421537 0.342242 0
mount_dovetail_rsr_akr_1913_railed_mount_LOD0
0  0.001711 -0.030796 0.034062  -0.502490 0.864582 0.000923  0.421537 0.356045 0
0  0.002580 -0.029928 0.034062  -0.865874 0.500261 0.000647  0.416004 0.356045 0
0  0.001711 -0.030792 0.030998  -0.503070 0.864245 0.000860  0.421537 0.342242 0
mount_dovetail_rsr_akr_1913_railed_mount_LOD0
0  0.001711 -0.030796 0.034062  -0.502251 0.864721 0.000825  0.421537 0.356045 0
0  0.001711 -0.030792 0.030998  -0.502832 0.864383 0.001258  0.421537 0.342242 0
0  0.000524 -0.031120 0.030998  -0.133667 0.991026 0.000372  0.427082 0.342242 0
mount_dovetail_rsr_akr_1913_railed_mount_LOD0
0  0.000524 -0.031120 0.034062  -0.133632 0.991031 0.000040  0.427082 0.356045 0
0  0.001711 -0.030796 0.034062  -0.502265 0.864714 0.000827  0.421537 0.356045 0
0  0.000524 -0.031120 0.030998  -0.133633 0.991031 0.000351  0.427082 0.342242 0
mount_dovetail_rsr_akr_1913_railed_mount_LOD0
0  0.000524 -0.031120 0.034062  -0.133397 0.991063 0.000369  0.427082 0.356045 0
0  0.000524 -0.031120 0.030998  -0.133397 0.991063 0.000041  0.427082 0.342242 0
0  -0.003422 -0.031120 0.030998  0.133397 0.991063 0.000345  0.444858 0.342242 0
mount_dovetail_rsr_akr_1913_railed_mount_LOD0
0  -0.003422 -0.031120 0.034062  0.133397 0.991063 0.000038  0.444858 0.356045 0
0  0.000524 -0.031120 0.034062  -0.133397 0.991063 0.000363  0.427082 0.356045 0
0  -0.003422 -0.031120 0.030998  0.133397 0.991063 0.000366  0.444858 0.342242 0
mount_dovetail_rsr_akr_1913_railed_mount_LOD0
0  -0.003422 -0.031120 0.034062  0.133665 0.991026 0.000361  0.444858 0.356045 0
0  -0.003422 -0.031120 0.030998  0.133665 0.991027 0.000036  0.444858 0.342242 0
0  -0.004609 -0.030792 0.030998  0.502832 0.864384 0.000869  0.450403 0.342242 0
mount_dovetail_rsr_akr_1913_railed_mount_LOD0
0  -0.004609 -0.030796 0.034062  0.502265 0.864713 0.001261  0.450403 0.356045 0
0  -0.003422 -0.031120 0.034062  0.133635 0.991031 0.000344  0.444858 0.356045 0
0  -0.004609 -0.030792 0.030998  0.502845 0.864376 0.000856  0.450403 0.342242 0
mount_dovetail_rsr_akr_1913_railed_mount_LOD0
0  -0.004609 -0.030796 0.034062  0.502496 0.864579 0.000822  0.450403 0.356045 0
0  -0.004609 -0.030792 0.030998  0.503076 0.864242 0.000923  0.450403 0.342242 0
0  -0.005478 -0.029923 0.030998  0.866117 0.499840 0.000692  0.455938 0.342242 0
mount_dovetail_rsr_akr_1913_railed_mount_LOD0
0  -0.005478 -0.029928 0.034062  0.865874 0.500261 0.000925  0.455938 0.356045 0
0  -0.004609 -0.030796 0.034062  0.502490 0.864582 0.000812  0.450403 0.356045 0
0  -0.005478 -0.029923 0.030998  0.866114 0.499846 0.000654  0.455938 0.342242 0
mount_dovetail_rsr_akr_1913_railed_mount_LOD0
0  -0.005478 -0.029928 0.034062  0.866031 0.499990 0.000691  0.455938 0.356045 0
0  -0.005478 -0.029923 0.030998  0.866247 0.499617 0.000338  0.455938 0.342242 0
0  -0.005796 -0.028736 0.030998  1.000000 -0.000091 0.000028  0.461474 0.342242 0
mount_dovetail_rsr_akr_1913_railed_mount_LOD0
0  -0.005796 -0.028741 0.034062  1.000000 0.000344 0.000339  0.461474 0.356045 0
0  -0.005478 -0.029928 0.034062  0.866029 0.499993 0.000649  0.455938 0.356045 0
0  -0.005796 -0.028736 0.030998  1.000000 -0.000087 -0.000014  0.461474 0.342242 0
mount_dovetail_rsr_akr_1913_railed_mount_LOD0
0  -0.004609 -0.030792 0.030998  -0.000001 0.000000 -1.000000  0.944073 0.019372 0
0  -0.003422 -0.031120 0.030998  -0.000001 0.000000 -1.000000  0.938726 0.017895 0
0  -0.006214 -0.031120 0.030998  -0.000001 0.000000 -1.000000  0.951301 0.017895 0
mount_dovetail_rsr_akr_1913_railed_mount_LOD0
0  -0.005478 -0.029923 0.030998  0.000001 0.000000 -1.000000  0.947987 0.023285 0
0  -0.004609 -0.030792 0.030998  0.000001 0.000000 -1.000000  0.944073 0.019372 0
0  -0.006214 -0.031120 0.030998  0.000001 0.000000 -1.000000  0.951301 0.017895 0
mount_dovetail_rsr_akr_1913_railed_mount_LOD0
0  -0.005796 -0.028736 0.030998  0.000000 0.000000 -1.000000  0.949419 0.028633 0
0  -0.005478 -0.029923 0.030998  0.000000 0.000000 -1.000000  0.947987 0.023285 0
0  -0.006214 -0.031120 0.030998  0.000000 0.000000 -1.000000  0.951301 0.017895 0
mount_dovetail_rsr_akr_1913_railed_mount_LOD0
0  -0.006214 -0.026360 0.030998  -0.000007 0.000001 -1.000000  0.951301 0.039336 0
0  -0.005796 -0.028736 0.030998  -0.000007 0.000001 -1.000000  0.949419 0.028633 0
0  -0.006214 -0.031120 0.030998  -0.000007 0.000001 -1.000000  0.951301 0.017895 0
mount_dovetail_rsr_akr_1913_railed_mount_LOD0
0  -0.005478 -0.027549 0.030998  0.000000 0.000001 -1.000000  0.947987 0.033980 0
0  -0.005796 -0.028736 0.030998  0.000000 0.000001 -1.000000  0.949419 0.028633 0
0  -0.006214 -0.026360 0.030998  0.000000 0.000001 -1.000000  0.951301 0.039336 0
mount_dovetail_rsr_akr_1913_railed_mount_LOD0
0  -0.004609 -0.026680 0.030998  0.000000 0.000002 -1.000000  0.944073 0.037894 0
0  -0.005478 -0.027549 0.030998  0.000000 0.000002 -1.000000  0.947987 0.033980 0
0  -0.006214 -0.026360 0.030998  0.000000 0.000002 -1.000000  0.951301 0.039336 0
mount_dovetail_rsr_akr_1913_railed_mount_LOD0
0  -0.003422 -0.026360 0.030998  0.000000 0.000008 -1.000000  0.938726 0.039336 0
0  -0.004609 -0.026680 0.030998  0.000000 0.000008 -1.000000  0.944073 0.037894 0
0  -0.006214 -0.026360 0.030998  0.000000 0.000008 -1.000000  0.951301 0.039336 0
mount_dovetail_rsr_akr_1913_railed_mount_LOD0
0  0.001122 -0.013752 0.034062  -1.000000 -0.000150 -0.000008  0.834235 0.350035 0
0  0.000847 -0.012911 0.034062  -0.808670 -0.588263 0.000001  0.834235 0.346051 0
0  0.001122 -0.013752 0.028053  -1.000000 -0.000150 -0.000015  0.861303 0.350035 0
mount_dovetail_rsr_akr_1913_railed_mount_LOD0
0  0.000847 -0.012911 0.034062  -0.808670 -0.588262 -0.000001  0.834235 0.346051 0
0  0.000847 -0.012911 0.028053  -0.808670 -0.588262 -0.000008  0.861303 0.346051 0
0  0.001122 -0.013752 0.028053  -1.000000 -0.000149 -0.000016  0.861303 0.350035 0
mount_dovetail_rsr_akr_1913_railed_mount_LOD0
0  0.000847 -0.012911 0.034062  -0.808506 -0.588488 -0.000021  0.834235 0.346051 0
0  0.000132 -0.012391 0.034062  -0.309184 -0.951002 -0.000012  0.834235 0.342069 0
0  0.000847 -0.012911 0.028053  -0.808506 -0.588488 -0.000014  0.861303 0.346051 0
mount_dovetail_rsr_akr_1913_railed_mount_LOD0
0  0.000132 -0.012391 0.034062  -0.309185 -0.951002 -0.000027  0.834235 0.342069 0
0  0.000132 -0.012391 0.028053  -0.309185 -0.951002 -0.000020  0.861303 0.342069 0
0  0.000847 -0.012911 0.028053  -0.808506 -0.588488 -0.000029  0.861303 0.346051 0
mount_dovetail_rsr_akr_1913_railed_mount_LOD0
0  -0.000752 -0.012391 0.028053  0.308908 -0.951092 -0.000026  0.861303 0.338088 0
0  0.000132 -0.012391 0.028053  -0.308908 -0.951092 -0.000026  0.861303 0.342069 0
0  0.000132 -0.012391 0.034062  -0.308908 -0.951092 -0.000018  0.834235 0.342069 0
mount_dovetail_rsr_akr_1913_railed_mount_LOD0
0  -0.000752 -0.012391 0.034062  0.308908 -0.951092 -0.000026  0.834235 0.338088 0
0  -0.000752 -0.012391 0.028053  0.308908 -0.951092 -0.000033  0.861303 0.338088 0
0  0.000132 -0.012391 0.034062  -0.308908 -0.951092 -0.000026  0.834235 0.342069 0
mount_dovetail_rsr_akr_1913_railed_mount_LOD0
0  -0.000752 -0.012391 0.028053  0.309179 -0.951004 -0.000024  0.861303 0.338088 0
0  -0.000752 -0.012391 0.034062  0.309179 -0.951004 -0.000021  0.834235 0.338088 0
0  -0.001468 -0.012911 0.034062  0.808503 -0.588492 -0.000013  0.834235 0.334105 0
mount_dovetail_rsr_akr_1913_railed_mount_LOD0
0  -0.001468 -0.012911 0.028053  0.808504 -0.588491 -0.000021  0.861303 0.334105 0
0  -0.000752 -0.012391 0.028053  0.309181 -0.951003 -0.000029  0.861303 0.338088 0
0  -0.001468 -0.012911 0.034062  0.808504 -0.588491 -0.000018  0.834235 0.334105 0
mount_dovetail_rsr_akr_1913_railed_mount_LOD0
0  -0.001468 -0.012911 0.034062  0.808670 -0.588263 -0.000008  0.834235 0.334105 0
0  -0.001742 -0.013752 0.034062  1.000000 -0.000149 0.000000  0.834235 0.330121 0
0  -0.001468 -0.012911 0.028053  0.808670 -0.588263 -0.000031  0.861303 0.334105 0
mount_dovetail_rsr_akr_1913_railed_mount_LOD0
0  -0.001742 -0.013752 0.034062  1.000000 -0.000146 0.000015  0.834235 0.330121 0
0  -0.001742 -0.013752 0.028053  1.000000 -0.000146 -0.000008  0.861303 0.330121 0
0  -0.001468 -0.012911 0.028053  0.808672 -0.588260 -0.000017  0.861303 0.334105 0
mount_dovetail_rsr_akr_1913_railed_mount_LOD0
0  -0.001742 -0.013752 0.034062  1.000000 0.000146 0.000008  0.834235 0.330121 0
0  -0.001468 -0.014593 0.034062  0.808672 0.588260 0.000017  0.834235 0.326137 0
0  -0.001742 -0.013752 0.028053  1.000000 0.000146 -0.000015  0.861303 0.330121 0
mount_dovetail_rsr_akr_1913_railed_mount_LOD0
0  -0.001468 -0.014593 0.034062  0.808672 0.588260 0.000030  0.834235 0.326137 0
0  -0.001468 -0.014592 0.028053  0.808672 0.588260 0.000008  0.861303 0.326137 0
0  -0.001742 -0.013752 0.028053  1.000000 0.000146 -0.000001  0.861303 0.330121 0
mount_dovetail_rsr_akr_1913_railed_mount_LOD0
0  -0.000752 -0.015112 0.028053  0.309157 0.951011 0.000021  0.861303 0.322156 0
0  -0.001468 -0.014592 0.028053  0.808517 0.588472 0.000021  0.861303 0.326137 0
0  -0.001468 -0.014593 0.034062  0.808517 0.588472 0.000022  0.834235 0.326137 0
mount_dovetail_rsr_akr_1913_railed_mount_LOD0
0  -0.000752 -0.015112 0.034062  0.309157 0.951011 0.000021  0.834235 0.322156 0
0  -0.000752 -0.015112 0.028053  0.309157 0.951011 0.000019  0.861303 0.322156 0
0  -0.001468 -0.014593 0.034062  0.808517 0.588473 0.000021  0.834235 0.326137 0
mount_dovetail_rsr_akr_1913_railed_mount_LOD0
0  -0.000752 -0.015112 0.028053  0.308908 0.951092 0.000029  0.861303 0.322156 0
0  -0.000752 -0.015112 0.034062  0.308908 0.951092 0.000025  0.834235 0.322156 0
0  0.000132 -0.015112 0.034062  -0.308908 0.951092 0.000034  0.834235 0.318174 0
mount_dovetail_rsr_akr_1913_railed_mount_LOD0
0  0.000132 -0.015112 0.028053  -0.308908 0.951092 0.000025  0.861303 0.318174 0
0  -0.000752 -0.015112 0.028053  0.308908 0.951092 0.000016  0.861303 0.322156 0
0  0.000132 -0.015112 0.034062  -0.308908 0.951092 0.000022  0.834235 0.318174 0
mount_dovetail_rsr_akr_1913_railed_mount_LOD0
0  0.000132 -0.015112 0.034062  -0.309159 0.951010 0.000021  0.834235 0.318174 0
0  0.000847 -0.014593 0.034062  -0.808519 0.588471 0.000029  0.834235 0.314193 0
0  0.000132 -0.015112 0.028053  -0.309159 0.951010 0.000030  0.861303 0.318174 0
mount_dovetail_rsr_akr_1913_railed_mount_LOD0
0  0.000847 -0.014593 0.034062  -0.808496 0.588502 0.000012  0.834235 0.314193 0
0  0.000847 -0.014592 0.028053  -0.808496 0.588502 0.000022  0.861303 0.314193 0
0  0.000132 -0.015112 0.028053  -0.309168 0.951007 0.000013  0.861303 0.318174 0
mount_dovetail_rsr_akr_1913_railed_mount_LOD0
0  0.000847 -0.014593 0.034062  -0.808668 0.588265 0.000008  0.834235 0.314193 0
0  0.001122 -0.013752 0.034062  -1.000000 0.000152 0.000017  0.834235 0.310209 0
0  0.000847 -0.014592 0.028053  -0.808668 0.588265 0.000002  0.861303 0.314193 0
mount_dovetail_rsr_akr_1913_railed_mount_LOD0
0  0.001122 -0.013752 0.034062  -1.000000 0.000151 0.000015  0.834235 0.310209 0
0  0.001122 -0.013752 0.028053  -1.000000 0.000151 0.000008  0.861303 0.310209 0
0  0.000847 -0.014592 0.028053  -0.808669 0.588264 -0.000000  0.861303 0.314193 0
mount_dovetail_rsr_akr_1913_railed_mount_LOD0
0  0.001122 -0.033737 0.034062  -1.000000 -0.000151 -0.000007  0.781376 0.332677 0
0  0.000847 -0.032896 0.034062  -0.808669 -0.588264 0.000001  0.777392 0.332677 0
0  0.001122 -0.033737 0.028053  -1.000000 -0.000151 -0.000015  0.781376 0.305606 0
mount_dovetail_rsr_akr_1913_railed_mount_LOD0
0  0.000847 -0.032896 0.034062  -0.808670 -0.588263 -0.000000  0.777392 0.332677 0
0  0.000847 -0.032896 0.028053  -0.808670 -0.588263 -0.000007  0.777392 0.305606 0
0  0.001122 -0.033737 0.028053  -1.000000 -0.000150 -0.000016  0.781376 0.305606 0
mount_dovetail_rsr_akr_1913_railed_mount_LOD0
0  0.000847 -0.032896 0.034062  -0.808519 -0.588470 -0.000020  0.777392 0.332677 0
0  0.000132 -0.032376 0.034062  -0.309161 -0.951010 -0.000011  0.773409 0.332677 0
0  0.000847 -0.032896 0.028053  -0.808519 -0.588470 -0.000016  0.777392 0.305606 0
mount_dovetail_rsr_akr_1913_railed_mount_LOD0
0  0.000132 -0.032376 0.034062  -0.309174 -0.951006 -0.000005  0.773409 0.332677 0
0  0.000132 -0.032376 0.028053  -0.309174 -0.951006 -0.000001  0.773409 0.305606 0
0  0.000847 -0.032896 0.028053  -0.808500 -0.588497 -0.000010  0.777392 0.305606 0
mount_dovetail_rsr_akr_1913_railed_mount_LOD0
0  -0.000752 -0.032376 0.028053  0.308908 -0.951092 -0.000003  0.769428 0.305606 0
0  0.000132 -0.032376 0.028053  -0.308908 -0.951092 -0.000003  0.773409 0.305606 0
0  0.000132 -0.032376 0.034062  -0.308907 -0.951092 0.000005  0.773409 0.332677 0
mount_dovetail_rsr_akr_1913_railed_mount_LOD0
0  -0.000752 -0.032376 0.034062  0.308908 -0.951092 -0.000001  0.769428 0.332677 0
0  -0.000752 -0.032376 0.028053  0.308907 -0.951092 -0.000009  0.769428 0.305606 0
0  0.000132 -0.032376 0.034062  -0.308908 -0.951092 -0.000001  0.773409 0.332677 0
mount_dovetail_rsr_akr_1913_railed_mount_LOD0
0  -0.000752 -0.032376 0.034062  0.309162 -0.951009 -0.000001  0.769428 0.332677 0
0  -0.001468 -0.032896 0.034062  0.808520 -0.588468 0.000008  0.765446 0.332677 0
0  -0.000752 -0.032376 0.028053  0.309162 -0.951009 -0.000001  0.769428 0.305606 0
mount_dovetail_rsr_akr_1913_railed_mount_LOD0
0  -0.001468 -0.032896 0.034062  0.808500 -0.588497 -0.000019  0.765446 0.332677 0
0  -0.001468 -0.032896 0.028053  0.808500 -0.588496 -0.000020  0.765446 0.305606 0
0  -0.000752 -0.032376 0.028053  0.309174 -0.951005 -0.000029  0.769428 0.305606 0
mount_dovetail_rsr_akr_1913_railed_mount_LOD0
0  -0.001468 -0.032896 0.034062  0.808670 -0.588262 -0.000008  0.765446 0.332677 0
0  -0.001742 -0.033737 0.034062  1.000000 -0.000149 0.000001  0.761461 0.332677 0
0  -0.001468 -0.032896 0.028053  0.808670 -0.588262 -0.000029  0.765446 0.305606 0
mount_dovetail_rsr_akr_1913_railed_mount_LOD0
0  -0.001742 -0.033737 0.034062  1.000000 -0.000147 0.000015  0.761461 0.332677 0
0  -0.001742 -0.033737 0.028053  1.000000 -0.000147 -0.000007  0.761461 0.305606 0
0  -0.001468 -0.032896 0.028053  0.808671 -0.588261 -0.000016  0.765446 0.305606 0
mount_dovetail_rsr_akr_1913_railed_mount_LOD0
0  -0.001742 -0.033737 0.034062  1.000000 0.000146 0.000007  0.761461 0.332677 0
0  -0.001468 -0.034578 0.034062  0.808672 0.588260 0.000016  0.757477 0.332677 0
0  -0.001742 -0.033737 0.028053  1.000000 0.000146 -0.000015  0.761461 0.305606 0
mount_dovetail_rsr_akr_1913_railed_mount_LOD0
0  -0.001468 -0.034578 0.034062  0.808671 0.588262 0.000029  0.757477 0.332677 0
0  -0.001468 -0.034578 0.028053  0.808671 0.588262 0.000008  0.757477 0.305606 0
0  -0.001742 -0.033737 0.028053  1.000000 0.000148 -0.000001  0.761461 0.305606 0
mount_dovetail_rsr_akr_1913_railed_mount_LOD0
0  -0.001468 -0.034578 0.034062  0.808508 0.588485 0.000020  0.757477 0.332677 0
0  -0.000752 -0.035097 0.034062  0.309188 0.951001 0.000028  0.753497 0.332677 0
0  -0.001468 -0.034578 0.028053  0.808508 0.588485 0.000022  0.757477 0.305606 0
mount_dovetail_rsr_akr_1913_railed_mount_LOD0
0  -0.000752 -0.035097 0.034062  0.309165 0.951009 -0.000000  0.753497 0.332677 0
0  -0.000752 -0.035097 0.028053  0.309165 0.951009 0.000003  0.753497 0.305606 0
0  -0.001468 -0.034578 0.028053  0.808494 0.588505 -0.000006  0.757477 0.305606 0
mount_dovetail_rsr_akr_1913_railed_mount_LOD0
0  -0.000752 -0.035097 0.028053  0.308907 0.951092 0.000007  0.753497 0.305606 0
0  -0.000752 -0.035097 0.034062  0.308908 0.951092 0.000004  0.753497 0.332677 0
0  0.000132 -0.035097 0.034062  -0.308908 0.951092 0.000013  0.749514 0.332677 0
mount_dovetail_rsr_akr_1913_railed_mount_LOD0
0  0.000132 -0.035097 0.028053  -0.308908 0.951092 0.000003  0.749514 0.305606 0
0  -0.000752 -0.035097 0.028053  0.308908 0.951092 -0.000006  0.753497 0.305606 0
0  0.000132 -0.035097 0.034062  -0.308908 0.951092 -0.000001  0.749514 0.332677 0
mount_dovetail_rsr_akr_1913_railed_mount_LOD0
0  0.000132 -0.035097 0.034062  -0.309189 0.951000 0.000003  0.749514 0.332677 0
0  0.000847 -0.034578 0.034062  -0.808509 0.588484 0.000012  0.745532 0.332677 0
0  0.000132 -0.035097 0.028053  -0.309189 0.951000 0.000010  0.749514 0.305606 0
mount_dovetail_rsr_akr_1913_railed_mount_LOD0
0  0.000847 -0.034578 0.034062  -0.808493 0.588505 0.000012  0.745532 0.332677 0
0  0.000847 -0.034578 0.028053  -0.808493 0.588505 0.000020  0.745532 0.305606 0
0  0.000132 -0.035097 0.028053  -0.309164 0.951009 0.000011  0.749514 0.305606 0
mount_dovetail_rsr_akr_1913_railed_mount_LOD0
0  0.000847 -0.034578 0.034062  -0.808667 0.588267 0.000007  0.745532 0.332677 0
0  0.001122 -0.033737 0.034062  -1.000000 0.000154 0.000016  0.741549 0.332677 0
0  0.000847 -0.034578 0.028053  -0.808667 0.588267 -0.000000  0.745532 0.305606 0
mount_dovetail_rsr_akr_1913_railed_mount_LOD0
0  0.001122 -0.033737 0.034062  -1.000000 0.000151 0.000014  0.741549 0.332677 0
0  0.001122 -0.033737 0.028053  -1.000000 0.000151 0.000007  0.741549 0.305606 0
0  0.000847 -0.034578 0.028053  -0.808669 0.588264 -0.000002  0.745532 0.305606 0
mount_dovetail_rsr_akr_1913_railed_mount_LOD0
0  0.001122 0.006234 0.034062  -1.000000 -0.000149 0.000007  1.834235 0.310209 0
0  0.000847 0.007075 0.034062  -0.808670 -0.588263 0.000015  1.834235 0.314193 0
0  0.001122 0.006234 0.028053  -1.000000 -0.000149 -0.000015  1.861303 0.310209 0
mount_dovetail_rsr_akr_1913_railed_mount_LOD0
0  0.000847 0.007075 0.034062  -0.808668 -0.588265 0.000028  1.834235 0.314193 0
0  0.000847 0.007074 0.028053  -0.808668 -0.588265 0.000007  1.861303 0.314193 0
0  0.001122 0.006234 0.028053  -1.000000 -0.000152 -0.000002  1.861303 0.310209 0
mount_dovetail_rsr_akr_1913_railed_mount_LOD0
0  0.000847 0.007075 0.034062  -0.808499 -0.588498 0.000018  1.834235 0.314193 0
0  0.000132 0.007594 0.034062  -0.309173 -0.951006 0.000026  1.834235 0.318174 0
0  0.000847 0.007074 0.028053  -0.808499 -0.588498 0.000017  1.861303 0.314193 0
mount_dovetail_rsr_akr_1913_railed_mount_LOD0
0  0.000132 0.007594 0.034062  -0.309173 -0.951006 0.000019  1.834235 0.318174 0
0  0.000132 0.007594 0.028053  -0.309173 -0.951006 0.000018  1.861303 0.318174 0
0  0.000847 0.007074 0.028053  -0.808499 -0.588497 0.000009  1.861303 0.314193 0
mount_dovetail_rsr_akr_1913_railed_mount_LOD0
0  -0.000752 0.007594 0.028053  0.308892 -0.951097 0.000022  1.861303 0.322156 0
0  0.000132 0.007594 0.028053  -0.308924 -0.951087 0.000022  1.861303 0.318174 0
0  0.000132 0.007594 0.034062  -0.308924 -0.951087 0.000029  1.834235 0.318174 0
mount_dovetail_rsr_akr_1913_railed_mount_LOD0
0  -0.000752 0.007594 0.034062  0.308903 -0.951094 0.000021  1.834235 0.322156 0
0  -0.000752 0.007594 0.028053  0.308903 -0.951094 0.000013  1.861303 0.322156 0
0  0.000132 0.007594 0.034062  -0.308913 -0.951090 0.000021  1.834235 0.318174 0
mount_dovetail_rsr_akr_1913_railed_mount_LOD0
0  -0.000752 0.007594 0.028053  0.309195 -0.950999 0.000025  1.861303 0.322156 0
0  -0.000752 0.007594 0.034062  0.309195 -0.950999 0.000016  1.834235 0.322156 0
0  -0.001468 0.007075 0.034062  0.808512 -0.588479 0.000025  1.834235 0.326139 0
mount_dovetail_rsr_akr_1913_railed_mount_LOD0
0  -0.001468 0.007074 0.028053  0.808518 -0.588472 0.000018  1.861303 0.326139 0
0  -0.000752 0.007594 0.028053  0.309158 -0.951011 0.000009  1.861303 0.322156 0
0  -0.001468 0.007075 0.034062  0.808518 -0.588472 0.000009  1.834235 0.326139 0
mount_dovetail_rsr_akr_1913_railed_mount_LOD0
0  -0.001468 0.007075 0.034062  0.808669 -0.588263 0.000007  1.834235 0.326139 0
0  -0.001742 0.006234 0.034062  1.000000 -0.000150 0.000016  1.834235 0.330121 0
0  -0.001468 0.007074 0.028053  0.808669 -0.588263 -0.000001  1.861303 0.326139 0
mount_dovetail_rsr_akr_1913_railed_mount_LOD0
0  -0.001742 0.006234 0.034062  1.000000 -0.000147 0.000015  1.834235 0.330121 0
0  -0.001742 0.006234 0.028053  1.000000 -0.000147 0.000007  1.861303 0.330121 0
0  -0.001468 0.007074 0.028053  0.808671 -0.588261 -0.000002  1.861303 0.326139 0
mount_dovetail_rsr_akr_1913_railed_mount_LOD0
0  -0.001742 0.006234 0.034062  1.000000 0.000150 -0.000006  1.834235 0.330121 0
0  -0.001468 0.005393 0.034062  0.808669 0.588264 0.000003  1.834235 0.334105 0
0  -0.001742 0.006234 0.028053  1.000000 0.000150 -0.000014  1.861303 0.330121 0
mount_dovetail_rsr_akr_1913_railed_mount_LOD0
0  -0.001468 0.005393 0.034062  0.808672 0.588259 0.000002  1.834235 0.334105 0
0  -0.001468 0.005393 0.028053  0.808672 0.588259 -0.000007  1.861303 0.334105 0
0  -0.001742 0.006234 0.028053  1.000000 0.000145 -0.000015  1.861303 0.330121 0
mount_dovetail_rsr_akr_1913_railed_mount_LOD0
0  -0.000752 0.004873 0.028053  0.309193 0.950999 -0.000017  1.861303 0.338088 0
0  -0.001468 0.005393 0.028053  0.808512 0.588480 -0.000017  1.861303 0.334105 0
0  -0.001468 0.005393 0.034062  0.808512 0.588480 -0.000004  1.834235 0.334105 0
mount_dovetail_rsr_akr_1913_railed_mount_LOD0
0  -0.000752 0.004873 0.034062  0.309193 0.950999 -0.000017  1.834235 0.338088 0
0  -0.000752 0.004873 0.028053  0.309194 0.950999 -0.000030  1.861303 0.338088 0
0  -0.001468 0.005393 0.034062  0.808511 0.588480 -0.000017  1.834235 0.334105 0
mount_dovetail_rsr_akr_1913_railed_mount_LOD0
0  -0.000752 0.004873 0.028053  0.308917 0.951089 -0.000018  1.861303 0.338088 0
0  -0.000752 0.004873 0.034062  0.308917 0.951089 -0.000021  1.834235 0.338088 0
0  0.000132 0.004873 0.034062  -0.308899 0.951095 -0.000012  1.834235 0.342069 0
mount_dovetail_rsr_akr_1913_railed_mount_LOD0
0  0.000132 0.004873 0.028053  -0.308899 0.951095 -0.000021  1.861303 0.342069 0
0  -0.000752 0.004873 0.028053  0.308917 0.951089 -0.000030  1.861303 0.338088 0
0  0.000132 0.004873 0.034062  -0.308899 0.951095 -0.000024  1.834235 0.342069 0
mount_dovetail_rsr_akr_1913_railed_mount_LOD0
0  0.000132 0.004873 0.034062  -0.309173 0.951006 -0.000017  1.834235 0.342069 0
0  0.000847 0.005393 0.034062  -0.808499 0.588498 -0.000008  1.834235 0.346051 0
0  0.000132 0.004873 0.028053  -0.309173 0.951006 -0.000018  1.861303 0.342069 0
mount_dovetail_rsr_akr_1913_railed_mount_LOD0
0  0.000847 0.005393 0.034062  -0.808498 0.588498 -0.000016  1.834235 0.346051 0
0  0.000847 0.005393 0.028053  -0.808498 0.588498 -0.000017  1.861303 0.346051 0
0  0.000132 0.004873 0.028053  -0.309172 0.951006 -0.000026  1.861303 0.342069 0
mount_dovetail_rsr_akr_1913_railed_mount_LOD0
0  0.000847 0.005393 0.034062  -0.808669 0.588264 -0.000007  1.834235 0.346051 0
0  0.001122 0.006234 0.034062  -1.000000 0.000150 0.000002  1.834235 0.350035 0
0  0.000847 0.005393 0.028053  -0.808669 0.588264 -0.000028  1.861303 0.346051 0
mount_dovetail_rsr_akr_1913_railed_mount_LOD0
0  0.001122 0.006234 0.034062  -1.000000 0.000150 0.000015  1.834235 0.350035 0
0  0.001122 0.006234 0.028053  -1.000000 0.000150 -0.000006  1.861303 0.350035 0
0  0.000847 0.005393 0.028053  -0.808670 0.588263 -0.000015  1.861303 0.346051 0
mount_dovetail_rsr_akr_1913_railed_mount_LOD0
0  0.001122 0.026219 0.034062  -1.000000 -0.000150 0.000001  1.741549 0.332677 0
0  0.000847 0.027060 0.034062  -0.808669 -0.588264 0.000010  1.745532 0.332677 0
0  0.001122 0.026219 0.028053  -1.000000 -0.000150 -0.000015  1.741549 0.305606 0
mount_dovetail_rsr_akr_1913_railed_mount_LOD0
0  0.000847 0.027060 0.034062  -0.808669 -0.588264 0.000017  1.745532 0.332677 0
0  0.000847 0.027060 0.028053  -0.808669 -0.588264 0.000001  1.745532 0.305606 0
0  0.001122 0.026219 0.028053  -1.000000 -0.000150 -0.000008  1.741549 0.305606 0
mount_dovetail_rsr_akr_1913_railed_mount_LOD0
0  0.000847 0.027060 0.034062  -0.808500 -0.588496 0.000003  1.745532 0.332677 0
0  0.000132 0.027580 0.034062  -0.309175 -0.951005 0.000012  1.749514 0.332677 0
0  0.000847 0.027060 0.028053  -0.808500 -0.588496 0.000006  1.745532 0.305606 0
mount_dovetail_rsr_akr_1913_railed_mount_LOD0
0  0.000132 0.027580 0.034062  -0.309183 -0.951003 -0.000002  1.749514 0.332677 0
0  0.000132 0.027580 0.028053  -0.309183 -0.951003 0.000001  1.749514 0.305606 0
0  0.000847 0.027060 0.028053  -0.808505 -0.588489 -0.000008  1.745532 0.305606 0
mount_dovetail_rsr_akr_1913_railed_mount_LOD0
0  0.000132 0.027580 0.034062  -0.308908 -0.951092 0.000002  1.749514 0.332677 0
0  -0.000752 0.027580 0.034062  0.308908 -0.951092 0.000011  1.753497 0.332677 0
0  0.000132 0.027580 0.028053  -0.308908 -0.951092 0.000005  1.749514 0.305606 0
mount_dovetail_rsr_akr_1913_railed_mount_LOD0
0  -0.000752 0.027580 0.034062  0.308907 -0.951092 -0.000002  1.753497 0.332677 0
0  -0.000752 0.027580 0.028053  0.308908 -0.951092 0.000001  1.753497 0.305606 0
0  0.000132 0.027580 0.028053  -0.308908 -0.951092 -0.000008  1.749514 0.305606 0
mount_dovetail_rsr_akr_1913_railed_mount_LOD0
0  -0.000752 0.027580 0.034062  0.309175 -0.951005 0.000001  1.753497 0.332677 0
0  -0.001468 0.027060 0.034062  0.808500 -0.588496 0.000010  1.757479 0.332677 0
0  -0.000752 0.027580 0.028053  0.309175 -0.951005 0.000005  1.753497 0.305606 0
mount_dovetail_rsr_akr_1913_railed_mount_LOD0
0  -0.001468 0.027060 0.034062  0.808505 -0.588489 -0.000001  1.757479 0.332677 0
0  -0.001468 0.027060 0.028053  0.808505 -0.588489 0.000003  1.757479 0.305606 0
0  -0.000752 0.027580 0.028053  0.309183 -0.951003 -0.000006  1.753497 0.305606 0
mount_dovetail_rsr_akr_1913_railed_mount_LOD0
0  -0.001468 0.027060 0.034062  0.808669 -0.588264 0.000001  1.757479 0.332677 0
0  -0.001742 0.026219 0.034062  1.000000 -0.000151 0.000010  1.761463 0.332677 0
0  -0.001468 0.027060 0.028053  0.808669 -0.588264 -0.000012  1.757479 0.305606 0
mount_dovetail_rsr_akr_1913_railed_mount_LOD0
0  -0.001742 0.026219 0.034062  1.000000 -0.000148 0.000015  1.761463 0.332677 0
0  -0.001742 0.026219 0.028053  1.000000 -0.000148 0.000001  1.761463 0.305606 0
0  -0.001468 0.027060 0.028053  0.808671 -0.588261 -0.000007  1.757479 0.305606 0
mount_dovetail_rsr_akr_1913_railed_mount_LOD0
0  -0.001742 0.026219 0.034062  1.000000 0.000151 -0.000000  1.761463 0.332677 0
0  -0.001468 0.025379 0.034062  0.808669 0.588264 0.000008  1.765447 0.332677 0
0  -0.001742 0.026219 0.028053  1.000000 0.000151 -0.000014  1.761463 0.305606 0
mount_dovetail_rsr_akr_1913_railed_mount_LOD0
0  -0.001468 0.025379 0.034062  0.808671 0.588262 0.000013  1.765447 0.332677 0
0  -0.001468 0.025379 0.028053  0.808671 0.588262 -0.000001  1.765447 0.305606 0
0  -0.001742 0.026219 0.028053  1.000000 0.000148 -0.000010  1.761463 0.305606 0
mount_dovetail_rsr_akr_1913_railed_mount_LOD0
0  -0.001468 0.025379 0.034062  0.808500 0.588496 -0.000003  1.765447 0.332677 0
0  -0.000752 0.024859 0.034062  0.309175 0.951005 0.000006  1.769428 0.332677 0
0  -0.001468 0.025379 0.028053  0.808500 0.588496 0.000000  1.765447 0.305606 0
mount_dovetail_rsr_akr_1913_railed_mount_LOD0
0  -0.000752 0.024859 0.034062  0.309165 0.951008 -0.000004  1.769428 0.332677 0
0  -0.000752 0.024859 0.028053  0.309165 0.951008 -0.000001  1.769428 0.305606 0
0  -0.001468 0.025379 0.028053  0.808494 0.588505 -0.000009  1.765447 0.305606 0
mount_dovetail_rsr_akr_1913_railed_mount_LOD0
0  -0.000752 0.024859 0.034062  0.308908 0.951092 -0.000001  1.769428 0.332677 0
0  0.000132 0.024859 0.034062  -0.308908 0.951092 0.000008  1.773410 0.332677 0
0  -0.000752 0.024859 0.028053  0.308908 0.951092 0.000002  1.769428 0.305606 0
mount_dovetail_rsr_akr_1913_railed_mount_LOD0
0  0.000132 0.024859 0.034062  -0.308908 0.951092 -0.000005  1.773410 0.332677 0
0  0.000132 0.024859 0.028053  -0.308908 0.951092 -0.000001  1.773410 0.305606 0
0  -0.000752 0.024859 0.028053  0.308908 0.951092 -0.000010  1.769428 0.305606 0
mount_dovetail_rsr_akr_1913_railed_mount_LOD0
0  0.000132 0.024859 0.034062  -0.309175 0.951005 -0.000001  1.773410 0.332677 0
0  0.000847 0.025379 0.034062  -0.808500 0.588496 0.000008  1.777392 0.332677 0
0  0.000132 0.024859 0.028053  -0.309175 0.951005 0.000002  1.773410 0.305606 0
mount_dovetail_rsr_akr_1913_railed_mount_LOD0
0  0.000847 0.025379 0.034062  -0.808494 0.588505 -0.000006  1.777392 0.332677 0
0  0.000847 0.025379 0.028053  -0.808494 0.588505 -0.000003  1.777392 0.305606 0
0  0.000132 0.024859 0.028053  -0.309165 0.951008 -0.000012  1.773410 0.305606 0
mount_dovetail_rsr_akr_1913_railed_mount_LOD0
0  0.000847 0.025379 0.034062  -0.808669 0.588264 -0.000001  1.777392 0.332677 0
0  0.001122 0.026219 0.034062  -1.000000 0.000150 0.000008  1.781376 0.332677 0
0  0.000847 0.025379 0.028053  -0.808669 0.588264 -0.000016  1.777392 0.305606 0
mount_dovetail_rsr_akr_1913_railed_mount_LOD0
0  0.001122 0.026219 0.034062  -1.000000 0.000150 0.000015  1.781376 0.332677 0
0  0.001122 0.026219 0.028053  -1.000000 0.000150 -0.000001  1.781376 0.305606 0
0  0.000847 0.025379 0.028053  -0.808669 0.588264 -0.000010  1.777392 0.305606 0
mount_dovetail_rsr_akr_1913_railed_mount_LOD0
0  -0.017378 -0.050004 0.044364  1.000000 0.000000 0.000000  0.120865 0.856787 0
0  -0.017378 -0.050004 0.045325  1.000000 0.000000 0.000000  0.120865 0.862199 0
0  -0.017378 -0.071090 0.044364  1.000000 0.000000 0.000000  0.002139 0.856787 0
mount_dovetail_rsr_akr_1913_railed_mount_LOD0
0  -0.017378 -0.050004 0.045325  1.000000 0.000000 0.000000  0.120865 0.862199 0
0  -0.017378 -0.071090 0.046813  1.000000 0.000000 0.000000  0.002139 0.870573 0
0  -0.017378 -0.071090 0.044364  1.000000 0.000000 0.000000  0.002139 0.856787 0
mount_dovetail_rsr_akr_1913_railed_mount_LOD0
0  -0.017378 -0.071090 0.046813  1.000000 0.000000 0.000000  0.002139 0.870573 0
0  -0.017378 -0.050004 0.045325  1.000000 0.000000 0.000000  0.120865 0.862199 0
0  -0.017378 -0.041113 0.046813  1.000000 0.000000 0.000000  0.170928 0.870575 0
mount_dovetail_rsr_akr_1913_railed_mount_LOD0
0  -0.017378 -0.050004 0.045325  1.000000 -0.000000 0.000002  0.120865 0.862199 0
0  -0.017378 -0.008755 0.046813  1.000000 -0.000000 0.000002  0.353119 0.870575 0
0  -0.017378 -0.041113 0.046813  1.000000 -0.000000 0.000002  0.170928 0.870575 0
mount_dovetail_rsr_akr_1913_railed_mount_LOD0
0  -0.017378 -0.003716 0.045325  1.000000 -0.000000 -0.000001  0.381493 0.862200 0
0  -0.017378 -0.008755 0.046813  1.000000 -0.000000 -0.000001  0.353119 0.870575 0
0  -0.017378 -0.050004 0.045325  1.000000 -0.000000 -0.000001  0.120865 0.862199 0
mount_dovetail_rsr_akr_1913_railed_mount_LOD0
0  -0.017378 -0.008755 0.046813  1.000000 -0.000000 -0.000001  0.353119 0.870575 0
0  -0.017378 -0.003716 0.045325  1.000000 -0.000000 -0.000001  0.381493 0.862200 0
0  -0.017378 0.042487 0.045325  1.000000 -0.000000 -0.000001  0.641637 0.862204 0
mount_dovetail_rsr_akr_1913_railed_mount_LOD0
0  -0.017378 0.023603 0.046813  1.000000 0.000000 0.000008  0.535311 0.870579 0
0  -0.017378 -0.008755 0.046813  1.000000 0.000000 0.000008  0.353119 0.870575 0
0  -0.017378 0.042487 0.045325  1.000000 0.000000 0.000008  0.641637 0.862204 0
mount_dovetail_rsr_akr_1913_railed_mount_LOD0
0  -0.017378 0.042487 0.045325  1.000000 -0.000000 0.000003  0.641637 0.862204 0
0  -0.017378 0.053580 0.046813  1.000000 -0.000000 0.000003  0.704100 0.870580 0
0  -0.017378 0.023603 0.046813  1.000000 -0.000000 0.000003  0.535311 0.870579 0
mount_dovetail_rsr_akr_1913_railed_mount_LOD0
0  -0.017378 0.053580 0.044364  1.000000 0.000000 0.000000  0.704100 0.856795 0
0  -0.017378 0.053580 0.046813  1.000000 0.000000 0.000000  0.704100 0.870580 0
0  -0.017378 0.042487 0.045325  1.000000 0.000000 0.000000  0.641637 0.862204 0
mount_dovetail_rsr_akr_1913_railed_mount_LOD0
0  -0.017378 0.042487 0.044364  1.000000 0.000000 0.000000  0.641637 0.856795 0
0  -0.017378 0.053580 0.044364  1.000000 0.000000 0.000000  0.704100 0.856795 0
0  -0.017378 0.042487 0.045325  1.000000 0.000000 0.000000  0.641637 0.862204 0
mount_dovetail_rsr_akr_1913_railed_mount_LOD0
0  -0.013719 0.038828 0.044364  0.000000 0.000000 -1.000000  0.068626 0.191563 0
0  -0.022742 0.038828 0.044364  -0.036856 0.000000 -0.999321  0.068626 0.232205 0
0  -0.015548 0.039318 0.044364  0.000000 0.000000 -1.000000  0.066419 0.199805 0
mount_dovetail_rsr_akr_1913_railed_mount_LOD0
0  -0.015548 0.039318 0.044364  0.000000 0.000000 -1.000000  0.066419 0.199805 0
0  -0.022742 0.038828 0.044364  -0.036856 -0.000003 -0.999321  0.068626 0.232205 0
0  -0.016888 0.040657 0.044364  0.000000 0.000000 -1.000000  0.060386 0.205835 0
mount_dovetail_rsr_akr_1913_railed_mount_LOD0
0  -0.016888 0.040657 0.044364  0.000000 0.000000 -1.000000  0.060386 0.205835 0
0  -0.022742 0.038828 0.044364  -0.036856 0.000003 -0.999321  0.068626 0.232205 0
0  -0.017378 0.042487 0.044364  0.000000 0.000000 -1.000000  0.052147 0.208041 0
mount_dovetail_rsr_akr_1913_railed_mount_LOD0
0  -0.017378 0.042487 0.044364  0.000000 0.000000 -1.000000  0.052147 0.208041 0
0  -0.022742 0.038828 0.044364  -0.036856 0.000000 -0.999321  0.068626 0.232205 0
0  -0.017378 0.053580 0.044364  0.000000 0.000000 -1.000000  0.002175 0.208041 0
mount_dovetail_rsr_akr_1913_railed_mount_LOD0
0  -0.022742 0.038828 0.044364  -0.036856 -0.000003 -0.999321  0.068626 0.232205 0
0  -0.032945 0.053580 0.044364  0.000000 0.000000 -1.000000  0.002175 0.278162 0
0  -0.017378 0.053580 0.044364  0.000000 0.000000 -1.000000  0.002175 0.208041 0
mount_dovetail_rsr_akr_1913_railed_mount_LOD0
0  -0.022742 0.038828 0.044364  -0.036856 -0.000000 -0.999321  0.068626 0.232205 0
0  -0.022742 -0.046345 0.044364  -0.036856 0.000001 -0.999321  0.452271 0.232205 0
0  -0.032945 0.053580 0.044364  0.000000 -0.000000 -1.000000  0.002175 0.278162 0
mount_dovetail_rsr_akr_1913_railed_mount_LOD0
0  -0.022742 -0.046345 0.044364  -0.036856 -0.000008 -0.999321  0.452271 0.232205 0
0  -0.032945 -0.071090 0.044364  0.000001 -0.000000 -1.000000  0.563737 0.278162 0
0  -0.032945 0.053580 0.044364  0.000001 -0.000000 -1.000000  0.002175 0.278162 0
mount_dovetail_rsr_akr_1913_railed_mount_LOD0
0  -0.017378 -0.071090 0.044364  0.000000 0.000000 -1.000000  0.563737 0.208039 0
0  -0.032945 -0.071090 0.044364  0.000000 0.000000 -1.000000  0.563737 0.278162 0
0  -0.022742 -0.046345 0.044364  -0.036856 -0.000000 -0.999321  0.452271 0.232205 0
mount_dovetail_rsr_akr_1913_railed_mount_LOD0
0  -0.017378 -0.050004 0.044364  0.000000 0.000000 -1.000000  0.468753 0.208039 0
0  -0.017378 -0.071090 0.044364  0.000000 0.000000 -1.000000  0.563737 0.208039 0
0  -0.022742 -0.046345 0.044364  -0.036856 -0.000004 -0.999321  0.452271 0.232205 0
mount_dovetail_rsr_akr_1913_railed_mount_LOD0
0  -0.016888 -0.048175 0.044364  0.000000 0.000000 -1.000000  0.460510 0.205835 0
0  -0.017378 -0.050004 0.044364  0.000000 0.000000 -1.000000  0.468753 0.208039 0
0  -0.022742 -0.046345 0.044364  -0.036856 0.000002 -0.999321  0.452271 0.232205 0
mount_dovetail_rsr_akr_1913_railed_mount_LOD0
0  -0.015549 -0.046836 0.044364  -0.000001 0.000001 -1.000000  0.454477 0.199805 0
0  -0.016888 -0.048175 0.044364  -0.000001 0.000001 -1.000000  0.460510 0.205835 0
0  -0.022742 -0.046345 0.044364  -0.036858 0.000002 -0.999321  0.452271 0.232205 0
mount_dovetail_rsr_akr_1913_railed_mount_LOD0
0  -0.013719 -0.046345 0.044364  0.000000 0.000015 -1.000000  0.452271 0.191562 0
0  -0.015549 -0.046836 0.044364  0.000000 0.000015 -1.000000  0.454477 0.199805 0
0  -0.022742 -0.046345 0.044364  -0.036856 -0.000007 -0.999321  0.452271 0.232205 0
mount_dovetail_rsr_akr_1913_railed_mount_LOD0
0  0.000524 -0.026360 0.030998  0.000000 0.000007 -1.000000  0.547572 0.101026 0
0  0.005547 -0.026360 0.030998  0.000000 0.000007 -1.000000  0.547572 0.123650 0
0  0.001711 -0.026680 0.030998  0.000000 0.000007 -1.000000  0.546132 0.106374 0
mount_dovetail_rsr_akr_1913_railed_mount_LOD0
0  0.001711 -0.026680 0.030998  0.000002 0.000001 -1.000000  0.546132 0.106374 0
0  0.005547 -0.026360 0.030998  0.000002 0.000001 -1.000000  0.547572 0.123650 0
0  0.002580 -0.027549 0.030998  0.000002 0.000001 -1.000000  0.542218 0.110288 0
mount_dovetail_rsr_akr_1913_railed_mount_LOD0
0  0.002580 -0.027549 0.030998  0.000004 0.000000 -1.000000  0.542218 0.110288 0
0  0.005547 -0.026360 0.030998  0.000004 0.000000 -1.000000  0.547572 0.123650 0
0  0.002898 -0.028736 0.030998  0.000004 0.000000 -1.000000  0.536870 0.111721 0
mount_dovetail_rsr_akr_1913_railed_mount_LOD0
0  0.002898 -0.028736 0.030998  0.000000 0.000001 -1.000000  0.536870 0.111721 0
0  0.005547 -0.026360 0.030998  0.000000 0.000001 -1.000000  0.547572 0.123650 0
0  0.005547 -0.031120 0.030998  0.000000 0.000001 -1.000000  0.526129 0.123650 0
mount_dovetail_rsr_akr_1913_railed_mount_LOD0
0  0.002580 -0.029923 0.030998  0.000000 0.000000 -1.000000  0.531521 0.110288 0
0  0.002898 -0.028736 0.030998  0.000000 0.000000 -1.000000  0.536870 0.111721 0
0  0.005547 -0.031120 0.030998  0.000000 0.000000 -1.000000  0.526129 0.123650 0
mount_dovetail_rsr_akr_1913_railed_mount_LOD0
0  0.001711 -0.030792 0.030998  0.000000 0.000000 -1.000000  0.527606 0.106374 0
0  0.002580 -0.029923 0.030998  0.000000 0.000000 -1.000000  0.531521 0.110288 0
0  0.005547 -0.031120 0.030998  0.000000 0.000000 -1.000000  0.526129 0.123650 0
mount_dovetail_rsr_akr_1913_railed_mount_LOD0
0  0.000524 -0.031120 0.030998  0.000001 0.000000 -1.000000  0.526130 0.101025 0
0  0.001711 -0.030792 0.030998  0.000001 0.000000 -1.000000  0.527606 0.106374 0
0  0.005547 -0.031120 0.030998  0.000001 0.000000 -1.000000  0.526129 0.123650 0
mount_dovetail_rsr_akr_1913_railed_mount_LOD0
0  0.003024 0.003617 0.028053  0.000042 -1.000000 -0.000046  1.635473 0.142841 0
0  0.005547 0.003617 0.030576  0.000042 -1.000000 -0.000046  1.646836 0.131475 0
0  0.005547 0.003617 0.030998  0.000042 -1.000000 -0.000046  1.646837 0.129575 0
mount_dovetail_rsr_akr_1913_railed_mount_LOD0
0  0.000524 0.003617 0.030998  0.000013 -1.000000 -0.000021  1.624213 0.129575 0
0  0.003024 0.003617 0.028053  0.000013 -1.000000 -0.000021  1.635473 0.142841 0
0  0.005547 0.003617 0.030998  0.000013 -1.000000 -0.000021  1.646837 0.129575 0
mount_dovetail_rsr_akr_1913_railed_mount_LOD0
0  -0.003691 0.003617 0.028053  0.000000 -1.000000 -0.000032  1.605227 0.142841 0
0  0.003024 0.003617 0.028053  0.000000 -1.000000 -0.000032  1.635473 0.142841 0
0  0.000524 0.003617 0.030998  0.000000 -1.000000 -0.000032  1.624213 0.129575 0
mount_dovetail_rsr_akr_1913_railed_mount_LOD0
0  -0.003422 0.003617 0.030998  0.000000 -1.000000 -0.000032  1.606439 0.129575 0
0  -0.003691 0.003617 0.028053  0.000000 -1.000000 -0.000032  1.605227 0.142841 0
0  0.000524 0.003617 0.030998  0.000000 -1.000000 -0.000032  1.624213 0.129575 0
mount_dovetail_rsr_akr_1913_railed_mount_LOD0
0  -0.006214 0.003617 0.030576  -0.000030 -1.000000 -0.000029  1.593861 0.131475 0
0  -0.003691 0.003617 0.028053  -0.000030 -1.000000 -0.000029  1.605227 0.142841 0
0  -0.003422 0.003617 0.030998  -0.000030 -1.000000 -0.000029  1.606439 0.129575 0
mount_dovetail_rsr_akr_1913_railed_mount_LOD0
0  -0.006214 0.003617 0.030998  -0.000027 -1.000000 -0.000046  1.593861 0.129575 0
0  -0.006214 0.003617 0.030576  -0.000027 -1.000000 -0.000046  1.593861 0.131475 0
0  -0.003422 0.003617 0.030998  -0.000027 -1.000000 -0.000046  1.606439 0.129575 0
mount_dovetail_rsr_akr_1913_railed_mount_LOD0
0  -0.006214 -0.001143 0.030576  -0.000012 1.000000 -0.000012  0.957437 0.318242 0
0  -0.006214 -0.001143 0.030998  -0.000012 1.000000 -0.000012  0.959338 0.318242 0
0  -0.003691 -0.001143 0.028053  -0.000012 1.000000 -0.000012  0.946071 0.329607 0
mount_dovetail_rsr_akr_1913_railed_mount_LOD0
0  -0.006214 -0.001143 0.030998  0.000031 1.000000 0.000025  0.959338 0.318242 0
0  -0.003422 -0.001143 0.030998  0.000031 1.000000 0.000025  0.959338 0.330819 0
0  -0.003691 -0.001143 0.028053  0.000031 1.000000 0.000025  0.946071 0.329607 0
mount_dovetail_rsr_akr_1913_railed_mount_LOD0
0  -0.003422 -0.001143 0.030998  0.000000 1.000000 0.000028  0.959338 0.330819 0
0  0.000524 -0.001143 0.030998  0.000000 1.000000 0.000028  0.959338 0.348594 0
0  -0.003691 -0.001143 0.028053  0.000000 1.000000 0.000028  0.946071 0.329607 0
mount_dovetail_rsr_akr_1913_railed_mount_LOD0
0  0.000524 -0.001143 0.030998  0.000000 1.000000 0.000028  0.959338 0.348594 0
0  0.003024 -0.001143 0.028053  0.000000 1.000000 0.000028  0.946071 0.359854 0
0  -0.003691 -0.001143 0.028053  0.000000 1.000000 0.000028  0.946071 0.329607 0
mount_dovetail_rsr_akr_1913_railed_mount_LOD0
0  0.000524 -0.001143 0.030998  -0.000016 1.000000 0.000014  0.959338 0.348594 0
0  0.005547 -0.001143 0.030998  -0.000016 1.000000 0.000014  0.959338 0.371217 0
0  0.003024 -0.001143 0.028053  -0.000016 1.000000 0.000014  0.946071 0.359854 0
mount_dovetail_rsr_akr_1913_railed_mount_LOD0
0  0.005547 -0.001143 0.030998  0.000000 1.000000 0.000000  0.959338 0.371217 0
0  0.005547 -0.001143 0.030576  0.000000 1.000000 0.000000  0.957437 0.371217 0
0  0.003024 -0.001143 0.028053  0.000000 1.000000 0.000000  0.946071 0.359854 0
mount_dovetail_rsr_akr_1913_railed_mount_LOD0
0  -0.005796 0.001233 0.030998  1.000000 0.000488 0.000003  1.359474 0.342242 0
0  -0.005796 0.001239 0.034062  1.000000 -0.000183 0.000004  1.359474 0.356045 0
0  -0.005478 0.000046 0.030998  0.865814 0.500367 -0.000506  1.365009 0.342242 0
mount_dovetail_rsr_akr_1913_railed_mount_LOD0
0  -0.005796 0.001239 0.034062  1.000000 -0.000183 -0.000506  1.359474 0.356045 0
0  -0.005478 0.000052 0.034062  0.866244 0.499620 -0.001016  1.365009 0.356045 0
0  -0.005478 0.000046 0.030998  0.865813 0.500367 -0.001017  1.365009 0.342242 0
mount_dovetail_rsr_akr_1913_railed_mount_LOD0
0  -0.005478 0.000046 0.030998  0.865662 0.500628 -0.001012  1.365009 0.342242 0
0  -0.005478 0.000052 0.034062  0.866118 0.499839 -0.001041  1.365009 0.356045 0
0  -0.004609 -0.000823 0.030998  0.501543 0.865131 -0.001384  1.370544 0.342242 0
mount_dovetail_rsr_akr_1913_railed_mount_LOD0
0  -0.005478 0.000052 0.034062  0.866117 0.499840 -0.001384  1.365009 0.356045 0
0  -0.004609 -0.000817 0.034062  0.502122 0.864796 -0.001274  1.370544 0.356045 0
0  -0.004609 -0.000823 0.030998  0.501542 0.865133 -0.001261  1.370544 0.342242 0
mount_dovetail_rsr_akr_1913_railed_mount_LOD0
0  -0.004609 -0.000823 0.030998  0.501335 0.865252 -0.001268  1.370544 0.342242 0
0  -0.004609 -0.000817 0.034062  0.501915 0.864916 -0.001259  1.370544 0.356045 0
0  -0.003422 -0.001143 0.030998  0.132566 0.991172 -0.001940  1.376087 0.342242 0
mount_dovetail_rsr_akr_1913_railed_mount_LOD0
0  -0.004609 -0.000817 0.034062  0.501890 0.864931 -0.000060  1.370544 0.356045 0
0  -0.003422 -0.001143 0.034062  0.132585 0.991171 -0.000538  1.376087 0.356045 0
0  -0.003422 -0.001143 0.030998  0.132585 0.991171 -0.000544  1.376087 0.342242 0
mount_dovetail_rsr_akr_1913_railed_mount_LOD0
0  -0.003422 -0.001143 0.030998  0.132303 0.991209 -0.000539  1.376087 0.342242 0
0  -0.003422 -0.001143 0.034062  0.132303 0.991209 -0.000543  1.376087 0.356045 0
0  0.000524 -0.001143 0.030998  -0.132304 0.991209 -0.000063  1.393860 0.342242 0
mount_dovetail_rsr_akr_1913_railed_mount_LOD0
0  -0.003422 -0.001143 0.034062  0.132304 0.991209 -0.000063  1.376087 0.356045 0
0  0.000524 -0.001143 0.034062  -0.132303 0.991209 -0.000539  1.393860 0.356045 0
0  0.000524 -0.001143 0.030998  -0.132303 0.991209 -0.000537  1.393860 0.342242 0
mount_dovetail_rsr_akr_1913_railed_mount_LOD0
0  0.000524 -0.001143 0.030998  -0.132562 0.991175 -0.000547  1.393860 0.342242 0
0  0.000524 -0.001143 0.034062  -0.132562 0.991175 -0.000557  1.393860 0.356045 0
0  0.001711 -0.000823 0.030998  -0.501331 0.865256 -0.000059  1.399403 0.342242 0
mount_dovetail_rsr_akr_1913_railed_mount_LOD0
0  0.000524 -0.001143 0.034062  -0.132579 0.991170 -0.001935  1.393860 0.356045 0
0  0.001711 -0.000817 0.034062  -0.501885 0.864933 -0.001265  1.399403 0.356045 0
0  0.001711 -0.000823 0.030998  -0.501305 0.865270 -0.001257  1.399403 0.342242 0
mount_dovetail_rsr_akr_1913_railed_mount_LOD0
0  0.001711 -0.000823 0.030998  -0.501542 0.865132 -0.001261  1.399403 0.342242 0
0  0.001711 -0.000817 0.034062  -0.502122 0.864796 -0.001282  1.399403 0.356045 0
0  0.002580 0.000046 0.030998  -0.865661 0.500629 -0.001383  1.404938 0.342242 0
mount_dovetail_rsr_akr_1913_railed_mount_LOD0
0  0.001711 -0.000817 0.034062  -0.502122 0.864796 -0.001384  1.399403 0.356045 0
0  0.002580 0.000052 0.034062  -0.866117 0.499841 -0.001010  1.404938 0.356045 0
0  0.002580 0.000046 0.030998  -0.865661 0.500630 -0.001021  1.404938 0.342242 0
mount_dovetail_rsr_akr_1913_railed_mount_LOD0
0  0.002580 0.000046 0.030998  -0.865812 0.500368 -0.001028  1.404938 0.342242 0
0  0.002580 0.000052 0.034062  -0.866244 0.499620 -0.001036  1.404938 0.356045 0
0  0.002898 0.001233 0.030998  -1.000000 0.000489 -0.000506  1.410472 0.342242 0
mount_dovetail_rsr_akr_1913_railed_mount_LOD0
0  0.002580 0.000052 0.034062  -0.866245 0.499620 -0.000506  1.404938 0.356045 0
0  0.002898 0.001239 0.034062  -1.000000 -0.000183 0.000016  1.410472 0.356045 0
0  0.002898 0.001233 0.030998  -1.000000 0.000488 0.000023  1.410472 0.342242 0
mount_dovetail_rsr_akr_1913_railed_mount_LOD0
0  0.002898 0.001233 0.030998  -1.000000 0.000187 -0.000016  1.410472 0.342242 0
0  0.002898 0.001239 0.034062  -1.000000 -0.000484 -0.000023  1.410472 0.356045 0
0  0.002580 0.002420 0.030998  -0.866247 -0.499616 0.000506  1.416007 0.342242 0
mount_dovetail_rsr_akr_1913_railed_mount_LOD0
0  0.002898 0.001239 0.034062  -1.000000 -0.000486 0.000506  1.410472 0.356045 0
0  0.002580 0.002426 0.034062  -0.865814 -0.500365 0.001028  1.416007 0.356045 0
0  0.002580 0.002420 0.030998  -0.866246 -0.499618 0.001035  1.416007 0.342242 0
mount_dovetail_rsr_akr_1913_railed_mount_LOD0
0  0.002580 0.002420 0.030998  -0.866117 -0.499840 0.001008  1.416007 0.342242 0
0  0.002580 0.002426 0.034062  -0.865661 -0.500629 0.001020  1.416007 0.356045 0
0  0.001711 0.003289 0.030998  -0.502495 -0.864579 0.001383  1.421543 0.342242 0
mount_dovetail_rsr_akr_1913_railed_mount_LOD0
0  0.002580 0.002426 0.034062  -0.865661 -0.500629 0.001382  1.416007 0.356045 0
0  0.001711 0.003295 0.034062  -0.502122 -0.864796 0.001248  1.421543 0.356045 0
0  0.001711 0.003289 0.030998  -0.502495 -0.864579 0.001280  1.421543 0.342242 0
mount_dovetail_rsr_akr_1913_railed_mount_LOD0
0  0.001711 0.003289 0.030998  -0.502252 -0.864720 0.001265  1.421543 0.342242 0
0  0.001711 0.003295 0.034062  -0.501879 -0.864937 0.001239  1.421543 0.356045 0
0  0.000524 0.003617 0.030998  -0.133285 -0.991076 0.001932  1.427087 0.342242 0
mount_dovetail_rsr_akr_1913_railed_mount_LOD0
0  0.001711 0.003295 0.034062  -0.501890 -0.864932 0.000029  1.421543 0.356045 0
0  0.000524 0.003617 0.034062  -0.133297 -0.991076 0.000518  1.427087 0.356045 0
0  0.000524 0.003617 0.030998  -0.133297 -0.991076 0.000513  1.427087 0.342242 0
mount_dovetail_rsr_akr_1913_railed_mount_LOD0
0  -0.003422 0.003617 0.030998  0.133017 -0.991114 0.000031  1.444862 0.342242 0
0  0.000524 0.003617 0.030998  -0.133016 -0.991114 0.000515  1.427087 0.342242 0
0  0.000524 0.003617 0.034062  -0.133016 -0.991114 0.000529  1.427087 0.356045 0
mount_dovetail_rsr_akr_1913_railed_mount_LOD0
0  -0.003422 0.003617 0.034062  0.133016 -0.991114 0.000509  1.444862 0.356045 0
0  -0.003422 0.003617 0.030998  0.133016 -0.991114 0.000513  1.444862 0.342242 0
0  0.000524 0.003617 0.034062  -0.133017 -0.991114 0.000031  1.427087 0.356045 0
mount_dovetail_rsr_akr_1913_railed_mount_LOD0
0  -0.003422 0.003617 0.030998  0.133287 -0.991077 0.000516  1.444862 0.342242 0
0  -0.003422 0.003617 0.034062  0.133287 -0.991077 0.000506  1.444862 0.356045 0
0  -0.004609 0.003289 0.030998  0.502254 -0.864720 0.000029  1.450405 0.342242 0
mount_dovetail_rsr_akr_1913_railed_mount_LOD0
0  -0.003422 0.003617 0.034062  0.133296 -0.991074 0.001935  1.444862 0.356045 0
0  -0.004609 0.003295 0.034062  0.501889 -0.864931 0.001254  1.450405 0.356045 0
0  -0.004609 0.003289 0.030998  0.502262 -0.864714 0.001276  1.450405 0.342242 0
mount_dovetail_rsr_akr_1913_railed_mount_LOD0
0  -0.004609 0.003289 0.030998  0.502494 -0.864580 0.001236  1.450405 0.342242 0
0  -0.004609 0.003295 0.034062  0.502121 -0.864796 0.001259  1.450405 0.356045 0
0  -0.005478 0.002420 0.030998  0.866116 -0.499841 0.001381  1.455942 0.342242 0
mount_dovetail_rsr_akr_1913_railed_mount_LOD0
0  -0.004609 0.003295 0.034062  0.502157 -0.864775 0.001384  1.450405 0.356045 0
0  -0.005478 0.002426 0.034062  0.865657 -0.500636 0.001012  1.455942 0.356045 0
0  -0.005478 0.002420 0.030998  0.866113 -0.499847 0.001041  1.455942 0.342242 0
mount_dovetail_rsr_akr_1913_railed_mount_LOD0
0  -0.005478 0.002420 0.030998  0.866246 -0.499617 0.001015  1.455942 0.342242 0
0  -0.005478 0.002426 0.034062  0.865814 -0.500364 0.001017  1.455942 0.356045 0
0  -0.005796 0.001233 0.030998  1.000000 0.000186 0.000506  1.461475 0.342242 0
mount_dovetail_rsr_akr_1913_railed_mount_LOD0
0  -0.005478 0.002426 0.034062  0.865815 -0.500365 0.000506  1.455942 0.356045 0
0  -0.005796 0.001239 0.034062  1.000000 -0.000486 -0.000003  1.461475 0.356045 0
0  -0.005796 0.001233 0.030998  1.000000 0.000185 -0.000004  1.461475 0.342242 0
mount_dovetail_rsr_akr_1913_railed_mount_LOD0
0  -0.003422 0.003617 0.030998  -0.000002 0.000002 -1.000000  1.938724 0.017895 0
0  -0.004609 0.003289 0.030998  -0.000002 0.000002 -1.000000  1.944073 0.019372 0
0  -0.006214 0.003617 0.030998  -0.000002 0.000002 -1.000000  1.951301 0.017895 0
mount_dovetail_rsr_akr_1913_railed_mount_LOD0
0  -0.004609 0.003289 0.030998  -0.000004 0.000001 -1.000000  1.944073 0.019372 0
0  -0.005478 0.002420 0.030998  -0.000004 0.000001 -1.000000  1.947987 0.023285 0
0  -0.006214 0.003617 0.030998  -0.000004 0.000001 -1.000000  1.951301 0.017895 0
mount_dovetail_rsr_akr_1913_railed_mount_LOD0
0  -0.005478 0.002420 0.030998  0.000000 0.000000 -1.000000  1.947987 0.023285 0
0  -0.005796 0.001233 0.030998  0.000000 0.000000 -1.000000  1.949420 0.028633 0
0  -0.006214 0.003617 0.030998  0.000000 0.000000 -1.000000  1.951301 0.017895 0
mount_dovetail_rsr_akr_1913_railed_mount_LOD0
0  -0.005796 0.001233 0.030998  0.000000 0.000000 -1.000000  1.949420 0.028633 0
0  -0.006214 -0.001143 0.030998  0.000000 0.000000 -1.000000  1.951301 0.039336 0
0  -0.006214 0.003617 0.030998  0.000000 0.000000 -1.000000  1.951301 0.017895 0
mount_dovetail_rsr_akr_1913_railed_mount_LOD0
0  -0.005796 0.001233 0.030998  0.000000 -0.000000 -1.000000  1.949420 0.028633 0
0  -0.005478 0.000046 0.030998  0.000000 -0.000000 -1.000000  1.947987 0.033979 0
0  -0.006214 -0.001143 0.030998  0.000000 -0.000000 -1.000000  1.951301 0.039336 0
mount_dovetail_rsr_akr_1913_railed_mount_LOD0
0  -0.005478 0.000046 0.030998  -0.000002 -0.000001 -1.000000  1.947987 0.033979 0
0  -0.004609 -0.000823 0.030998  -0.000002 -0.000001 -1.000000  1.944073 0.037893 0
0  -0.006214 -0.001143 0.030998  -0.000002 -0.000001 -1.000000  1.951301 0.039336 0
mount_dovetail_rsr_akr_1913_railed_mount_LOD0
0  -0.004609 -0.000823 0.030998  -0.000000 -0.000006 -1.000000  1.944073 0.037893 0
0  -0.003422 -0.001143 0.030998  -0.000000 -0.000006 -1.000000  1.938723 0.039336 0
0  -0.006214 -0.001143 0.030998  -0.000000 -0.000006 -1.000000  1.951301 0.039336 0
mount_dovetail_rsr_akr_1913_railed_mount_LOD0
0  0.005547 -0.001143 0.030998  0.000000 -0.000006 -1.000000  1.547572 0.123650 0
0  0.000524 -0.001143 0.030998  0.000000 -0.000006 -1.000000  1.547572 0.101025 0
0  0.001711 -0.000823 0.030998  0.000000 -0.000006 -1.000000  1.546130 0.106374 0
mount_dovetail_rsr_akr_1913_railed_mount_LOD0
0  0.005547 -0.001143 0.030998  0.000001 -0.000000 -1.000000  1.547572 0.123650 0
0  0.001711 -0.000823 0.030998  0.000001 -0.000000 -1.000000  1.546130 0.106374 0
0  0.002580 0.000046 0.030998  0.000001 -0.000000 -1.000000  1.542216 0.110287 0
mount_dovetail_rsr_akr_1913_railed_mount_LOD0
0  0.005547 -0.001143 0.030998  0.000000 -0.000000 -1.000000  1.547572 0.123650 0
0  0.002580 0.000046 0.030998  0.000000 -0.000000 -1.000000  1.542216 0.110287 0
0  0.002898 0.001233 0.030998  0.000000 -0.000000 -1.000000  1.536867 0.111720 0
mount_dovetail_rsr_akr_1913_railed_mount_LOD0
0  0.005547 -0.001143 0.030998  -0.000001 -0.000000 -1.000000  1.547572 0.123650 0
0  0.002898 0.001233 0.030998  -0.000001 -0.000000 -1.000000  1.536867 0.111720 0
0  0.005547 0.003617 0.030998  -0.000001 -0.000000 -1.000000  1.526129 0.123650 0
mount_dovetail_rsr_akr_1913_railed_mount_LOD0
0  0.002898 0.001233 0.030998  0.000000 0.000000 -1.000000  1.536867 0.111720 0
0  0.002580 0.002420 0.030998  0.000000 0.000000 -1.000000  1.531518 0.110287 0
0  0.005547 0.003617 0.030998  0.000000 0.000000 -1.000000  1.526129 0.123650 0
mount_dovetail_rsr_akr_1913_railed_mount_LOD0
0  0.002580 0.002420 0.030998  0.000001 0.000000 -1.000000  1.531518 0.110287 0
0  0.001711 0.003289 0.030998  0.000001 0.000000 -1.000000  1.527604 0.106374 0
0  0.005547 0.003617 0.030998  0.000001 0.000000 -1.000000  1.526129 0.123650 0
mount_dovetail_rsr_akr_1913_railed_mount_LOD0
0  0.001711 0.003289 0.030998  0.000001 0.000001 -1.000000  1.527604 0.106374 0
0  0.000524 0.003617 0.030998  0.000001 0.000001 -1.000000  1.526129 0.101025 0
0  0.005547 0.003617 0.030998  0.000001 0.000001 -1.000000  1.526129 0.123650 0
mount_dovetail_rsr_akr_1913_railed_mount_LOD0
0  0.003024 0.023603 0.028053  0.000137 -1.000000 -0.000143  1.151121 0.446170 0
0  0.005547 0.023603 0.030576  0.000137 -1.000000 -0.000143  1.139757 0.457536 0
0  0.005547 0.023603 0.030998  0.000137 -1.000000 -0.000143  1.139757 0.459435 0
mount_dovetail_rsr_akr_1913_railed_mount_LOD0
0  0.000524 0.023603 0.030998  0.000012 -1.000000 -0.000034  1.162379 0.459435 0
0  0.003024 0.023603 0.028053  0.000012 -1.000000 -0.000034  1.151121 0.446170 0
0  0.005547 0.023603 0.030998  0.000012 -1.000000 -0.000034  1.139757 0.459435 0
mount_dovetail_rsr_akr_1913_railed_mount_LOD0
0  -0.003691 0.023603 0.028053  0.000002 -1.000000 -0.000043  1.181366 0.446170 0
0  0.003024 0.023603 0.028053  0.000002 -1.000000 -0.000043  1.151121 0.446170 0
0  0.000524 0.023603 0.030998  0.000002 -1.000000 -0.000043  1.162379 0.459435 0
mount_dovetail_rsr_akr_1913_railed_mount_LOD0
0  -0.003422 0.023603 0.030998  0.000000 -1.000000 -0.000039  1.180156 0.459435 0
0  -0.003691 0.023603 0.028053  0.000000 -1.000000 -0.000039  1.181366 0.446170 0
0  0.000524 0.023603 0.030998  0.000000 -1.000000 -0.000039  1.162379 0.459435 0
mount_dovetail_rsr_akr_1913_railed_mount_LOD0
0  -0.006214 0.023603 0.030576  -0.000041 -1.000000 -0.000036  1.192732 0.457536 0
0  -0.003691 0.023603 0.028053  -0.000041 -1.000000 -0.000036  1.181366 0.446170 0
0  -0.003422 0.023603 0.030998  -0.000041 -1.000000 -0.000036  1.180156 0.459435 0
mount_dovetail_rsr_akr_1913_railed_mount_LOD0
0  -0.006214 0.023603 0.030998  -0.000025 -1.000000 -0.000136  1.192732 0.459435 0
0  -0.006214 0.023603 0.030576  -0.000025 -1.000000 -0.000136  1.192732 0.457536 0
0  -0.003422 0.023603 0.030998  -0.000025 -1.000000 -0.000136  1.180156 0.459435 0
mount_dovetail_rsr_akr_1913_railed_mount_LOD0
0  -0.006214 0.018843 0.030576  -0.000018 1.000000 -0.000021  1.055560 0.191667 0
0  -0.006214 0.018843 0.030998  -0.000018 1.000000 -0.000021  1.055560 0.189766 0
0  -0.003691 0.018843 0.028053  -0.000018 1.000000 -0.000021  1.044194 0.203032 0
mount_dovetail_rsr_akr_1913_railed_mount_LOD0
0  -0.006214 0.018843 0.030998  -0.000004 1.000000 -0.000010  1.055560 0.189766 0
0  -0.003422 0.018843 0.030998  -0.000004 1.000000 -0.000010  1.042983 0.189766 0
0  -0.003691 0.018843 0.028053  -0.000004 1.000000 -0.000010  1.044194 0.203032 0
mount_dovetail_rsr_akr_1913_railed_mount_LOD0
0  -0.003422 0.018843 0.030998  0.000000 1.000000 -0.000011  1.042983 0.189766 0
0  0.000524 0.018843 0.030998  0.000000 1.000000 -0.000011  1.025208 0.189766 0
0  -0.003691 0.018843 0.028053  0.000000 1.000000 -0.000011  1.044194 0.203032 0
mount_dovetail_rsr_akr_1913_railed_mount_LOD0
0  0.000524 0.018843 0.030998  0.000000 1.000000 -0.000009  1.025208 0.189766 0
0  0.003024 0.018843 0.028053  0.000000 1.000000 -0.000009  1.013950 0.203032 0
0  -0.003691 0.018843 0.028053  0.000000 1.000000 -0.000009  1.044194 0.203032 0
mount_dovetail_rsr_akr_1913_railed_mount_LOD0
0  0.000524 0.018843 0.030998  0.000004 1.000000 -0.000006  1.025208 0.189766 0
0  0.005547 0.018843 0.030998  0.000004 1.000000 -0.000006  1.002585 0.189766 0
0  0.003024 0.018843 0.028053  0.000004 1.000000 -0.000006  1.013950 0.203032 0
mount_dovetail_rsr_akr_1913_railed_mount_LOD0
0  0.005547 0.018843 0.030998  0.000022 1.000000 -0.000021  1.002585 0.189766 0
0  0.005547 0.018843 0.030576  0.000022 1.000000 -0.000021  1.002585 0.191667 0
0  0.003024 0.018843 0.028053  0.000022 1.000000 -0.000021  1.013950 0.203032 0
mount_dovetail_rsr_akr_1913_railed_mount_LOD0
0  -0.005796 0.021219 0.030998  1.000000 0.000486 -0.000001  1.359472 0.342242 0
0  -0.005796 0.021225 0.034062  1.000000 -0.000185 0.000005  1.359472 0.356045 0
0  -0.005478 0.020032 0.030998  0.865815 0.500365 -0.000497  1.365009 0.342242 0
mount_dovetail_rsr_akr_1913_railed_mount_LOD0
0  -0.005796 0.021225 0.034062  1.000000 -0.000185 -0.000497  1.359472 0.356045 0
0  -0.005478 0.020038 0.034062  0.866245 0.499618 -0.000993  1.365009 0.356045 0
0  -0.005478 0.020032 0.030998  0.865814 0.500365 -0.000999  1.365009 0.342242 0
mount_dovetail_rsr_akr_1913_railed_mount_LOD0
0  -0.005478 0.020032 0.030998  0.865661 0.500629 -0.000998  1.365009 0.342242 0
0  -0.005478 0.020038 0.034062  0.866117 0.499841 -0.001021  1.365009 0.356045 0
0  -0.004609 0.019163 0.030998  0.501541 0.865133 -0.001358  1.370543 0.342242 0
mount_dovetail_rsr_akr_1913_railed_mount_LOD0
0  -0.005478 0.020038 0.034062  0.866117 0.499840 -0.001357  1.365009 0.356045 0
0  -0.004609 0.019169 0.034062  0.502122 0.864796 -0.001247  1.370543 0.356045 0
0  -0.004609 0.019163 0.030998  0.501542 0.865132 -0.001228  1.370543 0.342242 0
mount_dovetail_rsr_akr_1913_railed_mount_LOD0
0  -0.004609 0.019163 0.030998  0.501338 0.865251 -0.001232  1.370543 0.342242 0
0  -0.004609 0.019169 0.034062  0.501877 0.864938 -0.001225  1.370543 0.356045 0
0  -0.003422 0.018843 0.030998  0.132570 0.991172 -0.001903  1.376085 0.342242 0
mount_dovetail_rsr_akr_1913_railed_mount_LOD0
0  -0.004609 0.019169 0.034062  0.501885 0.864935 -0.000028  1.370543 0.356045 0
0  -0.003422 0.018843 0.034062  0.132579 0.991172 -0.000506  1.376085 0.356045 0
0  -0.003422 0.018843 0.030998  0.132579 0.991172 -0.000486  1.376085 0.342242 0
mount_dovetail_rsr_akr_1913_railed_mount_LOD0
0  -0.003422 0.018843 0.030998  0.132303 0.991209 -0.000504  1.376085 0.342242 0
0  -0.003422 0.018843 0.034062  0.132304 0.991209 -0.000509  1.376085 0.356045 0
0  0.000524 0.018843 0.030998  -0.132304 0.991209 -0.000029  1.393860 0.342242 0
mount_dovetail_rsr_akr_1913_railed_mount_LOD0
0  -0.003422 0.018843 0.034062  0.132304 0.991209 -0.000029  1.376085 0.356045 0
0  0.000524 0.018843 0.034062  -0.132303 0.991209 -0.000498  1.393860 0.356045 0
0  0.000524 0.018843 0.030998  -0.132303 0.991209 -0.000503  1.393860 0.342242 0
mount_dovetail_rsr_akr_1913_railed_mount_LOD0
0  0.000524 0.018843 0.030998  -0.132570 0.991174 -0.000495  1.393860 0.342242 0
0  0.000524 0.018843 0.034062  -0.132570 0.991174 -0.000500  1.393860 0.356045 0
0  0.001711 0.019163 0.030998  -0.501338 0.865251 -0.000027  1.399401 0.342242 0
mount_dovetail_rsr_akr_1913_railed_mount_LOD0
0  0.000524 0.018843 0.034062  -0.132577 0.991171 -0.001899  1.393860 0.356045 0
0  0.001711 0.019169 0.034062  -0.501884 0.864934 -0.001230  1.399401 0.356045 0
0  0.001711 0.019163 0.030998  -0.501303 0.865271 -0.001223  1.399401 0.342242 0
mount_dovetail_rsr_akr_1913_railed_mount_LOD0
0  0.001711 0.019163 0.030998  -0.501542 0.865132 -0.001236  1.399401 0.342242 0
0  0.001711 0.019169 0.034062  -0.502123 0.864795 -0.001251  1.399401 0.356045 0
0  0.002580 0.020032 0.030998  -0.865661 0.500628 -0.001358  1.404938 0.342242 0
mount_dovetail_rsr_akr_1913_railed_mount_LOD0
0  0.001711 0.019169 0.034062  -0.502123 0.864795 -0.001357  1.399401 0.356045 0
0  0.002580 0.020038 0.034062  -0.866117 0.499840 -0.000983  1.404938 0.356045 0
0  0.002580 0.020032 0.030998  -0.865662 0.500629 -0.001000  1.404938 0.342242 0
mount_dovetail_rsr_akr_1913_railed_mount_LOD0
0  0.002580 0.020032 0.030998  -0.865812 0.500369 -0.000981  1.404938 0.342242 0
0  0.002580 0.020038 0.034062  -0.866243 0.499621 -0.001018  1.404938 0.356045 0
0  0.002898 0.021219 0.030998  -1.000000 0.000490 -0.000496  1.410472 0.342242 0
mount_dovetail_rsr_akr_1913_railed_mount_LOD0
0  0.002580 0.020038 0.034062  -0.866244 0.499620 -0.000497  1.404938 0.356045 0
0  0.002898 0.021225 0.034062  -1.000000 -0.000182 -0.000012  1.410472 0.356045 0
0  0.002898 0.021219 0.030998  -1.000000 0.000489 0.000025  1.410472 0.342242 0
mount_dovetail_rsr_akr_1913_railed_mount_LOD0
0  0.002898 0.021219 0.030998  -1.000000 0.000183 0.000012  1.410472 0.342242 0
0  0.002898 0.021225 0.034062  -1.000000 -0.000488 -0.000025  1.410472 0.356045 0
0  0.002580 0.022406 0.030998  -0.866245 -0.499620 0.000497  1.416007 0.342242 0
mount_dovetail_rsr_akr_1913_railed_mount_LOD0
0  0.002898 0.021225 0.034062  -1.000000 -0.000489 0.000497  1.410472 0.356045 0
0  0.002580 0.022412 0.034062  -0.865813 -0.500367 0.000982  1.416007 0.356045 0
0  0.002580 0.022406 0.030998  -0.866244 -0.499620 0.001018  1.416007 0.342242 0
mount_dovetail_rsr_akr_1913_railed_mount_LOD0
0  0.002580 0.022406 0.030998  -0.866117 -0.499840 0.000984  1.416007 0.342242 0
0  0.002580 0.022412 0.034062  -0.865662 -0.500629 0.001001  1.416007 0.356045 0
0  0.001711 0.023275 0.030998  -0.502496 -0.864579 0.001358  1.421541 0.342242 0
mount_dovetail_rsr_akr_1913_railed_mount_LOD0
0  0.002580 0.022412 0.034062  -0.865658 -0.500634 0.001355  1.416007 0.356045 0
0  0.001711 0.023281 0.034062  -0.502159 -0.864775 0.001221  1.421541 0.356045 0
0  0.001711 0.023275 0.030998  -0.502490 -0.864582 0.001248  1.421541 0.342242 0
mount_dovetail_rsr_akr_1913_railed_mount_LOD0
0  0.001711 0.023275 0.030998  -0.502257 -0.864717 0.001228  1.421541 0.342242 0
0  0.001711 0.023281 0.034062  -0.501884 -0.864934 0.001205  1.421541 0.356045 0
0  0.000524 0.023603 0.030998  -0.133290 -0.991075 0.001894  1.427085 0.342242 0
mount_dovetail_rsr_akr_1913_railed_mount_LOD0
0  0.001711 0.023281 0.034062  -0.501890 -0.864932 -0.000008  1.421541 0.356045 0
0  0.000524 0.023603 0.034062  -0.133297 -0.991076 0.000480  1.427085 0.356045 0
0  0.000524 0.023603 0.030998  -0.133297 -0.991076 0.000474  1.427085 0.342242 0
mount_dovetail_rsr_akr_1913_railed_mount_LOD0
0  -0.003422 0.023603 0.030998  0.133017 -0.991114 -0.000011  1.444862 0.342242 0
0  0.000524 0.023603 0.030998  -0.133016 -0.991114 0.000474  1.427085 0.342242 0
0  0.000524 0.023603 0.034062  -0.133016 -0.991114 0.000488  1.427085 0.356045 0
mount_dovetail_rsr_akr_1913_railed_mount_LOD0
0  -0.003422 0.023603 0.034062  0.133016 -0.991114 0.000469  1.444862 0.356045 0
0  -0.003422 0.023603 0.030998  0.133016 -0.991114 0.000473  1.444862 0.342242 0
0  0.000524 0.023603 0.034062  -0.133017 -0.991114 -0.000010  1.427085 0.356045 0
mount_dovetail_rsr_akr_1913_railed_mount_LOD0
0  -0.003422 0.023603 0.030998  0.133293 -0.991077 0.000477  1.444862 0.342242 0
0  -0.003422 0.023603 0.034062  0.133293 -0.991077 0.000465  1.444862 0.356045 0
0  -0.004609 0.023275 0.030998  0.502259 -0.864717 -0.000009  1.450405 0.342242 0
mount_dovetail_rsr_akr_1913_railed_mount_LOD0
0  -0.003422 0.023603 0.034062  0.133296 -0.991075 0.001899  1.444862 0.356045 0
0  -0.004609 0.023281 0.034062  0.501889 -0.864931 0.001219  1.450405 0.356045 0
0  -0.004609 0.023275 0.030998  0.502262 -0.864715 0.001243  1.450405 0.342242 0
mount_dovetail_rsr_akr_1913_railed_mount_LOD0
0  -0.004609 0.023275 0.030998  0.502491 -0.864582 0.001209  1.450405 0.342242 0
0  -0.004609 0.023281 0.034062  0.502159 -0.864775 0.001226  1.450405 0.356045 0
0  -0.005478 0.022406 0.030998  0.866114 -0.499845 0.001355  1.455940 0.342242 0
mount_dovetail_rsr_akr_1913_railed_mount_LOD0
0  -0.004609 0.023281 0.034062  0.502157 -0.864775 0.001355  1.450405 0.356045 0
0  -0.005478 0.022412 0.034062  0.865657 -0.500636 0.000995  1.455940 0.356045 0
0  -0.005478 0.022406 0.030998  0.866113 -0.499847 0.001018  1.455940 0.342242 0
mount_dovetail_rsr_akr_1913_railed_mount_LOD0
0  -0.005478 0.022406 0.030998  0.866245 -0.499619 0.000993  1.455940 0.342242 0
0  -0.005478 0.022412 0.034062  0.865813 -0.500367 0.000997  1.455940 0.356045 0
0  -0.005796 0.021219 0.030998  1.000000 0.000183 0.000496  1.461475 0.342242 0
mount_dovetail_rsr_akr_1913_railed_mount_LOD0
0  -0.005478 0.022412 0.034062  0.865812 -0.500369 0.000496  1.455940 0.356045 0
0  -0.005796 0.021225 0.034062  1.000000 -0.000490 -0.000000  1.461475 0.356045 0
0  -0.005796 0.021219 0.030998  1.000000 0.000181 -0.000005  1.461475 0.342242 0
mount_dovetail_rsr_akr_1913_railed_mount_LOD0
0  -0.003422 0.023603 0.030998  -0.000002 0.000002 -1.000000  1.872434 0.075309 0
0  -0.004609 0.023275 0.030998  -0.000002 0.000002 -1.000000  1.877781 0.076786 0
0  -0.006214 0.023603 0.030998  -0.000002 0.000002 -1.000000  1.885011 0.075309 0
mount_dovetail_rsr_akr_1913_railed_mount_LOD0
0  -0.004609 0.023275 0.030998  -0.000004 0.000001 -1.000000  1.877781 0.076786 0
0  -0.005478 0.022406 0.030998  -0.000004 0.000001 -1.000000  1.881696 0.080700 0
0  -0.006214 0.023603 0.030998  -0.000004 0.000001 -1.000000  1.885011 0.075309 0
mount_dovetail_rsr_akr_1913_railed_mount_LOD0
0  -0.005478 0.022406 0.030998  0.000000 0.000000 -1.000000  1.881696 0.080700 0
0  -0.005796 0.021219 0.030998  0.000000 0.000000 -1.000000  1.883128 0.086046 0
0  -0.006214 0.023603 0.030998  0.000000 0.000000 -1.000000  1.885011 0.075309 0
mount_dovetail_rsr_akr_1913_railed_mount_LOD0
0  -0.005796 0.021219 0.030998  -0.000015 0.000000 -1.000000  1.883128 0.086046 0
0  -0.006214 0.018843 0.030998  -0.000015 0.000000 -1.000000  1.885011 0.096750 0
0  -0.006214 0.023603 0.030998  -0.000015 0.000000 -1.000000  1.885011 0.075309 0
mount_dovetail_rsr_akr_1913_railed_mount_LOD0
0  -0.005796 0.021219 0.030998  0.000000 -0.000000 -1.000000  1.883128 0.086046 0
0  -0.005478 0.020032 0.030998  0.000000 -0.000000 -1.000000  1.881695 0.091395 0
0  -0.006214 0.018843 0.030998  0.000000 -0.000000 -1.000000  1.885011 0.096750 0
mount_dovetail_rsr_akr_1913_railed_mount_LOD0
0  -0.005478 0.020032 0.030998  -0.000002 -0.000001 -1.000000  1.881695 0.091395 0
0  -0.004609 0.019163 0.030998  -0.000002 -0.000001 -1.000000  1.877781 0.095309 0
0  -0.006214 0.018843 0.030998  -0.000002 -0.000001 -1.000000  1.885011 0.096750 0
mount_dovetail_rsr_akr_1913_railed_mount_LOD0
0  -0.004609 0.019163 0.030998  -0.000000 -0.000006 -1.000000  1.877781 0.095309 0
0  -0.003422 0.018843 0.030998  -0.000000 -0.000006 -1.000000  1.872434 0.096750 0
0  -0.006214 0.018843 0.030998  -0.000000 -0.000006 -1.000000  1.885011 0.096750 0
mount_dovetail_rsr_akr_1913_railed_mount_LOD0
0  0.005547 0.018843 0.030998  0.000000 -0.000006 -1.000000  1.373725 0.205979 0
0  0.000524 0.018843 0.030998  0.000000 -0.000006 -1.000000  1.351102 0.205980 0
0  0.001711 0.019163 0.030998  0.000000 -0.000006 -1.000000  1.356448 0.207421 0
mount_dovetail_rsr_akr_1913_railed_mount_LOD0
0  0.005547 0.018843 0.030998  0.000000 -0.000000 -1.000000  1.373725 0.205979 0
0  0.001711 0.019163 0.030998  0.000000 -0.000000 -1.000000  1.356448 0.207421 0
0  0.002580 0.020032 0.030998  0.000000 -0.000000 -1.000000  1.360362 0.211335 0
mount_dovetail_rsr_akr_1913_railed_mount_LOD0
0  0.005547 0.018843 0.030998  0.000000 -0.000000 -1.000000  1.373725 0.205979 0
0  0.002580 0.020032 0.030998  0.000000 -0.000000 -1.000000  1.360362 0.211335 0
0  0.002898 0.021219 0.030998  0.000000 -0.000000 -1.000000  1.361794 0.216686 0
mount_dovetail_rsr_akr_1913_railed_mount_LOD0
0  0.005547 0.018843 0.030998  0.000001 -0.000000 -1.000000  1.373725 0.205979 0
0  0.002898 0.021219 0.030998  0.000001 -0.000000 -1.000000  1.361794 0.216686 0
0  0.005547 0.023603 0.030998  0.000001 -0.000000 -1.000000  1.373725 0.227424 0
mount_dovetail_rsr_akr_1913_railed_mount_LOD0
0  0.002898 0.021219 0.030998  0.000002 0.000000 -1.000000  1.361794 0.216686 0
0  0.002580 0.022406 0.030998  0.000002 0.000000 -1.000000  1.360362 0.222034 0
0  0.005547 0.023603 0.030998  0.000002 0.000000 -1.000000  1.373725 0.227424 0
mount_dovetail_rsr_akr_1913_railed_mount_LOD0
0  0.002580 0.022406 0.030998  0.000000 0.000000 -1.000000  1.360362 0.222034 0
0  0.001711 0.023275 0.030998  0.000000 0.000000 -1.000000  1.356448 0.225948 0
0  0.005547 0.023603 0.030998  0.000000 0.000000 -1.000000  1.373725 0.227424 0
mount_dovetail_rsr_akr_1913_railed_mount_LOD0
0  0.001711 0.023275 0.030998  0.000002 0.000001 -1.000000  1.356448 0.225948 0
0  0.000524 0.023603 0.030998  0.000002 0.000001 -1.000000  1.351102 0.227424 0
0  0.005547 0.023603 0.030998  0.000002 0.000001 -1.000000  1.373725 0.227424 0
mount_dovetail_rsr_akr_1913_railed_mount_LOD0
0  0.005547 -0.011135 0.030998  0.000135 1.000000 -0.000189  0.139755 0.459435 0
0  0.005547 -0.011135 0.030576  0.000135 1.000000 -0.000189  0.139755 0.457536 0
0  0.003024 -0.011135 0.028053  0.000140 1.000000 -0.000183  0.151121 0.446170 0
mount_dovetail_rsr_akr_1913_railed_mount_LOD0
0  0.000524 -0.011135 0.030998  -0.000023 1.000000 -0.000058  0.162378 0.459435 0
0  0.005547 -0.011135 0.030998  -0.000023 1.000000 -0.000058  0.139755 0.459435 0
0  0.003024 -0.011135 0.028053  -0.000023 1.000000 -0.000058  0.151121 0.446170 0
mount_dovetail_rsr_akr_1913_railed_mount_LOD0
0  0.000524 -0.011135 0.030998  0.000000 1.000000 -0.000039  0.162378 0.459435 0
0  0.003024 -0.011135 0.028053  0.000000 1.000000 -0.000039  0.151121 0.446170 0
0  -0.003691 -0.011135 0.028053  0.000000 1.000000 -0.000039  0.181365 0.446170 0
mount_dovetail_rsr_akr_1913_railed_mount_LOD0
0  -0.003422 -0.011135 0.030998  0.000000 1.000000 -0.000039  0.180153 0.459435 0
0  0.000524 -0.011135 0.030998  0.000000 1.000000 -0.000039  0.162378 0.459435 0
0  -0.003691 -0.011135 0.028053  0.000000 1.000000 -0.000039  0.181365 0.446170 0
mount_dovetail_rsr_akr_1913_railed_mount_LOD0
0  -0.003422 -0.011135 0.030998  -0.000038 1.000000 -0.000035  0.180153 0.459435 0
0  -0.003691 -0.011135 0.028053  -0.000038 1.000000 -0.000035  0.181365 0.446170 0
0  -0.006214 -0.011135 0.030576  -0.000038 1.000000 -0.000035  0.192729 0.457536 0
mount_dovetail_rsr_akr_1913_railed_mount_LOD0
0  -0.006214 -0.011135 0.030998  -0.000046 1.000000 0.000007  0.192729 0.459435 0
0  -0.003422 -0.011135 0.030998  -0.000023 1.000000 0.000010  0.180153 0.459435 0
0  -0.006214 -0.011135 0.030576  -0.000046 1.000000 0.000007  0.192729 0.457536 0
mount_dovetail_rsr_akr_1913_railed_mount_LOD0
0  -0.006214 -0.006375 0.030998  0.000150 -1.000000 0.000197  0.322561 0.445619 0
0  -0.006214 -0.006375 0.030576  0.000150 -1.000000 0.000197  0.324461 0.445619 0
0  -0.003691 -0.006375 0.028053  0.000086 -1.000000 0.000125  0.335825 0.456984 0
mount_dovetail_rsr_akr_1913_railed_mount_LOD0
0  -0.003422 -0.006375 0.030998  -0.000038 -1.000000 0.000038  0.322561 0.458194 0
0  -0.006214 -0.006375 0.030998  -0.000038 -1.000000 0.000038  0.322561 0.445619 0
0  -0.003691 -0.006375 0.028053  -0.000038 -1.000000 0.000038  0.335825 0.456984 0
mount_dovetail_rsr_akr_1913_railed_mount_LOD0
0  0.000524 -0.006375 0.030998  0.000000 -1.000000 0.000033  0.322561 0.475972 0
0  -0.003422 -0.006375 0.030998  0.000000 -1.000000 0.000033  0.322561 0.458194 0
0  -0.003691 -0.006375 0.028053  0.000000 -1.000000 0.000033  0.335825 0.456984 0
mount_dovetail_rsr_akr_1913_railed_mount_LOD0
0  0.003024 -0.006375 0.028053  -0.000002 -1.000000 0.000036  0.335825 0.487227 0
0  0.000524 -0.006375 0.030998  -0.000002 -1.000000 0.000036  0.322561 0.475972 0
0  -0.003691 -0.006375 0.028053  -0.000002 -1.000000 0.000036  0.335825 0.456984 0
mount_dovetail_rsr_akr_1913_railed_mount_LOD0
0  0.005547 -0.006375 0.030998  0.000020 -1.000000 0.000054  0.322561 0.498594 0
0  0.000524 -0.006375 0.030998  0.000020 -1.000000 0.000054  0.322561 0.475972 0
0  0.003024 -0.006375 0.028053  0.000020 -1.000000 0.000054  0.335825 0.487227 0
mount_dovetail_rsr_akr_1913_railed_mount_LOD0
0  0.005547 -0.006375 0.030576  -0.000089 -1.000000 0.000148  0.324462 0.498592 0
0  0.005547 -0.006375 0.030998  -0.000089 -1.000000 0.000148  0.322561 0.498594 0
0  0.003024 -0.006375 0.028053  -0.000095 -1.000000 0.000142  0.335825 0.487227 0
mount_dovetail_rsr_akr_1913_railed_mount_LOD0
0  -0.005796 -0.008755 0.034062  1.000000 0.000088 0.000013  1.359474 0.356045 0
0  -0.005796 -0.008751 0.030998  1.000000 -0.000343 -0.000339  1.359474 0.342242 0
0  -0.005478 -0.007564 0.030998  0.866029 -0.499993 -0.000649  1.365009 0.342242 0
mount_dovetail_rsr_akr_1913_railed_mount_LOD0
0  -0.005478 -0.007568 0.034062  0.866245 -0.499619 -0.000340  1.365009 0.356045 0
0  -0.005796 -0.008755 0.034062  1.000000 0.000088 -0.000029  1.359474 0.356045 0
0  -0.005478 -0.007564 0.030998  0.866030 -0.499992 -0.000692  1.365009 0.342242 0
mount_dovetail_rsr_akr_1913_railed_mount_LOD0
0  -0.005478 -0.007568 0.034062  0.866114 -0.499846 -0.000655  1.365009 0.356045 0
0  -0.005478 -0.007564 0.030998  0.865875 -0.500260 -0.000927  1.365009 0.342242 0
0  -0.004609 -0.006695 0.030998  0.501206 -0.865328 -0.000822  1.370544 0.342242 0
mount_dovetail_rsr_akr_1913_railed_mount_LOD0
0  -0.004609 -0.006699 0.034062  0.501580 -0.865111 -0.000927  1.370544 0.356045 0
0  -0.005478 -0.007568 0.034062  0.866115 -0.499844 -0.000696  1.365009 0.356045 0
0  -0.004609 -0.006695 0.030998  0.501207 -0.865327 -0.000872  1.370544 0.342242 0
mount_dovetail_rsr_akr_1913_railed_mount_LOD0
0  -0.004609 -0.006699 0.034062  0.501335 -0.865253 -0.000871  1.370544 0.356045 0
0  -0.004609 -0.006695 0.030998  0.500962 -0.865468 -0.001264  1.370544 0.342242 0
0  -0.003422 -0.006375 0.030998  0.132095 -0.991237 -0.000369  1.376083 0.342242 0
mount_dovetail_rsr_akr_1913_railed_mount_LOD0
0  -0.003422 -0.006375 0.034062  0.132106 -0.991236 -0.000070  1.376083 0.356045 0
0  -0.004609 -0.006699 0.034062  0.501306 -0.865270 -0.000879  1.370544 0.356045 0
0  -0.003422 -0.006375 0.030998  0.132107 -0.991235 -0.000384  1.376083 0.342242 0
mount_dovetail_rsr_akr_1913_railed_mount_LOD0
0  -0.003422 -0.006375 0.030998  0.131829 -0.991272 -0.000072  1.376083 0.342242 0
0  0.000524 -0.006375 0.030998  -0.131829 -0.991272 -0.000394  1.393860 0.342242 0
0  -0.003422 -0.006375 0.034062  0.131829 -0.991272 -0.000375  1.376083 0.356045 0
mount_dovetail_rsr_akr_1913_railed_mount_LOD0
0  0.000524 -0.006375 0.030998  -0.131829 -0.991272 -0.000376  1.393860 0.342242 0
0  0.000524 -0.006375 0.034062  -0.131829 -0.991272 -0.000073  1.393860 0.356045 0
0  -0.003422 -0.006375 0.034062  0.131829 -0.991272 -0.000368  1.376083 0.356045 0
mount_dovetail_rsr_akr_1913_railed_mount_LOD0
0  0.000524 -0.006375 0.034062  -0.132086 -0.991238 -0.000385  1.393860 0.356045 0
0  0.000524 -0.006375 0.030998  -0.132086 -0.991238 -0.000070  1.393860 0.342242 0
0  0.001711 -0.006695 0.030998  -0.500956 -0.865472 -0.000860  1.399399 0.342242 0
mount_dovetail_rsr_akr_1913_railed_mount_LOD0
0  0.001711 -0.006699 0.034062  -0.501303 -0.865271 -0.001264  1.399399 0.356045 0
0  0.000524 -0.006375 0.034062  -0.132105 -0.991236 -0.000389  1.393860 0.356045 0
0  0.001711 -0.006695 0.030998  -0.500971 -0.865463 -0.000859  1.399399 0.342242 0
mount_dovetail_rsr_akr_1913_railed_mount_LOD0
0  0.001711 -0.006699 0.034062  -0.501542 -0.865133 -0.000863  1.399399 0.356045 0
0  0.001711 -0.006695 0.030998  -0.501210 -0.865325 -0.000926  1.399399 0.342242 0
0  0.002580 -0.007564 0.030998  -0.865878 -0.500256 -0.000651  1.404935 0.342242 0
mount_dovetail_rsr_akr_1913_railed_mount_LOD0
0  0.002580 -0.007568 0.034062  -0.866117 -0.499841 -0.000925  1.404935 0.356045 0
0  0.001711 -0.006699 0.034062  -0.501541 -0.865133 -0.000857  1.399399 0.356045 0
0  0.002580 -0.007564 0.030998  -0.865877 -0.500256 -0.000662  1.404935 0.342242 0
mount_dovetail_rsr_akr_1913_railed_mount_LOD0
0  0.002580 -0.007568 0.034062  -0.866245 -0.499619 -0.000681  1.404935 0.356045 0
0  0.002580 -0.007564 0.030998  -0.866029 -0.499993 -0.000338  1.404935 0.342242 0
0  0.002898 -0.008751 0.030998  -1.000000 -0.000344 0.000030  1.410470 0.342242 0
mount_dovetail_rsr_akr_1913_railed_mount_LOD0
0  0.002898 -0.008755 0.034062  -1.000000 0.000088 -0.000338  1.410470 0.356045 0
0  0.002580 -0.007568 0.034062  -0.866245 -0.499619 -0.000707  1.404935 0.356045 0
0  0.002898 -0.008751 0.030998  -1.000000 -0.000344 0.000005  1.410470 0.342242 0
mount_dovetail_rsr_akr_1913_railed_mount_LOD0
0  0.002898 -0.008755 0.034062  -1.000000 0.000345 -0.000004  1.410470 0.356045 0
0  0.002898 -0.008751 0.030998  -1.000000 -0.000087 0.000339  1.410470 0.342242 0
0  0.002580 -0.009938 0.030998  -0.866244 0.499620 0.000708  1.416005 0.342242 0
mount_dovetail_rsr_akr_1913_railed_mount_LOD0
0  0.002580 -0.009942 0.034062  -0.866029 0.499993 0.000340  1.416005 0.356045 0
0  0.002898 -0.008755 0.034062  -1.000000 0.000344 -0.000028  1.410470 0.356045 0
0  0.002580 -0.009938 0.030998  -0.866245 0.499619 0.000684  1.416005 0.342242 0
mount_dovetail_rsr_akr_1913_railed_mount_LOD0
0  0.002580 -0.009942 0.034062  -0.865878 0.500255 0.000665  1.416005 0.356045 0
0  0.002580 -0.009938 0.030998  -0.866117 0.499840 0.000927  1.416005 0.342242 0
0  0.001711 -0.010807 0.030998  -0.503076 0.864241 0.000860  1.421539 0.342242 0
mount_dovetail_rsr_akr_1913_railed_mount_LOD0
0  0.001711 -0.010811 0.034062  -0.502493 0.864581 0.000926  1.421539 0.356045 0
0  0.002580 -0.009942 0.034062  -0.865876 0.500259 0.000651  1.416005 0.356045 0
0  0.001711 -0.010807 0.030998  -0.503073 0.864244 0.000864  1.421539 0.342242 0
mount_dovetail_rsr_akr_1913_railed_mount_LOD0
0  0.001711 -0.010811 0.034062  -0.502258 0.864717 0.000830  1.421539 0.356045 0
0  0.001711 -0.010807 0.030998  -0.502839 0.864379 0.001263  1.421539 0.342242 0
0  0.000524 -0.011135 0.030998  -0.133628 0.991032 0.000355  1.427085 0.342242 0
mount_dovetail_rsr_akr_1913_railed_mount_LOD0
0  0.000524 -0.011135 0.034062  -0.133625 0.991032 0.000036  1.427085 0.356045 0
0  0.001711 -0.010811 0.034062  -0.502258 0.864717 0.000823  1.421539 0.356045 0
0  0.000524 -0.011135 0.030998  -0.133626 0.991032 0.000347  1.427085 0.342242 0
mount_dovetail_rsr_akr_1913_railed_mount_LOD0
0  0.000524 -0.011135 0.034062  -0.133397 0.991063 0.000365  1.427085 0.356045 0
0  0.000524 -0.011135 0.030998  -0.133397 0.991063 0.000037  1.427085 0.342242 0
0  -0.003422 -0.011135 0.030998  0.133397 0.991063 0.000341  1.444860 0.342242 0
mount_dovetail_rsr_akr_1913_railed_mount_LOD0
0  -0.003422 -0.011135 0.034062  0.133397 0.991063 0.000038  1.444860 0.356045 0
0  0.000524 -0.011135 0.034062  -0.133397 0.991063 0.000363  1.427085 0.356045 0
0  -0.003422 -0.011135 0.030998  0.133397 0.991063 0.000365  1.444860 0.342242 0
mount_dovetail_rsr_akr_1913_railed_mount_LOD0
0  -0.003422 -0.011135 0.034062  0.133626 0.991032 0.000361  1.444860 0.356045 0
0  -0.003422 -0.011135 0.030998  0.133626 0.991032 0.000036  1.444860 0.342242 0
0  -0.004609 -0.010807 0.030998  0.502839 0.864380 0.000868  1.450405 0.342242 0
mount_dovetail_rsr_akr_1913_railed_mount_LOD0
0  -0.004609 -0.010811 0.034062  0.502260 0.864716 0.001263  1.450405 0.356045 0
0  -0.003422 -0.011135 0.034062  0.133630 0.991031 0.000342  1.444860 0.356045 0
0  -0.004609 -0.010807 0.030998  0.502840 0.864379 0.000858  1.450405 0.342242 0
mount_dovetail_rsr_akr_1913_railed_mount_LOD0
0  -0.004609 -0.010811 0.034062  0.502495 0.864580 0.000826  1.450405 0.356045 0
0  -0.004609 -0.010807 0.030998  0.503075 0.864242 0.000926  1.450405 0.342242 0
0  -0.005478 -0.009938 0.030998  0.866117 0.499841 0.000695  1.455942 0.342242 0
mount_dovetail_rsr_akr_1913_railed_mount_LOD0
0  -0.005478 -0.009942 0.034062  0.865876 0.500257 0.000925  1.455942 0.356045 0
0  -0.004609 -0.010811 0.034062  0.502494 0.864580 0.000812  1.450405 0.356045 0
0  -0.005478 -0.009938 0.030998  0.866116 0.499843 0.000653  1.455942 0.342242 0
mount_dovetail_rsr_akr_1913_railed_mount_LOD0
0  -0.005478 -0.009942 0.034062  0.866030 0.499991 0.000691  1.455942 0.356045 0
0  -0.005478 -0.009938 0.030998  0.866246 0.499618 0.000338  1.455942 0.342242 0
0  -0.005796 -0.008751 0.030998  1.000000 -0.000089 0.000028  1.461475 0.342242 0
mount_dovetail_rsr_akr_1913_railed_mount_LOD0
0  -0.005796 -0.008755 0.034062  1.000000 0.000342 0.000339  1.461475 0.356045 0
0  -0.005478 -0.009942 0.034062  0.866030 0.499991 0.000649  1.455942 0.356045 0
0  -0.005796 -0.008751 0.030998  1.000000 -0.000090 -0.000014  1.461475 0.342242 0
mount_dovetail_rsr_akr_1913_railed_mount_LOD0
0  -0.004609 -0.010807 0.030998  0.000001 0.000000 -1.000000  0.877780 0.076786 0
0  -0.003422 -0.011135 0.030998  0.000001 0.000000 -1.000000  0.872434 0.075309 0
0  -0.006214 -0.011135 0.030998  0.000001 0.000000 -1.000000  0.885011 0.075309 0
mount_dovetail_rsr_akr_1913_railed_mount_LOD0
0  -0.005478 -0.009938 0.030998  -0.000002 0.000000 -1.000000  0.881695 0.080699 0
0  -0.004609 -0.010807 0.030998  -0.000002 0.000000 -1.000000  0.877780 0.076786 0
0  -0.006214 -0.011135 0.030998  -0.000002 0.000000 -1.000000  0.885011 0.075309 0
mount_dovetail_rsr_akr_1913_railed_mount_LOD0
0  -0.005796 -0.008751 0.030998  0.000006 0.000000 -1.000000  0.883127 0.086046 0
0  -0.005478 -0.009938 0.030998  0.000006 0.000000 -1.000000  0.881695 0.080699 0
0  -0.006214 -0.011135 0.030998  0.000006 0.000000 -1.000000  0.885011 0.075309 0
mount_dovetail_rsr_akr_1913_railed_mount_LOD0
0  -0.006214 -0.006375 0.030998  0.000000 0.000001 -1.000000  0.885011 0.096749 0
0  -0.005796 -0.008751 0.030998  0.000000 0.000001 -1.000000  0.883127 0.086046 0
0  -0.006214 -0.011135 0.030998  0.000000 0.000001 -1.000000  0.885011 0.075309 0
mount_dovetail_rsr_akr_1913_railed_mount_LOD0
0  -0.005478 -0.007564 0.030998  -0.000012 0.000001 -1.000000  0.881695 0.091394 0
0  -0.005796 -0.008751 0.030998  -0.000012 0.000001 -1.000000  0.883127 0.086046 0
0  -0.006214 -0.006375 0.030998  -0.000012 0.000001 -1.000000  0.885011 0.096749 0
mount_dovetail_rsr_akr_1913_railed_mount_LOD0
0  -0.004609 -0.006695 0.030998  0.000000 0.000002 -1.000000  0.877780 0.095308 0
0  -0.005478 -0.007564 0.030998  0.000000 0.000002 -1.000000  0.881695 0.091394 0
0  -0.006214 -0.006375 0.030998  0.000000 0.000002 -1.000000  0.885011 0.096749 0
mount_dovetail_rsr_akr_1913_railed_mount_LOD0
0  -0.003422 -0.006375 0.030998  0.000000 0.000008 -1.000000  0.872434 0.096749 0
0  -0.004609 -0.006695 0.030998  0.000000 0.000008 -1.000000  0.877780 0.095308 0
0  -0.006214 -0.006375 0.030998  0.000000 0.000008 -1.000000  0.885011 0.096749 0
mount_dovetail_rsr_akr_1913_railed_mount_LOD0
0  0.000524 -0.006375 0.030998  0.000000 0.000007 -1.000000  0.351102 0.205982 0
0  0.005547 -0.006375 0.030998  0.000000 0.000007 -1.000000  0.373725 0.205982 0
0  0.001711 -0.006695 0.030998  0.000000 0.000007 -1.000000  0.356450 0.207422 0
mount_dovetail_rsr_akr_1913_railed_mount_LOD0
0  0.001711 -0.006695 0.030998  0.000000 0.000001 -1.000000  0.356450 0.207422 0
0  0.005547 -0.006375 0.030998  0.000000 0.000001 -1.000000  0.373725 0.205982 0
0  0.002580 -0.007564 0.030998  0.000000 0.000001 -1.000000  0.360362 0.211336 0
mount_dovetail_rsr_akr_1913_railed_mount_LOD0
0  0.002580 -0.007564 0.030998  0.000004 0.000000 -1.000000  0.360362 0.211336 0
0  0.005547 -0.006375 0.030998  0.000004 0.000000 -1.000000  0.373725 0.205982 0
0  0.002898 -0.008751 0.030998  0.000004 0.000000 -1.000000  0.361796 0.216686 0
mount_dovetail_rsr_akr_1913_railed_mount_LOD0
0  0.002898 -0.008751 0.030998  0.000000 0.000001 -1.000000  0.361796 0.216686 0
0  0.005547 -0.006375 0.030998  0.000000 0.000001 -1.000000  0.373725 0.205982 0
0  0.005547 -0.011135 0.030998  0.000000 0.000001 -1.000000  0.373725 0.227424 0
mount_dovetail_rsr_akr_1913_railed_mount_LOD0
0  0.002580 -0.009938 0.030998  -0.000004 0.000000 -1.000000  0.360362 0.222033 0
0  0.002898 -0.008751 0.030998  -0.000004 0.000000 -1.000000  0.361796 0.216686 0
0  0.005547 -0.011135 0.030998  -0.000004 0.000000 -1.000000  0.373725 0.227424 0
mount_dovetail_rsr_akr_1913_railed_mount_LOD0
0  0.001711 -0.010807 0.030998  0.000002 0.000000 -1.000000  0.356448 0.225946 0
0  0.002580 -0.009938 0.030998  0.000002 0.000000 -1.000000  0.360362 0.222033 0
0  0.005547 -0.011135 0.030998  0.000002 0.000000 -1.000000  0.373725 0.227424 0
mount_dovetail_rsr_akr_1913_railed_mount_LOD0
0  0.000524 -0.011135 0.030998  -0.000001 0.000000 -1.000000  0.351102 0.227423 0
0  0.001711 -0.010807 0.030998  -0.000001 0.000000 -1.000000  0.356448 0.225946 0
0  0.005547 -0.011135 0.030998  -0.000001 0.000000 -1.000000  0.373725 0.227424 0
mount_dovetail_rsr_akr_1913_railed_mount_LOD0
0  -0.004684 0.021227 0.030946  -1.000000 0.000151 0.000012  1.067758 0.703239 0
0  -0.004684 0.021227 0.035151  -1.000000 0.000151 0.000026  1.067758 0.721189 0
0  -0.004369 0.022399 0.030946  -0.866149 0.499785 -0.000007  1.062290 0.703239 0
mount_dovetail_rsr_akr_1913_railed_mount_LOD0
0  -0.004684 0.021227 0.035151  -1.000000 0.000150 0.000007  1.067758 0.721189 0
0  -0.004369 0.022399 0.035151  -0.866150 0.499784 -0.000012  1.062290 0.721189 0
0  -0.004369 0.022399 0.030946  -0.866150 0.499784 -0.000026  1.062290 0.703239 0
mount_dovetail_rsr_akr_1913_railed_mount_LOD0
0  -0.004369 0.022399 0.030946  -0.865997 0.500048 0.000012  1.062290 0.703239 0
0  -0.004369 0.022399 0.035151  -0.865997 0.500048 0.000026  1.062290 0.721189 0
0  -0.003511 0.023258 0.030946  -0.500048 0.865997 -0.000007  1.056822 0.703239 0
mount_dovetail_rsr_akr_1913_railed_mount_LOD0
0  -0.004369 0.022399 0.035151  -0.865998 0.500048 0.000007  1.062290 0.721189 0
0  -0.003511 0.023258 0.035151  -0.500049 0.865997 -0.000012  1.056822 0.721189 0
0  -0.003511 0.023258 0.030946  -0.500049 0.865997 -0.000026  1.056822 0.703239 0
mount_dovetail_rsr_akr_1913_railed_mount_LOD0
0  -0.003511 0.023258 0.030946  -0.499781 0.866152 0.000012  1.056822 0.703239 0
0  -0.003511 0.023258 0.035151  -0.499781 0.866152 0.000026  1.056822 0.721189 0
0  -0.002339 0.023572 0.030946  -0.000146 1.000000 -0.000007  1.051355 0.703239 0
mount_dovetail_rsr_akr_1913_railed_mount_LOD0
0  -0.003511 0.023258 0.035151  -0.499781 0.866152 0.000086  1.056822 0.721189 0
0  -0.002339 0.023572 0.035151  -0.000147 1.000000 -0.000012  1.051355 0.721189 0
0  -0.002339 0.023572 0.030946  -0.000147 1.000000 -0.000026  1.051355 0.703239 0
mount_dovetail_rsr_akr_1913_railed_mount_LOD0
0  -0.002339 0.023572 0.030946  0.000155 1.000000 0.000012  1.051355 0.703239 0
0  -0.002339 0.023572 0.035151  0.000155 1.000000 0.000025  1.051355 0.721189 0
0  -0.001166 0.023258 0.030946  0.499788 0.866148 -0.000007  1.045887 0.703239 0
mount_dovetail_rsr_akr_1913_railed_mount_LOD0
0  -0.002339 0.023572 0.035151  0.000155 1.000000 0.000125  1.051355 0.721189 0
0  -0.001166 0.023258 0.035151  0.499788 0.866148 -0.000012  1.045887 0.721189 0
0  -0.001166 0.023258 0.030946  0.499788 0.866148 -0.000025  1.045887 0.703239 0
mount_dovetail_rsr_akr_1913_railed_mount_LOD0
0  -0.001166 0.023258 0.030946  0.500044 0.866000 0.000012  1.045887 0.703239 0
0  -0.001166 0.023258 0.035151  0.500044 0.866000 0.000026  1.045887 0.721189 0
0  -0.000308 0.022399 0.030946  0.865995 0.500053 -0.000008  1.040420 0.703239 0
mount_dovetail_rsr_akr_1913_railed_mount_LOD0
0  -0.001166 0.023258 0.035151  0.500044 0.866000 0.000087  1.045887 0.721189 0
0  -0.000308 0.022399 0.035151  0.865995 0.500052 -0.000013  1.040420 0.721189 0
0  -0.000308 0.022399 0.030946  0.865995 0.500052 -0.000026  1.040420 0.703239 0
mount_dovetail_rsr_akr_1913_railed_mount_LOD0
0  -0.000308 0.022399 0.030946  0.866150 0.499785 0.000012  1.040420 0.703239 0
0  -0.000308 0.022399 0.035151  0.866150 0.499785 0.000026  1.040420 0.721189 0
0  0.000006 0.021227 0.030946  1.000000 0.000151 -0.000007  1.034953 0.703239 0
mount_dovetail_rsr_akr_1913_railed_mount_LOD0
0  -0.000308 0.022399 0.035151  0.866150 0.499784 0.000007  1.040420 0.721189 0
0  0.000006 0.021227 0.035151  1.000000 0.000150 -0.000012  1.034953 0.721189 0
0  0.000006 0.021227 0.030946  1.000000 0.000150 -0.000026  1.034953 0.703239 0
mount_dovetail_rsr_akr_1913_railed_mount_LOD0
0  0.000006 0.021227 0.030946  1.000000 -0.000149 0.000012  1.034953 0.703239 0
0  0.000006 0.021227 0.035151  1.000000 -0.000149 0.000025  1.034953 0.721189 0
0  -0.000308 0.020054 0.030946  0.866151 -0.499783 -0.000007  1.029486 0.703239 0
mount_dovetail_rsr_akr_1913_railed_mount_LOD0
0  0.000006 0.021227 0.035151  1.000000 -0.000149 0.000086  1.034953 0.721189 0
0  -0.000308 0.020054 0.035151  0.866151 -0.499783 -0.000012  1.029486 0.721189 0
0  -0.000308 0.020054 0.030946  0.866151 -0.499783 -0.000025  1.029486 0.703239 0
mount_dovetail_rsr_akr_1913_railed_mount_LOD0
0  -0.000308 0.020054 0.030946  0.865998 -0.500048 0.000012  1.029486 0.703239 0
0  -0.000308 0.020054 0.035151  0.865998 -0.500048 0.000025  1.029486 0.721189 0
0  -0.001166 0.019196 0.030946  0.500049 -0.865997 -0.000007  1.024018 0.703239 0
mount_dovetail_rsr_akr_1913_railed_mount_LOD0
0  -0.000308 0.020054 0.035151  0.865997 -0.500049 0.000086  1.029486 0.721189 0
0  -0.001166 0.019196 0.035151  0.500048 -0.865998 -0.000012  1.024018 0.721189 0
0  -0.001166 0.019196 0.030946  0.500048 -0.865998 -0.000025  1.024018 0.703239 0
mount_dovetail_rsr_akr_1913_railed_mount_LOD0
0  -0.001166 0.019196 0.030946  0.499781 -0.866152 0.000012  1.024018 0.703239 0
0  -0.001166 0.019196 0.035151  0.499781 -0.866152 0.000026  1.024018 0.721189 0
0  -0.002339 0.018882 0.030946  0.000146 -1.000000 -0.000126  1.018550 0.703239 0
mount_dovetail_rsr_akr_1913_railed_mount_LOD0
0  -0.001166 0.019196 0.035151  0.499781 -0.866152 0.000007  1.024018 0.721189 0
0  -0.002339 0.018882 0.035151  0.000147 -1.000000 -0.000012  1.018550 0.721189 0
0  -0.002339 0.018882 0.030946  0.000147 -1.000000 -0.000026  1.018550 0.703239 0
mount_dovetail_rsr_akr_1913_railed_mount_LOD0
0  -0.002339 0.018882 0.030946  -0.000146 -1.000000 0.000012  1.018550 0.703239 0
0  -0.002339 0.018882 0.035151  -0.000146 -1.000000 0.000026  1.018550 0.721189 0
0  -0.003511 0.019196 0.030946  -0.499781 -0.866152 -0.000086  1.013083 0.703239 0
mount_dovetail_rsr_akr_1913_railed_mount_LOD0
0  -0.002339 0.018882 0.035151  -0.000147 -1.000000 0.000007  1.018550 0.721189 0
0  -0.003511 0.019196 0.035151  -0.499781 -0.866152 -0.000012  1.013083 0.721189 0
0  -0.003511 0.019196 0.030946  -0.499781 -0.866152 -0.000026  1.013083 0.703239 0
mount_dovetail_rsr_akr_1913_railed_mount_LOD0
0  -0.003511 0.019196 0.030946  -0.500049 -0.865997 0.000012  1.013083 0.703239 0
0  -0.003511 0.019196 0.035151  -0.500049 -0.865997 0.000026  1.013083 0.721189 0
0  -0.004369 0.020054 0.030946  -0.865998 -0.500048 -0.000007  1.007615 0.703239 0
mount_dovetail_rsr_akr_1913_railed_mount_LOD0
0  -0.003511 0.019196 0.035151  -0.500049 -0.865997 0.000007  1.013083 0.721189 0
0  -0.004369 0.020054 0.035151  -0.865998 -0.500048 -0.000012  1.007615 0.721189 0
0  -0.004369 0.020054 0.030946  -0.865998 -0.500048 -0.000026  1.007615 0.703239 0
mount_dovetail_rsr_akr_1913_railed_mount_LOD0
0  -0.004369 0.020054 0.030946  -0.866151 -0.499783 0.000012  1.007615 0.703239 0
0  -0.004369 0.020054 0.035151  -0.866151 -0.499783 0.000025  1.007615 0.721189 0
0  -0.004684 0.021227 0.030946  -1.000000 -0.000148 -0.000007  1.002148 0.703239 0
mount_dovetail_rsr_akr_1913_railed_mount_LOD0
0  -0.004369 0.020054 0.035151  -0.866151 -0.499783 0.000007  1.007615 0.721189 0
0  -0.004684 0.021227 0.035151  -1.000000 -0.000149 -0.000012  1.002148 0.721189 0
0  -0.004684 0.021227 0.030946  -1.000000 -0.000149 -0.000025  1.002148 0.703239 0
mount_dovetail_rsr_akr_1913_railed_mount_LOD0
0  -0.004684 0.001241 0.030946  -1.000000 0.000152 0.000012  1.067758 0.703239 0
0  -0.004684 0.001241 0.035151  -1.000000 0.000152 0.000026  1.067758 0.721189 0
0  -0.004369 0.002414 0.030946  -0.866149 0.499786 -0.000007  1.062290 0.703239 0
mount_dovetail_rsr_akr_1913_railed_mount_LOD0
0  -0.004684 0.001241 0.035151  -1.000000 0.000152 0.000086  1.067758 0.721189 0
0  -0.004369 0.002414 0.035151  -0.866149 0.499786 -0.000012  1.062290 0.721189 0
0  -0.004369 0.002414 0.030946  -0.866149 0.499786 -0.000026  1.062290 0.703239 0
mount_dovetail_rsr_akr_1913_railed_mount_LOD0
0  -0.004369 0.002414 0.030946  -0.865997 0.500050 0.000012  1.062290 0.703239 0
0  -0.004369 0.002414 0.035151  -0.865997 0.500050 0.000025  1.062290 0.721189 0
0  -0.003511 0.003272 0.030946  -0.500047 0.865998 -0.000125  1.056823 0.703239 0
mount_dovetail_rsr_akr_1913_railed_mount_LOD0
0  -0.004369 0.002414 0.035151  -0.865997 0.500050 0.000125  1.062290 0.721189 0
0  -0.003511 0.003272 0.035151  -0.500047 0.865998 -0.000012  1.056823 0.721189 0
0  -0.003511 0.003272 0.030946  -0.500047 0.865998 -0.000025  1.056823 0.703239 0
mount_dovetail_rsr_akr_1913_railed_mount_LOD0
0  -0.003511 0.003272 0.030946  -0.499784 0.866150 0.000012  1.056823 0.703239 0
0  -0.003511 0.003272 0.035151  -0.499784 0.866150 0.000026  1.056823 0.721189 0
0  -0.002339 0.003586 0.030946  -0.000150 1.000000 -0.000007  1.051355 0.703239 0
mount_dovetail_rsr_akr_1913_railed_mount_LOD0
0  -0.003511 0.003272 0.035151  -0.499785 0.866150 0.000007  1.056823 0.721189 0
0  -0.002339 0.003586 0.035151  -0.000151 1.000000 -0.000012  1.051355 0.721189 0
0  -0.002339 0.003586 0.030946  -0.000151 1.000000 -0.000026  1.051355 0.703239 0
mount_dovetail_rsr_akr_1913_railed_mount_LOD0
0  -0.002339 0.003586 0.030946  0.000150 1.000000 0.000012  1.051355 0.703239 0
0  -0.002339 0.003586 0.035151  0.000150 1.000000 0.000026  1.051355 0.721189 0
0  -0.001166 0.003272 0.030946  0.499784 0.866150 -0.000007  1.045887 0.703239 0
mount_dovetail_rsr_akr_1913_railed_mount_LOD0
0  -0.002339 0.003586 0.035151  0.000150 1.000000 0.000007  1.051355 0.721189 0
0  -0.001166 0.003272 0.035151  0.499784 0.866150 -0.000012  1.045887 0.721189 0
0  -0.001166 0.003272 0.030946  0.499784 0.866150 -0.000026  1.045887 0.703239 0
mount_dovetail_rsr_akr_1913_railed_mount_LOD0
0  -0.001166 0.003272 0.030946  0.500049 0.865997 0.000012  1.045887 0.703239 0
0  -0.001166 0.003272 0.035151  0.500049 0.865997 0.000026  1.045887 0.721189 0
0  -0.000308 0.002414 0.030946  0.865998 0.500048 -0.000007  1.040419 0.703239 0
mount_dovetail_rsr_akr_1913_railed_mount_LOD0
0  -0.001166 0.003272 0.035151  0.500048 0.865998 0.000008  1.045887 0.721189 0
0  -0.000308 0.002414 0.035151  0.865997 0.500049 -0.000013  1.040419 0.721189 0
0  -0.000308 0.002414 0.030946  0.865997 0.500049 -0.000026  1.040419 0.703239 0
mount_dovetail_rsr_akr_1913_railed_mount_LOD0
0  -0.000308 0.002414 0.030946  0.866150 0.499783 0.000012  1.040419 0.703239 0
0  -0.000308 0.002414 0.035151  0.866150 0.499783 0.000026  1.040419 0.721189 0
0  0.000006 0.001241 0.030946  1.000000 0.000149 -0.000007  1.034953 0.703239 0
mount_dovetail_rsr_akr_1913_railed_mount_LOD0
0  -0.000308 0.002414 0.035151  0.866150 0.499784 0.000007  1.040419 0.721189 0
0  0.000006 0.001241 0.035151  1.000000 0.000150 -0.000012  1.034953 0.721189 0
0  0.000006 0.001241 0.030946  1.000000 0.000150 -0.000026  1.034953 0.703239 0
mount_dovetail_rsr_akr_1913_railed_mount_LOD0
0  0.000006 0.001241 0.030946  1.000000 -0.000150 0.000012  1.034953 0.703239 0
0  0.000006 0.001241 0.035151  1.000000 -0.000150 0.000026  1.034953 0.721189 0
0  -0.000308 0.000069 0.030946  0.866150 -0.499784 -0.000007  1.029485 0.703239 0
mount_dovetail_rsr_akr_1913_railed_mount_LOD0
0  0.000006 0.001241 0.035151  1.000000 -0.000150 0.000007  1.034953 0.721189 0
0  -0.000308 0.000069 0.035151  0.866150 -0.499784 -0.000012  1.029485 0.721189 0
0  -0.000308 0.000069 0.030946  0.866150 -0.499784 -0.000026  1.029485 0.703239 0
mount_dovetail_rsr_akr_1913_railed_mount_LOD0
0  -0.000308 0.000069 0.030946  0.865997 -0.500049 0.000012  1.029485 0.703239 0
0  -0.000308 0.000069 0.035151  0.865997 -0.500049 0.000026  1.029485 0.721189 0
0  -0.001166 -0.000789 0.030946  0.500048 -0.865998 -0.000007  1.024018 0.703239 0
mount_dovetail_rsr_akr_1913_railed_mount_LOD0
0  -0.000308 0.000069 0.035151  0.865997 -0.500050 0.000007  1.029485 0.721189 0
0  -0.001166 -0.000789 0.035151  0.500047 -0.865998 -0.000012  1.024018 0.721189 0
0  -0.001166 -0.000789 0.030946  0.500047 -0.865998 -0.000026  1.024018 0.703239 0
mount_dovetail_rsr_akr_1913_railed_mount_LOD0
0  -0.001166 -0.000789 0.030946  0.499784 -0.866150 0.000012  1.024018 0.703239 0
0  -0.001166 -0.000789 0.035151  0.499784 -0.866150 0.000026  1.024018 0.721189 0
0  -0.002339 -0.001103 0.030946  0.000150 -1.000000 -0.000007  1.018551 0.703239 0
mount_dovetail_rsr_akr_1913_railed_mount_LOD0
0  -0.001166 -0.000789 0.035151  0.499784 -0.866150 0.000007  1.024018 0.721189 0
0  -0.002339 -0.001103 0.035151  0.000150 -1.000000 -0.000012  1.018551 0.721189 0
0  -0.002339 -0.001103 0.030946  0.000150 -1.000000 -0.000026  1.018551 0.703239 0
mount_dovetail_rsr_akr_1913_railed_mount_LOD0
0  -0.002339 -0.001103 0.030946  -0.000150 -1.000000 0.000012  1.018551 0.703239 0
0  -0.002339 -0.001103 0.035151  -0.000150 -1.000000 0.000026  1.018551 0.721189 0
0  -0.003511 -0.000789 0.030946  -0.499784 -0.866150 -0.000007  1.013082 0.703239 0
mount_dovetail_rsr_akr_1913_railed_mount_LOD0
0  -0.002339 -0.001103 0.035151  -0.000151 -1.000000 0.000007  1.018551 0.721189 0
0  -0.003511 -0.000789 0.035151  -0.499785 -0.866150 -0.000012  1.013082 0.721189 0
0  -0.003511 -0.000789 0.030946  -0.499785 -0.866150 -0.000026  1.013082 0.703239 0
mount_dovetail_rsr_akr_1913_railed_mount_LOD0
0  -0.003511 -0.000789 0.030946  -0.500048 -0.865997 0.000012  1.013082 0.703239 0
0  -0.003511 -0.000789 0.035151  -0.500048 -0.865997 0.000026  1.013082 0.721189 0
0  -0.004369 0.000069 0.030946  -0.865997 -0.500048 -0.000007  1.007615 0.703239 0
mount_dovetail_rsr_akr_1913_railed_mount_LOD0
0  -0.003511 -0.000789 0.035151  -0.500048 -0.865997 0.000007  1.013082 0.721189 0
0  -0.004369 0.000069 0.035151  -0.865997 -0.500048 -0.000012  1.007615 0.721189 0
0  -0.004369 0.000069 0.030946  -0.865997 -0.500049 -0.000026  1.007615 0.703239 0
mount_dovetail_rsr_akr_1913_railed_mount_LOD0
0  -0.004369 0.000069 0.030946  -0.866148 -0.499788 0.000012  1.007615 0.703239 0
0  -0.004369 0.000069 0.035151  -0.866148 -0.499788 0.000026  1.007615 0.721189 0
0  -0.004684 0.001241 0.030946  -1.000000 -0.000154 -0.000007  1.002148 0.703239 0
mount_dovetail_rsr_akr_1913_railed_mount_LOD0
0  -0.004369 0.000069 0.035151  -0.866148 -0.499787 0.000007  1.007615 0.721189 0
0  -0.004684 0.001241 0.035151  -1.000000 -0.000153 -0.000012  1.002148 0.721189 0
0  -0.004684 0.001241 0.030946  -1.000000 -0.000153 -0.000026  1.002148 0.703239 0
mount_dovetail_rsr_akr_1913_railed_mount_LOD0
0  -0.004684 -0.008751 0.030946  -1.000000 0.000150 0.000012  1.067758 0.703239 0
0  -0.004684 -0.008751 0.035151  -1.000000 0.000150 0.000026  1.067758 0.721189 0
0  -0.004369 -0.007579 0.030946  -0.866150 0.499784 -0.000007  1.062290 0.703239 0
mount_dovetail_rsr_akr_1913_railed_mount_LOD0
0  -0.004684 -0.008751 0.035151  -1.000000 0.000150 0.000007  1.067758 0.721189 0
0  -0.004369 -0.007579 0.035151  -0.866150 0.499784 -0.000012  1.062290 0.721189 0
0  -0.004369 -0.007579 0.030946  -0.866150 0.499784 -0.000026  1.062290 0.703239 0
mount_dovetail_rsr_akr_1913_railed_mount_LOD0
0  -0.004369 -0.007579 0.030946  -0.865997 0.500049 0.000012  1.062290 0.703239 0
0  -0.004369 -0.007579 0.035151  -0.865997 0.500049 0.000026  1.062290 0.721189 0
0  -0.003511 -0.006720 0.030946  -0.500048 0.865998 -0.000007  1.056822 0.703239 0
mount_dovetail_rsr_akr_1913_railed_mount_LOD0
0  -0.004369 -0.007579 0.035151  -0.865997 0.500049 0.000007  1.062290 0.721189 0
0  -0.003511 -0.006720 0.035151  -0.500048 0.865998 -0.000012  1.056822 0.721189 0
0  -0.003511 -0.006720 0.030946  -0.500048 0.865998 -0.000026  1.056822 0.703239 0
mount_dovetail_rsr_akr_1913_railed_mount_LOD0
0  -0.003511 -0.006720 0.030946  -0.499785 0.866150 0.000012  1.056822 0.703239 0
0  -0.003511 -0.006720 0.035151  -0.499785 0.866150 0.000026  1.056822 0.721189 0
0  -0.002339 -0.006406 0.030946  -0.000151 1.000000 -0.000007  1.051355 0.703239 0
mount_dovetail_rsr_akr_1913_railed_mount_LOD0
0  -0.003511 -0.006720 0.035151  -0.499785 0.866149 0.000007  1.056822 0.721189 0
0  -0.002339 -0.006406 0.035151  -0.000151 1.000000 -0.000012  1.051355 0.721189 0
0  -0.002339 -0.006406 0.030946  -0.000151 1.000000 -0.000026  1.051355 0.703239 0
mount_dovetail_rsr_akr_1913_railed_mount_LOD0
0  -0.002339 -0.006406 0.030946  0.000152 1.000000 0.000012  1.051355 0.703239 0
0  -0.002339 -0.006406 0.035151  0.000152 1.000000 0.000026  1.051355 0.721189 0
0  -0.001166 -0.006720 0.030946  0.499786 0.866149 -0.000007  1.045887 0.703239 0
mount_dovetail_rsr_akr_1913_railed_mount_LOD0
0  -0.002339 -0.006406 0.035151  0.000152 1.000000 0.000086  1.051355 0.721189 0
0  -0.001166 -0.006720 0.035151  0.499786 0.866149 -0.000012  1.045887 0.721189 0
0  -0.001166 -0.006720 0.030946  0.499786 0.866149 -0.000026  1.045887 0.703239 0
mount_dovetail_rsr_akr_1913_railed_mount_LOD0
0  -0.001166 -0.006720 0.030946  0.500048 0.865997 0.000012  1.045887 0.703239 0
0  -0.001166 -0.006720 0.035151  0.500048 0.865997 0.000026  1.045887 0.721189 0
0  -0.000308 -0.007579 0.030946  0.865997 0.500048 -0.000007  1.040419 0.703239 0
mount_dovetail_rsr_akr_1913_railed_mount_LOD0
0  -0.001166 -0.006720 0.035151  0.500048 0.865997 0.000008  1.045887 0.721189 0
0  -0.000308 -0.007579 0.035151  0.865997 0.500049 -0.000013  1.040419 0.721189 0
0  -0.000308 -0.007579 0.030946  0.865997 0.500049 -0.000026  1.040419 0.703239 0
mount_dovetail_rsr_akr_1913_railed_mount_LOD0
0  -0.000308 -0.007579 0.030946  0.866150 0.499784 0.000012  1.040419 0.703239 0
0  -0.000308 -0.007579 0.035151  0.866150 0.499784 0.000026  1.040419 0.721189 0
0  0.000006 -0.008751 0.030946  1.000000 0.000150 -0.000007  1.034953 0.703239 0
mount_dovetail_rsr_akr_1913_railed_mount_LOD0
0  -0.000308 -0.007579 0.035151  0.866150 0.499784 0.000007  1.040419 0.721189 0
0  0.000006 -0.008751 0.035151  1.000000 0.000150 -0.000012  1.034953 0.721189 0
0  0.000006 -0.008751 0.030946  1.000000 0.000150 -0.000026  1.034953 0.703239 0
mount_dovetail_rsr_akr_1913_railed_mount_LOD0
0  0.000006 -0.008751 0.030946  1.000000 -0.000149 0.000012  1.034953 0.703239 0
0  0.000006 -0.008751 0.035151  1.000000 -0.000149 0.000026  1.034953 0.721189 0
0  -0.000308 -0.009924 0.030946  0.866150 -0.499783 -0.000007  1.029486 0.703239 0
mount_dovetail_rsr_akr_1913_railed_mount_LOD0
0  0.000006 -0.008751 0.035151  1.000000 -0.000150 0.000007  1.034953 0.721189 0
0  -0.000308 -0.009924 0.035151  0.866150 -0.499784 -0.000012  1.029486 0.721189 0
0  -0.000308 -0.009924 0.030946  0.866150 -0.499784 -0.000025  1.029486 0.703239 0
mount_dovetail_rsr_akr_1913_railed_mount_LOD0
0  -0.000308 -0.009924 0.030946  0.865997 -0.500049 0.000012  1.029486 0.703239 0
0  -0.000308 -0.009924 0.035151  0.865997 -0.500049 0.000026  1.029486 0.721189 0
0  -0.001166 -0.010782 0.030946  0.500048 -0.865998 -0.000086  1.024018 0.703239 0
mount_dovetail_rsr_akr_1913_railed_mount_LOD0
0  -0.000308 -0.009924 0.035151  0.865996 -0.500050 0.000007  1.029486 0.721189 0
0  -0.001166 -0.010782 0.035151  0.500047 -0.865998 -0.000012  1.024018 0.721189 0
0  -0.001166 -0.010782 0.030946  0.500047 -0.865998 -0.000026  1.024018 0.703239 0
mount_dovetail_rsr_akr_1913_railed_mount_LOD0
0  -0.001166 -0.010782 0.030946  0.499784 -0.866150 0.000012  1.024018 0.703239 0
0  -0.001166 -0.010782 0.035151  0.499784 -0.866150 0.000026  1.024018 0.721189 0
0  -0.002339 -0.011096 0.030946  0.000150 -1.000000 -0.000007  1.018551 0.703239 0
mount_dovetail_rsr_akr_1913_railed_mount_LOD0
0  -0.001166 -0.010782 0.035151  0.499784 -0.866150 0.000007  1.024018 0.721189 0
0  -0.002339 -0.011096 0.035151  0.000150 -1.000000 -0.000012  1.018551 0.721189 0
0  -0.002339 -0.011096 0.030946  0.000150 -1.000000 -0.000026  1.018551 0.703239 0
mount_dovetail_rsr_akr_1913_railed_mount_LOD0
0  -0.002339 -0.011096 0.030946  -0.000150 -1.000000 0.000012  1.018551 0.703239 0
0  -0.002339 -0.011096 0.035151  -0.000150 -1.000000 0.000026  1.018551 0.721189 0
0  -0.003511 -0.010782 0.030946  -0.499784 -0.866150 -0.000007  1.013083 0.703239 0
mount_dovetail_rsr_akr_1913_railed_mount_LOD0
0  -0.002339 -0.011096 0.035151  -0.000151 -1.000000 0.000007  1.018551 0.721189 0
0  -0.003511 -0.010782 0.035151  -0.499785 -0.866150 -0.000012  1.013083 0.721189 0
0  -0.003511 -0.010782 0.030946  -0.499785 -0.866150 -0.000026  1.013083 0.703239 0
mount_dovetail_rsr_akr_1913_railed_mount_LOD0
0  -0.003511 -0.010782 0.030946  -0.500048 -0.865998 0.000012  1.013083 0.703239 0
0  -0.003511 -0.010782 0.035151  -0.500048 -0.865998 0.000026  1.013083 0.721189 0
0  -0.004369 -0.009924 0.030946  -0.865997 -0.500049 -0.000007  1.007615 0.703239 0
mount_dovetail_rsr_akr_1913_railed_mount_LOD0
0  -0.003511 -0.010782 0.035151  -0.500049 -0.865997 0.000007  1.013083 0.721189 0
0  -0.004369 -0.009924 0.035151  -0.865998 -0.500048 -0.000012  1.007615 0.721189 0
0  -0.004369 -0.009924 0.030946  -0.865998 -0.500048 -0.000026  1.007615 0.703239 0
mount_dovetail_rsr_akr_1913_railed_mount_LOD0
0  -0.004369 -0.009924 0.030946  -0.866150 -0.499785 0.000012  1.007615 0.703239 0
0  -0.004369 -0.009924 0.035151  -0.866150 -0.499785 0.000026  1.007615 0.721189 0
0  -0.004684 -0.008751 0.030946  -1.000000 -0.000151 -0.000007  1.002148 0.703239 0
mount_dovetail_rsr_akr_1913_railed_mount_LOD0
0  -0.004369 -0.009924 0.035151  -0.866150 -0.499783 0.000007  1.007615 0.721189 0
0  -0.004684 -0.008751 0.035151  -1.000000 -0.000149 -0.000012  1.002148 0.721189 0
0  -0.004684 -0.008751 0.030946  -1.000000 -0.000149 -0.000026  1.002148 0.703239 0
mount_dovetail_rsr_akr_1913_railed_mount_LOD0
0  -0.004684 -0.028736 0.030946  -1.000000 0.000148 0.000012  0.067758 0.703239 0
0  -0.004684 -0.028736 0.035151  -1.000000 0.000148 0.000025  0.067758 0.721189 0
0  -0.004369 -0.027564 0.030946  -0.866151 0.499783 -0.000007  0.062291 0.703239 0
mount_dovetail_rsr_akr_1913_railed_mount_LOD0
0  -0.004684 -0.028736 0.035151  -1.000000 0.000149 0.000007  0.067758 0.721189 0
0  -0.004369 -0.027564 0.035151  -0.866151 0.499783 -0.000012  0.062291 0.721189 0
0  -0.004369 -0.027564 0.030946  -0.866151 0.499783 -0.000025  0.062291 0.703239 0
mount_dovetail_rsr_akr_1913_railed_mount_LOD0
0  -0.004369 -0.027564 0.030946  -0.865998 0.500047 0.000012  0.062291 0.703239 0
0  -0.004369 -0.027564 0.035151  -0.865998 0.500047 0.000026  0.062291 0.721189 0
0  -0.003511 -0.026706 0.030946  -0.500050 0.865996 -0.000125  0.056822 0.703239 0
mount_dovetail_rsr_akr_1913_railed_mount_LOD0
0  -0.004369 -0.027564 0.035151  -0.865999 0.500046 0.000125  0.062291 0.721189 0
0  -0.003511 -0.026706 0.035151  -0.500051 0.865996 -0.000012  0.056822 0.721189 0
0  -0.003511 -0.026706 0.030946  -0.500051 0.865996 -0.000026  0.056822 0.703239 0
mount_dovetail_rsr_akr_1913_railed_mount_LOD0
0  -0.003511 -0.026706 0.030946  -0.499782 0.866151 0.000012  0.056822 0.703239 0
0  -0.003511 -0.026706 0.035151  -0.499782 0.866151 0.000025  0.056822 0.721189 0
0  -0.002339 -0.026391 0.030946  -0.000148 1.000000 -0.000007  0.051355 0.703239 0
mount_dovetail_rsr_akr_1913_railed_mount_LOD0
0  -0.003511 -0.026706 0.035151  -0.499782 0.866151 0.000007  0.056822 0.721189 0
0  -0.002339 -0.026391 0.035151  -0.000148 1.000000 -0.000012  0.051355 0.721189 0
0  -0.002339 -0.026391 0.030946  -0.000148 1.000000 -0.000025  0.051355 0.703239 0
mount_dovetail_rsr_akr_1913_railed_mount_LOD0
0  -0.002339 -0.026391 0.030946  0.000148 1.000000 0.000012  0.051355 0.703239 0
0  -0.002339 -0.026391 0.035151  0.000148 1.000000 0.000025  0.051355 0.721189 0
0  -0.001166 -0.026706 0.030946  0.499782 0.866151 -0.000007  0.045887 0.703239 0
mount_dovetail_rsr_akr_1913_railed_mount_LOD0
0  -0.002339 -0.026391 0.035151  0.000148 1.000000 0.000086  0.051355 0.721189 0
0  -0.001166 -0.026706 0.035151  0.499782 0.866151 -0.000012  0.045887 0.721189 0
0  -0.001166 -0.026706 0.030946  0.499782 0.866151 -0.000025  0.045887 0.703239 0
mount_dovetail_rsr_akr_1913_railed_mount_LOD0
0  -0.001166 -0.026706 0.030946  0.500055 0.865994 0.000012  0.045887 0.703239 0
0  -0.001166 -0.026706 0.035151  0.500055 0.865994 0.000025  0.045887 0.721189 0
0  -0.000308 -0.027564 0.030946  0.866001 0.500042 -0.000086  0.040419 0.703239 0
mount_dovetail_rsr_akr_1913_railed_mount_LOD0
0  -0.001166 -0.026706 0.035151  0.500055 0.865994 0.000007  0.045887 0.721189 0
0  -0.000308 -0.027564 0.035151  0.866001 0.500042 -0.000013  0.040419 0.721189 0
0  -0.000308 -0.027564 0.030946  0.866001 0.500042 -0.000025  0.040419 0.703239 0
mount_dovetail_rsr_akr_1913_railed_mount_LOD0
0  -0.000308 -0.027564 0.030946  0.866150 0.499785 0.000012  0.040419 0.703239 0
0  -0.000308 -0.027564 0.035151  0.866150 0.499785 0.000026  0.040419 0.721189 0
0  0.000006 -0.028736 0.030946  1.000000 0.000151 -0.000007  0.034952 0.703239 0
mount_dovetail_rsr_akr_1913_railed_mount_LOD0
0  -0.000308 -0.027564 0.035151  0.866150 0.499784 0.000007  0.040419 0.721189 0
0  0.000006 -0.028736 0.035151  1.000000 0.000150 -0.000012  0.034952 0.721189 0
0  0.000006 -0.028736 0.030946  1.000000 0.000150 -0.000026  0.034952 0.703239 0
mount_dovetail_rsr_akr_1913_railed_mount_LOD0
0  0.000006 -0.028736 0.030946  1.000000 -0.000151 0.000012  0.034952 0.703239 0
0  0.000006 -0.028736 0.035151  1.000000 -0.000151 0.000026  0.034952 0.721189 0
0  -0.000308 -0.029909 0.030946  0.866150 -0.499785 -0.000007  0.029486 0.703239 0
mount_dovetail_rsr_akr_1913_railed_mount_LOD0
0  0.000006 -0.028736 0.035151  1.000000 -0.000151 0.000007  0.034952 0.721189 0
0  -0.000308 -0.029909 0.035151  0.866149 -0.499785 -0.000012  0.029486 0.721189 0
0  -0.000308 -0.029909 0.030946  0.866149 -0.499785 -0.000026  0.029486 0.703239 0
mount_dovetail_rsr_akr_1913_railed_mount_LOD0
0  -0.000308 -0.029909 0.030946  0.865997 -0.500049 0.000012  0.029486 0.703239 0
0  -0.000308 -0.029909 0.035151  0.865997 -0.500049 0.000025  0.029486 0.721189 0
0  -0.001166 -0.030767 0.030946  0.500048 -0.865998 -0.000086  0.024018 0.703239 0
mount_dovetail_rsr_akr_1913_railed_mount_LOD0
0  -0.000308 -0.029909 0.035151  0.865998 -0.500047 0.000006  0.029486 0.721189 0
0  -0.001166 -0.030767 0.035151  0.500050 -0.865997 -0.000013  0.024018 0.721189 0
0  -0.001166 -0.030767 0.030946  0.500050 -0.865997 -0.000027  0.024018 0.703239 0
mount_dovetail_rsr_akr_1913_railed_mount_LOD0
0  -0.001166 -0.030767 0.030946  0.499781 -0.866152 0.000011  0.024018 0.703239 0
0  -0.001166 -0.030767 0.035151  0.499781 -0.866152 0.000024  0.024018 0.721189 0
0  -0.002339 -0.031081 0.030946  0.000147 -1.000000 -0.000087  0.018551 0.703239 0
mount_dovetail_rsr_akr_1913_railed_mount_LOD0
0  -0.001166 -0.030767 0.035151  0.499781 -0.866152 -0.000072  0.024018 0.721189 0
0  -0.002339 -0.031081 0.035151  0.000146 -1.000000 -0.000012  0.018551 0.721189 0
0  -0.002339 -0.031081 0.030946  0.000146 -1.000000 -0.000026  0.018551 0.703239 0
mount_dovetail_rsr_akr_1913_railed_mount_LOD0
0  -0.002339 -0.031081 0.030946  -0.000146 -1.000000 0.000012  0.018551 0.703239 0
0  -0.002339 -0.031081 0.035151  -0.000146 -1.000000 0.000026  0.018551 0.721189 0
0  -0.003511 -0.030767 0.030946  -0.499780 -0.866152 -0.000007  0.013083 0.703239 0
mount_dovetail_rsr_akr_1913_railed_mount_LOD0
0  -0.002339 -0.031081 0.035151  -0.000146 -1.000000 0.000086  0.018551 0.721189 0
0  -0.003511 -0.030767 0.035151  -0.499781 -0.866152 -0.000012  0.013083 0.721189 0
0  -0.003511 -0.030767 0.030946  -0.499781 -0.866152 -0.000025  0.013083 0.703239 0
mount_dovetail_rsr_akr_1913_railed_mount_LOD0
0  -0.003511 -0.030767 0.030946  -0.500050 -0.865996 0.000012  0.013083 0.703239 0
0  -0.003511 -0.030767 0.035151  -0.500050 -0.865996 0.000026  0.013083 0.721189 0
0  -0.004369 -0.029909 0.030946  -0.865998 -0.500047 -0.000125  0.007615 0.703239 0
mount_dovetail_rsr_akr_1913_railed_mount_LOD0
0  -0.003511 -0.030767 0.035151  -0.500051 -0.865996 0.000125  0.013083 0.721189 0
0  -0.004369 -0.029909 0.035151  -0.865999 -0.500046 -0.000012  0.007615 0.721189 0
0  -0.004369 -0.029909 0.030946  -0.865999 -0.500046 -0.000026  0.007615 0.703239 0
mount_dovetail_rsr_akr_1913_railed_mount_LOD0
0  -0.004369 -0.029909 0.030946  -0.866149 -0.499785 0.000012  0.007615 0.703239 0
0  -0.004369 -0.029909 0.035151  -0.866149 -0.499785 0.000026  0.007615 0.721189 0
0  -0.004684 -0.028736 0.030946  -1.000000 -0.000151 -0.000007  0.002148 0.703239 0
mount_dovetail_rsr_akr_1913_railed_mount_LOD0
0  -0.004369 -0.029909 0.035151  -0.866150 -0.499784 0.000007  0.007615 0.721189 0
0  -0.004684 -0.028736 0.035151  -1.000000 -0.000151 -0.000012  0.002148 0.721189 0
0  -0.004684 -0.028736 0.030946  -1.000000 -0.000151 -0.000026  0.002148 0.703239 0
mount_dovetail_rsr_akr_1913_railed_mount_LOD0
0  -0.005267 0.021227 0.035110  -1.000000 0.000152 0.000012  1.730120 0.412544 0
0  -0.005267 0.021227 0.037963  -1.000000 0.000152 -0.000007  1.730120 0.428608 0
0  -0.004875 0.022691 0.035110  -0.866149 0.499786 -0.000011  1.738654 0.412544 0
mount_dovetail_rsr_akr_1913_railed_mount_LOD0
0  -0.005267 0.021227 0.037963  -1.000000 0.000151 0.000093  1.730120 0.428608 0
0  -0.004875 0.022691 0.037963  -0.866149 0.499785 -0.000012  1.738654 0.428608 0
0  -0.004875 0.022691 0.035110  -0.866149 0.499785 0.000007  1.738654 0.412544 0
mount_dovetail_rsr_akr_1913_railed_mount_LOD0
0  -0.004875 0.022691 0.035110  -0.865995 0.500052 0.000012  1.738654 0.412544 0
0  -0.004875 0.022691 0.037963  -0.865995 0.500052 -0.000007  1.738654 0.428608 0
0  -0.003803 0.023763 0.035110  -0.500045 0.865999 -0.000011  1.747192 0.412544 0
mount_dovetail_rsr_akr_1913_railed_mount_LOD0
0  -0.004875 0.022691 0.037963  -0.865996 0.500051 0.000011  1.738654 0.428608 0
0  -0.003803 0.023763 0.037963  -0.500046 0.865999 -0.000012  1.747192 0.428608 0
0  -0.003803 0.023763 0.035110  -0.500046 0.865999 0.000007  1.747192 0.412544 0
mount_dovetail_rsr_akr_1913_railed_mount_LOD0
0  -0.003803 0.023763 0.035110  -0.499788 0.866148 0.000012  1.747192 0.412544 0
0  -0.003803 0.023763 0.037963  -0.499788 0.866148 -0.000008  1.747192 0.428608 0
0  -0.002339 0.024156 0.035110  -0.000155 1.000000 -0.000093  1.755725 0.412544 0
mount_dovetail_rsr_akr_1913_railed_mount_LOD0
0  -0.003803 0.023763 0.037963  -0.499789 0.866148 0.000011  1.747192 0.428608 0
0  -0.002339 0.024156 0.037963  -0.000155 1.000000 -0.000012  1.755725 0.428608 0
0  -0.002339 0.024156 0.035110  -0.000155 1.000000 0.000008  1.755725 0.412544 0
mount_dovetail_rsr_akr_1913_railed_mount_LOD0
0  -0.002339 0.024156 0.035110  0.000155 1.000000 0.000012  1.755725 0.412544 0
0  -0.002339 0.024156 0.037963  0.000155 1.000000 -0.000008  1.755725 0.428608 0
0  -0.000874 0.023763 0.035110  0.499788 0.866148 -0.000011  1.764262 0.412544 0
mount_dovetail_rsr_akr_1913_railed_mount_LOD0
0  -0.002339 0.024156 0.037963  0.000155 1.000000 0.000093  1.755725 0.428608 0
0  -0.000874 0.023763 0.037963  0.499789 0.866147 -0.000012  1.764262 0.428608 0
0  -0.000874 0.023763 0.035110  0.499789 0.866147 0.000008  1.764262 0.412544 0
mount_dovetail_rsr_akr_1913_railed_mount_LOD0
0  -0.000874 0.023763 0.035110  0.500044 0.866000 0.000012  1.764262 0.412544 0
0  -0.000874 0.023763 0.037963  0.500044 0.866000 -0.000007  1.764262 0.428608 0
0  0.000198 0.022691 0.035110  0.865995 0.500053 -0.000011  1.772800 0.412544 0
mount_dovetail_rsr_akr_1913_railed_mount_LOD0
0  -0.000874 0.023763 0.037963  0.500045 0.865999 0.000011  1.764262 0.428608 0
0  0.000198 0.022691 0.037963  0.865996 0.500051 -0.000012  1.772800 0.428608 0
0  0.000198 0.022691 0.035110  0.865996 0.500051 0.000007  1.772800 0.412544 0
mount_dovetail_rsr_akr_1913_railed_mount_LOD0
0  0.000198 0.022691 0.035110  0.866150 0.499784 0.000012  1.772800 0.412544 0
0  0.000198 0.022691 0.037963  0.866150 0.499784 -0.000008  1.772800 0.428608 0
0  0.000590 0.021227 0.035110  1.000000 0.000150 -0.000011  1.781333 0.412544 0
mount_dovetail_rsr_akr_1913_railed_mount_LOD0
0  0.000198 0.022691 0.037963  0.866150 0.499784 0.000011  1.772800 0.428608 0
0  0.000590 0.021227 0.037963  1.000000 0.000150 -0.000012  1.781333 0.428608 0
0  0.000590 0.021227 0.035110  1.000000 0.000150 0.000008  1.781333 0.412544 0
mount_dovetail_rsr_akr_1913_railed_mount_LOD0
0  0.000590 0.021227 0.035110  1.000000 -0.000153 0.000012  1.781333 0.412544 0
0  0.000590 0.021227 0.037963  1.000000 -0.000153 -0.000007  1.781333 0.428608 0
0  0.000198 0.019763 0.035110  0.866148 -0.499787 -0.000011  1.789869 0.412544 0
mount_dovetail_rsr_akr_1913_railed_mount_LOD0
0  0.000590 0.021227 0.037963  1.000000 -0.000154 0.000011  1.781333 0.428608 0
0  0.000198 0.019763 0.037963  0.866148 -0.499787 -0.000012  1.789869 0.428608 0
0  0.000198 0.019763 0.035110  0.866148 -0.499787 0.000007  1.789869 0.412544 0
mount_dovetail_rsr_akr_1913_railed_mount_LOD0
0  0.000198 0.019763 0.035110  0.865998 -0.500048 0.000012  1.789869 0.412544 0
0  0.000198 0.019763 0.037963  0.865998 -0.500048 -0.000007  1.789869 0.428608 0
0  -0.000874 0.018691 0.035110  0.500049 -0.865997 -0.000093  1.798403 0.412544 0
mount_dovetail_rsr_akr_1913_railed_mount_LOD0
0  0.000198 0.019763 0.037963  0.865998 -0.500048 0.000134  1.789869 0.428608 0
0  -0.000874 0.018691 0.037963  0.500049 -0.865997 -0.000012  1.798403 0.428608 0
0  -0.000874 0.018691 0.035110  0.500049 -0.865997 0.000007  1.798403 0.412544 0
mount_dovetail_rsr_akr_1913_railed_mount_LOD0
0  -0.000874 0.018691 0.035110  0.499784 -0.866150 0.000012  1.798403 0.412544 0
0  -0.000874 0.018691 0.037963  0.499784 -0.866150 -0.000007  1.798403 0.428608 0
0  -0.002339 0.018298 0.035110  0.000150 -1.000000 -0.000011  1.806940 0.412544 0
mount_dovetail_rsr_akr_1913_railed_mount_LOD0
0  -0.000874 0.018691 0.037963  0.499784 -0.866150 0.000011  1.798403 0.428608 0
0  -0.002339 0.018298 0.037963  0.000150 -1.000000 -0.000012  1.806940 0.428608 0
0  -0.002339 0.018298 0.035110  0.000150 -1.000000 0.000007  1.806940 0.412544 0
mount_dovetail_rsr_akr_1913_railed_mount_LOD0
0  -0.002339 0.018298 0.035110  -0.000149 -1.000000 0.000012  1.806940 0.412544 0
0  -0.002339 0.018298 0.037963  -0.000149 -1.000000 -0.000007  1.806940 0.428608 0
0  -0.003803 0.018691 0.035110  -0.499783 -0.866150 -0.000011  1.815476 0.412544 0
mount_dovetail_rsr_akr_1913_railed_mount_LOD0
0  -0.002339 0.018298 0.037963  -0.000149 -1.000000 -0.000071  1.806940 0.428608 0
0  -0.003803 0.018691 0.037963  -0.499783 -0.866150 -0.000012  1.815476 0.428608 0
0  -0.003803 0.018691 0.035110  -0.499783 -0.866150 0.000007  1.815476 0.412544 0
mount_dovetail_rsr_akr_1913_railed_mount_LOD0
0  -0.003803 0.018691 0.035110  -0.500049 -0.865997 0.000012  1.815476 0.412544 0
0  -0.003803 0.018691 0.037963  -0.500049 -0.865997 -0.000007  1.815476 0.428608 0
0  -0.004875 0.019763 0.035110  -0.865998 -0.500048 0.000071  1.824011 0.412544 0
mount_dovetail_rsr_akr_1913_railed_mount_LOD0
0  -0.003803 0.018691 0.037963  -0.500049 -0.865997 0.000011  1.815476 0.428608 0
0  -0.004875 0.019763 0.037963  -0.865998 -0.500048 -0.000012  1.824011 0.428608 0
0  -0.004875 0.019763 0.035110  -0.865998 -0.500048 0.000007  1.824011 0.412544 0
mount_dovetail_rsr_akr_1913_railed_mount_LOD0
0  -0.004875 0.019763 0.035110  -0.866150 -0.499784 0.000012  1.824011 0.412544 0
0  -0.004875 0.019763 0.037963  -0.866150 -0.499784 -0.000008  1.824011 0.428608 0
0  -0.005267 0.021227 0.035110  -1.000000 -0.000150 -0.000011  1.832548 0.412544 0
mount_dovetail_rsr_akr_1913_railed_mount_LOD0
0  -0.004875 0.019763 0.037963  -0.866150 -0.499784 0.000011  1.824011 0.428608 0
0  -0.005267 0.021227 0.037963  -1.000000 -0.000150 -0.000012  1.832548 0.428608 0
0  -0.005267 0.021227 0.035110  -1.000000 -0.000150 0.000008  1.832548 0.412544 0
mount_dovetail_rsr_akr_1913_railed_mount_LOD0
0  -0.002339 0.024156 0.035110  0.000000 0.000000 -1.000000  1.498131 0.161427 0
0  -0.000874 0.023763 0.035110  0.000000 0.000000 -1.000000  1.489888 0.163635 0
0  0.000198 0.022691 0.035110  0.000000 0.000000 -1.000000  1.483850 0.169670 0
mount_dovetail_rsr_akr_1913_railed_mount_LOD0
0  0.000590 0.021227 0.035110  0.000000 0.000000 -1.000000  1.481642 0.177915 0
0  -0.002339 0.024156 0.035110  0.000000 0.000000 -1.000000  1.498131 0.161427 0
0  0.000198 0.022691 0.035110  0.000000 0.000000 -1.000000  1.483850 0.169670 0
mount_dovetail_rsr_akr_1913_railed_mount_LOD0
0  -0.005267 0.021227 0.035110  0.000000 0.000000 -1.000000  1.514621 0.177915 0
0  -0.002339 0.024156 0.035110  0.000000 0.000000 -1.000000  1.498131 0.161427 0
0  0.000590 0.021227 0.035110  0.000000 0.000000 -1.000000  1.481642 0.177915 0
mount_dovetail_rsr_akr_1913_railed_mount_LOD0
0  -0.003803 0.023763 0.035110  0.000000 0.000000 -1.000000  1.506376 0.163635 0
0  -0.002339 0.024156 0.035110  0.000000 0.000000 -1.000000  1.498131 0.161427 0
0  -0.005267 0.021227 0.035110  0.000000 0.000000 -1.000000  1.514621 0.177915 0
mount_dovetail_rsr_akr_1913_railed_mount_LOD0
0  -0.004875 0.022691 0.035110  -0.000013 0.000000 -1.000000  1.512413 0.169670 0
0  -0.003803 0.023763 0.035110  -0.000013 0.000000 -1.000000  1.506376 0.163635 0
0  -0.005267 0.021227 0.035110  -0.000013 0.000000 -1.000000  1.514621 0.177915 0
mount_dovetail_rsr_akr_1913_railed_mount_LOD0
0  -0.003803 0.018691 0.035110  0.000000 0.000000 -1.000000  1.506376 0.163635 0
0  -0.004875 0.019763 0.035110  0.000000 0.000000 -1.000000  1.512413 0.169671 0
0  -0.002339 0.018298 0.035110  0.000000 0.000000 -1.000000  1.498131 0.161427 0
mount_dovetail_rsr_akr_1913_railed_mount_LOD0
0  -0.004875 0.019763 0.035110  0.000000 0.000000 -1.000000  1.512413 0.169671 0
0  -0.005267 0.021227 0.035110  0.000000 0.000000 -1.000000  1.514621 0.177917 0
0  -0.002339 0.018298 0.035110  0.000000 0.000000 -1.000000  1.498131 0.161427 0
mount_dovetail_rsr_akr_1913_railed_mount_LOD0
0  -0.002339 0.018298 0.035110  -0.000000 0.000000 -1.000000  1.498131 0.161427 0
0  -0.005267 0.021227 0.035110  -0.000000 0.000000 -1.000000  1.514621 0.177917 0
0  0.000590 0.021227 0.035110  -0.000000 0.000000 -1.000000  1.481642 0.177917 0
mount_dovetail_rsr_akr_1913_railed_mount_LOD0
0  -0.002339 0.018298 0.035110  0.000000 0.000000 -1.000000  1.498131 0.161427 0
0  0.000590 0.021227 0.035110  0.000000 0.000000 -1.000000  1.481642 0.177917 0
0  0.000198 0.019763 0.035110  0.000000 0.000000 -1.000000  1.483850 0.169670 0
mount_dovetail_rsr_akr_1913_railed_mount_LOD0
0  -0.000874 0.018691 0.035110  0.000000 0.000000 -1.000000  1.489888 0.163635 0
0  -0.002339 0.018298 0.035110  0.000000 0.000000 -1.000000  1.498131 0.161427 0
0  0.000198 0.019763 0.035110  0.000000 0.000000 -1.000000  1.483850 0.169670 0
mount_dovetail_rsr_akr_1913_railed_mount_LOD0
0  -0.005267 0.001241 0.035110  -1.000000 0.000151 0.000012  1.827588 0.601467 0
0  -0.005267 0.001241 0.037963  -1.000000 0.000151 -0.000007  1.811523 0.601467 0
0  -0.004875 0.002706 0.035110  -0.866150 0.499785 -0.000011  1.827588 0.610001 0
mount_dovetail_rsr_akr_1913_railed_mount_LOD0
0  -0.005267 0.001241 0.037963  -1.000000 0.000151 0.000011  1.811523 0.601467 0
0  -0.004875 0.002706 0.037963  -0.866150 0.499785 -0.000012  1.811523 0.610001 0
0  -0.004875 0.002706 0.035110  -0.866150 0.499785 0.000007  1.827588 0.610001 0
mount_dovetail_rsr_akr_1913_railed_mount_LOD0
0  -0.004875 0.002706 0.035110  -0.865997 0.500049 0.000012  1.827588 0.610001 0
0  -0.004875 0.002706 0.037963  -0.865997 0.500049 -0.000007  1.811523 0.610001 0
0  -0.003803 0.003778 0.035110  -0.500047 0.865998 -0.000134  1.827588 0.618538 0
mount_dovetail_rsr_akr_1913_railed_mount_LOD0
0  -0.004875 0.002706 0.037963  -0.865997 0.500048 -0.000153  1.811523 0.610001 0
0  -0.003803 0.003778 0.037963  -0.500048 0.865997 -0.000012  1.811523 0.618538 0
0  -0.003803 0.003778 0.035110  -0.500048 0.865997 0.000007  1.827588 0.618538 0
mount_dovetail_rsr_akr_1913_railed_mount_LOD0
0  -0.003803 0.003778 0.035110  -0.499786 0.866149 0.000012  1.827588 0.618538 0
0  -0.003803 0.003778 0.037963  -0.499786 0.866149 -0.000007  1.811523 0.618538 0
0  -0.002339 0.004170 0.035110  -0.000153 1.000000 -0.000011  1.827588 0.627074 0
mount_dovetail_rsr_akr_1913_railed_mount_LOD0
0  -0.003803 0.003778 0.037963  -0.499786 0.866149 0.000011  1.811523 0.618538 0
0  -0.002339 0.004170 0.037963  -0.000153 1.000000 -0.000012  1.811523 0.627074 0
0  -0.002339 0.004170 0.035110  -0.000153 1.000000 0.000007  1.827588 0.627074 0
mount_dovetail_rsr_akr_1913_railed_mount_LOD0
0  -0.002339 0.004170 0.035110  0.000153 1.000000 0.000012  1.827588 0.627074 0
0  -0.002339 0.004170 0.037963  0.000153 1.000000 -0.000007  1.811523 0.627074 0
0  -0.000874 0.003778 0.035110  0.499786 0.866149 -0.000011  1.827588 0.635608 0
mount_dovetail_rsr_akr_1913_railed_mount_LOD0
0  -0.002339 0.004170 0.037963  0.000153 1.000000 0.000011  1.811523 0.627074 0
0  -0.000874 0.003778 0.037963  0.499786 0.866149 -0.000012  1.811523 0.635608 0
0  -0.000874 0.003778 0.035110  0.499786 0.866149 0.000007  1.827588 0.635608 0
mount_dovetail_rsr_akr_1913_railed_mount_LOD0
0  -0.000874 0.003778 0.035110  0.500048 0.865998 0.000012  1.827588 0.635608 0
0  -0.000874 0.003778 0.037963  0.500048 0.865998 -0.000007  1.811523 0.635608 0
0  0.000198 0.002706 0.035110  0.865997 0.500049 -0.000011  1.827588 0.644145 0
mount_dovetail_rsr_akr_1913_railed_mount_LOD0
0  -0.000874 0.003778 0.037963  0.500049 0.865997 0.000011  1.811523 0.635608 0
0  0.000198 0.002706 0.037963  0.865998 0.500048 -0.000012  1.811523 0.644145 0
0  0.000198 0.002706 0.035110  0.865998 0.500048 0.000007  1.827588 0.644145 0
mount_dovetail_rsr_akr_1913_railed_mount_LOD0
0  0.000198 0.002706 0.035110  0.866149 0.499786 0.000012  1.827588 0.644145 0
0  0.000198 0.002706 0.037963  0.866149 0.499786 -0.000007  1.811523 0.644145 0
0  0.000590 0.001241 0.035110  1.000000 0.000152 -0.000011  1.827588 0.652679 0
mount_dovetail_rsr_akr_1913_railed_mount_LOD0
0  0.000198 0.002706 0.037963  0.866149 0.499785 0.000011  1.811523 0.644145 0
0  0.000590 0.001241 0.037963  1.000000 0.000151 -0.000012  1.811523 0.652679 0
0  0.000590 0.001241 0.035110  1.000000 0.000151 0.000007  1.827588 0.652679 0
mount_dovetail_rsr_akr_1913_railed_mount_LOD0
0  0.000590 0.001241 0.035110  1.000000 -0.000153 0.000012  1.827588 0.652679 0
0  0.000590 0.001241 0.037963  1.000000 -0.000153 -0.000007  1.811523 0.652679 0
0  0.000198 -0.000223 0.035110  0.866148 -0.499787 -0.000093  1.827588 0.661212 0
mount_dovetail_rsr_akr_1913_railed_mount_LOD0
0  0.000590 0.001241 0.037963  1.000000 -0.000153 0.000011  1.811523 0.652679 0
0  0.000198 -0.000223 0.037963  0.866148 -0.499787 -0.000012  1.811523 0.661212 0
0  0.000198 -0.000223 0.035110  0.866148 -0.499787 0.000007  1.827588 0.661212 0
mount_dovetail_rsr_akr_1913_railed_mount_LOD0
0  0.000198 -0.000223 0.035110  0.865998 -0.500047 0.000012  1.827588 0.661212 0
0  0.000198 -0.000223 0.037963  0.865998 -0.500047 -0.000007  1.811523 0.661212 0
0  -0.000874 -0.001295 0.035110  0.500050 -0.865997 -0.000093  1.827588 0.669749 0
mount_dovetail_rsr_akr_1913_railed_mount_LOD0
0  0.000198 -0.000223 0.037963  0.865998 -0.500048 0.000011  1.811523 0.661212 0
0  -0.000874 -0.001295 0.037963  0.500049 -0.865997 -0.000012  1.811523 0.669749 0
0  -0.000874 -0.001295 0.035110  0.500049 -0.865997 0.000007  1.827588 0.669749 0
mount_dovetail_rsr_akr_1913_railed_mount_LOD0
0  -0.000874 -0.001295 0.035110  0.499785 -0.866149 0.000012  1.827588 0.669749 0
0  -0.000874 -0.001295 0.037963  0.499785 -0.866149 -0.000007  1.811523 0.669749 0
0  -0.002339 -0.001687 0.035110  0.000151 -1.000000 -0.000011  1.827588 0.678286 0
mount_dovetail_rsr_akr_1913_railed_mount_LOD0
0  -0.000874 -0.001295 0.037963  0.499785 -0.866149 0.000011  1.811523 0.669749 0
0  -0.002339 -0.001687 0.037963  0.000151 -1.000000 -0.000012  1.811523 0.678286 0
0  -0.002339 -0.001687 0.035110  0.000151 -1.000000 0.000007  1.827588 0.678286 0
mount_dovetail_rsr_akr_1913_railed_mount_LOD0
0  -0.002339 -0.001687 0.035110  -0.000151 -1.000000 0.000012  1.827588 0.678286 0
0  -0.002339 -0.001687 0.037963  -0.000151 -1.000000 -0.000007  1.811523 0.678286 0
0  -0.003803 -0.001295 0.035110  -0.499785 -0.866150 -0.000011  1.827588 0.686819 0
mount_dovetail_rsr_akr_1913_railed_mount_LOD0
0  -0.002339 -0.001687 0.037963  -0.000151 -1.000000 0.000011  1.811523 0.678286 0
0  -0.003803 -0.001295 0.037963  -0.499785 -0.866150 -0.000012  1.811523 0.686819 0
0  -0.003803 -0.001295 0.035110  -0.499785 -0.866150 0.000007  1.827588 0.686819 0
mount_dovetail_rsr_akr_1913_railed_mount_LOD0
0  -0.003803 -0.001295 0.035110  -0.500050 -0.865997 0.000012  1.827588 0.686819 0
0  -0.003803 -0.001295 0.037963  -0.500050 -0.865997 -0.000008  1.811523 0.686819 0
0  -0.004875 -0.000223 0.035110  -0.865998 -0.500047 -0.000011  1.827588 0.695357 0
mount_dovetail_rsr_akr_1913_railed_mount_LOD0
0  -0.003803 -0.001295 0.037963  -0.500048 -0.865997 0.000011  1.811523 0.686819 0
0  -0.004875 -0.000223 0.037963  -0.865997 -0.500048 -0.000012  1.811523 0.695357 0
0  -0.004875 -0.000223 0.035110  -0.865997 -0.500048 0.000008  1.827588 0.695357 0
mount_dovetail_rsr_akr_1913_railed_mount_LOD0
0  -0.004875 -0.000223 0.035110  -0.866149 -0.499785 0.000012  1.827588 0.695357 0
0  -0.004875 -0.000223 0.037963  -0.866149 -0.499785 -0.000007  1.811523 0.695357 0
0  -0.005267 0.001241 0.035110  -1.000000 -0.000152 -0.000011  1.827588 0.703893 0
mount_dovetail_rsr_akr_1913_railed_mount_LOD0
0  -0.004875 -0.000223 0.037963  -0.866149 -0.499785 -0.000071  1.811523 0.695357 0
0  -0.005267 0.001241 0.037963  -1.000000 -0.000151 -0.000012  1.811523 0.703893 0
0  -0.005267 0.001241 0.035110  -1.000000 -0.000151 0.000007  1.827588 0.703893 0
mount_dovetail_rsr_akr_1913_railed_mount_LOD0
0  -0.002339 0.004170 0.035110  0.000000 0.000000 -1.000000  1.498131 0.161427 0
0  -0.000874 0.003778 0.035110  0.000000 0.000000 -1.000000  1.489888 0.163635 0
0  0.000198 0.002706 0.035110  0.000000 0.000000 -1.000000  1.483850 0.169671 0
mount_dovetail_rsr_akr_1913_railed_mount_LOD0
0  0.000590 0.001241 0.035110  0.000000 0.000000 -1.000000  1.481642 0.177917 0
0  -0.002339 0.004170 0.035110  0.000000 0.000000 -1.000000  1.498131 0.161427 0
0  0.000198 0.002706 0.035110  0.000000 0.000000 -1.000000  1.483850 0.169671 0
mount_dovetail_rsr_akr_1913_railed_mount_LOD0
0  -0.005267 0.001241 0.035110  0.000000 0.000000 -1.000000  1.514621 0.177917 0
0  -0.002339 0.004170 0.035110  0.000000 0.000000 -1.000000  1.498131 0.161427 0
0  0.000590 0.001241 0.035110  0.000000 0.000000 -1.000000  1.481642 0.177917 0
mount_dovetail_rsr_akr_1913_railed_mount_LOD0
0  -0.003803 0.003778 0.035110  0.000000 0.000000 -1.000000  1.506376 0.163635 0
0  -0.002339 0.004170 0.035110  0.000000 0.000000 -1.000000  1.498131 0.161427 0
0  -0.005267 0.001241 0.035110  0.000000 0.000000 -1.000000  1.514621 0.177917 0
mount_dovetail_rsr_akr_1913_railed_mount_LOD0
0  -0.004875 0.002706 0.035110  -0.000013 0.000000 -1.000000  1.512413 0.169671 0
0  -0.003803 0.003778 0.035110  -0.000013 0.000000 -1.000000  1.506376 0.163635 0
0  -0.005267 0.001241 0.035110  -0.000013 0.000000 -1.000000  1.514621 0.177917 0
mount_dovetail_rsr_akr_1913_railed_mount_LOD0
0  -0.003803 -0.001295 0.035110  0.000000 0.000000 -1.000000  1.506376 0.163634 0
0  -0.004875 -0.000223 0.035110  0.000000 0.000000 -1.000000  1.512413 0.169670 0
0  -0.002339 -0.001687 0.035110  0.000000 0.000000 -1.000000  1.498131 0.161424 0
mount_dovetail_rsr_akr_1913_railed_mount_LOD0
0  -0.004875 -0.000223 0.035110  0.000000 0.000000 -1.000000  1.512413 0.169670 0
0  -0.005267 0.001241 0.035110  0.000000 0.000000 -1.000000  1.514621 0.177915 0
0  -0.002339 -0.001687 0.035110  0.000000 0.000000 -1.000000  1.498131 0.161424 0
mount_dovetail_rsr_akr_1913_railed_mount_LOD0
0  -0.002339 -0.001687 0.035110  0.000000 0.000000 -1.000000  1.498131 0.161424 0
0  -0.005267 0.001241 0.035110  0.000000 0.000000 -1.000000  1.514621 0.177915 0
0  0.000590 0.001241 0.035110  0.000000 0.000000 -1.000000  1.481642 0.177915 0
mount_dovetail_rsr_akr_1913_railed_mount_LOD0
0  -0.002339 -0.001687 0.035110  0.000000 0.000000 -1.000000  1.498131 0.161424 0
0  0.000590 0.001241 0.035110  0.000000 0.000000 -1.000000  1.481642 0.177915 0
0  0.000198 -0.000223 0.035110  0.000000 0.000000 -1.000000  1.483850 0.169670 0
mount_dovetail_rsr_akr_1913_railed_mount_LOD0
0  -0.000874 -0.001295 0.035110  0.000000 0.000000 -1.000000  1.489888 0.163634 0
0  -0.002339 -0.001687 0.035110  0.000000 0.000000 -1.000000  1.498131 0.161424 0
0  0.000198 -0.000223 0.035110  0.000000 0.000000 -1.000000  1.483850 0.169670 0
mount_dovetail_rsr_akr_1913_railed_mount_LOD0
0  -0.000678 0.022186 0.036945  0.000000 0.000000 1.000000  1.561521 0.409609 0
0  -0.002339 0.023141 0.036945  0.000000 0.000000 1.000000  1.556142 0.418958 0
0  -0.000681 0.020270 0.036945  0.000000 0.000000 1.000000  1.572311 0.409623 0
mount_dovetail_rsr_akr_1913_railed_mount_LOD0
0  -0.002339 0.023141 0.036945  -0.000002 0.000000 1.000000  1.556142 0.418958 0
0  -0.003996 0.022184 0.036945  -0.000002 0.000000 1.000000  1.561531 0.428291 0
0  -0.000681 0.020270 0.036945  -0.000002 0.000000 1.000000  1.572311 0.409623 0
mount_dovetail_rsr_akr_1913_railed_mount_LOD0
0  -0.000681 0.020270 0.036945  0.000000 0.000000 1.000000  1.572311 0.409623 0
0  -0.003996 0.022184 0.036945  0.000000 0.000000 1.000000  1.561531 0.428291 0
0  -0.003996 0.020270 0.036945  0.000000 0.000000 1.000000  1.572311 0.428292 0
mount_dovetail_rsr_akr_1913_railed_mount_LOD0
0  -0.002339 0.019307 0.036945  0.000000 0.000000 1.000000  1.577732 0.418958 0
0  -0.000681 0.020270 0.036945  0.000000 0.000000 1.000000  1.572311 0.409623 0
0  -0.003996 0.020270 0.036945  0.000000 0.000000 1.000000  1.572311 0.428292 0
mount_dovetail_rsr_akr_1913_railed_mount_LOD0
0  -0.000681 0.002174 0.036945  0.000000 0.000000 1.000000  1.751357 0.654086 0
0  -0.002339 0.003131 0.036945  0.000000 0.000000 1.000000  1.745978 0.663420 0
0  -0.000676 0.000257 0.036945  0.000000 0.000000 1.000000  1.762157 0.654056 0
mount_dovetail_rsr_akr_1913_railed_mount_LOD0
0  -0.002339 0.003131 0.036945  0.000000 0.000000 1.000000  1.745978 0.663420 0
0  -0.003996 0.002174 0.036945  0.000000 0.000000 1.000000  1.751357 0.672755 0
0  -0.000676 0.000257 0.036945  0.000000 0.000000 1.000000  1.762157 0.654056 0
mount_dovetail_rsr_akr_1913_railed_mount_LOD0
0  -0.000676 0.000257 0.036945  0.000000 0.000000 1.000000  1.762157 0.654056 0
0  -0.003996 0.002174 0.036945  0.000000 0.000000 1.000000  1.751357 0.672755 0
0  -0.003999 0.000258 0.036945  0.000000 0.000000 1.000000  1.762148 0.672769 0
mount_dovetail_rsr_akr_1913_railed_mount_LOD0
0  -0.002339 -0.000697 0.036945  -0.000001 0.000000 1.000000  1.767527 0.663420 0
0  -0.000676 0.000257 0.036945  -0.000001 0.000000 1.000000  1.762157 0.654056 0
0  -0.003999 0.000258 0.036945  -0.000001 0.000000 1.000000  1.762148 0.672769 0
mount_dovetail_rsr_akr_1913_railed_mount_LOD0
0  -0.000678 0.022186 0.037963  -0.866060 -0.499940 0.000000  1.156986 0.625496 0
0  -0.000678 0.022186 0.036945  -0.866060 -0.499940 -0.000018  1.156986 0.631107 0
0  -0.000681 0.020270 0.037963  -0.866294 0.499534 0.000000  1.146429 0.625496 0
mount_dovetail_rsr_akr_1913_railed_mount_LOD0
0  -0.000678 0.022186 0.036945  -0.866060 -0.499940 0.000000  1.156986 0.631107 0
0  -0.000681 0.020270 0.036945  -0.866294 0.499534 -0.000000  1.146429 0.631107 0
0  -0.000681 0.020270 0.037963  -0.866294 0.499534 0.000018  1.146429 0.625496 0
mount_dovetail_rsr_akr_1913_railed_mount_LOD0
0  -0.000681 0.020270 0.037963  -0.866284 0.499552 0.000000  1.146429 0.625496 0
0  -0.000681 0.020270 0.036945  -0.866284 0.499552 -0.000006  1.146429 0.631107 0
0  -0.002339 0.019307 0.037963  0.000026 1.000000 0.000000  1.135865 0.625496 0
mount_dovetail_rsr_akr_1913_railed_mount_LOD0
0  -0.000681 0.020270 0.036945  -0.866286 0.499548 0.000000  1.146429 0.631107 0
0  -0.002339 0.019307 0.036945  0.000021 1.000000 -0.000000  1.135865 0.631107 0
0  -0.002339 0.019307 0.037963  0.000021 1.000000 0.000006  1.135865 0.625496 0
mount_dovetail_rsr_akr_1913_railed_mount_LOD0
0  -0.002339 0.019307 0.037963  -0.000026 1.000000 0.000000  1.135865 0.625496 0
0  -0.002339 0.019307 0.036945  -0.000026 1.000000 -0.000006  1.135865 0.631107 0
0  -0.003996 0.020270 0.037963  0.866715 0.498804 0.000000  1.125302 0.625496 0
mount_dovetail_rsr_akr_1913_railed_mount_LOD0
0  -0.002339 0.019307 0.036945  -0.000021 1.000000 0.000000  1.135865 0.631107 0
0  -0.003996 0.020270 0.036945  0.866717 0.498799 -0.000000  1.125302 0.631107 0
0  -0.003996 0.020270 0.037963  0.866717 0.498799 0.000006  1.125302 0.625496 0
mount_dovetail_rsr_akr_1913_railed_mount_LOD0
0  -0.003996 0.020270 0.037963  0.866728 0.498782 0.000000  1.125302 0.625496 0
0  -0.003996 0.020270 0.036945  0.866728 0.498782 -0.000030  1.125302 0.631107 0
0  -0.003996 0.022184 0.037963  0.866081 -0.499903 0.000000  1.114755 0.625496 0
mount_dovetail_rsr_akr_1913_railed_mount_LOD0
0  -0.003996 0.020270 0.036945  0.866728 0.498782 0.000000  1.125302 0.631107 0
0  -0.003996 0.022184 0.036945  0.866081 -0.499903 -0.000000  1.114755 0.631107 0
0  -0.003996 0.022184 0.037963  0.866081 -0.499903 0.000030  1.114755 0.625496 0
mount_dovetail_rsr_akr_1913_railed_mount_LOD0
0  -0.003996 0.022184 0.037963  0.866065 -0.499932 0.000000  1.114755 0.625496 0
0  -0.003996 0.022184 0.036945  0.866065 -0.499932 -0.000031  1.114755 0.631107 0
0  -0.002339 0.023141 0.037963  0.000686 -1.000000 0.000000  1.104207 0.625496 0
mount_dovetail_rsr_akr_1913_railed_mount_LOD0
0  -0.003996 0.022184 0.036945  0.866066 -0.499930 0.000000  1.114755 0.631107 0
0  -0.002339 0.023141 0.036945  0.000688 -1.000000 -0.000000  1.104207 0.631107 0
0  -0.002339 0.023141 0.037963  0.000688 -1.000000 0.000031  1.104207 0.625496 0
mount_dovetail_rsr_akr_1913_railed_mount_LOD0
0  -0.002339 0.023141 0.037963  0.000660 -1.000000 0.000000  1.104207 0.625496 0
0  -0.002339 0.023141 0.036945  0.000660 -1.000000 -0.000019  1.104207 0.631107 0
0  -0.000678 0.022186 0.037963  -0.866063 -0.499935 0.000000  1.093650 0.625496 0
mount_dovetail_rsr_akr_1913_railed_mount_LOD0
0  -0.002339 0.023141 0.036945  0.000658 -1.000000 0.000000  1.104207 0.631107 0
0  -0.000678 0.022186 0.036945  -0.866064 -0.499933 -0.000000  1.093650 0.631107 0
0  -0.000678 0.022186 0.037963  -0.866064 -0.499933 0.000019  1.093650 0.625496 0
mount_dovetail_rsr_akr_1913_railed_mount_LOD0
0  -0.000681 0.002174 0.037963  -0.865404 -0.501074 -0.000000  1.255850 0.141529 0
0  -0.000681 0.002174 0.036945  -0.865404 -0.501074 -0.000007  1.255850 0.147139 0
0  -0.000676 0.000257 0.037963  -0.866063 0.499936 -0.000000  1.245285 0.141529 0
mount_dovetail_rsr_akr_1913_railed_mount_LOD0
0  -0.000681 0.002174 0.036945  -0.865404 -0.501074 0.000000  1.255850 0.147139 0
0  -0.000676 0.000257 0.036945  -0.866063 0.499936 -0.000000  1.245285 0.147139 0
0  -0.000676 0.000257 0.037963  -0.866063 0.499936 0.000007  1.245285 0.141529 0
mount_dovetail_rsr_akr_1913_railed_mount_LOD0
0  -0.000676 0.000257 0.037963  -0.866084 0.499898 0.000000  1.245285 0.141529 0
0  -0.000676 0.000257 0.036945  -0.866084 0.499898 -0.000006  1.245285 0.147139 0
0  -0.002339 -0.000697 0.037963  0.000665 1.000000 0.000000  1.234721 0.141529 0
mount_dovetail_rsr_akr_1913_railed_mount_LOD0
0  -0.000676 0.000257 0.036945  -0.866084 0.499898 0.000000  1.245285 0.147139 0
0  -0.002339 -0.000697 0.036945  0.000665 1.000000 -0.000000  1.234721 0.147139 0
0  -0.002339 -0.000697 0.037963  0.000665 1.000000 0.000006  1.234721 0.141529 0
mount_dovetail_rsr_akr_1913_railed_mount_LOD0
0  -0.002339 -0.000697 0.037963  0.000679 1.000000 0.000000  1.234721 0.141529 0
0  -0.002339 -0.000697 0.036945  0.000679 1.000000 -0.000018  1.234721 0.147139 0
0  -0.003999 0.000258 0.037963  0.866061 0.499938 0.000000  1.224166 0.141529 0
mount_dovetail_rsr_akr_1913_railed_mount_LOD0
0  -0.002339 -0.000697 0.036945  0.000684 1.000000 0.000000  1.234721 0.147139 0
0  -0.003999 0.000258 0.036945  0.866064 0.499933 -0.000000  1.224166 0.147139 0
0  -0.003999 0.000258 0.037963  0.866064 0.499933 0.000019  1.224166 0.141529 0
mount_dovetail_rsr_akr_1913_railed_mount_LOD0
0  -0.003999 0.000258 0.037963  0.866060 0.499941 0.000000  1.224166 0.141529 0
0  -0.003999 0.000258 0.036945  0.866060 0.499941 -0.000019  1.224166 0.147139 0
0  -0.003996 0.002174 0.037963  0.865743 -0.500488 0.000000  1.213610 0.141529 0
mount_dovetail_rsr_akr_1913_railed_mount_LOD0
0  -0.003999 0.000258 0.036945  0.866060 0.499941 0.000000  1.224166 0.147139 0
0  -0.003996 0.002174 0.036945  0.865744 -0.500488 -0.000000  1.213610 0.147139 0
0  -0.003996 0.002174 0.037963  0.865744 -0.500488 0.000019  1.213610 0.141529 0
mount_dovetail_rsr_akr_1913_railed_mount_LOD0
0  -0.003996 0.002174 0.037963  0.865729 -0.500513 0.000000  1.213610 0.141529 0
0  -0.003996 0.002174 0.036945  0.865729 -0.500513 -0.000031  1.213610 0.147139 0
0  -0.002339 0.003131 0.037963  0.000014 -1.000000 0.000000  1.203061 0.141529 0
mount_dovetail_rsr_akr_1913_railed_mount_LOD0
0  -0.003996 0.002174 0.036945  0.865730 -0.500511 0.000000  1.213610 0.147139 0
0  -0.002339 0.003131 0.036945  0.000017 -1.000000 0.000000  1.203061 0.147139 0
0  -0.002339 0.003131 0.037963  0.000017 -1.000000 0.000031  1.203061 0.141529 0
mount_dovetail_rsr_akr_1913_railed_mount_LOD0
0  -0.002339 0.003131 0.037963  -0.000014 -1.000000 0.000000  1.203061 0.141529 0
0  -0.002339 0.003131 0.036945  -0.000014 -1.000000 -0.000031  1.203061 0.147139 0
0  -0.000681 0.002174 0.037963  -0.865393 -0.501094 0.000000  1.192512 0.141529 0
mount_dovetail_rsr_akr_1913_railed_mount_LOD0
0  -0.002339 0.003131 0.036945  -0.000016 -1.000000 -0.000003  1.203061 0.147139 0
0  -0.000681 0.002174 0.036945  -0.865394 -0.501092 -0.000003  1.192512 0.147139 0
0  -0.000681 0.002174 0.037963  -0.865394 -0.501092 0.000028  1.192512 0.141529 0
mount_dovetail_rsr_akr_1913_railed_mount_LOD0
0  -0.005267 -0.028737 0.037963  -1.000000 -0.000151 -0.000005  0.730120 0.428608 0
0  -0.005267 -0.028737 0.035110  -1.000000 -0.000151 0.000012  0.730120 0.412544 0
0  -0.004875 -0.030201 0.035110  -0.866149 -0.499785 -0.000018  0.738654 0.412544 0
mount_dovetail_rsr_akr_1913_railed_mount_LOD0
0  -0.004875 -0.030201 0.037963  -0.866149 -0.499785 -0.000012  0.738654 0.428608 0
0  -0.005267 -0.028737 0.037963  -1.000000 -0.000151 0.000018  0.730120 0.428608 0
0  -0.004875 -0.030201 0.035110  -0.866149 -0.499785 0.000005  0.738654 0.412544 0
mount_dovetail_rsr_akr_1913_railed_mount_LOD0
0  -0.004875 -0.030201 0.037963  -0.865998 -0.500048 -0.000005  0.738654 0.428608 0
0  -0.004875 -0.030201 0.035110  -0.865998 -0.500048 0.000012  0.738654 0.412544 0
0  -0.003803 -0.031273 0.035110  -0.500049 -0.865997 -0.000018  0.747192 0.412544 0
mount_dovetail_rsr_akr_1913_railed_mount_LOD0
0  -0.003803 -0.031273 0.037963  -0.500050 -0.865997 -0.000012  0.747192 0.428608 0
0  -0.004875 -0.030201 0.037963  -0.865998 -0.500047 0.000018  0.738654 0.428608 0
0  -0.003803 -0.031273 0.035110  -0.500050 -0.865997 0.000005  0.747192 0.412544 0
mount_dovetail_rsr_akr_1913_railed_mount_LOD0
0  -0.003803 -0.031273 0.037963  -0.499788 -0.866148 -0.000005  0.747192 0.428608 0
0  -0.003803 -0.031273 0.035110  -0.499788 -0.866148 0.000012  0.747192 0.412544 0
0  -0.002339 -0.031665 0.035110  -0.000155 -1.000000 -0.000018  0.755725 0.412544 0
mount_dovetail_rsr_akr_1913_railed_mount_LOD0
0  -0.002339 -0.031665 0.037963  -0.000155 -1.000000 -0.000012  0.755725 0.428608 0
0  -0.003803 -0.031273 0.037963  -0.499789 -0.866147 0.000018  0.747192 0.428608 0
0  -0.002339 -0.031665 0.035110  -0.000155 -1.000000 0.000005  0.755725 0.412544 0
mount_dovetail_rsr_akr_1913_railed_mount_LOD0
0  -0.002339 -0.031665 0.037963  0.000155 -1.000000 -0.000005  0.755725 0.428608 0
0  -0.002339 -0.031665 0.035110  0.000155 -1.000000 0.000012  0.755725 0.412544 0
0  -0.000874 -0.031273 0.035110  0.499788 -0.866148 -0.000018  0.764262 0.412544 0
mount_dovetail_rsr_akr_1913_railed_mount_LOD0
0  -0.000874 -0.031273 0.037963  0.499789 -0.866147 -0.000012  0.764262 0.428608 0
0  -0.002339 -0.031665 0.037963  0.000155 -1.000000 0.000018  0.755725 0.428608 0
0  -0.000874 -0.031273 0.035110  0.499789 -0.866147 0.000005  0.764262 0.412544 0
mount_dovetail_rsr_akr_1913_railed_mount_LOD0
0  -0.000874 -0.031273 0.037963  0.500050 -0.865997 -0.000005  0.764262 0.428608 0
0  -0.000874 -0.031273 0.035110  0.500050 -0.865997 0.000012  0.764262 0.412544 0
0  0.000198 -0.030201 0.035110  0.865998 -0.500047 -0.000018  0.772800 0.412544 0
mount_dovetail_rsr_akr_1913_railed_mount_LOD0
0  0.000198 -0.030201 0.037963  0.865998 -0.500047 -0.000012  0.772800 0.428608 0
0  -0.000874 -0.031273 0.037963  0.500050 -0.865997 0.000018  0.764262 0.428608 0
0  0.000198 -0.030201 0.035110  0.865998 -0.500047 0.000005  0.772800 0.412544 0
mount_dovetail_rsr_akr_1913_railed_mount_LOD0
0  0.000198 -0.030201 0.037963  0.866149 -0.499785 -0.000005  0.772800 0.428608 0
0  0.000198 -0.030201 0.035110  0.866149 -0.499785 0.000012  0.772800 0.412544 0
0  0.000590 -0.028737 0.035110  1.000000 -0.000152 -0.000018  0.781333 0.412544 0
mount_dovetail_rsr_akr_1913_railed_mount_LOD0
0  0.000590 -0.028737 0.037963  1.000000 -0.000152 -0.000087  0.781333 0.428608 0
0  0.000198 -0.030201 0.037963  0.866149 -0.499785 0.000018  0.772800 0.428608 0
0  0.000590 -0.028737 0.035110  1.000000 -0.000152 0.000005  0.781333 0.412544 0
mount_dovetail_rsr_akr_1913_railed_mount_LOD0
0  0.000590 -0.028737 0.037963  1.000000 0.000153 -0.000005  0.781333 0.428608 0
0  0.000590 -0.028737 0.035110  1.000000 0.000153 0.000012  0.781333 0.412544 0
0  0.000198 -0.027272 0.035110  0.866149 0.499786 -0.000018  0.789869 0.412544 0
mount_dovetail_rsr_akr_1913_railed_mount_LOD0
0  0.000198 -0.027272 0.037963  0.866149 0.499786 -0.000012  0.789869 0.428608 0
0  0.000590 -0.028737 0.037963  1.000000 0.000153 0.000018  0.781333 0.428608 0
0  0.000198 -0.027272 0.035110  0.866149 0.499786 0.000005  0.789869 0.412544 0
mount_dovetail_rsr_akr_1913_railed_mount_LOD0
0  0.000198 -0.027272 0.037963  0.865997 0.500048 -0.000005  0.789869 0.428608 0
0  0.000198 -0.027272 0.035110  0.865997 0.500048 0.000012  0.789869 0.412544 0
0  -0.000874 -0.026200 0.035110  0.500049 0.865997 -0.000018  0.798403 0.412544 0
mount_dovetail_rsr_akr_1913_railed_mount_LOD0
0  -0.000874 -0.026200 0.037963  0.500048 0.865997 -0.000012  0.798403 0.428608 0
0  0.000198 -0.027272 0.037963  0.865997 0.500048 0.000018  0.789869 0.428608 0
0  -0.000874 -0.026200 0.035110  0.500048 0.865997 0.000005  0.798403 0.412544 0
mount_dovetail_rsr_akr_1913_railed_mount_LOD0
0  -0.000874 -0.026200 0.037963  0.499789 0.866147 -0.000005  0.798403 0.428608 0
0  -0.000874 -0.026200 0.035110  0.499789 0.866147 0.000012  0.798403 0.412544 0
0  -0.002339 -0.025808 0.035110  0.000155 1.000000 -0.000018  0.806940 0.412544 0
mount_dovetail_rsr_akr_1913_railed_mount_LOD0
0  -0.002339 -0.025808 0.037963  0.000150 1.000000 -0.000009  0.806940 0.428608 0
0  -0.000874 -0.026200 0.037963  0.499784 0.866150 0.000021  0.798403 0.428608 0
0  -0.002339 -0.025808 0.035110  0.000150 1.000000 0.000009  0.806940 0.412544 0
mount_dovetail_rsr_akr_1913_railed_mount_LOD0
0  -0.002339 -0.025808 0.037963  -0.000155 1.000000 -0.000000  0.806940 0.428608 0
0  -0.002339 -0.025808 0.035110  -0.000155 1.000000 0.000017  0.806940 0.412544 0
0  -0.003803 -0.026200 0.035110  -0.499788 0.866148 -0.000013  0.815476 0.412544 0
mount_dovetail_rsr_akr_1913_railed_mount_LOD0
0  -0.003803 -0.026200 0.037963  -0.499783 0.866150 -0.000012  0.815476 0.428608 0
0  -0.002339 -0.025808 0.037963  -0.000149 1.000000 0.000018  0.806940 0.428608 0
0  -0.003803 -0.026200 0.035110  -0.499783 0.866150 0.000005  0.815476 0.412544 0
mount_dovetail_rsr_akr_1913_railed_mount_LOD0
0  -0.003803 -0.026200 0.037963  -0.500049 0.865997 -0.000005  0.815476 0.428608 0
0  -0.003803 -0.026200 0.035110  -0.500049 0.865997 0.000012  0.815476 0.412544 0
0  -0.004875 -0.027272 0.035110  -0.865998 0.500048 -0.000018  0.824011 0.412544 0
mount_dovetail_rsr_akr_1913_railed_mount_LOD0
0  -0.004875 -0.027272 0.037963  -0.865997 0.500049 -0.000087  0.824011 0.428608 0
0  -0.003803 -0.026200 0.037963  -0.500048 0.865998 0.000018  0.815476 0.428608 0
0  -0.004875 -0.027272 0.035110  -0.865997 0.500049 0.000005  0.824011 0.412544 0
mount_dovetail_rsr_akr_1913_railed_mount_LOD0
0  -0.004875 -0.027272 0.037963  -0.866149 0.499785 -0.000005  0.824011 0.428608 0
0  -0.004875 -0.027272 0.035110  -0.866149 0.499785 0.000012  0.824011 0.412544 0
0  -0.005267 -0.028737 0.035110  -1.000000 0.000151 -0.000018  0.832548 0.412544 0
mount_dovetail_rsr_akr_1913_railed_mount_LOD0
0  -0.005267 -0.028737 0.037963  -1.000000 0.000151 -0.000012  0.832548 0.428608 0
0  -0.004875 -0.027272 0.037963  -0.866149 0.499785 0.000018  0.824011 0.428608 0
0  -0.005267 -0.028737 0.035110  -1.000000 0.000151 0.000005  0.832548 0.412544 0
mount_dovetail_rsr_akr_1913_railed_mount_LOD0
0  0.000198 -0.030201 0.035110  0.000000 0.000000 -1.000000  1.483850 0.169670 0
0  -0.000874 -0.031273 0.035110  0.000000 0.000000 -1.000000  1.489888 0.163635 0
0  -0.002339 -0.031665 0.035110  0.000000 0.000000 -1.000000  1.498131 0.161427 0
mount_dovetail_rsr_akr_1913_railed_mount_LOD0
0  0.000590 -0.028737 0.035110  0.000000 0.000000 -1.000000  1.481642 0.177915 0
0  0.000198 -0.030201 0.035110  0.000000 0.000000 -1.000000  1.483850 0.169670 0
0  -0.002339 -0.031665 0.035110  0.000000 0.000000 -1.000000  1.498131 0.161427 0
mount_dovetail_rsr_akr_1913_railed_mount_LOD0
0  -0.002339 -0.031665 0.035110  0.000000 0.000000 -1.000000  1.498131 0.161427 0
0  -0.005267 -0.028737 0.035110  0.000000 0.000000 -1.000000  1.514621 0.177915 0
0  0.000590 -0.028737 0.035110  0.000000 0.000000 -1.000000  1.481642 0.177915 0
mount_dovetail_rsr_akr_1913_railed_mount_LOD0
0  -0.002339 -0.031665 0.035110  0.000005 0.000000 -1.000000  1.498131 0.161427 0
0  -0.003803 -0.031273 0.035110  0.000005 0.000000 -1.000000  1.506376 0.163635 0
0  -0.005267 -0.028737 0.035110  0.000005 0.000000 -1.000000  1.514621 0.177915 0
mount_dovetail_rsr_akr_1913_railed_mount_LOD0
0  -0.003803 -0.031273 0.035110  -0.000006 0.000000 -1.000000  1.506376 0.163635 0
0  -0.004875 -0.030201 0.035110  -0.000006 0.000000 -1.000000  1.512413 0.169670 0
0  -0.005267 -0.028737 0.035110  -0.000006 0.000000 -1.000000  1.514621 0.177915 0
mount_dovetail_rsr_akr_1913_railed_mount_LOD0
0  -0.004875 -0.027272 0.035110  0.000000 0.000000 -1.000000  0.512413 0.169671 0
0  -0.003803 -0.026200 0.035110  0.000000 0.000000 -1.000000  0.506376 0.163635 0
0  -0.002339 -0.025808 0.035110  0.000000 0.000000 -1.000000  0.498131 0.161427 0
mount_dovetail_rsr_akr_1913_railed_mount_LOD0
0  -0.005267 -0.028737 0.035110  0.000000 0.000000 -1.000000  0.514621 0.177917 0
0  -0.004875 -0.027272 0.035110  0.000000 0.000000 -1.000000  0.512413 0.169671 0
0  -0.002339 -0.025808 0.035110  0.000000 0.000000 -1.000000  0.498131 0.161427 0
mount_dovetail_rsr_akr_1913_railed_mount_LOD0
0  -0.005267 -0.028737 0.035110  0.000000 0.000000 -1.000000  0.514621 0.177917 0
0  -0.002339 -0.025808 0.035110  0.000000 0.000000 -1.000000  0.498131 0.161427 0
0  0.000590 -0.028737 0.035110  0.000000 0.000000 -1.000000  0.481642 0.177917 0
mount_dovetail_rsr_akr_1913_railed_mount_LOD0
0  0.000198 -0.027272 0.035110  0.000000 0.000000 -1.000000  0.483850 0.169670 0
0  0.000590 -0.028737 0.035110  0.000000 0.000000 -1.000000  0.481642 0.177917 0
0  -0.002339 -0.025808 0.035110  0.000000 0.000000 -1.000000  0.498131 0.161427 0
mount_dovetail_rsr_akr_1913_railed_mount_LOD0
0  -0.000874 -0.026200 0.035110  0.000000 0.000000 -1.000000  0.489888 0.163635 0
0  0.000198 -0.027272 0.035110  0.000000 0.000000 -1.000000  0.483850 0.169670 0
0  -0.002339 -0.025808 0.035110  0.000000 0.000000 -1.000000  0.498131 0.161427 0
mount_dovetail_rsr_akr_1913_railed_mount_LOD0
0  -0.005267 -0.008751 0.037963  -1.000000 -0.000150 -0.000005  0.811523 0.601467 0
0  -0.005267 -0.008751 0.035110  -1.000000 -0.000150 0.000012  0.827588 0.601467 0
0  -0.004875 -0.010215 0.035110  -0.866150 -0.499784 -0.000018  0.827588 0.610001 0
mount_dovetail_rsr_akr_1913_railed_mount_LOD0
0  -0.004875 -0.010215 0.037963  -0.866150 -0.499784 -0.000012  0.811523 0.610001 0
0  -0.005267 -0.008751 0.037963  -1.000000 -0.000150 0.000018  0.811523 0.601467 0
0  -0.004875 -0.010215 0.035110  -0.866150 -0.499784 0.000005  0.827588 0.610001 0
mount_dovetail_rsr_akr_1913_railed_mount_LOD0
0  -0.004875 -0.010215 0.037963  -0.865996 -0.500051 -0.000005  0.811523 0.610001 0
0  -0.004875 -0.010215 0.035110  -0.865996 -0.500051 0.000012  0.827588 0.610001 0
0  -0.003803 -0.011287 0.035110  -0.500046 -0.865999 -0.000018  0.827588 0.618538 0
mount_dovetail_rsr_akr_1913_railed_mount_LOD0
0  -0.003803 -0.011287 0.037963  -0.500047 -0.865998 -0.000012  0.811523 0.618538 0
0  -0.004875 -0.010215 0.037963  -0.865997 -0.500049 0.000018  0.811523 0.610001 0
0  -0.003803 -0.011287 0.035110  -0.500047 -0.865998 0.000005  0.827588 0.618538 0
mount_dovetail_rsr_akr_1913_railed_mount_LOD0
0  -0.003803 -0.011287 0.037963  -0.499785 -0.866149 -0.000005  0.811523 0.618538 0
0  -0.003803 -0.011287 0.035110  -0.499785 -0.866149 0.000012  0.827588 0.618538 0
0  -0.002339 -0.011680 0.035110  -0.000152 -1.000000 -0.000018  0.827588 0.627074 0
mount_dovetail_rsr_akr_1913_railed_mount_LOD0
0  -0.002339 -0.011680 0.037963  -0.000152 -1.000000 -0.000087  0.811523 0.627074 0
0  -0.003803 -0.011287 0.037963  -0.499785 -0.866149 0.000018  0.811523 0.618538 0
0  -0.002339 -0.011680 0.035110  -0.000152 -1.000000 0.000005  0.827588 0.627074 0
mount_dovetail_rsr_akr_1913_railed_mount_LOD0
0  -0.002339 -0.011680 0.037963  0.000152 -1.000000 -0.000005  0.811523 0.627074 0
0  -0.002339 -0.011680 0.035110  0.000152 -1.000000 0.000087  0.827588 0.627074 0
0  -0.000874 -0.011287 0.035110  0.499785 -0.866149 -0.000018  0.827588 0.635608 0
mount_dovetail_rsr_akr_1913_railed_mount_LOD0
0  -0.000874 -0.011287 0.037963  0.499785 -0.866149 -0.000012  0.811523 0.635608 0
0  -0.002339 -0.011680 0.037963  0.000152 -1.000000 0.000018  0.811523 0.627074 0
0  -0.000874 -0.011287 0.035110  0.499785 -0.866149 0.000005  0.827588 0.635608 0
mount_dovetail_rsr_akr_1913_railed_mount_LOD0
0  -0.000874 -0.011287 0.037963  0.500049 -0.865997 -0.000005  0.811523 0.635608 0
0  -0.000874 -0.011287 0.035110  0.500049 -0.865997 0.000087  0.827588 0.635608 0
0  0.000198 -0.010215 0.035110  0.865998 -0.500048 -0.000018  0.827588 0.644145 0
mount_dovetail_rsr_akr_1913_railed_mount_LOD0
0  0.000198 -0.010215 0.037963  0.865998 -0.500048 -0.000124  0.811523 0.644145 0
0  -0.000874 -0.011287 0.037963  0.500049 -0.865997 0.000018  0.811523 0.635608 0
0  0.000198 -0.010215 0.035110  0.865998 -0.500048 0.000005  0.827588 0.644145 0
mount_dovetail_rsr_akr_1913_railed_mount_LOD0
0  0.000198 -0.010215 0.037963  0.866149 -0.499786 -0.000005  0.811523 0.644145 0
0  0.000198 -0.010215 0.035110  0.866149 -0.499786 0.000012  0.827588 0.644145 0
0  0.000590 -0.008751 0.035110  1.000000 -0.000152 -0.000018  0.827588 0.652679 0
mount_dovetail_rsr_akr_1913_railed_mount_LOD0
0  0.000590 -0.008751 0.037963  1.000000 -0.000151 -0.000012  0.811523 0.652679 0
0  0.000198 -0.010215 0.037963  0.866149 -0.499785 0.000018  0.811523 0.644145 0
0  0.000590 -0.008751 0.035110  1.000000 -0.000151 0.000005  0.827588 0.652679 0
mount_dovetail_rsr_akr_1913_railed_mount_LOD0
0  0.000590 -0.008751 0.037963  1.000000 0.000154 -0.000005  0.811523 0.652679 0
0  0.000590 -0.008751 0.035110  1.000000 0.000154 0.000012  0.827588 0.652679 0
0  0.000198 -0.007287 0.035110  0.866148 0.499787 -0.000018  0.827588 0.661212 0
mount_dovetail_rsr_akr_1913_railed_mount_LOD0
0  0.000198 -0.007287 0.037963  0.866148 0.499787 -0.000012  0.811523 0.661212 0
0  0.000590 -0.008751 0.037963  1.000000 0.000153 0.000018  0.811523 0.652679 0
0  0.000198 -0.007287 0.035110  0.866148 0.499787 0.000005  0.827588 0.661212 0
mount_dovetail_rsr_akr_1913_railed_mount_LOD0
0  0.000198 -0.007287 0.037963  0.865998 0.500048 -0.000005  0.811523 0.661212 0
0  0.000198 -0.007287 0.035110  0.865998 0.500048 0.000012  0.827588 0.661212 0
0  -0.000874 -0.006215 0.035110  0.500049 0.865997 -0.000018  0.827588 0.669749 0
mount_dovetail_rsr_akr_1913_railed_mount_LOD0
0  -0.000874 -0.006215 0.037963  0.500049 0.865997 -0.000012  0.811523 0.669749 0
0  0.000198 -0.007287 0.037963  0.865998 0.500048 0.000018  0.811523 0.661212 0
0  -0.000874 -0.006215 0.035110  0.500049 0.865997 0.000005  0.827588 0.669749 0
mount_dovetail_rsr_akr_1913_railed_mount_LOD0
0  -0.000874 -0.006215 0.037963  0.499785 0.866149 -0.000005  0.811523 0.669749 0
0  -0.000874 -0.006215 0.035110  0.499785 0.866149 0.000012  0.827588 0.669749 0
0  -0.002339 -0.005822 0.035110  0.000151 1.000000 -0.000018  0.827588 0.678286 0
mount_dovetail_rsr_akr_1913_railed_mount_LOD0
0  -0.002339 -0.005822 0.037963  0.000151 1.000000 -0.000012  0.811523 0.678286 0
0  -0.000874 -0.006215 0.037963  0.499785 0.866149 0.000018  0.811523 0.669749 0
0  -0.002339 -0.005822 0.035110  0.000151 1.000000 0.000005  0.827588 0.678286 0
mount_dovetail_rsr_akr_1913_railed_mount_LOD0
0  -0.002339 -0.005822 0.037963  -0.000151 1.000000 -0.000005  0.811523 0.678286 0
0  -0.002339 -0.005822 0.035110  -0.000151 1.000000 0.000012  0.827588 0.678286 0
0  -0.003803 -0.006215 0.035110  -0.499785 0.866150 -0.000018  0.827588 0.686819 0
mount_dovetail_rsr_akr_1913_railed_mount_LOD0
0  -0.003803 -0.006215 0.037963  -0.499785 0.866150 -0.000012  0.811523 0.686819 0
0  -0.002339 -0.005822 0.037963  -0.000151 1.000000 0.000018  0.811523 0.678286 0
0  -0.003803 -0.006215 0.035110  -0.499785 0.866150 0.000005  0.827588 0.686819 0
mount_dovetail_rsr_akr_1913_railed_mount_LOD0
0  -0.003803 -0.006215 0.037963  -0.500048 0.865997 -0.000005  0.811523 0.686819 0
0  -0.003803 -0.006215 0.035110  -0.500048 0.865997 0.000012  0.827588 0.686819 0
0  -0.004875 -0.007287 0.035110  -0.865997 0.500048 -0.000018  0.827588 0.695357 0
mount_dovetail_rsr_akr_1913_railed_mount_LOD0
0  -0.004875 -0.007287 0.037963  -0.865997 0.500048 -0.000012  0.811523 0.695357 0
0  -0.003803 -0.006215 0.037963  -0.500048 0.865997 0.000018  0.811523 0.686819 0
0  -0.004875 -0.007287 0.035110  -0.865997 0.500048 0.000005  0.827588 0.695357 0
mount_dovetail_rsr_akr_1913_railed_mount_LOD0
0  -0.004875 -0.007287 0.037963  -0.866150 0.499784 -0.000005  0.811523 0.695357 0
0  -0.004875 -0.007287 0.035110  -0.866150 0.499784 0.000012  0.827588 0.695357 0
0  -0.005267 -0.008751 0.035110  -1.000000 0.000150 -0.000018  0.827588 0.703893 0
mount_dovetail_rsr_akr_1913_railed_mount_LOD0
0  -0.005267 -0.008751 0.037963  -1.000000 0.000149 -0.000012  0.811523 0.703893 0
0  -0.004875 -0.007287 0.037963  -0.866150 0.499783 0.000018  0.811523 0.695357 0
0  -0.005267 -0.008751 0.035110  -1.000000 0.000149 0.000005  0.827588 0.703893 0
mount_dovetail_rsr_akr_1913_railed_mount_LOD0
0  0.000198 -0.010215 0.035110  0.000000 0.000000 -1.000000  1.483850 0.169671 0
0  -0.000874 -0.011287 0.035110  0.000000 0.000000 -1.000000  1.489888 0.163635 0
0  -0.002339 -0.011680 0.035110  0.000000 0.000000 -1.000000  1.498131 0.161427 0
mount_dovetail_rsr_akr_1913_railed_mount_LOD0
0  0.000590 -0.008751 0.035110  0.000000 0.000000 -1.000000  1.481642 0.177917 0
0  0.000198 -0.010215 0.035110  0.000000 0.000000 -1.000000  1.483850 0.169671 0
0  -0.002339 -0.011680 0.035110  0.000000 0.000000 -1.000000  1.498131 0.161427 0
mount_dovetail_rsr_akr_1913_railed_mount_LOD0
0  -0.002339 -0.011680 0.035110  0.000000 0.000000 -1.000000  1.498131 0.161427 0
0  -0.005267 -0.008751 0.035110  0.000000 0.000000 -1.000000  1.514621 0.177917 0
0  0.000590 -0.008751 0.035110  0.000000 0.000000 -1.000000  1.481642 0.177917 0
mount_dovetail_rsr_akr_1913_railed_mount_LOD0
0  -0.002339 -0.011680 0.035110  0.000000 0.000000 -1.000000  1.498131 0.161427 0
0  -0.003803 -0.011287 0.035110  0.000000 0.000000 -1.000000  1.506376 0.163635 0
0  -0.005267 -0.008751 0.035110  0.000000 0.000000 -1.000000  1.514621 0.177917 0
mount_dovetail_rsr_akr_1913_railed_mount_LOD0
0  -0.003803 -0.011287 0.035110  -0.000006 0.000000 -1.000000  1.506376 0.163635 0
0  -0.004875 -0.010215 0.035110  -0.000006 0.000000 -1.000000  1.512413 0.169671 0
0  -0.005267 -0.008751 0.035110  -0.000006 0.000000 -1.000000  1.514621 0.177917 0
mount_dovetail_rsr_akr_1913_railed_mount_LOD0
0  -0.004875 -0.007287 0.035110  0.000003 0.000000 -1.000000  1.512413 0.169670 0
0  -0.003803 -0.006215 0.035110  0.000003 0.000000 -1.000000  1.506376 0.163634 0
0  -0.002339 -0.005822 0.035110  0.000003 0.000000 -1.000000  1.498131 0.161424 0
mount_dovetail_rsr_akr_1913_railed_mount_LOD0
0  -0.005267 -0.008751 0.035110  0.000000 0.000000 -1.000000  1.514621 0.177915 0
0  -0.004875 -0.007287 0.035110  0.000000 0.000000 -1.000000  1.512413 0.169670 0
0  -0.002339 -0.005822 0.035110  0.000000 0.000000 -1.000000  1.498131 0.161424 0
mount_dovetail_rsr_akr_1913_railed_mount_LOD0
0  -0.005267 -0.008751 0.035110  0.000000 0.000000 -1.000000  1.514621 0.177915 0
0  -0.002339 -0.005822 0.035110  0.000000 0.000000 -1.000000  1.498131 0.161424 0
0  0.000590 -0.008751 0.035110  0.000000 0.000000 -1.000000  1.481642 0.177915 0
mount_dovetail_rsr_akr_1913_railed_mount_LOD0
0  0.000198 -0.007287 0.035110  0.000000 0.000000 -1.000000  1.483850 0.169670 0
0  0.000590 -0.008751 0.035110  0.000000 0.000000 -1.000000  1.481642 0.177915 0
0  -0.002339 -0.005822 0.035110  0.000000 0.000000 -1.000000  1.498131 0.161424 0
mount_dovetail_rsr_akr_1913_railed_mount_LOD0
0  -0.000874 -0.006215 0.035110  0.000000 0.000000 -1.000000  1.489888 0.163634 0
0  0.000198 -0.007287 0.035110  0.000000 0.000000 -1.000000  1.483850 0.169670 0
0  -0.002339 -0.005822 0.035110  0.000000 0.000000 -1.000000  1.498131 0.161424 0
mount_dovetail_rsr_akr_1913_railed_mount_LOD0
0  -0.000678 -0.029695 0.036945  -0.000005 0.000000 1.000000  0.561521 0.409609 0
0  -0.000681 -0.027779 0.036945  -0.000005 0.000000 1.000000  0.572311 0.409623 0
0  -0.002339 -0.030651 0.036945  -0.000005 0.000000 1.000000  0.556142 0.418958 0
mount_dovetail_rsr_akr_1913_railed_mount_LOD0
0  -0.000681 -0.027779 0.036945  0.000000 0.000000 1.000000  0.572311 0.409623 0
0  -0.003996 -0.029694 0.036945  0.000000 0.000000 1.000000  0.561531 0.428291 0
0  -0.002339 -0.030651 0.036945  0.000000 0.000000 1.000000  0.556142 0.418958 0
mount_dovetail_rsr_akr_1913_railed_mount_LOD0
0  -0.003996 -0.027779 0.036945  0.000000 0.000000 1.000000  0.572311 0.428292 0
0  -0.003996 -0.029694 0.036945  0.000000 0.000000 1.000000  0.561531 0.428291 0
0  -0.000681 -0.027779 0.036945  0.000000 0.000000 1.000000  0.572311 0.409623 0
mount_dovetail_rsr_akr_1913_railed_mount_LOD0
0  -0.002339 -0.026816 0.036945  0.000000 0.000000 1.000000  0.577732 0.418958 0
0  -0.003996 -0.027779 0.036945  0.000000 0.000000 1.000000  0.572311 0.428292 0
0  -0.000681 -0.027779 0.036945  0.000000 0.000000 1.000000  0.572311 0.409623 0
mount_dovetail_rsr_akr_1913_railed_mount_LOD0
0  -0.000681 -0.009684 0.036945  0.000000 0.000000 1.000000  0.751357 0.654086 0
0  -0.000676 -0.007766 0.036945  0.000000 0.000000 1.000000  0.762157 0.654056 0
0  -0.002339 -0.010641 0.036945  0.000000 0.000000 1.000000  0.745978 0.663420 0
mount_dovetail_rsr_akr_1913_railed_mount_LOD0
0  -0.000676 -0.007766 0.036945  0.000000 0.000000 1.000000  0.762157 0.654056 0
0  -0.003996 -0.009684 0.036945  0.000000 0.000000 1.000000  0.751357 0.672755 0
0  -0.002339 -0.010641 0.036945  0.000000 0.000000 1.000000  0.745978 0.663420 0
mount_dovetail_rsr_akr_1913_railed_mount_LOD0
0  -0.003999 -0.007768 0.036945  0.000000 0.000000 1.000000  0.762148 0.672769 0
0  -0.003996 -0.009684 0.036945  0.000000 0.000000 1.000000  0.751357 0.672755 0
0  -0.000676 -0.007766 0.036945  0.000000 0.000000 1.000000  0.762157 0.654056 0
mount_dovetail_rsr_akr_1913_railed_mount_LOD0
0  -0.002339 -0.006812 0.036945  0.000000 0.000000 1.000000  0.767527 0.663420 0
0  -0.003999 -0.007768 0.036945  0.000000 0.000000 1.000000  0.762148 0.672769 0
0  -0.000676 -0.007766 0.036945  0.000000 0.000000 1.000000  0.762157 0.654056 0
mount_dovetail_rsr_akr_1913_railed_mount_LOD0
0  -0.000678 -0.029695 0.036945  -0.866060 0.499940 -0.000003  0.156986 0.631107 0
0  -0.000678 -0.029695 0.037963  -0.866060 0.499940 0.000000  0.156986 0.625496 0
0  -0.000681 -0.027779 0.037963  -0.866294 -0.499534 -0.000019  0.146429 0.625496 0
mount_dovetail_rsr_akr_1913_railed_mount_LOD0
0  -0.000681 -0.027779 0.036945  -0.866294 -0.499534 0.000000  0.146429 0.631107 0
0  -0.000678 -0.029695 0.036945  -0.866060 0.499940 0.000019  0.156986 0.631107 0
0  -0.000681 -0.027779 0.037963  -0.866294 -0.499534 0.000003  0.146429 0.625496 0
mount_dovetail_rsr_akr_1913_railed_mount_LOD0
0  -0.000681 -0.027779 0.036945  -0.866285 -0.499551 0.000009  0.146429 0.631107 0
0  -0.000681 -0.027779 0.037963  -0.866285 -0.499551 0.000000  0.146429 0.625496 0
0  -0.002339 -0.026816 0.037963  0.000025 -1.000000 -0.000019  0.135865 0.625496 0
mount_dovetail_rsr_akr_1913_railed_mount_LOD0
0  -0.002339 -0.026816 0.036945  0.000022 -1.000000 0.000000  0.135865 0.631107 0
0  -0.000681 -0.027779 0.036945  -0.866286 -0.499549 0.000019  0.146429 0.631107 0
0  -0.002339 -0.026816 0.037963  0.000022 -1.000000 -0.000009  0.135865 0.625496 0
mount_dovetail_rsr_akr_1913_railed_mount_LOD0
0  -0.002339 -0.026816 0.036945  -0.000025 -1.000000 0.000009  0.135865 0.631107 0
0  -0.002339 -0.026816 0.037963  -0.000025 -1.000000 0.000000  0.135865 0.625496 0
0  -0.003996 -0.027779 0.037963  0.866715 -0.498803 -0.000019  0.125302 0.625496 0
mount_dovetail_rsr_akr_1913_railed_mount_LOD0
0  -0.003996 -0.027779 0.036945  0.866717 -0.498801 0.000000  0.125302 0.631107 0
0  -0.002339 -0.026816 0.036945  -0.000023 -1.000000 0.000019  0.135865 0.631107 0
0  -0.003996 -0.027779 0.037963  0.866717 -0.498801 -0.000009  0.125302 0.625496 0
mount_dovetail_rsr_akr_1913_railed_mount_LOD0
0  -0.003996 -0.027779 0.036945  0.866728 -0.498782 -0.000015  0.125302 0.631107 0
0  -0.003996 -0.027779 0.037963  0.866728 -0.498782 0.000000  0.125302 0.625496 0
0  -0.003996 -0.029694 0.037963  0.866081 0.499903 -0.000019  0.114755 0.625496 0
mount_dovetail_rsr_akr_1913_railed_mount_LOD0
0  -0.003996 -0.029694 0.036945  0.866081 0.499903 0.000000  0.114755 0.631107 0
0  -0.003996 -0.027779 0.036945  0.866728 -0.498782 0.000019  0.125302 0.631107 0
0  -0.003996 -0.029694 0.037963  0.866081 0.499903 0.000015  0.114755 0.625496 0
mount_dovetail_rsr_akr_1913_railed_mount_LOD0
0  -0.003996 -0.029694 0.036945  0.866065 0.499931 -0.000016  0.114755 0.631107 0
0  -0.003996 -0.029694 0.037963  0.866065 0.499931 0.000000  0.114755 0.625496 0
0  -0.002339 -0.030651 0.037963  0.000687 1.000000 -0.000019  0.104207 0.625496 0
mount_dovetail_rsr_akr_1913_railed_mount_LOD0
0  -0.002339 -0.030651 0.036945  0.000687 1.000000 0.000000  0.104207 0.631107 0
0  -0.003996 -0.029694 0.036945  0.866065 0.499931 0.000019  0.114755 0.631107 0
0  -0.002339 -0.030651 0.037963  0.000687 1.000000 0.000016  0.104207 0.625496 0
mount_dovetail_rsr_akr_1913_railed_mount_LOD0
0  -0.002339 -0.030651 0.036945  0.000659 1.000000 -0.000004  0.104207 0.631107 0
0  -0.002339 -0.030651 0.037963  0.000659 1.000000 0.000000  0.104207 0.625496 0
0  -0.000678 -0.029695 0.037963  -0.866063 0.499934 -0.000019  0.093650 0.625496 0
mount_dovetail_rsr_akr_1913_railed_mount_LOD0
0  -0.000678 -0.029695 0.036945  -0.866063 0.499934 0.000000  0.093650 0.631107 0
0  -0.002339 -0.030651 0.036945  0.000659 1.000000 0.000019  0.104207 0.631107 0
0  -0.000678 -0.029695 0.037963  -0.866063 0.499934 0.000004  0.093650 0.625496 0
mount_dovetail_rsr_akr_1913_railed_mount_LOD0
0  -0.000681 -0.009684 0.036945  -0.865404 0.501074 0.000008  0.255850 0.147139 0
0  -0.000681 -0.009684 0.037963  -0.865404 0.501074 -0.000000  0.255850 0.141529 0
0  -0.000676 -0.007766 0.037963  -0.866063 -0.499936 -0.000019  0.245285 0.141529 0
mount_dovetail_rsr_akr_1913_railed_mount_LOD0
0  -0.000676 -0.007766 0.036945  -0.866063 -0.499936 0.000000  0.245285 0.147139 0
0  -0.000681 -0.009684 0.036945  -0.865404 0.501074 0.000019  0.255850 0.147139 0
0  -0.000676 -0.007766 0.037963  -0.866063 -0.499936 -0.000008  0.245285 0.141529 0
mount_dovetail_rsr_akr_1913_railed_mount_LOD0
0  -0.000676 -0.007766 0.036945  -0.866085 -0.499897 0.000009  0.245285 0.147139 0
0  -0.000676 -0.007766 0.037963  -0.866085 -0.499897 0.000000  0.245285 0.141529 0
0  -0.002339 -0.006812 0.037963  0.000664 -1.000000 -0.000019  0.234721 0.141529 0
mount_dovetail_rsr_akr_1913_railed_mount_LOD0
0  -0.002339 -0.006812 0.036945  0.000664 -1.000000 0.000000  0.234721 0.147139 0
0  -0.000676 -0.007766 0.036945  -0.866085 -0.499897 0.000019  0.245285 0.147139 0
0  -0.002339 -0.006812 0.037963  0.000664 -1.000000 -0.000009  0.234721 0.141529 0
mount_dovetail_rsr_akr_1913_railed_mount_LOD0
0  -0.002339 -0.006812 0.036945  0.000680 -1.000000 -0.000004  0.234721 0.147139 0
0  -0.002339 -0.006812 0.037963  0.000680 -1.000000 0.000000  0.234721 0.141529 0
0  -0.003999 -0.007768 0.037963  0.866062 -0.499937 -0.000019  0.224166 0.141529 0
mount_dovetail_rsr_akr_1913_railed_mount_LOD0
0  -0.003999 -0.007768 0.036945  0.866063 -0.499934 0.000000  0.224166 0.147139 0
0  -0.002339 -0.006812 0.036945  0.000683 -1.000000 0.000019  0.234721 0.147139 0
0  -0.003999 -0.007768 0.037963  0.866063 -0.499934 0.000004  0.224166 0.141529 0
mount_dovetail_rsr_akr_1913_railed_mount_LOD0
0  -0.003999 -0.007768 0.036945  0.866060 -0.499941 -0.000004  0.224166 0.147139 0
0  -0.003999 -0.007768 0.037963  0.866060 -0.499941 0.000000  0.224166 0.141529 0
0  -0.003996 -0.009684 0.037963  0.865743 0.500488 -0.000019  0.213610 0.141529 0
mount_dovetail_rsr_akr_1913_railed_mount_LOD0
0  -0.003996 -0.009684 0.036945  0.865743 0.500488 0.000000  0.213610 0.147139 0
0  -0.003999 -0.007768 0.036945  0.866060 -0.499941 0.000019  0.224166 0.147139 0
0  -0.003996 -0.009684 0.037963  0.865743 0.500488 0.000004  0.213610 0.141529 0
mount_dovetail_rsr_akr_1913_railed_mount_LOD0
0  -0.003996 -0.009684 0.036945  0.865729 0.500512 -0.000016  0.213610 0.147139 0
0  -0.003996 -0.009684 0.037963  0.865729 0.500512 0.000000  0.213610 0.141529 0
0  -0.002339 -0.010641 0.037963  0.000015 1.000000 -0.000019  0.203061 0.141529 0
mount_dovetail_rsr_akr_1913_railed_mount_LOD0
0  -0.002339 -0.010641 0.036945  0.000016 1.000000 0.000000  0.203061 0.147139 0
0  -0.003996 -0.009684 0.036945  0.865729 0.500512 0.000019  0.213610 0.147139 0
0  -0.002339 -0.010641 0.037963  0.000016 1.000000 0.000016  0.203061 0.141529 0
mount_dovetail_rsr_akr_1913_railed_mount_LOD0
0  -0.002339 -0.010641 0.036945  -0.000016 1.000000 -0.000016  0.203061 0.147139 0
0  -0.002339 -0.010641 0.037963  -0.000016 1.000000 0.000000  0.203061 0.141529 0
0  -0.000681 -0.009684 0.037963  -0.865394 0.501093 -0.000019  0.192512 0.141529 0
mount_dovetail_rsr_akr_1913_railed_mount_LOD0
0  -0.000681 -0.009684 0.036945  -0.865393 0.501093 -0.000002  0.192512 0.147139 0
0  -0.002339 -0.010641 0.036945  -0.000015 1.000000 0.000018  0.203061 0.147139 0
0  -0.000681 -0.009684 0.037963  -0.865393 0.501093 0.000015  0.192512 0.141529 0
mount_dovetail_rsr_akr_1913_railed_mount_LOD0
0  -0.004609 0.023281 0.034062  0.000000 -0.000001 1.000000  1.933031 0.047284 0
0  -0.007309 0.033302 0.034062  0.000000 -0.000001 1.000000  1.876603 0.062482 0
0  -0.005478 0.022412 0.034062  0.000000 -0.000001 1.000000  1.937923 0.052177 0
mount_dovetail_rsr_akr_1913_railed_mount_LOD0
0  -0.005478 0.022412 0.034062  0.000000 -0.000001 1.000000  1.937923 0.052177 0
0  -0.007309 0.033302 0.034062  0.000000 -0.000001 1.000000  1.876603 0.062482 0
0  -0.005796 0.021225 0.034062  0.000000 -0.000001 1.000000  1.944607 0.053966 0
mount_dovetail_rsr_akr_1913_railed_mount_LOD0
0  -0.005796 0.021225 0.034062  0.000000 -0.000000 1.000000  1.944607 0.053966 0
0  -0.007309 0.033302 0.034062  0.000000 -0.000000 1.000000  1.876603 0.062482 0
0  -0.007309 0.016385 0.034062  0.000000 -0.000000 1.000000  1.971858 0.062482 0
mount_dovetail_rsr_akr_1913_railed_mount_LOD0
0  -0.005478 0.020038 0.034062  0.000000 0.000001 1.000000  1.951291 0.052174 0
0  -0.005796 0.021225 0.034062  0.000000 0.000001 1.000000  1.944607 0.053966 0
0  -0.007309 0.016385 0.034062  0.000000 0.000001 1.000000  1.971858 0.062482 0
mount_dovetail_rsr_akr_1913_railed_mount_LOD0
0  -0.004609 0.019169 0.034062  0.000000 0.000001 1.000000  1.956184 0.047282 0
0  -0.005478 0.020038 0.034062  0.000000 0.000001 1.000000  1.951291 0.052174 0
0  -0.007309 0.016385 0.034062  0.000000 0.000001 1.000000  1.971858 0.062482 0
mount_dovetail_rsr_akr_1913_railed_mount_LOD0
0  -0.003422 0.018843 0.034062  0.000003 0.000002 1.000000  1.958019 0.040597 0
0  -0.004609 0.019169 0.034062  0.000003 0.000002 1.000000  1.956184 0.047282 0
0  -0.007309 0.016385 0.034062  0.000003 0.000002 1.000000  1.971858 0.062482 0
mount_dovetail_rsr_akr_1913_railed_mount_LOD0
0  -0.007309 0.016385 0.034062  0.000000 0.000003 1.000000  1.971858 0.062482 0
0  0.003435 0.016385 0.034062  0.000000 0.000003 1.000000  1.971858 0.001987 0
0  -0.003422 0.018843 0.034062  0.000000 0.000003 1.000000  1.958019 0.040597 0
mount_dovetail_rsr_akr_1913_railed_mount_LOD0
0  0.003435 0.016385 0.034062  0.000000 0.000003 1.000000  1.971858 0.001987 0
0  0.000524 0.018843 0.034062  0.000000 0.000003 1.000000  1.958019 0.018375 0
0  -0.003422 0.018843 0.034062  0.000000 0.000003 1.000000  1.958019 0.040597 0
mount_dovetail_rsr_akr_1913_railed_mount_LOD0
0  0.000524 0.018843 0.034062  -0.000004 0.000002 1.000000  1.958019 0.018375 0
0  0.003435 0.016385 0.034062  -0.000004 0.000002 1.000000  1.971858 0.001987 0
0  0.001711 0.019169 0.034062  -0.000004 0.000002 1.000000  1.956185 0.011694 0
mount_dovetail_rsr_akr_1913_railed_mount_LOD0
0  0.001711 0.019169 0.034062  0.000000 0.000002 1.000000  1.956185 0.011694 0
0  0.003435 0.016385 0.034062  0.000000 0.000002 1.000000  1.971858 0.001987 0
0  0.002580 0.020038 0.034062  0.000000 0.000002 1.000000  1.951291 0.006802 0
mount_dovetail_rsr_akr_1913_railed_mount_LOD0
0  0.002580 0.020038 0.034062  0.000000 0.000001 1.000000  1.951291 0.006802 0
0  0.003435 0.016385 0.034062  0.000000 0.000001 1.000000  1.971858 0.001987 0
0  0.002898 0.021225 0.034062  0.000000 0.000001 1.000000  1.944607 0.005014 0
mount_dovetail_rsr_akr_1913_railed_mount_LOD0
0  0.003435 0.016385 0.034062  -0.000013 0.000000 1.000000  1.971858 0.001987 0
0  0.003435 0.033302 0.034062  -0.000013 0.000000 1.000000  1.876603 0.001987 0
0  0.002898 0.021225 0.034062  -0.000013 0.000000 1.000000  1.944607 0.005014 0
mount_dovetail_rsr_akr_1913_railed_mount_LOD0
0  0.002898 0.021225 0.034062  0.000000 0.000000 1.000000  1.944607 0.005014 0
0  0.003435 0.033302 0.034062  0.000000 0.000000 1.000000  1.876603 0.001987 0
0  0.002580 0.022412 0.034062  0.000000 0.000000 1.000000  1.937923 0.006806 0
mount_dovetail_rsr_akr_1913_railed_mount_LOD0
0  0.002580 0.022412 0.034062  0.000002 0.000000 1.000000  1.937923 0.006806 0
0  0.003435 0.033302 0.034062  0.000002 0.000000 1.000000  1.876603 0.001987 0
0  0.001122 0.026219 0.034062  0.000002 0.000000 1.000000  1.916486 0.015019 0
mount_dovetail_rsr_akr_1913_railed_mount_LOD0
0  0.001711 0.023281 0.034062  -0.000014 0.000000 1.000000  1.933031 0.011699 0
0  0.002580 0.022412 0.034062  -0.000014 0.000000 1.000000  1.937923 0.006806 0
0  0.001122 0.026219 0.034062  -0.000014 0.000000 1.000000  1.916486 0.015019 0
mount_dovetail_rsr_akr_1913_railed_mount_LOD0
0  0.000847 0.025379 0.034062  0.000000 0.000000 1.000000  1.921221 0.016567 0
0  0.001711 0.023281 0.034062  0.000000 0.000000 1.000000  1.933031 0.011699 0
0  0.001122 0.026219 0.034062  0.000000 0.000000 1.000000  1.916486 0.015019 0
mount_dovetail_rsr_akr_1913_railed_mount_LOD0
0  0.001122 0.026219 0.034062  0.000000 0.000000 1.000000  1.916486 0.015019 0
0  0.003435 0.033302 0.034062  0.000000 0.000000 1.000000  1.876603 0.001987 0
0  0.000847 0.027060 0.034062  0.000000 0.000000 1.000000  1.911750 0.016565 0
mount_dovetail_rsr_akr_1913_railed_mount_LOD0
0  0.000847 0.027060 0.034062  0.000000 0.000000 1.000000  1.911750 0.016565 0
0  0.003435 0.033302 0.034062  0.000000 0.000000 1.000000  1.876603 0.001987 0
0  0.000132 0.027580 0.034062  0.000000 0.000000 1.000000  1.908824 0.020591 0
mount_dovetail_rsr_akr_1913_railed_mount_LOD0
0  0.000132 0.027580 0.034062  0.000000 0.000000 1.000000  1.908824 0.020591 0
0  0.003435 0.033302 0.034062  0.000000 0.000000 1.000000  1.876603 0.001987 0
0  -0.000752 0.027580 0.034062  0.000000 0.000000 1.000000  1.908825 0.025568 0
mount_dovetail_rsr_akr_1913_railed_mount_LOD0
0  0.000524 0.023603 0.034062  0.000000 0.000000 1.000000  1.931221 0.018381 0
0  0.001711 0.023281 0.034062  0.000000 0.000000 1.000000  1.933031 0.011699 0
0  0.000847 0.025379 0.034062  0.000000 0.000000 1.000000  1.921221 0.016567 0
mount_dovetail_rsr_akr_1913_railed_mount_LOD0
0  0.000132 0.024859 0.034062  0.000000 0.000000 1.000000  1.924147 0.020594 0
0  0.000524 0.023603 0.034062  0.000000 0.000000 1.000000  1.931221 0.018381 0
0  0.000847 0.025379 0.034062  0.000000 0.000000 1.000000  1.921221 0.016567 0
mount_dovetail_rsr_akr_1913_railed_mount_LOD0
0  0.003435 0.033302 0.034062  0.000001 -0.000001 1.000000  1.876603 0.001987 0
0  -0.007309 0.033302 0.034062  0.000001 -0.000001 1.000000  1.876603 0.062482 0
0  -0.000752 0.027580 0.034062  0.000001 -0.000001 1.000000  1.908825 0.025568 0
mount_dovetail_rsr_akr_1913_railed_mount_LOD0
0  -0.000752 0.027580 0.034062  0.000000 -0.000001 1.000000  1.908825 0.025568 0
0  -0.007309 0.033302 0.034062  0.000000 -0.000001 1.000000  1.876603 0.062482 0
0  -0.001468 0.027060 0.034062  0.000000 -0.000001 1.000000  1.911752 0.029596 0
mount_dovetail_rsr_akr_1913_railed_mount_LOD0
0  -0.001468 0.027060 0.034062  0.000000 -0.000000 1.000000  1.911752 0.029596 0
0  -0.007309 0.033302 0.034062  0.000000 -0.000000 1.000000  1.876603 0.062482 0
0  -0.001742 0.026219 0.034062  0.000000 -0.000000 1.000000  1.916487 0.031142 0
mount_dovetail_rsr_akr_1913_railed_mount_LOD0
0  0.000524 0.023603 0.034062  0.000000 0.000000 1.000000  1.931221 0.018381 0
0  0.000132 0.024859 0.034062  0.000000 0.000000 1.000000  1.924147 0.020594 0
0  -0.000752 0.024859 0.034062  0.000000 0.000000 1.000000  1.924147 0.025571 0
mount_dovetail_rsr_akr_1913_railed_mount_LOD0
0  -0.003422 0.023603 0.034062  0.000000 0.000000 1.000000  1.931221 0.040601 0
0  0.000524 0.023603 0.034062  0.000000 0.000000 1.000000  1.931221 0.018381 0
0  -0.000752 0.024859 0.034062  0.000000 0.000000 1.000000  1.924147 0.025571 0
mount_dovetail_rsr_akr_1913_railed_mount_LOD0
0  -0.001742 0.026219 0.034062  0.000002 -0.000001 1.000000  1.916487 0.031142 0
0  -0.007309 0.033302 0.034062  0.000002 -0.000001 1.000000  1.876603 0.062482 0
0  -0.004609 0.023281 0.034062  0.000002 -0.000001 1.000000  1.933031 0.047284 0
mount_dovetail_rsr_akr_1913_railed_mount_LOD0
0  -0.003422 0.023603 0.034062  0.000000 0.000000 1.000000  1.931221 0.040601 0
0  -0.000752 0.024859 0.034062  0.000000 0.000000 1.000000  1.924147 0.025571 0
0  -0.004609 0.023281 0.034062  0.000000 0.000000 1.000000  1.933031 0.047284 0
mount_dovetail_rsr_akr_1913_railed_mount_LOD0
0  -0.001468 0.025379 0.034062  0.000000 0.000000 1.000000  1.921221 0.029597 0
0  -0.001742 0.026219 0.034062  0.000000 0.000000 1.000000  1.916487 0.031142 0
0  -0.004609 0.023281 0.034062  0.000000 0.000000 1.000000  1.933031 0.047284 0
mount_dovetail_rsr_akr_1913_railed_mount_LOD0
0  -0.000752 0.024859 0.034062  0.000000 0.000000 1.000000  1.924147 0.025571 0
0  -0.001468 0.025379 0.034062  0.000000 0.000000 1.000000  1.921221 0.029597 0
0  -0.004609 0.023281 0.034062  0.000000 0.000000 1.000000  1.933031 0.047284 0
mount_dovetail_rsr_akr_1913_railed_mount_LOD0
0  -0.005478 -0.007568 0.034062  0.000004 -0.000002 1.000000  0.856658 0.052162 0
0  -0.004609 -0.006699 0.034062  0.000004 -0.000002 1.000000  0.861550 0.047268 0
0  -0.007309 -0.004793 0.034062  0.000004 -0.000002 1.000000  0.872290 0.062468 0
mount_dovetail_rsr_akr_1913_railed_mount_LOD0
0  -0.005796 -0.008755 0.034062  0.000005 -0.000001 1.000000  0.849974 0.053952 0
0  -0.005478 -0.007568 0.034062  0.000005 -0.000001 1.000000  0.856658 0.052162 0
0  -0.007309 -0.004793 0.034062  0.000005 -0.000001 1.000000  0.872290 0.062468 0
mount_dovetail_rsr_akr_1913_railed_mount_LOD0
0  -0.007309 -0.018357 0.034062  0.000003 -0.000000 1.000000  0.795907 0.062468 0
0  -0.005796 -0.008755 0.034062  0.000003 -0.000000 1.000000  0.849974 0.053952 0
0  -0.007309 -0.004793 0.034062  0.000003 -0.000000 1.000000  0.872290 0.062468 0
mount_dovetail_rsr_akr_1913_railed_mount_LOD0
0  -0.004609 -0.006699 0.034062  0.000000 -0.000004 1.000000  0.861550 0.047268 0
0  -0.003422 -0.006375 0.034062  0.000000 -0.000004 1.000000  0.863376 0.040582 0
0  -0.007309 -0.004793 0.034062  0.000000 -0.000004 1.000000  0.872290 0.062468 0
mount_dovetail_rsr_akr_1913_railed_mount_LOD0
0  -0.007309 -0.018357 0.034062  0.000015 0.000001 1.000000  0.795907 0.062468 0
0  -0.005478 -0.009942 0.034062  0.000015 0.000001 1.000000  0.843289 0.052162 0
0  -0.005796 -0.008755 0.034062  0.000015 0.000001 1.000000  0.849974 0.053952 0
mount_dovetail_rsr_akr_1913_railed_mount_LOD0
0  -0.007309 -0.004793 0.034062  0.000001 -0.000005 1.000000  0.872290 0.062468 0
0  -0.003422 -0.006375 0.034062  0.000001 -0.000005 1.000000  0.863376 0.040582 0
0  0.003435 -0.004793 0.034062  0.000001 -0.000005 1.000000  0.872291 0.001968 0
mount_dovetail_rsr_akr_1913_railed_mount_LOD0
0  -0.003422 -0.006375 0.034062  0.000000 -0.000002 1.000000  0.863376 0.040582 0
0  0.000524 -0.006375 0.034062  0.000000 -0.000002 1.000000  0.863376 0.018359 0
0  0.003435 -0.004793 0.034062  0.000000 -0.000002 1.000000  0.872291 0.001968 0
mount_dovetail_rsr_akr_1913_railed_mount_LOD0
0  0.003435 -0.004793 0.034062  0.000001 -0.000002 1.000000  0.872291 0.001968 0
0  0.000524 -0.006375 0.034062  0.000001 -0.000002 1.000000  0.863376 0.018359 0
0  0.001711 -0.006699 0.034062  0.000001 -0.000002 1.000000  0.861555 0.011677 0
mount_dovetail_rsr_akr_1913_railed_mount_LOD0
0  0.003435 -0.004793 0.034062  0.000000 -0.000001 1.000000  0.872291 0.001968 0
0  0.001711 -0.006699 0.034062  0.000000 -0.000001 1.000000  0.861555 0.011677 0
0  0.002580 -0.007568 0.034062  0.000000 -0.000001 1.000000  0.856661 0.006789 0
mount_dovetail_rsr_akr_1913_railed_mount_LOD0
0  0.003435 -0.004793 0.034062  -0.000004 -0.000001 1.000000  0.872291 0.001968 0
0  0.002580 -0.007568 0.034062  -0.000004 -0.000001 1.000000  0.856661 0.006789 0
0  0.002898 -0.008755 0.034062  -0.000004 -0.000001 1.000000  0.849974 0.004999 0
mount_dovetail_rsr_akr_1913_railed_mount_LOD0
0  0.003435 -0.018357 0.034062  0.000004 -0.000000 1.000000  0.795907 0.001968 0
0  0.003435 -0.004793 0.034062  0.000004 -0.000000 1.000000  0.872291 0.001968 0
0  0.002898 -0.008755 0.034062  0.000004 -0.000000 1.000000  0.849974 0.004999 0
mount_dovetail_rsr_akr_1913_railed_mount_LOD0
0  0.003435 -0.018357 0.034062  -0.000002 0.000000 1.000000  0.795907 0.001968 0
0  0.002898 -0.008755 0.034062  -0.000002 0.000000 1.000000  0.849974 0.004999 0
0  0.002580 -0.009942 0.034062  -0.000002 0.000000 1.000000  0.843286 0.006793 0
mount_dovetail_rsr_akr_1913_railed_mount_LOD0
0  -0.007309 -0.018357 0.034062  -0.000004 0.000001 1.000000  0.795907 0.062468 0
0  -0.004609 -0.010811 0.034062  -0.000004 0.000001 1.000000  0.838394 0.047269 0
0  -0.005478 -0.009942 0.034062  -0.000004 0.000001 1.000000  0.843289 0.052162 0
mount_dovetail_rsr_akr_1913_railed_mount_LOD0
0  0.003435 -0.018357 0.034062  -0.000002 0.000000 1.000000  0.795907 0.001968 0
0  0.002580 -0.009942 0.034062  -0.000002 0.000000 1.000000  0.843286 0.006793 0
0  0.001122 -0.013752 0.034062  -0.000002 0.000000 1.000000  0.821837 0.015004 0
mount_dovetail_rsr_akr_1913_railed_mount_LOD0
0  0.002580 -0.009942 0.034062  0.000000 0.000000 1.000000  0.843286 0.006793 0
0  0.001711 -0.010811 0.034062  0.000000 0.000000 1.000000  0.838391 0.011684 0
0  0.001122 -0.013752 0.034062  0.000000 0.000000 1.000000  0.821837 0.015004 0
mount_dovetail_rsr_akr_1913_railed_mount_LOD0
0  0.003435 -0.018357 0.034062  0.000006 0.000000 1.000000  0.795907 0.001968 0
0  0.001122 -0.013752 0.034062  0.000006 0.000000 1.000000  0.821837 0.015004 0
0  0.000847 -0.014593 0.034062  0.000006 0.000000 1.000000  0.817103 0.016547 0
mount_dovetail_rsr_akr_1913_railed_mount_LOD0
0  0.001711 -0.010811 0.034062  0.000003 0.000000 1.000000  0.838391 0.011684 0
0  0.000847 -0.012911 0.034062  0.000003 0.000000 1.000000  0.826569 0.016553 0
0  0.001122 -0.013752 0.034062  0.000003 0.000000 1.000000  0.821837 0.015004 0
mount_dovetail_rsr_akr_1913_railed_mount_LOD0
0  0.003435 -0.018357 0.034062  -0.000002 0.000000 1.000000  0.795907 0.001968 0
0  0.000847 -0.014593 0.034062  -0.000002 0.000000 1.000000  0.817103 0.016547 0
0  0.000132 -0.015112 0.034062  -0.000002 0.000000 1.000000  0.814179 0.020574 0
mount_dovetail_rsr_akr_1913_railed_mount_LOD0
0  0.003435 -0.018357 0.034062  0.000001 0.000001 1.000000  0.795907 0.001968 0
0  0.000132 -0.015112 0.034062  0.000001 0.000001 1.000000  0.814179 0.020574 0
0  -0.007309 -0.018357 0.034062  0.000001 0.000001 1.000000  0.795907 0.062468 0
mount_dovetail_rsr_akr_1913_railed_mount_LOD0
0  0.001711 -0.010811 0.034062  0.000000 0.000000 1.000000  0.838391 0.011684 0
0  0.000524 -0.011135 0.034062  0.000000 0.000000 1.000000  0.836570 0.018367 0
0  0.000847 -0.012911 0.034062  0.000000 0.000000 1.000000  0.826569 0.016553 0
mount_dovetail_rsr_akr_1913_railed_mount_LOD0
0  0.000524 -0.011135 0.034062  -0.000003 0.000000 1.000000  0.836570 0.018367 0
0  0.000132 -0.012391 0.034062  -0.000003 0.000000 1.000000  0.829496 0.020581 0
0  0.000847 -0.012911 0.034062  -0.000003 0.000000 1.000000  0.826569 0.016553 0
mount_dovetail_rsr_akr_1913_railed_mount_LOD0
0  -0.000752 -0.012391 0.034062  0.000000 0.000000 1.000000  0.829496 0.025557 0
0  0.000132 -0.012391 0.034062  0.000000 0.000000 1.000000  0.829496 0.020581 0
0  0.000524 -0.011135 0.034062  0.000000 0.000000 1.000000  0.836570 0.018367 0
mount_dovetail_rsr_akr_1913_railed_mount_LOD0
0  -0.003422 -0.011135 0.034062  0.000000 0.000000 1.000000  0.836570 0.040588 0
0  -0.000752 -0.012391 0.034062  0.000000 0.000000 1.000000  0.829496 0.025557 0
0  0.000524 -0.011135 0.034062  0.000000 0.000000 1.000000  0.836570 0.018367 0
mount_dovetail_rsr_akr_1913_railed_mount_LOD0
0  -0.001468 -0.012911 0.034062  0.000003 0.000000 1.000000  0.826570 0.029585 0
0  -0.000752 -0.012391 0.034062  0.000003 0.000000 1.000000  0.829496 0.025557 0
0  -0.003422 -0.011135 0.034062  0.000003 0.000000 1.000000  0.836570 0.040588 0
mount_dovetail_rsr_akr_1913_railed_mount_LOD0
0  -0.004609 -0.010811 0.034062  0.000000 0.000000 1.000000  0.838394 0.047269 0
0  -0.001468 -0.012911 0.034062  0.000000 0.000000 1.000000  0.826570 0.029585 0
0  -0.003422 -0.011135 0.034062  0.000000 0.000000 1.000000  0.836570 0.040588 0
mount_dovetail_rsr_akr_1913_railed_mount_LOD0
0  -0.001742 -0.013752 0.034062  0.000000 0.000000 1.000000  0.821838 0.031129 0
0  -0.001468 -0.012911 0.034062  0.000000 0.000000 1.000000  0.826570 0.029585 0
0  -0.004609 -0.010811 0.034062  0.000000 0.000000 1.000000  0.838394 0.047269 0
mount_dovetail_rsr_akr_1913_railed_mount_LOD0
0  -0.007309 -0.018357 0.034062  0.000002 0.000001 1.000000  0.795907 0.062468 0
0  -0.001742 -0.013752 0.034062  0.000002 0.000001 1.000000  0.821838 0.031129 0
0  -0.004609 -0.010811 0.034062  0.000002 0.000001 1.000000  0.838394 0.047269 0
mount_dovetail_rsr_akr_1913_railed_mount_LOD0
0  0.000132 -0.015112 0.034062  0.000000 0.000003 1.000000  0.814179 0.020574 0
0  -0.000752 -0.015112 0.034062  0.000000 0.000003 1.000000  0.814181 0.025552 0
0  -0.007309 -0.018357 0.034062  0.000000 0.000003 1.000000  0.795907 0.062468 0
mount_dovetail_rsr_akr_1913_railed_mount_LOD0
0  -0.007309 -0.018357 0.034062  0.000002 0.000001 1.000000  0.795907 0.062468 0
0  -0.001468 -0.014593 0.034062  0.000002 0.000001 1.000000  0.817106 0.029581 0
0  -0.001742 -0.013752 0.034062  0.000002 0.000001 1.000000  0.821838 0.031129 0
mount_dovetail_rsr_akr_1913_railed_mount_LOD0
0  -0.007309 -0.018357 0.034062  0.000004 0.000001 1.000000  0.795907 0.062468 0
0  -0.000752 -0.015112 0.034062  0.000004 0.000001 1.000000  0.814181 0.025552 0
0  -0.001468 -0.014593 0.034062  0.000004 0.000001 1.000000  0.817106 0.029581 0
mount_dovetail_rsr_akr_1913_railed_mount_LOD0
0  -0.005478 0.000052 0.034062  0.000000 0.000001 1.000000  1.856648 0.052163 0
0  -0.005796 0.001239 0.034062  0.000000 0.000001 1.000000  1.849964 0.053956 0
0  -0.007309 -0.002725 0.034062  0.000000 0.000001 1.000000  1.872286 0.062468 0
mount_dovetail_rsr_akr_1913_railed_mount_LOD0
0  -0.005796 0.001239 0.034062  0.000003 -0.000000 1.000000  1.849964 0.053956 0
0  -0.007309 0.010840 0.034062  0.000003 -0.000000 1.000000  1.795907 0.062468 0
0  -0.007309 -0.002725 0.034062  0.000003 -0.000000 1.000000  1.872286 0.062468 0
mount_dovetail_rsr_akr_1913_railed_mount_LOD0
0  -0.004609 -0.000817 0.034062  0.000000 0.000002 1.000000  1.861540 0.047269 0
0  -0.005478 0.000052 0.034062  0.000000 0.000002 1.000000  1.856648 0.052163 0
0  -0.007309 -0.002725 0.034062  0.000000 0.000002 1.000000  1.872286 0.062468 0
mount_dovetail_rsr_akr_1913_railed_mount_LOD0
0  -0.003422 -0.001143 0.034062  0.000005 0.000003 1.000000  1.863376 0.040585 0
0  -0.004609 -0.000817 0.034062  0.000005 0.000003 1.000000  1.861540 0.047269 0
0  -0.007309 -0.002725 0.034062  0.000005 0.000003 1.000000  1.872286 0.062468 0
mount_dovetail_rsr_akr_1913_railed_mount_LOD0
0  -0.005478 0.002426 0.034062  0.000000 -0.000001 1.000000  1.843282 0.052169 0
0  -0.007309 0.010840 0.034062  0.000000 -0.000001 1.000000  1.795907 0.062468 0
0  -0.005796 0.001239 0.034062  0.000000 -0.000001 1.000000  1.849964 0.053956 0
mount_dovetail_rsr_akr_1913_railed_mount_LOD0
0  -0.007309 -0.002725 0.034062  0.000001 0.000004 1.000000  1.872286 0.062468 0
0  0.003435 -0.002725 0.034062  0.000001 0.000004 1.000000  1.872286 0.001973 0
0  -0.003422 -0.001143 0.034062  0.000001 0.000004 1.000000  1.863376 0.040585 0
mount_dovetail_rsr_akr_1913_railed_mount_LOD0
0  0.003435 -0.002725 0.034062  0.000000 0.000002 1.000000  1.872286 0.001973 0
0  0.000524 -0.001143 0.034062  0.000000 0.000002 1.000000  1.863376 0.018363 0
0  -0.003422 -0.001143 0.034062  0.000000 0.000002 1.000000  1.863376 0.040585 0
mount_dovetail_rsr_akr_1913_railed_mount_LOD0
0  0.000524 -0.001143 0.034062  0.000000 0.000002 1.000000  1.863376 0.018363 0
0  0.003435 -0.002725 0.034062  0.000000 0.000002 1.000000  1.872286 0.001973 0
0  0.001711 -0.000817 0.034062  0.000000 0.000002 1.000000  1.861542 0.011681 0
mount_dovetail_rsr_akr_1913_railed_mount_LOD0
0  0.001711 -0.000817 0.034062  0.000000 0.000001 1.000000  1.861542 0.011681 0
0  0.003435 -0.002725 0.034062  0.000000 0.000001 1.000000  1.872286 0.001973 0
0  0.002580 0.000052 0.034062  0.000000 0.000001 1.000000  1.856648 0.006790 0
mount_dovetail_rsr_akr_1913_railed_mount_LOD0
0  0.002580 0.000052 0.034062  0.000000 0.000001 1.000000  1.856648 0.006790 0
0  0.003435 -0.002725 0.034062  0.000000 0.000001 1.000000  1.872286 0.001973 0
0  0.002898 0.001239 0.034062  0.000000 0.000001 1.000000  1.849964 0.004999 0
mount_dovetail_rsr_akr_1913_railed_mount_LOD0
0  0.003435 -0.002725 0.034062  -0.000008 0.000000 1.000000  1.872286 0.001973 0
0  0.003435 0.010840 0.034062  -0.000008 0.000000 1.000000  1.795907 0.001973 0
0  0.002898 0.001239 0.034062  -0.000008 0.000000 1.000000  1.849964 0.004999 0
mount_dovetail_rsr_akr_1913_railed_mount_LOD0
0  0.002898 0.001239 0.034062  0.000000 -0.000000 1.000000  1.849964 0.004999 0
0  0.003435 0.010840 0.034062  0.000000 -0.000000 1.000000  1.795907 0.001973 0
0  0.002580 0.002426 0.034062  0.000000 -0.000000 1.000000  1.843281 0.006790 0
mount_dovetail_rsr_akr_1913_railed_mount_LOD0
0  -0.004609 0.003295 0.034062  -0.000007 -0.000001 1.000000  1.838391 0.047276 0
0  -0.007309 0.010840 0.034062  -0.000007 -0.000001 1.000000  1.795907 0.062468 0
0  -0.005478 0.002426 0.034062  -0.000007 -0.000001 1.000000  1.843282 0.052169 0
mount_dovetail_rsr_akr_1913_railed_mount_LOD0
0  0.002580 0.002426 0.034062  0.000000 -0.000000 1.000000  1.843281 0.006790 0
0  0.003435 0.010840 0.034062  0.000000 -0.000000 1.000000  1.795907 0.001973 0
0  0.001122 0.006234 0.034062  0.000000 -0.000000 1.000000  1.821843 0.015004 0
mount_dovetail_rsr_akr_1913_railed_mount_LOD0
0  0.001711 0.003295 0.034062  0.000000 0.000000 1.000000  1.838389 0.011684 0
0  0.002580 0.002426 0.034062  0.000000 0.000000 1.000000  1.843281 0.006790 0
0  0.001122 0.006234 0.034062  0.000000 0.000000 1.000000  1.821843 0.015004 0
mount_dovetail_rsr_akr_1913_railed_mount_LOD0
0  0.001122 0.006234 0.034062  0.000000 -0.000000 1.000000  1.821843 0.015004 0
0  0.003435 0.010840 0.034062  0.000000 -0.000000 1.000000  1.795907 0.001973 0
0  0.000847 0.007075 0.034062  0.000000 -0.000000 1.000000  1.817110 0.016550 0
mount_dovetail_rsr_akr_1913_railed_mount_LOD0
0  0.000847 0.005393 0.034062  -0.000011 0.000000 1.000000  1.826578 0.016553 0
0  0.001711 0.003295 0.034062  -0.000011 0.000000 1.000000  1.838389 0.011684 0
0  0.001122 0.006234 0.034062  -0.000011 0.000000 1.000000  1.821843 0.015004 0
mount_dovetail_rsr_akr_1913_railed_mount_LOD0
0  0.000847 0.007075 0.034062  0.000000 -0.000001 1.000000  1.817110 0.016550 0
0  0.003435 0.010840 0.034062  0.000000 -0.000001 1.000000  1.795907 0.001973 0
0  0.000132 0.007594 0.034062  0.000000 -0.000001 1.000000  1.814185 0.020577 0
mount_dovetail_rsr_akr_1913_railed_mount_LOD0
0  0.003435 0.010840 0.034062  0.000002 -0.000002 1.000000  1.795907 0.001973 0
0  -0.007309 0.010840 0.034062  0.000002 -0.000002 1.000000  1.795907 0.062468 0
0  0.000132 0.007594 0.034062  0.000002 -0.000002 1.000000  1.814185 0.020577 0
mount_dovetail_rsr_akr_1913_railed_mount_LOD0
0  0.000524 0.003617 0.034062  0.000000 0.000000 1.000000  1.836580 0.018368 0
0  0.001711 0.003295 0.034062  0.000000 0.000000 1.000000  1.838389 0.011684 0
0  0.000847 0.005393 0.034062  0.000000 0.000000 1.000000  1.826578 0.016553 0
mount_dovetail_rsr_akr_1913_railed_mount_LOD0
0  0.000132 0.004873 0.034062  0.000000 0.000000 1.000000  1.829505 0.020582 0
0  0.000524 0.003617 0.034062  0.000000 0.000000 1.000000  1.836580 0.018368 0
0  0.000847 0.005393 0.034062  0.000000 0.000000 1.000000  1.826578 0.016553 0
mount_dovetail_rsr_akr_1913_railed_mount_LOD0
0  0.000132 0.004873 0.034062  0.000000 0.000000 1.000000  1.829505 0.020582 0
0  -0.000752 0.004873 0.034062  0.000000 0.000000 1.000000  1.829508 0.025561 0
0  0.000524 0.003617 0.034062  0.000000 0.000000 1.000000  1.836580 0.018368 0
mount_dovetail_rsr_akr_1913_railed_mount_LOD0
0  -0.000752 0.004873 0.034062  0.000000 0.000000 1.000000  1.829508 0.025561 0
0  -0.003422 0.003617 0.034062  0.000000 0.000000 1.000000  1.836580 0.040590 0
0  0.000524 0.003617 0.034062  0.000000 0.000000 1.000000  1.836580 0.018368 0
mount_dovetail_rsr_akr_1913_railed_mount_LOD0
0  -0.000752 0.004873 0.034062  0.000000 0.000000 1.000000  1.829508 0.025561 0
0  -0.001468 0.005393 0.034062  0.000000 0.000000 1.000000  1.826582 0.029588 0
0  -0.003422 0.003617 0.034062  0.000000 0.000000 1.000000  1.836580 0.040590 0
mount_dovetail_rsr_akr_1913_railed_mount_LOD0
0  -0.001468 0.005393 0.034062  -0.000002 0.000000 1.000000  1.826582 0.029588 0
0  -0.004609 0.003295 0.034062  -0.000002 0.000000 1.000000  1.838391 0.047276 0
0  -0.003422 0.003617 0.034062  -0.000002 0.000000 1.000000  1.836580 0.040590 0
mount_dovetail_rsr_akr_1913_railed_mount_LOD0
0  -0.001468 0.005393 0.034062  0.000005 0.000000 1.000000  1.826582 0.029588 0
0  -0.001742 0.006234 0.034062  0.000005 0.000000 1.000000  1.821850 0.031133 0
0  -0.004609 0.003295 0.034062  0.000005 0.000000 1.000000  1.838391 0.047276 0
mount_dovetail_rsr_akr_1913_railed_mount_LOD0
0  -0.001742 0.006234 0.034062  0.000002 -0.000001 1.000000  1.821850 0.031133 0
0  -0.007309 0.010840 0.034062  0.000002 -0.000001 1.000000  1.795907 0.062468 0
0  -0.004609 0.003295 0.034062  0.000002 -0.000001 1.000000  1.838391 0.047276 0
mount_dovetail_rsr_akr_1913_railed_mount_LOD0
0  -0.007309 0.010840 0.034062  0.000000 -0.000003 1.000000  1.795907 0.062468 0
0  -0.000752 0.007594 0.034062  0.000000 -0.000003 1.000000  1.814186 0.025556 0
0  0.000132 0.007594 0.034062  0.000000 -0.000003 1.000000  1.814185 0.020577 0
mount_dovetail_rsr_akr_1913_railed_mount_LOD0
0  -0.001468 0.007075 0.034062  0.000005 -0.000001 1.000000  1.817116 0.029585 0
0  -0.007309 0.010840 0.034062  0.000005 -0.000001 1.000000  1.795907 0.062468 0
0  -0.001742 0.006234 0.034062  0.000005 -0.000001 1.000000  1.821850 0.031133 0
mount_dovetail_rsr_akr_1913_railed_mount_LOD0
0  -0.000752 0.007594 0.034062  0.000000 -0.000001 1.000000  1.814186 0.025556 0
0  -0.007309 0.010840 0.034062  0.000000 -0.000001 1.000000  1.795907 0.062468 0
0  -0.001468 0.007075 0.034062  0.000000 -0.000001 1.000000  1.817116 0.029585 0
mount_dovetail_rsr_akr_1913_railed_mount_LOD0
0  0.000132 -0.035097 0.028053  0.000000 0.000001 -1.000000  0.358404 0.007822 0
0  0.003024 -0.036353 0.028053  0.000000 0.000001 -1.000000  0.345378 0.002165 0
0  -0.000752 -0.035097 0.028053  0.000000 0.000001 -1.000000  0.362385 0.007822 0
mount_dovetail_rsr_akr_1913_railed_mount_LOD0
0  0.000132 -0.035097 0.028053  -0.000003 0.000001 -1.000000  0.358404 0.007822 0
0  0.000847 -0.034578 0.028053  -0.000003 0.000001 -1.000000  0.355181 0.010162 0
0  0.003024 -0.036353 0.028053  -0.000003 0.000001 -1.000000  0.345378 0.002165 0
mount_dovetail_rsr_akr_1913_railed_mount_LOD0
0  0.000847 -0.034578 0.028053  0.000000 0.000000 -1.000000  0.355181 0.010162 0
0  0.001122 -0.033737 0.028053  0.000000 0.000000 -1.000000  0.353946 0.013949 0
0  0.003024 -0.036353 0.028053  0.000000 0.000000 -1.000000  0.345378 0.002165 0
mount_dovetail_rsr_akr_1913_railed_mount_LOD0
0  0.003024 -0.036353 0.028053  0.000000 0.000001 -1.000000  0.345378 0.002165 0
0  -0.003691 -0.036353 0.028053  0.000000 0.000001 -1.000000  0.375624 0.002165 0
0  -0.000752 -0.035097 0.028053  0.000000 0.000001 -1.000000  0.362385 0.007822 0
mount_dovetail_rsr_akr_1913_railed_mount_LOD0
0  -0.000752 -0.035097 0.028053  0.000003 0.000001 -1.000000  0.362385 0.007822 0
0  -0.003691 -0.036353 0.028053  0.000003 0.000001 -1.000000  0.375624 0.002165 0
0  -0.001468 -0.034578 0.028053  0.000003 0.000001 -1.000000  0.365608 0.010163 0
mount_dovetail_rsr_akr_1913_railed_mount_LOD0
0  -0.001468 -0.034578 0.028053  0.000000 0.000000 -1.000000  0.365608 0.010163 0
0  -0.003691 -0.036353 0.028053  0.000000 0.000000 -1.000000  0.375624 0.002165 0
0  -0.001742 -0.033737 0.028053  0.000000 0.000000 -1.000000  0.366845 0.013950 0
mount_dovetail_rsr_akr_1913_railed_mount_LOD0
0  0.003024 -0.036353 0.028053  0.000000 -0.000000 -1.000000  0.345378 0.002165 0
0  0.001122 -0.033737 0.028053  0.000000 -0.000000 -1.000000  0.353946 0.013949 0
0  0.003024 -0.031120 0.028053  0.000000 -0.000000 -1.000000  0.345378 0.025738 0
mount_dovetail_rsr_akr_1913_railed_mount_LOD0
0  0.001122 -0.033737 0.028053  0.000000 -0.000000 -1.000000  0.353946 0.013949 0
0  0.000847 -0.032896 0.028053  0.000000 -0.000000 -1.000000  0.355181 0.017738 0
0  0.003024 -0.031120 0.028053  0.000000 -0.000000 -1.000000  0.345378 0.025738 0
mount_dovetail_rsr_akr_1913_railed_mount_LOD0
0  0.000847 -0.032896 0.028053  -0.000003 -0.000001 -1.000000  0.355181 0.017738 0
0  0.000132 -0.032376 0.028053  -0.000003 -0.000001 -1.000000  0.358404 0.020079 0
0  0.003024 -0.031120 0.028053  -0.000003 -0.000001 -1.000000  0.345378 0.025738 0
mount_dovetail_rsr_akr_1913_railed_mount_LOD0
0  -0.003691 -0.036353 0.028053  0.000001 -0.000000 -1.000000  0.375624 0.002165 0
0  -0.003691 -0.031120 0.028053  0.000001 -0.000000 -1.000000  0.375624 0.025739 0
0  -0.001742 -0.033737 0.028053  0.000001 -0.000000 -1.000000  0.366845 0.013950 0
mount_dovetail_rsr_akr_1913_railed_mount_LOD0
0  -0.003691 -0.031120 0.028053  0.000000 -0.000001 -1.000000  0.375624 0.025739 0
0  0.003024 -0.031120 0.028053  0.000000 -0.000001 -1.000000  0.345378 0.025738 0
0  0.000132 -0.032376 0.028053  0.000000 -0.000001 -1.000000  0.358404 0.020079 0
mount_dovetail_rsr_akr_1913_railed_mount_LOD0
0  -0.001742 -0.033737 0.028053  0.000000 -0.000000 -1.000000  0.366845 0.013950 0
0  -0.003691 -0.031120 0.028053  0.000000 -0.000000 -1.000000  0.375624 0.025739 0
0  -0.001468 -0.032896 0.028053  0.000000 -0.000000 -1.000000  0.365608 0.017738 0
mount_dovetail_rsr_akr_1913_railed_mount_LOD0
0  -0.000752 -0.032376 0.028053  0.000000 -0.000001 -1.000000  0.362387 0.020079 0
0  -0.003691 -0.031120 0.028053  0.000000 -0.000001 -1.000000  0.375624 0.025739 0
0  0.000132 -0.032376 0.028053  0.000000 -0.000001 -1.000000  0.358404 0.020079 0
mount_dovetail_rsr_akr_1913_railed_mount_LOD0
0  -0.001468 -0.032896 0.028053  0.000003 -0.000001 -1.000000  0.365608 0.017738 0
0  -0.003691 -0.031120 0.028053  0.000003 -0.000001 -1.000000  0.375624 0.025739 0
0  -0.000752 -0.032376 0.028053  0.000003 -0.000001 -1.000000  0.362387 0.020079 0
mount_dovetail_rsr_akr_1913_railed_mount_LOD0
0  -0.003422 -0.026361 0.034062  0.000000 -0.000002 1.000000  0.958018 0.040596 0
0  0.000524 -0.026361 0.034062  0.000000 -0.000002 1.000000  0.958018 0.018374 0
0  0.003435 -0.023903 0.034062  0.000000 -0.000002 1.000000  0.971859 0.001980 0
mount_dovetail_rsr_akr_1913_railed_mount_LOD0
0  0.003435 -0.023903 0.034062  -0.000000 -0.000001 1.000000  0.971859 0.001980 0
0  0.000524 -0.026361 0.034062  -0.000000 -0.000001 1.000000  0.958018 0.018374 0
0  0.001711 -0.026684 0.034062  -0.000000 -0.000001 1.000000  0.956194 0.011691 0
mount_dovetail_rsr_akr_1913_railed_mount_LOD0
0  0.003435 -0.023903 0.034062  0.000005 -0.000001 1.000000  0.971859 0.001980 0
0  0.001711 -0.026684 0.034062  0.000005 -0.000001 1.000000  0.956194 0.011691 0
0  0.002580 -0.027553 0.034062  0.000005 -0.000001 1.000000  0.951300 0.006801 0
mount_dovetail_rsr_akr_1913_railed_mount_LOD0
0  0.003435 -0.023903 0.034062  -0.000010 -0.000001 1.000000  0.971859 0.001980 0
0  0.002580 -0.027553 0.034062  -0.000010 -0.000001 1.000000  0.951300 0.006801 0
0  0.002898 -0.028741 0.034062  -0.000010 -0.000001 1.000000  0.944613 0.005014 0
mount_dovetail_rsr_akr_1913_railed_mount_LOD0
0  -0.007309 -0.023903 0.034062  0.000001 -0.000003 1.000000  0.971858 0.062482 0
0  -0.003422 -0.026361 0.034062  0.000001 -0.000003 1.000000  0.958018 0.040596 0
0  0.003435 -0.023903 0.034062  0.000001 -0.000003 1.000000  0.971859 0.001980 0
mount_dovetail_rsr_akr_1913_railed_mount_LOD0
0  0.003435 -0.040820 0.034062  -0.000016 0.000000 1.000000  0.876600 0.001980 0
0  0.003435 -0.023903 0.034062  -0.000016 0.000000 1.000000  0.971859 0.001980 0
0  0.002898 -0.028741 0.034062  -0.000016 0.000000 1.000000  0.944613 0.005014 0
mount_dovetail_rsr_akr_1913_railed_mount_LOD0
0  -0.004609 -0.026685 0.034062  0.000003 -0.000003 1.000000  0.956192 0.047282 0
0  -0.003422 -0.026361 0.034062  0.000003 -0.000003 1.000000  0.958018 0.040596 0
0  -0.007309 -0.023903 0.034062  0.000003 -0.000003 1.000000  0.971858 0.062482 0
mount_dovetail_rsr_akr_1913_railed_mount_LOD0
0  -0.005478 -0.027553 0.034062  0.000000 -0.000002 1.000000  0.951297 0.052176 0
0  -0.004609 -0.026685 0.034062  0.000000 -0.000002 1.000000  0.956192 0.047282 0
0  -0.007309 -0.023903 0.034062  0.000000 -0.000002 1.000000  0.971858 0.062482 0
mount_dovetail_rsr_akr_1913_railed_mount_LOD0
0  -0.005796 -0.028741 0.034062  0.000009 -0.000001 1.000000  0.944613 0.053967 0
0  -0.005478 -0.027553 0.034062  0.000009 -0.000001 1.000000  0.951297 0.052176 0
0  -0.007309 -0.023903 0.034062  0.000009 -0.000001 1.000000  0.971858 0.062482 0
mount_dovetail_rsr_akr_1913_railed_mount_LOD0
0  -0.007309 -0.040820 0.034062  0.000006 -0.000000 1.000000  0.876600 0.062482 0
0  -0.005796 -0.028741 0.034062  0.000006 -0.000000 1.000000  0.944613 0.053967 0
0  -0.007309 -0.023903 0.034062  0.000006 -0.000000 1.000000  0.971858 0.062482 0
mount_dovetail_rsr_akr_1913_railed_mount_LOD0
0  -0.007309 -0.040820 0.034062  0.000005 0.000001 1.000000  0.876600 0.062482 0
0  -0.005478 -0.029928 0.034062  0.000005 0.000001 1.000000  0.937927 0.052178 0
0  -0.005796 -0.028741 0.034062  0.000005 0.000001 1.000000  0.944613 0.053967 0
mount_dovetail_rsr_akr_1913_railed_mount_LOD0
0  0.003435 -0.040820 0.034062  0.000006 0.000000 1.000000  0.876600 0.001980 0
0  0.002898 -0.028741 0.034062  0.000006 0.000000 1.000000  0.944613 0.005014 0
0  0.002580 -0.029928 0.034062  0.000006 0.000000 1.000000  0.937927 0.006809 0
mount_dovetail_rsr_akr_1913_railed_mount_LOD0
0  -0.007309 -0.040820 0.034062  0.000002 0.000001 1.000000  0.876600 0.062482 0
0  -0.004609 -0.030796 0.034062  0.000002 0.000001 1.000000  0.933034 0.047287 0
0  -0.005478 -0.029928 0.034062  0.000002 0.000001 1.000000  0.937927 0.052178 0
mount_dovetail_rsr_akr_1913_railed_mount_LOD0
0  0.003435 -0.040820 0.034062  -0.000002 0.000000 1.000000  0.876600 0.001980 0
0  0.002580 -0.029928 0.034062  -0.000002 0.000000 1.000000  0.937927 0.006809 0
0  0.001122 -0.033737 0.034062  -0.000002 0.000000 1.000000  0.916477 0.015019 0
mount_dovetail_rsr_akr_1913_railed_mount_LOD0
0  0.002580 -0.029928 0.034062  0.000000 0.000000 1.000000  0.937927 0.006809 0
0  0.001711 -0.030796 0.034062  0.000000 0.000000 1.000000  0.933031 0.011700 0
0  0.001122 -0.033737 0.034062  0.000000 0.000000 1.000000  0.916477 0.015019 0
mount_dovetail_rsr_akr_1913_railed_mount_LOD0
0  0.003435 -0.040820 0.034062  0.000003 0.000000 1.000000  0.876600 0.001980 0
0  0.001122 -0.033737 0.034062  0.000003 0.000000 1.000000  0.916477 0.015019 0
0  0.000847 -0.034578 0.034062  0.000003 0.000000 1.000000  0.911743 0.016562 0
mount_dovetail_rsr_akr_1913_railed_mount_LOD0
0  0.001711 -0.030796 0.034062  -0.000003 0.000000 1.000000  0.933031 0.011700 0
0  0.000847 -0.032896 0.034062  -0.000003 0.000000 1.000000  0.921209 0.016570 0
0  0.001122 -0.033737 0.034062  -0.000003 0.000000 1.000000  0.916477 0.015019 0
mount_dovetail_rsr_akr_1913_railed_mount_LOD0
0  0.003435 -0.040820 0.034062  -0.000002 0.000000 1.000000  0.876600 0.001980 0
0  0.000847 -0.034578 0.034062  -0.000002 0.000000 1.000000  0.911743 0.016562 0
0  0.000132 -0.035097 0.034062  -0.000002 0.000000 1.000000  0.908819 0.020589 0
mount_dovetail_rsr_akr_1913_railed_mount_LOD0
0  0.003435 -0.040820 0.034062  0.000001 0.000001 1.000000  0.876600 0.001980 0
0  0.000132 -0.035097 0.034062  0.000001 0.000001 1.000000  0.908819 0.020589 0
0  -0.007309 -0.040820 0.034062  0.000001 0.000001 1.000000  0.876600 0.062482 0
mount_dovetail_rsr_akr_1913_railed_mount_LOD0
0  0.001711 -0.030796 0.034062  0.000003 0.000000 1.000000  0.933031 0.011700 0
0  0.000524 -0.031120 0.034062  0.000003 0.000000 1.000000  0.931209 0.018383 0
0  0.000847 -0.032896 0.034062  0.000003 0.000000 1.000000  0.921209 0.016570 0
mount_dovetail_rsr_akr_1913_railed_mount_LOD0
0  0.000524 -0.031120 0.034062  -0.000003 0.000000 1.000000  0.931209 0.018383 0
0  0.000132 -0.032376 0.034062  -0.000003 0.000000 1.000000  0.924138 0.020597 0
0  0.000847 -0.032896 0.034062  -0.000003 0.000000 1.000000  0.921209 0.016570 0
mount_dovetail_rsr_akr_1913_railed_mount_LOD0
0  0.000132 -0.035097 0.034062  0.000000 0.000002 1.000000  0.908819 0.020589 0
0  -0.000752 -0.035097 0.034062  0.000000 0.000002 1.000000  0.908819 0.025567 0
0  -0.007309 -0.040820 0.034062  0.000000 0.000002 1.000000  0.876600 0.062482 0
mount_dovetail_rsr_akr_1913_railed_mount_LOD0
0  -0.007309 -0.040820 0.034062  0.000001 0.000001 1.000000  0.876600 0.062482 0
0  -0.000752 -0.035097 0.034062  0.000001 0.000001 1.000000  0.908819 0.025567 0
0  -0.001468 -0.034578 0.034062  0.000001 0.000001 1.000000  0.911745 0.029594 0
mount_dovetail_rsr_akr_1913_railed_mount_LOD0
0  -0.007309 -0.040820 0.034062  0.000003 0.000000 1.000000  0.876600 0.062482 0
0  -0.001468 -0.034578 0.034062  0.000003 0.000000 1.000000  0.911745 0.029594 0
0  -0.001742 -0.033737 0.034062  0.000003 0.000000 1.000000  0.916477 0.031142 0
mount_dovetail_rsr_akr_1913_railed_mount_LOD0
0  -0.007309 -0.040820 0.034062  0.000000 0.000001 1.000000  0.876600 0.062482 0
0  -0.001742 -0.033737 0.034062  0.000000 0.000001 1.000000  0.916477 0.031142 0
0  -0.004609 -0.030796 0.034062  0.000000 0.000001 1.000000  0.933034 0.047287 0
mount_dovetail_rsr_akr_1913_railed_mount_LOD0
0  -0.001742 -0.033737 0.034062  0.000000 0.000000 1.000000  0.916477 0.031142 0
0  -0.001468 -0.032896 0.034062  0.000000 0.000000 1.000000  0.921212 0.029598 0
0  -0.004609 -0.030796 0.034062  0.000000 0.000000 1.000000  0.933034 0.047287 0
mount_dovetail_rsr_akr_1913_railed_mount_LOD0
0  0.000524 -0.031120 0.034062  0.000000 0.000000 1.000000  0.931209 0.018383 0
0  -0.003422 -0.031120 0.034062  0.000000 0.000000 1.000000  0.931209 0.040604 0
0  0.000132 -0.032376 0.034062  0.000000 0.000000 1.000000  0.924138 0.020597 0
mount_dovetail_rsr_akr_1913_railed_mount_LOD0
0  -0.003422 -0.031120 0.034062  0.000000 0.000000 1.000000  0.931209 0.040604 0
0  -0.004609 -0.030796 0.034062  0.000000 0.000000 1.000000  0.933034 0.047287 0
0  -0.001468 -0.032896 0.034062  0.000000 0.000000 1.000000  0.921212 0.029598 0
mount_dovetail_rsr_akr_1913_railed_mount_LOD0
0  -0.003422 -0.031120 0.034062  0.000000 0.000000 1.000000  0.931209 0.040604 0
0  -0.000752 -0.032376 0.034062  0.000000 0.000000 1.000000  0.924138 0.025574 0
0  0.000132 -0.032376 0.034062  0.000000 0.000000 1.000000  0.924138 0.020597 0
mount_dovetail_rsr_akr_1913_railed_mount_LOD0
0  -0.000752 -0.032376 0.034062  0.000000 0.000000 1.000000  0.924138 0.025574 0
0  -0.003422 -0.031120 0.034062  0.000000 0.000000 1.000000  0.931209 0.040604 0
0  -0.001468 -0.032896 0.034062  0.000000 0.000000 1.000000  0.921212 0.029598 0
mount_dovetail_rsr_akr_1913_railed_mount_LOD0
0  -0.000752 0.007594 0.028053  0.000000 -0.000002 -1.000000  1.362388 0.007823 0
0  -0.001468 0.007074 0.028053  0.000000 -0.000002 -1.000000  1.365608 0.010164 0
0  -0.003691 0.008850 0.028053  0.000000 -0.000002 -1.000000  1.375622 0.002164 0
mount_dovetail_rsr_akr_1913_railed_mount_LOD0
0  -0.003691 0.008850 0.028053  0.000000 -0.000001 -1.000000  1.375622 0.002164 0
0  -0.001468 0.007074 0.028053  0.000000 -0.000001 -1.000000  1.365608 0.010164 0
0  -0.001742 0.006234 0.028053  0.000000 -0.000001 -1.000000  1.366845 0.013951 0
mount_dovetail_rsr_akr_1913_railed_mount_LOD0
0  0.000132 0.007594 0.028053  0.000000 -0.000004 -1.000000  1.358404 0.007823 0
0  -0.000752 0.007594 0.028053  0.000000 -0.000004 -1.000000  1.362388 0.007823 0
0  -0.003691 0.008850 0.028053  0.000000 -0.000004 -1.000000  1.375622 0.002164 0
mount_dovetail_rsr_akr_1913_railed_mount_LOD0
0  -0.003691 0.003617 0.028053  0.000001 -0.000001 -1.000000  1.375622 0.025737 0
0  -0.003691 0.008850 0.028053  0.000001 -0.000001 -1.000000  1.375622 0.002164 0
0  -0.001742 0.006234 0.028053  0.000001 -0.000001 -1.000000  1.366845 0.013951 0
mount_dovetail_rsr_akr_1913_railed_mount_LOD0
0  0.003024 0.008850 0.028053  0.000000 -0.000003 -1.000000  1.345378 0.002165 0
0  0.000132 0.007594 0.028053  0.000000 -0.000003 -1.000000  1.358404 0.007823 0
0  -0.003691 0.008850 0.028053  0.000000 -0.000003 -1.000000  1.375622 0.002164 0
mount_dovetail_rsr_akr_1913_railed_mount_LOD0
0  0.000847 0.007074 0.028053  -0.000003 -0.000001 -1.000000  1.355181 0.010164 0
0  0.000132 0.007594 0.028053  -0.000003 -0.000001 -1.000000  1.358404 0.007823 0
0  0.003024 0.008850 0.028053  -0.000003 -0.000001 -1.000000  1.345378 0.002165 0
mount_dovetail_rsr_akr_1913_railed_mount_LOD0
0  0.001122 0.006234 0.028053  -0.000003 -0.000000 -1.000000  1.353944 0.013951 0
0  0.000847 0.007074 0.028053  -0.000003 -0.000000 -1.000000  1.355181 0.010164 0
0  0.003024 0.008850 0.028053  -0.000003 -0.000000 -1.000000  1.345378 0.002165 0
mount_dovetail_rsr_akr_1913_railed_mount_LOD0
0  -0.003691 0.003617 0.028053  0.000000 0.000000 -1.000000  1.375622 0.025737 0
0  -0.001742 0.006234 0.028053  0.000000 0.000000 -1.000000  1.366845 0.013951 0
0  -0.001468 0.005393 0.028053  0.000000 0.000000 -1.000000  1.365608 0.017739 0
mount_dovetail_rsr_akr_1913_railed_mount_LOD0
0  -0.001468 0.005393 0.028053  0.000000 0.000001 -1.000000  1.365608 0.017739 0
0  -0.000752 0.004873 0.028053  0.000000 0.000001 -1.000000  1.362385 0.020080 0
0  -0.003691 0.003617 0.028053  0.000000 0.000001 -1.000000  1.375622 0.025737 0
mount_dovetail_rsr_akr_1913_railed_mount_LOD0
0  -0.000752 0.004873 0.028053  0.000000 0.000001 -1.000000  1.362385 0.020080 0
0  0.000132 0.004873 0.028053  0.000000 0.000001 -1.000000  1.358404 0.020080 0
0  -0.003691 0.003617 0.028053  0.000000 0.000001 -1.000000  1.375622 0.025737 0
mount_dovetail_rsr_akr_1913_railed_mount_LOD0
0  0.001122 0.006234 0.028053  0.000003 -0.000000 -1.000000  1.353944 0.013951 0
0  0.003024 0.008850 0.028053  0.000003 -0.000000 -1.000000  1.345378 0.002165 0
0  0.003024 0.003617 0.028053  0.000003 -0.000000 -1.000000  1.345378 0.025737 0
mount_dovetail_rsr_akr_1913_railed_mount_LOD0
0  0.000132 0.004873 0.028053  0.000000 0.000001 -1.000000  1.358404 0.020080 0
0  0.003024 0.003617 0.028053  0.000000 0.000001 -1.000000  1.345378 0.025737 0
0  -0.003691 0.003617 0.028053  0.000000 0.000001 -1.000000  1.375622 0.025737 0
mount_dovetail_rsr_akr_1913_railed_mount_LOD0
0  0.000847 0.005393 0.028053  0.000000 0.000000 -1.000000  1.355181 0.017739 0
0  0.001122 0.006234 0.028053  0.000000 0.000000 -1.000000  1.353944 0.013951 0
0  0.003024 0.003617 0.028053  0.000000 0.000000 -1.000000  1.345378 0.025737 0
mount_dovetail_rsr_akr_1913_railed_mount_LOD0
0  0.000132 0.004873 0.028053  -0.000003 0.000001 -1.000000  1.358404 0.020080 0
0  0.000847 0.005393 0.028053  -0.000003 0.000001 -1.000000  1.355181 0.017739 0
0  0.003024 0.003617 0.028053  -0.000003 0.000001 -1.000000  1.345378 0.025737 0
mount_dovetail_rsr_akr_1913_railed_mount_LOD0
0  0.003024 0.028836 0.028053  0.000000 -0.000001 -1.000000  1.462318 0.002088 0
0  0.000132 0.027580 0.028053  0.000000 -0.000001 -1.000000  1.475345 0.007748 0
0  -0.000752 0.027580 0.028053  0.000000 -0.000001 -1.000000  1.479328 0.007748 0
mount_dovetail_rsr_akr_1913_railed_mount_LOD0
0  0.000847 0.027060 0.028053  -0.000003 -0.000001 -1.000000  1.472122 0.010090 0
0  0.000132 0.027580 0.028053  -0.000003 -0.000001 -1.000000  1.475345 0.007748 0
0  0.003024 0.028836 0.028053  -0.000003 -0.000001 -1.000000  1.462318 0.002088 0
mount_dovetail_rsr_akr_1913_railed_mount_LOD0
0  0.001122 0.026219 0.028053  0.000000 -0.000000 -1.000000  1.470883 0.013877 0
0  0.000847 0.027060 0.028053  0.000000 -0.000000 -1.000000  1.472122 0.010090 0
0  0.003024 0.028836 0.028053  0.000000 -0.000000 -1.000000  1.462318 0.002088 0
mount_dovetail_rsr_akr_1913_railed_mount_LOD0
0  -0.003691 0.028836 0.028053  0.000000 -0.000001 -1.000000  1.492563 0.002087 0
0  0.003024 0.028836 0.028053  0.000000 -0.000001 -1.000000  1.462318 0.002088 0
0  -0.000752 0.027580 0.028053  0.000000 -0.000001 -1.000000  1.479328 0.007748 0
mount_dovetail_rsr_akr_1913_railed_mount_LOD0
0  -0.003691 0.028836 0.028053  0.000002 -0.000001 -1.000000  1.492563 0.002087 0
0  -0.000752 0.027580 0.028053  0.000002 -0.000001 -1.000000  1.479328 0.007748 0
0  -0.001468 0.027060 0.028053  0.000002 -0.000001 -1.000000  1.482549 0.010089 0
mount_dovetail_rsr_akr_1913_railed_mount_LOD0
0  -0.003691 0.028836 0.028053  0.000000 -0.000000 -1.000000  1.492563 0.002087 0
0  -0.001468 0.027060 0.028053  0.000000 -0.000000 -1.000000  1.482549 0.010089 0
0  -0.001742 0.026219 0.028053  0.000000 -0.000000 -1.000000  1.483787 0.013877 0
mount_dovetail_rsr_akr_1913_railed_mount_LOD0
0  0.001122 0.026219 0.028053  0.000000 0.000000 -1.000000  1.470883 0.013877 0
0  0.003024 0.028836 0.028053  0.000000 0.000000 -1.000000  1.462318 0.002088 0
0  0.003024 0.023603 0.028053  0.000000 0.000000 -1.000000  1.462318 0.025661 0
mount_dovetail_rsr_akr_1913_railed_mount_LOD0
0  0.000847 0.025379 0.028053  0.000000 0.000000 -1.000000  1.472122 0.017664 0
0  0.001122 0.026219 0.028053  0.000000 0.000000 -1.000000  1.470883 0.013877 0
0  0.003024 0.023603 0.028053  0.000000 0.000000 -1.000000  1.462318 0.025661 0
mount_dovetail_rsr_akr_1913_railed_mount_LOD0
0  0.000132 0.024859 0.028053  -0.000003 0.000001 -1.000000  1.475344 0.020005 0
0  0.000847 0.025379 0.028053  -0.000003 0.000001 -1.000000  1.472122 0.017664 0
0  0.003024 0.023603 0.028053  -0.000003 0.000001 -1.000000  1.462318 0.025661 0
mount_dovetail_rsr_akr_1913_railed_mount_LOD0
0  -0.003691 0.023603 0.028053  0.000001 0.000000 -1.000000  1.492563 0.025661 0
0  -0.003691 0.028836 0.028053  0.000001 0.000000 -1.000000  1.492563 0.002087 0
0  -0.001742 0.026219 0.028053  0.000001 0.000000 -1.000000  1.483787 0.013877 0
mount_dovetail_rsr_akr_1913_railed_mount_LOD0
0  0.000132 0.024859 0.028053  0.000000 0.000001 -1.000000  1.475344 0.020005 0
0  0.003024 0.023603 0.028053  0.000000 0.000001 -1.000000  1.462318 0.025661 0
0  -0.003691 0.023603 0.028053  0.000000 0.000001 -1.000000  1.492563 0.025661 0
mount_dovetail_rsr_akr_1913_railed_mount_LOD0
0  -0.003691 0.023603 0.028053  0.000003 0.000000 -1.000000  1.492563 0.025661 0
0  -0.001742 0.026219 0.028053  0.000003 0.000000 -1.000000  1.483787 0.013877 0
0  -0.001468 0.025379 0.028053  0.000003 0.000000 -1.000000  1.482549 0.017664 0
mount_dovetail_rsr_akr_1913_railed_mount_LOD0
0  -0.000752 0.024859 0.028053  0.000000 0.000001 -1.000000  1.479328 0.020005 0
0  0.000132 0.024859 0.028053  0.000000 0.000001 -1.000000  1.475344 0.020005 0
0  -0.003691 0.023603 0.028053  0.000000 0.000001 -1.000000  1.492563 0.025661 0
mount_dovetail_rsr_akr_1913_railed_mount_LOD0
0  -0.003691 0.023603 0.028053  -0.000001 0.000001 -1.000000  1.492563 0.025661 0
0  -0.001468 0.025379 0.028053  -0.000001 0.000001 -1.000000  1.482549 0.017664 0
0  -0.000752 0.024859 0.028053  -0.000001 0.000001 -1.000000  1.479328 0.020005 0
mount_dovetail_rsr_akr_1913_railed_mount_LOD0
0  -0.003691 -0.016368 0.028053  0.000000 0.000001 -1.000000  0.492563 0.002088 0
0  -0.000752 -0.015112 0.028053  0.000000 0.000001 -1.000000  0.479326 0.007745 0
0  0.000132 -0.015112 0.028053  0.000000 0.000001 -1.000000  0.475344 0.007745 0
mount_dovetail_rsr_akr_1913_railed_mount_LOD0
0  -0.001468 -0.014592 0.028053  0.000000 0.000001 -1.000000  0.482549 0.010085 0
0  -0.000752 -0.015112 0.028053  0.000000 0.000001 -1.000000  0.479326 0.007745 0
0  -0.003691 -0.016368 0.028053  0.000000 0.000001 -1.000000  0.492563 0.002088 0
mount_dovetail_rsr_akr_1913_railed_mount_LOD0
0  -0.001468 -0.014592 0.028053  0.000006 0.000000 -1.000000  0.482549 0.010085 0
0  -0.003691 -0.016368 0.028053  0.000006 0.000000 -1.000000  0.492563 0.002088 0
0  -0.001742 -0.013752 0.028053  0.000006 0.000000 -1.000000  0.483787 0.013873 0
mount_dovetail_rsr_akr_1913_railed_mount_LOD0
0  0.003024 -0.016368 0.028053  0.000000 0.000001 -1.000000  0.462318 0.002088 0
0  -0.003691 -0.016368 0.028053  0.000000 0.000001 -1.000000  0.492563 0.002088 0
0  0.000132 -0.015112 0.028053  0.000000 0.000001 -1.000000  0.475344 0.007745 0
mount_dovetail_rsr_akr_1913_railed_mount_LOD0
0  0.000132 -0.015112 0.028053  -0.000003 0.000001 -1.000000  0.475344 0.007745 0
0  0.000847 -0.014592 0.028053  -0.000003 0.000001 -1.000000  0.472122 0.010086 0
0  0.003024 -0.016368 0.028053  -0.000003 0.000001 -1.000000  0.462318 0.002088 0
mount_dovetail_rsr_akr_1913_railed_mount_LOD0
0  0.000847 -0.014592 0.028053  0.000000 0.000000 -1.000000  0.472122 0.010086 0
0  0.001122 -0.013752 0.028053  0.000000 0.000000 -1.000000  0.470885 0.013873 0
0  0.003024 -0.016368 0.028053  0.000000 0.000000 -1.000000  0.462318 0.002088 0
mount_dovetail_rsr_akr_1913_railed_mount_LOD0
0  -0.003691 -0.016368 0.028053  0.000000 -0.000000 -1.000000  0.492563 0.002088 0
0  -0.003691 -0.011135 0.028053  0.000000 -0.000000 -1.000000  0.492563 0.025661 0
0  -0.001742 -0.013752 0.028053  0.000000 -0.000000 -1.000000  0.483787 0.013873 0
mount_dovetail_rsr_akr_1913_railed_mount_LOD0
0  0.003024 -0.016368 0.028053  0.000000 -0.000000 -1.000000  0.462318 0.002088 0
0  0.001122 -0.013752 0.028053  0.000000 -0.000000 -1.000000  0.470885 0.013873 0
0  0.003024 -0.011135 0.028053  0.000000 -0.000000 -1.000000  0.462318 0.025661 0
mount_dovetail_rsr_akr_1913_railed_mount_LOD0
0  0.001122 -0.013752 0.028053  0.000000 -0.000000 -1.000000  0.470885 0.013873 0
0  0.000847 -0.012911 0.028053  0.000000 -0.000000 -1.000000  0.472122 0.017660 0
0  0.003024 -0.011135 0.028053  0.000000 -0.000000 -1.000000  0.462318 0.025661 0
mount_dovetail_rsr_akr_1913_railed_mount_LOD0
0  0.000847 -0.012911 0.028053  -0.000003 -0.000001 -1.000000  0.472122 0.017660 0
0  0.000132 -0.012391 0.028053  -0.000003 -0.000001 -1.000000  0.475345 0.020002 0
0  0.003024 -0.011135 0.028053  -0.000003 -0.000001 -1.000000  0.462318 0.025661 0
mount_dovetail_rsr_akr_1913_railed_mount_LOD0
0  -0.003691 -0.011135 0.028053  0.000000 -0.000001 -1.000000  0.492563 0.025661 0
0  0.003024 -0.011135 0.028053  0.000000 -0.000001 -1.000000  0.462318 0.025661 0
0  0.000132 -0.012391 0.028053  0.000000 -0.000001 -1.000000  0.475345 0.020002 0
mount_dovetail_rsr_akr_1913_railed_mount_LOD0
0  -0.001742 -0.013752 0.028053  0.000000 -0.000000 -1.000000  0.483787 0.013873 0
0  -0.003691 -0.011135 0.028053  0.000000 -0.000000 -1.000000  0.492563 0.025661 0
0  -0.001468 -0.012911 0.028053  0.000000 -0.000000 -1.000000  0.482551 0.017661 0
mount_dovetail_rsr_akr_1913_railed_mount_LOD0
0  -0.000752 -0.012391 0.028053  0.000000 -0.000001 -1.000000  0.479330 0.020002 0
0  -0.003691 -0.011135 0.028053  0.000000 -0.000001 -1.000000  0.492563 0.025661 0
0  0.000132 -0.012391 0.028053  0.000000 -0.000001 -1.000000  0.475345 0.020002 0
mount_dovetail_rsr_akr_1913_railed_mount_LOD0
0  -0.001468 -0.012911 0.028053  0.000003 -0.000001 -1.000000  0.482551 0.017661 0
0  -0.003691 -0.011135 0.028053  0.000003 -0.000001 -1.000000  0.492563 0.025661 0
0  -0.000752 -0.012391 0.028053  0.000003 -0.000001 -1.000000  0.479330 0.020002 0
mount_dovetail_rsr_akr_1913_railed_mount_LOD0
0  -0.000874 0.023763 0.037963  0.000000 0.000000 1.000000  1.942873 0.798658 0
0  -0.002339 0.024156 0.037963  0.000000 0.000000 1.000000  1.940662 0.806903 0
0  -0.002339 0.023141 0.037963  0.000000 0.000000 1.000000  1.946373 0.806903 0
mount_dovetail_rsr_akr_1913_railed_mount_LOD0
0  -0.002339 0.023141 0.037963  -0.000001 0.000000 1.000000  1.946373 0.806903 0
0  -0.002339 0.024156 0.037963  -0.000001 0.000000 1.000000  1.940662 0.806903 0
0  -0.003803 0.023763 0.037963  -0.000001 0.000000 1.000000  1.942873 0.815146 0
mount_dovetail_rsr_akr_1913_railed_mount_LOD0
0  -0.000678 0.022186 0.037963  0.000001 0.000000 1.000000  1.951754 0.797554 0
0  -0.000874 0.023763 0.037963  0.000001 0.000000 1.000000  1.942873 0.798658 0
0  -0.002339 0.023141 0.037963  0.000001 0.000000 1.000000  1.946373 0.806903 0
mount_dovetail_rsr_akr_1913_railed_mount_LOD0
0  0.000198 0.022691 0.037963  0.000000 0.000000 1.000000  1.948907 0.792621 0
0  -0.000874 0.023763 0.037963  0.000000 0.000000 1.000000  1.942873 0.798658 0
0  -0.000678 0.022186 0.037963  0.000000 0.000000 1.000000  1.951754 0.797554 0
mount_dovetail_rsr_akr_1913_railed_mount_LOD0
0  0.000590 0.021227 0.037963  0.000000 0.000000 1.000000  1.957152 0.790413 0
0  0.000198 0.022691 0.037963  0.000000 0.000000 1.000000  1.948907 0.792621 0
0  -0.000678 0.022186 0.037963  0.000000 0.000000 1.000000  1.951754 0.797554 0
mount_dovetail_rsr_akr_1913_railed_mount_LOD0
0  -0.003996 0.022184 0.037963  0.000001 0.000000 1.000000  1.951762 0.816236 0
0  -0.002339 0.023141 0.037963  0.000001 0.000000 1.000000  1.946373 0.806903 0
0  -0.003803 0.023763 0.037963  0.000001 0.000000 1.000000  1.942873 0.815146 0
mount_dovetail_rsr_akr_1913_railed_mount_LOD0
0  -0.004875 0.022691 0.037963  0.000000 0.000000 1.000000  1.948907 0.821183 0
0  -0.003996 0.022184 0.037963  0.000000 0.000000 1.000000  1.951762 0.816236 0
0  -0.003803 0.023763 0.037963  0.000000 0.000000 1.000000  1.942873 0.815146 0
mount_dovetail_rsr_akr_1913_railed_mount_LOD0
0  -0.005267 0.021227 0.037963  0.000000 0.000000 1.000000  1.957152 0.823391 0
0  -0.003996 0.022184 0.037963  0.000000 0.000000 1.000000  1.951762 0.816236 0
0  -0.004875 0.022691 0.037963  0.000000 0.000000 1.000000  1.948907 0.821183 0
mount_dovetail_rsr_akr_1913_railed_mount_LOD0
0  -0.000681 0.020270 0.037963  0.000003 0.000000 1.000000  1.962540 0.797568 0
0  0.000590 0.021227 0.037963  0.000003 0.000000 1.000000  1.957152 0.790413 0
0  -0.000678 0.022186 0.037963  0.000003 0.000000 1.000000  1.951754 0.797554 0
mount_dovetail_rsr_akr_1913_railed_mount_LOD0
0  -0.003996 0.020270 0.037963  -0.000003 0.000000 1.000000  1.962540 0.816236 0
0  -0.003996 0.022184 0.037963  -0.000003 0.000000 1.000000  1.951762 0.816236 0
0  -0.005267 0.021227 0.037963  -0.000003 0.000000 1.000000  1.957152 0.823391 0
mount_dovetail_rsr_akr_1913_railed_mount_LOD0
0  -0.004875 0.019763 0.037963  0.000000 0.000000 1.000000  1.965394 0.821183 0
0  -0.003996 0.020270 0.037963  0.000000 0.000000 1.000000  1.962540 0.816236 0
0  -0.005267 0.021227 0.037963  0.000000 0.000000 1.000000  1.957152 0.823391 0
mount_dovetail_rsr_akr_1913_railed_mount_LOD0
0  -0.004875 0.019763 0.037963  0.000000 0.000000 1.000000  1.965394 0.821183 0
0  -0.003803 0.018691 0.037963  0.000000 0.000000 1.000000  1.971431 0.815146 0
0  -0.003996 0.020270 0.037963  0.000000 0.000000 1.000000  1.962540 0.816236 0
mount_dovetail_rsr_akr_1913_railed_mount_LOD0
0  -0.003803 0.018691 0.037963  0.000000 0.000000 1.000000  1.971431 0.815146 0
0  -0.002339 0.019307 0.037963  0.000000 0.000000 1.000000  1.967962 0.806903 0
0  -0.003996 0.020270 0.037963  0.000000 0.000000 1.000000  1.962540 0.816236 0
mount_dovetail_rsr_akr_1913_railed_mount_LOD0
0  -0.003803 0.018691 0.037963  0.000000 0.000000 1.000000  1.971431 0.815146 0
0  -0.002339 0.018298 0.037963  0.000000 0.000000 1.000000  1.973640 0.806903 0
0  -0.002339 0.019307 0.037963  0.000000 0.000000 1.000000  1.967962 0.806903 0
mount_dovetail_rsr_akr_1913_railed_mount_LOD0
0  -0.002339 0.019307 0.037963  0.000000 0.000000 1.000000  1.967962 0.806903 0
0  -0.002339 0.018298 0.037963  0.000000 0.000000 1.000000  1.973640 0.806903 0
0  -0.000681 0.020270 0.037963  0.000000 0.000000 1.000000  1.962540 0.797568 0
mount_dovetail_rsr_akr_1913_railed_mount_LOD0
0  0.000198 0.019763 0.037963  0.000000 0.000000 1.000000  1.965398 0.792621 0
0  0.000590 0.021227 0.037963  0.000000 0.000000 1.000000  1.957152 0.790413 0
0  -0.000681 0.020270 0.037963  0.000000 0.000000 1.000000  1.962540 0.797568 0
mount_dovetail_rsr_akr_1913_railed_mount_LOD0
0  -0.002339 0.018298 0.037963  0.000003 0.000000 1.000000  1.973640 0.806903 0
0  -0.000874 0.018691 0.037963  0.000003 0.000000 1.000000  1.971432 0.798657 0
0  -0.000681 0.020270 0.037963  0.000003 0.000000 1.000000  1.962540 0.797568 0
mount_dovetail_rsr_akr_1913_railed_mount_LOD0
0  -0.000874 0.018691 0.037963  0.000000 0.000000 1.000000  1.971432 0.798657 0
0  0.000198 0.019763 0.037963  0.000000 0.000000 1.000000  1.965398 0.792621 0
0  -0.000681 0.020270 0.037963  0.000000 0.000000 1.000000  1.962540 0.797568 0
mount_dovetail_rsr_akr_1913_railed_mount_LOD0
0  -0.000874 0.003778 0.037963  0.000000 0.000000 1.000000  1.586974 0.579747 0
0  -0.002339 0.004170 0.037963  0.000000 0.000000 1.000000  1.584765 0.587989 0
0  -0.002339 0.003131 0.037963  0.000000 0.000000 1.000000  1.590614 0.587989 0
mount_dovetail_rsr_akr_1913_railed_mount_LOD0
0  -0.002339 0.003131 0.037963  -0.000001 0.000000 1.000000  1.590614 0.587989 0
0  -0.002339 0.004170 0.037963  -0.000001 0.000000 1.000000  1.584765 0.587989 0
0  -0.003803 0.003778 0.037963  -0.000001 0.000000 1.000000  1.586974 0.596234 0
mount_dovetail_rsr_akr_1913_railed_mount_LOD0
0  -0.000681 0.002174 0.037963  0.000000 0.000000 1.000000  1.596002 0.578656 0
0  -0.000874 0.003778 0.037963  0.000000 0.000000 1.000000  1.586974 0.579747 0
0  -0.002339 0.003131 0.037963  0.000000 0.000000 1.000000  1.590614 0.587989 0
mount_dovetail_rsr_akr_1913_railed_mount_LOD0
0  0.000198 0.002706 0.037963  -0.000005 0.000000 1.000000  1.593007 0.573710 0
0  -0.000874 0.003778 0.037963  -0.000005 0.000000 1.000000  1.586974 0.579747 0
0  -0.000681 0.002174 0.037963  -0.000005 0.000000 1.000000  1.596002 0.578656 0
mount_dovetail_rsr_akr_1913_railed_mount_LOD0
0  0.000590 0.001241 0.037963  -0.000002 0.000000 1.000000  1.601252 0.571501 0
0  0.000198 0.002706 0.037963  -0.000002 0.000000 1.000000  1.593007 0.573710 0
0  -0.000681 0.002174 0.037963  -0.000002 0.000000 1.000000  1.596002 0.578656 0
mount_dovetail_rsr_akr_1913_railed_mount_LOD0
0  -0.003996 0.002174 0.037963  -0.000003 0.000000 1.000000  1.596002 0.597325 0
0  -0.002339 0.003131 0.037963  -0.000003 0.000000 1.000000  1.590614 0.587989 0
0  -0.003803 0.003778 0.037963  -0.000003 0.000000 1.000000  1.586974 0.596234 0
mount_dovetail_rsr_akr_1913_railed_mount_LOD0
0  -0.004875 0.002706 0.037963  0.000005 0.000000 1.000000  1.593007 0.602271 0
0  -0.003996 0.002174 0.037963  0.000005 0.000000 1.000000  1.596002 0.597325 0
0  -0.003803 0.003778 0.037963  0.000005 0.000000 1.000000  1.586974 0.596234 0
mount_dovetail_rsr_akr_1913_railed_mount_LOD0
0  -0.005267 0.001241 0.037963  0.000000 0.000000 1.000000  1.601252 0.604480 0
0  -0.003996 0.002174 0.037963  0.000000 0.000000 1.000000  1.596002 0.597325 0
0  -0.004875 0.002706 0.037963  0.000000 0.000000 1.000000  1.593007 0.602271 0
mount_dovetail_rsr_akr_1913_railed_mount_LOD0
0  -0.000676 0.000257 0.037963  0.000000 0.000000 1.000000  1.606797 0.578626 0
0  0.000590 0.001241 0.037963  0.000000 0.000000 1.000000  1.601252 0.571501 0
0  -0.000681 0.002174 0.037963  0.000000 0.000000 1.000000  1.596002 0.578656 0
mount_dovetail_rsr_akr_1913_railed_mount_LOD0
0  0.000198 -0.000223 0.037963  0.000000 0.000000 1.000000  1.609498 0.573710 0
0  0.000590 0.001241 0.037963  0.000000 0.000000 1.000000  1.601252 0.571501 0
0  -0.000676 0.000257 0.037963  0.000000 0.000000 1.000000  1.606797 0.578626 0
mount_dovetail_rsr_akr_1913_railed_mount_LOD0
0  -0.000874 -0.001295 0.037963  0.000000 0.000000 1.000000  1.615535 0.579743 0
0  0.000198 -0.000223 0.037963  0.000000 0.000000 1.000000  1.609498 0.573710 0
0  -0.000676 0.000257 0.037963  0.000000 0.000000 1.000000  1.606797 0.578626 0
mount_dovetail_rsr_akr_1913_railed_mount_LOD0
0  -0.003999 0.000258 0.037963  0.000003 0.000000 1.000000  1.606788 0.597338 0
0  -0.003996 0.002174 0.037963  0.000003 0.000000 1.000000  1.596002 0.597325 0
0  -0.005267 0.001241 0.037963  0.000003 0.000000 1.000000  1.601252 0.604480 0
mount_dovetail_rsr_akr_1913_railed_mount_LOD0
0  -0.004875 -0.000223 0.037963  0.000000 0.000000 1.000000  1.609498 0.602271 0
0  -0.003999 0.000258 0.037963  0.000000 0.000000 1.000000  1.606788 0.597338 0
0  -0.005267 0.001241 0.037963  0.000000 0.000000 1.000000  1.601252 0.604480 0
mount_dovetail_rsr_akr_1913_railed_mount_LOD0
0  -0.004875 -0.000223 0.037963  0.000000 0.000000 1.000000  1.609498 0.602271 0
0  -0.003803 -0.001295 0.037963  0.000000 0.000000 1.000000  1.615535 0.596237 0
0  -0.003999 0.000258 0.037963  0.000000 0.000000 1.000000  1.606788 0.597338 0
mount_dovetail_rsr_akr_1913_railed_mount_LOD0
0  -0.000874 -0.001295 0.037963  0.000000 0.000000 1.000000  1.615535 0.579743 0
0  -0.000676 0.000257 0.037963  0.000000 0.000000 1.000000  1.606797 0.578626 0
0  -0.002339 -0.000697 0.037963  0.000000 0.000000 1.000000  1.612170 0.587989 0
mount_dovetail_rsr_akr_1913_railed_mount_LOD0
0  -0.003803 -0.001295 0.037963  0.000000 0.000000 1.000000  1.615535 0.596237 0
0  -0.002339 -0.000697 0.037963  0.000000 0.000000 1.000000  1.612170 0.587989 0
0  -0.003999 0.000258 0.037963  0.000000 0.000000 1.000000  1.606788 0.597338 0
mount_dovetail_rsr_akr_1913_railed_mount_LOD0
0  -0.002339 -0.001687 0.037963  0.000000 0.000000 1.000000  1.617744 0.587989 0
0  -0.000874 -0.001295 0.037963  0.000000 0.000000 1.000000  1.615535 0.579743 0
0  -0.002339 -0.000697 0.037963  0.000000 0.000000 1.000000  1.612170 0.587989 0
mount_dovetail_rsr_akr_1913_railed_mount_LOD0
0  -0.003803 -0.001295 0.037963  0.000000 0.000000 1.000000  1.615535 0.596237 0
0  -0.002339 -0.001687 0.037963  0.000000 0.000000 1.000000  1.617744 0.587989 0
0  -0.002339 -0.000697 0.037963  0.000000 0.000000 1.000000  1.612170 0.587989 0
mount_dovetail_rsr_akr_1913_railed_mount_LOD0
0  -0.002339 -0.030651 0.037963  -0.000001 0.000000 1.000000  0.946373 0.806903 0
0  -0.002339 -0.031665 0.037963  -0.000001 0.000000 1.000000  0.940662 0.806903 0
0  -0.000874 -0.031273 0.037963  -0.000001 0.000000 1.000000  0.942873 0.798658 0
mount_dovetail_rsr_akr_1913_railed_mount_LOD0
0  -0.003803 -0.031273 0.037963  0.000000 0.000000 1.000000  0.942873 0.815146 0
0  -0.002339 -0.031665 0.037963  0.000000 0.000000 1.000000  0.940662 0.806903 0
0  -0.002339 -0.030651 0.037963  0.000000 0.000000 1.000000  0.946373 0.806903 0
mount_dovetail_rsr_akr_1913_railed_mount_LOD0
0  -0.000678 -0.029695 0.037963  0.000000 0.000000 1.000000  0.951754 0.797554 0
0  -0.002339 -0.030651 0.037963  0.000000 0.000000 1.000000  0.946373 0.806903 0
0  -0.000874 -0.031273 0.037963  0.000000 0.000000 1.000000  0.942873 0.798658 0
mount_dovetail_rsr_akr_1913_railed_mount_LOD0
0  -0.000874 -0.031273 0.037963  0.000000 0.000000 1.000000  0.942873 0.798658 0
0  0.000198 -0.030201 0.037963  0.000000 0.000000 1.000000  0.948907 0.792621 0
0  -0.000678 -0.029695 0.037963  0.000000 0.000000 1.000000  0.951754 0.797554 0
mount_dovetail_rsr_akr_1913_railed_mount_LOD0
0  0.000198 -0.030201 0.037963  0.000000 0.000000 1.000000  0.948907 0.792621 0
0  0.000590 -0.028737 0.037963  0.000000 0.000000 1.000000  0.957152 0.790413 0
0  -0.000678 -0.029695 0.037963  0.000000 0.000000 1.000000  0.951754 0.797554 0
mount_dovetail_rsr_akr_1913_railed_mount_LOD0
0  -0.003996 -0.029694 0.037963  0.000000 0.000000 1.000000  0.951762 0.816236 0
0  -0.003803 -0.031273 0.037963  0.000000 0.000000 1.000000  0.942873 0.815146 0
0  -0.002339 -0.030651 0.037963  0.000000 0.000000 1.000000  0.946373 0.806903 0
mount_dovetail_rsr_akr_1913_railed_mount_LOD0
0  -0.003996 -0.029694 0.037963  0.000005 0.000000 1.000000  0.951762 0.816236 0
0  -0.004875 -0.030201 0.037963  0.000005 0.000000 1.000000  0.948907 0.821183 0
0  -0.003803 -0.031273 0.037963  0.000005 0.000000 1.000000  0.942873 0.815146 0
mount_dovetail_rsr_akr_1913_railed_mount_LOD0
0  -0.003996 -0.029694 0.037963  0.000000 0.000000 1.000000  0.951762 0.816236 0
0  -0.005267 -0.028737 0.037963  0.000000 0.000000 1.000000  0.957152 0.823391 0
0  -0.004875 -0.030201 0.037963  0.000000 0.000000 1.000000  0.948907 0.821183 0
mount_dovetail_rsr_akr_1913_railed_mount_LOD0
0  0.000590 -0.028737 0.037963  0.000006 0.000000 1.000000  0.957152 0.790413 0
0  -0.000681 -0.027779 0.037963  0.000006 0.000000 1.000000  0.962540 0.797568 0
0  -0.000678 -0.029695 0.037963  0.000006 0.000000 1.000000  0.951754 0.797554 0
mount_dovetail_rsr_akr_1913_railed_mount_LOD0
0  -0.003996 -0.029694 0.037963  -0.000003 0.000000 1.000000  0.951762 0.816236 0
0  -0.003996 -0.027779 0.037963  -0.000003 0.000000 1.000000  0.962540 0.816236 0
0  -0.005267 -0.028737 0.037963  -0.000003 0.000000 1.000000  0.957152 0.823391 0
mount_dovetail_rsr_akr_1913_railed_mount_LOD0
0  -0.003996 -0.027779 0.037963  0.000000 0.000000 1.000000  0.962540 0.816236 0
0  -0.004875 -0.027272 0.037963  0.000000 0.000000 1.000000  0.965394 0.821183 0
0  -0.005267 -0.028737 0.037963  0.000000 0.000000 1.000000  0.957152 0.823391 0
mount_dovetail_rsr_akr_1913_railed_mount_LOD0
0  -0.004875 -0.027272 0.037963  0.000000 0.000000 1.000000  0.965394 0.821183 0
0  -0.003996 -0.027779 0.037963  0.000000 0.000000 1.000000  0.962540 0.816236 0
0  -0.003803 -0.026200 0.037963  0.000000 0.000000 1.000000  0.971431 0.815146 0
mount_dovetail_rsr_akr_1913_railed_mount_LOD0
0  -0.003996 -0.027779 0.037963  -0.000001 0.000000 1.000000  0.962540 0.816236 0
0  -0.002339 -0.026816 0.037963  -0.000001 0.000000 1.000000  0.967962 0.806903 0
0  -0.003803 -0.026200 0.037963  -0.000001 0.000000 1.000000  0.971431 0.815146 0
mount_dovetail_rsr_akr_1913_railed_mount_LOD0
0  -0.002339 -0.025808 0.037963  0.000002 0.000000 1.000000  0.973640 0.806903 0
0  -0.003803 -0.026200 0.037963  0.000002 0.000000 1.000000  0.971431 0.815146 0
0  -0.002339 -0.026816 0.037963  0.000002 0.000000 1.000000  0.967962 0.806903 0
mount_dovetail_rsr_akr_1913_railed_mount_LOD0
0  -0.002339 -0.025808 0.037963  -0.000004 0.000000 1.000000  0.973640 0.806903 0
0  -0.002339 -0.026816 0.037963  -0.000004 0.000000 1.000000  0.967962 0.806903 0
0  -0.000681 -0.027779 0.037963  -0.000004 0.000000 1.000000  0.962540 0.797568 0
mount_dovetail_rsr_akr_1913_railed_mount_LOD0
0  0.000590 -0.028737 0.037963  0.000000 0.000000 1.000000  0.957152 0.790413 0
0  0.000198 -0.027272 0.037963  0.000000 0.000000 1.000000  0.965398 0.792621 0
0  -0.000681 -0.027779 0.037963  0.000000 0.000000 1.000000  0.962540 0.797568 0
mount_dovetail_rsr_akr_1913_railed_mount_LOD0
0  -0.000874 -0.026200 0.037963  0.000000 0.000000 1.000000  0.971432 0.798657 0
0  -0.002339 -0.025808 0.037963  0.000000 0.000000 1.000000  0.973640 0.806903 0
0  -0.000681 -0.027779 0.037963  0.000000 0.000000 1.000000  0.962540 0.797568 0
mount_dovetail_rsr_akr_1913_railed_mount_LOD0
0  0.000198 -0.027272 0.037963  0.000000 0.000000 1.000000  0.965398 0.792621 0
0  -0.000874 -0.026200 0.037963  0.000000 0.000000 1.000000  0.971432 0.798657 0
0  -0.000681 -0.027779 0.037963  0.000000 0.000000 1.000000  0.962540 0.797568 0
mount_dovetail_rsr_akr_1913_railed_mount_LOD0
0  -0.002339 -0.010641 0.037963  -0.000002 0.000000 1.000000  0.590614 0.587989 0
0  -0.002339 -0.011680 0.037963  -0.000002 0.000000 1.000000  0.584765 0.587989 0
0  -0.000874 -0.011287 0.037963  -0.000002 0.000000 1.000000  0.586974 0.579747 0
mount_dovetail_rsr_akr_1913_railed_mount_LOD0
0  -0.003803 -0.011287 0.037963  0.000005 0.000000 1.000000  0.586974 0.596234 0
0  -0.002339 -0.011680 0.037963  0.000005 0.000000 1.000000  0.584765 0.587989 0
0  -0.002339 -0.010641 0.037963  0.000005 0.000000 1.000000  0.590614 0.587989 0
mount_dovetail_rsr_akr_1913_railed_mount_LOD0
0  -0.000681 -0.009684 0.037963  0.000001 0.000000 1.000000  0.596002 0.578656 0
0  -0.002339 -0.010641 0.037963  0.000001 0.000000 1.000000  0.590614 0.587989 0
0  -0.000874 -0.011287 0.037963  0.000001 0.000000 1.000000  0.586974 0.579747 0
mount_dovetail_rsr_akr_1913_railed_mount_LOD0
0  -0.000874 -0.011287 0.037963  -0.000002 0.000000 1.000000  0.586974 0.579747 0
0  0.000198 -0.010215 0.037963  -0.000002 0.000000 1.000000  0.593007 0.573710 0
0  -0.000681 -0.009684 0.037963  -0.000002 0.000000 1.000000  0.596002 0.578656 0
mount_dovetail_rsr_akr_1913_railed_mount_LOD0
0  0.000198 -0.010215 0.037963  0.000000 0.000000 1.000000  0.593007 0.573710 0
0  0.000590 -0.008751 0.037963  0.000000 0.000000 1.000000  0.601252 0.571501 0
0  -0.000681 -0.009684 0.037963  0.000000 0.000000 1.000000  0.596002 0.578656 0
mount_dovetail_rsr_akr_1913_railed_mount_LOD0
0  -0.003996 -0.009684 0.037963  -0.000001 0.000000 1.000000  0.596002 0.597325 0
0  -0.003803 -0.011287 0.037963  -0.000001 0.000000 1.000000  0.586974 0.596234 0
0  -0.002339 -0.010641 0.037963  -0.000001 0.000000 1.000000  0.590614 0.587989 0
mount_dovetail_rsr_akr_1913_railed_mount_LOD0
0  -0.003996 -0.009684 0.037963  0.000000 0.000000 1.000000  0.596002 0.597325 0
0  -0.004875 -0.010215 0.037963  0.000000 0.000000 1.000000  0.593007 0.602271 0
0  -0.003803 -0.011287 0.037963  0.000000 0.000000 1.000000  0.586974 0.596234 0
mount_dovetail_rsr_akr_1913_railed_mount_LOD0
0  -0.003996 -0.009684 0.037963  0.000000 0.000000 1.000000  0.596002 0.597325 0
0  -0.005267 -0.008751 0.037963  0.000000 0.000000 1.000000  0.601252 0.604480 0
0  -0.004875 -0.010215 0.037963  0.000000 0.000000 1.000000  0.593007 0.602271 0
mount_dovetail_rsr_akr_1913_railed_mount_LOD0
0  0.000590 -0.008751 0.037963  -0.000006 0.000000 1.000000  0.601252 0.571501 0
0  -0.000676 -0.007766 0.037963  -0.000006 0.000000 1.000000  0.606797 0.578626 0
0  -0.000681 -0.009684 0.037963  -0.000006 0.000000 1.000000  0.596002 0.578656 0
mount_dovetail_rsr_akr_1913_railed_mount_LOD0
0  0.000590 -0.008751 0.037963  0.000002 0.000000 1.000000  0.601252 0.571501 0
0  0.000198 -0.007287 0.037963  0.000002 0.000000 1.000000  0.609498 0.573710 0
0  -0.000676 -0.007766 0.037963  0.000002 0.000000 1.000000  0.606797 0.578626 0
mount_dovetail_rsr_akr_1913_railed_mount_LOD0
0  0.000198 -0.007287 0.037963  0.000000 0.000000 1.000000  0.609498 0.573710 0
0  -0.000874 -0.006215 0.037963  0.000000 0.000000 1.000000  0.615535 0.579743 0
0  -0.000676 -0.007766 0.037963  0.000000 0.000000 1.000000  0.606797 0.578626 0
mount_dovetail_rsr_akr_1913_railed_mount_LOD0
0  -0.003996 -0.009684 0.037963  0.000003 0.000000 1.000000  0.596002 0.597325 0
0  -0.003999 -0.007768 0.037963  0.000003 0.000000 1.000000  0.606788 0.597338 0
0  -0.005267 -0.008751 0.037963  0.000003 0.000000 1.000000  0.601252 0.604480 0
mount_dovetail_rsr_akr_1913_railed_mount_LOD0
0  -0.003999 -0.007768 0.037963  0.000000 0.000000 1.000000  0.606788 0.597338 0
0  -0.004875 -0.007287 0.037963  0.000000 0.000000 1.000000  0.609498 0.602271 0
0  -0.005267 -0.008751 0.037963  0.000000 0.000000 1.000000  0.601252 0.604480 0
mount_dovetail_rsr_akr_1913_railed_mount_LOD0
0  -0.004875 -0.007287 0.037963  0.000000 0.000000 1.000000  0.609498 0.602271 0
0  -0.003999 -0.007768 0.037963  0.000000 0.000000 1.000000  0.606788 0.597338 0
0  -0.003803 -0.006215 0.037963  0.000000 0.000000 1.000000  0.615535 0.596237 0
mount_dovetail_rsr_akr_1913_railed_mount_LOD0
0  -0.002339 -0.006812 0.037963  0.000000 0.000000 1.000000  0.612170 0.587989 0
0  -0.000676 -0.007766 0.037963  0.000000 0.000000 1.000000  0.606797 0.578626 0
0  -0.000874 -0.006215 0.037963  0.000000 0.000000 1.000000  0.615535 0.579743 0
mount_dovetail_rsr_akr_1913_railed_mount_LOD0
0  -0.003999 -0.007768 0.037963  0.000000 0.000000 1.000000  0.606788 0.597338 0
0  -0.002339 -0.006812 0.037963  0.000000 0.000000 1.000000  0.612170 0.587989 0
0  -0.003803 -0.006215 0.037963  0.000000 0.000000 1.000000  0.615535 0.596237 0
mount_dovetail_rsr_akr_1913_railed_mount_LOD0
0  -0.002339 -0.005822 0.037963  -0.000003 0.000000 1.000000  0.617744 0.587989 0
0  -0.002339 -0.006812 0.037963  -0.000003 0.000000 1.000000  0.612170 0.587989 0
0  -0.000874 -0.006215 0.037963  -0.000003 0.000000 1.000000  0.615535 0.579743 0
mount_dovetail_rsr_akr_1913_railed_mount_LOD0
0  -0.002339 -0.005822 0.037963  0.000003 0.000000 1.000000  0.617744 0.587989 0
0  -0.003803 -0.006215 0.037963  0.000003 0.000000 1.000000  0.615535 0.596237 0
0  -0.002339 -0.006812 0.037963  0.000003 0.000000 1.000000  0.612170 0.587989 0
end
