version 1
nodes
0 "root" -1
end
skeleton
time 0
0 0 0 0 0 0 0
end
triangles
mount_dovetail_rsr_akr_1913_railed_mount_LOD0
0  -0.006262 -0.046349 0.030980  0.000001 1.000000 -0.000002  0.250571 0.432873 0
0  0.002975 -0.046349 0.030980  0.000001 1.000000 -0.000002  0.250568 0.484889 0
0  0.005498 -0.046349 0.028457  0.000001 1.000000 -0.000002  0.236362 0.499101 0
mount_dovetail_rsr_akr_1913_railed_mount_LOD0
0  -0.006262 -0.046349 0.028035  0.000015 1.000000 0.000071  0.233990 0.432873 0
0  -0.006262 -0.046349 0.030980  0.000015 1.000000 0.000071  0.250571 0.432873 0
0  0.005498 -0.046349 0.028457  0.000015 1.000000 0.000071  0.236362 0.499101 0
mount_dovetail_rsr_akr_1913_railed_mount_LOD0
0  0.005498 -0.046349 0.028035  0.000001 1.000000 0.000470  0.233989 0.499101 0
0  -0.006262 -0.046349 0.028035  0.000011 1.000000 -0.000010  0.233990 0.432873 0
0  0.005498 -0.046349 0.028457  0.000001 1.000000 0.000470  0.236362 0.499101 0
mount_dovetail_rsr_akr_1913_railed_mount_LOD0
0  0.005498 -0.046349 0.028035  -0.000000 0.000000 1.000000  0.941393 0.827791 0
0  0.005498 -0.041116 0.028035  -0.000000 0.000000 1.000000  0.970856 0.827791 0
0  -0.006262 -0.041116 0.028035  -0.000000 0.000000 1.000000  0.970856 0.894007 0
mount_dovetail_rsr_akr_1913_railed_mount_LOD0
0  -0.006262 -0.046349 0.028035  0.000000 0.000000 1.000000  0.941393 0.894007 0
0  0.005498 -0.046349 0.028035  0.000000 0.000000 1.000000  0.941393 0.827791 0
0  -0.006262 -0.041116 0.028035  0.000000 0.000000 1.000000  0.970856 0.894007 0
mount_dovetail_rsr_akr_1913_railed_mount_LOD0
0  0.002975 -0.041116 0.030980  0.707120 0.000000 0.707094  0.898750 0.937395 0
0  0.005498 -0.041116 0.028457  0.707120 0.000000 0.707094  0.918846 0.937395 0
0  0.005498 -0.036356 0.028457  0.707120 0.000000 0.707094  0.918846 0.964193 0
mount_dovetail_rsr_akr_1913_railed_mount_LOD0
0  0.002975 -0.036356 0.030980  0.707117 0.000003 0.707096  0.898750 0.964193 0
0  0.002975 -0.041116 0.030980  0.707117 0.000003 0.707096  0.898750 0.937395 0
0  0.005498 -0.036356 0.028457  0.707117 0.000003 0.707096  0.918846 0.964193 0
mount_dovetail_rsr_akr_1913_railed_mount_LOD0
0  -0.006262 -0.041116 0.030980  0.000000 -1.000000 -0.000073  0.321906 0.430667 0
0  -0.006262 -0.041116 0.028035  0.000000 -1.000000 -0.000073  0.321906 0.414086 0
0  0.002975 -0.041116 0.030980  0.000000 -1.000000 -0.000073  0.373919 0.430667 0
mount_dovetail_rsr_akr_1913_railed_mount_LOD0
0  -0.006262 -0.041116 0.028035  -0.000019 -1.000000 -0.000011  0.321906 0.414086 0
0  0.005498 -0.041116 0.028457  -0.000019 -1.000000 -0.000011  0.388121 0.416462 0
0  0.002975 -0.041116 0.030980  -0.000019 -1.000000 -0.000011  0.373919 0.430667 0
mount_dovetail_rsr_akr_1913_railed_mount_LOD0
0  0.005498 -0.041116 0.028035  -0.000001 -1.000000 -0.000528  0.388121 0.414086 0
0  0.005498 -0.041116 0.028457  -0.000001 -1.000000 -0.000528  0.388121 0.416462 0
0  -0.006262 -0.041116 0.028035  -0.000007 -1.000000 -0.000192  0.321906 0.414086 0
mount_dovetail_rsr_akr_1913_railed_mount_LOD0
0  -0.006262 -0.036356 0.030980  0.000000 1.000000 -0.000005  0.389929 0.451118 0
0  0.002975 -0.036356 0.030980  0.000000 1.000000 -0.000005  0.337915 0.451118 0
0  0.005498 -0.036356 0.028457  0.000004 1.000000 0.000331  0.323701 0.436912 0
mount_dovetail_rsr_akr_1913_railed_mount_LOD0
0  -0.006262 -0.036356 0.028035  0.000019 1.000000 0.000079  0.389929 0.434539 0
0  -0.006262 -0.036356 0.030980  0.000019 1.000000 0.000079  0.389929 0.451118 0
0  0.005498 -0.036356 0.028457  0.000019 1.000000 0.000079  0.323701 0.436912 0
mount_dovetail_rsr_akr_1913_railed_mount_LOD0
0  0.005498 -0.036356 0.028035  0.000001 1.000000 0.000598  0.323701 0.434535 0
0  -0.006262 -0.036356 0.028035  0.000015 1.000000 -0.000169  0.389929 0.434539 0
0  0.005498 -0.036356 0.028457  0.000001 1.000000 0.000598  0.323701 0.436912 0
mount_dovetail_rsr_akr_1913_railed_mount_LOD0
0  0.005498 -0.036356 0.028457  1.000000 0.000000 -0.000007  0.067604 0.990976 0
0  0.005498 -0.041116 0.028457  1.000000 0.000000 -0.000007  0.040805 0.990976 0
0  0.005498 -0.041116 0.028035  1.000000 0.000000 -0.000007  0.040805 0.988610 0
mount_dovetail_rsr_akr_1913_railed_mount_LOD0
0  0.005498 -0.036356 0.028035  1.000000 0.000000 -0.000012  0.067604 0.988610 0
0  0.005498 -0.036356 0.028457  1.000000 0.000000 -0.000012  0.067604 0.990976 0
0  0.005498 -0.041116 0.028035  1.000000 0.000000 -0.000012  0.040805 0.988610 0
mount_dovetail_rsr_akr_1913_railed_mount_LOD0
0  0.005498 -0.041116 0.028035  1.000000 0.000000 0.000002  0.040805 0.988610 0
0  0.005498 -0.046349 0.025160  1.000000 0.000000 0.000002  0.011332 0.972437 0
0  0.005498 -0.036356 0.028035  1.000000 0.000000 0.000002  0.067604 0.988610 0
mount_dovetail_rsr_akr_1913_railed_mount_LOD0
0  0.005498 -0.046349 0.028035  1.000000 -0.000000 0.000003  0.011344 0.988610 0
0  0.005498 -0.046349 0.025160  1.000000 -0.000000 0.000003  0.011332 0.972437 0
0  0.005498 -0.041116 0.028035  1.000000 -0.000000 0.000003  0.040805 0.988610 0
mount_dovetail_rsr_akr_1913_railed_mount_LOD0
0  0.005498 -0.046349 0.025160  1.000000 0.000000 0.000003  0.011332 0.972437 0
0  0.005498 -0.033482 0.025166  1.000000 0.000000 0.000003  0.083789 0.972437 0
0  0.005498 -0.036356 0.028035  1.000000 0.000000 0.000003  0.067604 0.988610 0
mount_dovetail_rsr_akr_1913_railed_mount_LOD0
0  0.005498 -0.036356 0.028035  1.000000 -0.000000 0.000003  0.067604 0.988610 0
0  0.005498 -0.033482 0.025166  1.000000 -0.000000 0.000003  0.083789 0.972437 0
0  0.005498 -0.031123 0.028035  1.000000 -0.000000 0.000003  0.097083 0.988610 0
mount_dovetail_rsr_akr_1913_railed_mount_LOD0
0  0.005498 -0.033482 0.025166  1.000000 0.000000 0.000002  0.083789 0.972437 0
0  0.005498 -0.032174 0.025037  1.000000 0.000000 0.000002  0.091167 0.971718 0
0  0.005498 -0.031123 0.028035  1.000000 0.000000 0.000002  0.097083 0.988610 0
mount_dovetail_rsr_akr_1913_railed_mount_LOD0
0  0.005498 -0.031123 0.028035  1.000000 0.000000 0.000002  0.097083 0.988610 0
0  0.005498 -0.032174 0.025037  1.000000 0.000000 0.000002  0.091167 0.971718 0
0  0.005498 -0.026363 0.028035  1.000000 0.000000 0.000002  0.123887 0.988610 0
mount_dovetail_rsr_akr_1913_railed_mount_LOD0
0  0.005498 -0.032174 0.025037  1.000000 0.000001 0.000001  0.091167 0.971718 0
0  0.005498 -0.030917 0.024656  1.000000 0.000001 0.000001  0.098263 0.969560 0
0  0.005498 -0.026363 0.028035  1.000000 0.000001 0.000001  0.123887 0.988610 0
mount_dovetail_rsr_akr_1913_railed_mount_LOD0
0  0.005498 -0.030917 0.024656  1.000000 0.000000 0.000002  0.098263 0.969560 0
0  0.005498 -0.029759 0.024036  1.000000 0.000000 0.000002  0.104809 0.966068 0
0  0.005498 -0.026363 0.028035  1.000000 0.000000 0.000002  0.123887 0.988610 0
mount_dovetail_rsr_akr_1913_railed_mount_LOD0
0  0.005498 -0.026363 0.028035  1.000000 0.000000 -0.000011  0.123887 0.988610 0
0  0.005498 -0.026364 0.028457  1.000000 0.000000 -0.000011  0.123887 0.990976 0
0  0.005498 -0.031123 0.028035  1.000000 0.000000 -0.000011  0.097083 0.988610 0
mount_dovetail_rsr_akr_1913_railed_mount_LOD0
0  0.005498 -0.026364 0.028457  1.000000 -0.000000 -0.000007  0.123887 0.990976 0
0  0.005498 -0.031123 0.028457  1.000000 -0.000000 -0.000007  0.097083 0.990976 0
0  0.005498 -0.031123 0.028035  1.000000 -0.000000 -0.000007  0.097083 0.988610 0
mount_dovetail_rsr_akr_1913_railed_mount_LOD0
0  0.005498 -0.026363 0.028035  1.000000 -0.000001 0.000003  0.123887 0.988610 0
0  0.005498 -0.029759 0.024036  1.000000 -0.000001 0.000003  0.104809 0.966068 0
0  0.005498 -0.021131 0.028035  1.000000 -0.000001 0.000003  0.153378 0.988610 0
mount_dovetail_rsr_akr_1913_railed_mount_LOD0
0  0.005498 -0.047872 0.026177  1.000000 0.000003 0.000003  0.002760 0.978164 0
0  0.005498 -0.046349 0.025160  1.000000 0.000003 0.000003  0.011332 0.972437 0
0  0.005498 -0.046349 0.028035  1.000000 0.000003 0.000003  0.011344 0.988610 0
mount_dovetail_rsr_akr_1913_railed_mount_LOD0
0  0.005498 -0.046980 0.025285  1.000000 0.000004 0.000006  0.007780 0.973142 0
0  0.005498 -0.046349 0.025160  1.000000 0.000004 0.000006  0.011332 0.972437 0
0  0.005498 -0.047872 0.026177  1.000000 0.000004 0.000006  0.002760 0.978164 0
mount_dovetail_rsr_akr_1913_railed_mount_LOD0
0  0.005498 -0.047514 0.025642  1.000000 0.000006 0.000000  0.004770 0.975157 0
0  0.005498 -0.046980 0.025285  1.000000 0.000006 0.000000  0.007780 0.973142 0
0  0.005498 -0.047872 0.026177  1.000000 0.000006 0.000000  0.002760 0.978164 0
mount_dovetail_rsr_akr_1913_railed_mount_LOD0
0  0.005498 -0.047514 0.027974  1.000000 0.000011 -0.000002  0.004779 0.988283 0
0  0.005498 -0.047872 0.026177  1.000000 0.000011 -0.000002  0.002760 0.978164 0
0  0.005498 -0.046349 0.028035  1.000000 0.000011 -0.000002  0.011344 0.988610 0
mount_dovetail_rsr_akr_1913_railed_mount_LOD0
0  0.005498 -0.047997 0.026808  1.000000 0.000000 0.000000  0.002055 0.981719 0
0  0.005498 -0.047872 0.026177  1.000000 0.000000 0.000000  0.002760 0.978164 0
0  0.005498 -0.047514 0.027974  1.000000 0.000000 0.000000  0.004779 0.988283 0
mount_dovetail_rsr_akr_1913_railed_mount_LOD0
0  0.005498 -0.047872 0.027439  1.000000 0.000000 0.000000  0.002764 0.985276 0
0  0.005498 -0.047997 0.026808  1.000000 0.000000 0.000000  0.002055 0.981719 0
0  0.005498 -0.047514 0.027974  1.000000 0.000000 0.000000  0.004779 0.988283 0
mount_dovetail_rsr_akr_1913_railed_mount_LOD0
0  0.005498 -0.046980 0.028331  1.000000 0.000012 -0.000017  0.007796 0.990284 0
0  0.005498 -0.047514 0.027974  1.000000 0.000012 -0.000017  0.004779 0.988283 0
0  0.005498 -0.046349 0.028035  1.000000 0.000012 -0.000017  0.011344 0.988610 0
mount_dovetail_rsr_akr_1913_railed_mount_LOD0
0  0.005498 -0.046349 0.028457  1.000000 0.000009 -0.000022  0.011344 0.990989 0
0  0.005498 -0.046980 0.028331  1.000000 0.000009 -0.000022  0.007796 0.990284 0
0  0.005498 -0.046349 0.028035  1.000000 0.000009 -0.000022  0.011344 0.988610 0
mount_dovetail_rsr_akr_1913_railed_mount_LOD0
0  0.005498 -0.029759 0.024036  1.000000 0.000000 0.000001  0.104809 0.966068 0
0  0.005498 -0.021302 0.024036  1.000000 0.000000 0.000001  0.152430 0.966121 0
0  0.005498 -0.021131 0.028035  1.000000 0.000000 0.000001  0.153378 0.988610 0
mount_dovetail_rsr_akr_1913_railed_mount_LOD0
0  0.005498 -0.022317 0.023203  1.000000 0.000000 -0.000000  0.146739 0.961465 0
0  0.005498 -0.021302 0.024036  1.000000 0.000000 -0.000000  0.152430 0.966121 0
0  0.005498 -0.029759 0.024036  1.000000 0.000000 -0.000000  0.104809 0.966068 0
mount_dovetail_rsr_akr_1913_railed_mount_LOD0
0  0.005498 -0.028743 0.023203  1.000000 0.000000 0.000002  0.110559 0.961373 0
0  0.005498 -0.022317 0.023203  1.000000 0.000000 0.000002  0.146739 0.961465 0
0  0.005498 -0.029759 0.024036  1.000000 0.000000 0.000002  0.104809 0.966068 0
mount_dovetail_rsr_akr_1913_railed_mount_LOD0
0  0.005498 -0.022317 0.023203  1.000000 0.000000 -0.000000  0.146739 0.961465 0
0  0.005498 -0.028743 0.023203  1.000000 0.000000 -0.000000  0.110559 0.961373 0
0  0.005498 -0.023150 0.022187  1.000000 0.000000 -0.000000  0.142085 0.955779 0
mount_dovetail_rsr_akr_1913_railed_mount_LOD0
0  0.005498 -0.028743 0.023203  1.000000 0.000000 -0.000001  0.110559 0.961373 0
0  0.005498 -0.027910 0.022187  1.000000 0.000000 -0.000001  0.115289 0.955660 0
0  0.005498 -0.023150 0.022187  1.000000 0.000000 -0.000001  0.142085 0.955779 0
mount_dovetail_rsr_akr_1913_railed_mount_LOD0
0  0.005498 -0.023150 0.022187  1.000000 0.000000 -0.000000  0.142085 0.955779 0
0  0.005498 -0.027910 0.022187  1.000000 0.000000 -0.000000  0.115289 0.955660 0
0  0.005498 -0.023770 0.021029  1.000000 0.000000 -0.000000  0.138647 0.949267 0
mount_dovetail_rsr_akr_1913_railed_mount_LOD0
0  0.005498 -0.021302 0.024036  1.000000 0.000000 0.000001  0.152430 0.966121 0
0  0.005498 -0.020143 0.024656  1.000000 0.000000 0.000001  0.158950 0.969586 0
0  0.005498 -0.021131 0.028035  1.000000 0.000000 0.000001  0.153378 0.988610 0
mount_dovetail_rsr_akr_1913_railed_mount_LOD0
0  0.005498 -0.027910 0.022187  1.000000 0.000000 -0.000002  0.115289 0.955660 0
0  0.005498 -0.027290 0.021029  1.000000 0.000000 -0.000002  0.118831 0.949149 0
0  0.005498 -0.023770 0.021029  1.000000 0.000000 -0.000002  0.138647 0.949267 0
mount_dovetail_rsr_akr_1913_railed_mount_LOD0
0  0.005498 -0.023770 0.021029  1.000000 0.000000 0.000000  0.138647 0.949267 0
0  0.005498 -0.027290 0.021029  1.000000 0.000000 0.000000  0.118831 0.949149 0
0  0.005498 -0.024151 0.019772  1.000000 0.000000 0.000000  0.136552 0.942192 0
mount_dovetail_rsr_akr_1913_railed_mount_LOD0
0  0.005498 -0.024151 0.019772  1.000000 0.000000 0.000000  0.136552 0.942192 0
0  0.005498 -0.027290 0.021029  1.000000 0.000000 0.000000  0.118831 0.949149 0
0  0.005498 -0.024280 0.018464  1.000000 0.000000 0.000000  0.135891 0.934843 0
mount_dovetail_rsr_akr_1913_railed_mount_LOD0
0  0.005498 -0.024280 0.018464  1.000000 0.000000 0.000000  0.135891 0.934843 0
0  0.005498 -0.027290 0.021029  1.000000 0.000000 0.000000  0.118831 0.949149 0
0  0.005498 -0.024151 0.017157  1.000000 0.000000 0.000000  0.136684 0.927495 0
mount_dovetail_rsr_akr_1913_railed_mount_LOD0
0  0.005498 -0.024151 0.017157  1.000000 0.000000 0.000000  0.136684 0.927495 0
0  0.005498 -0.027290 0.021029  1.000000 0.000000 0.000000  0.118831 0.949149 0
0  0.005498 -0.023770 0.015900  1.000000 0.000000 0.000000  0.138905 0.920448 0
mount_dovetail_rsr_akr_1913_railed_mount_LOD0
0  0.005498 -0.027290 0.021029  1.000000 -0.000001 0.000000  0.118831 0.949149 0
0  0.005498 -0.024161 0.015639  1.000000 -0.000001 0.000000  0.136713 0.918958 0
0  0.005498 -0.023770 0.015900  1.000000 -0.000001 0.000000  0.138905 0.920448 0
mount_dovetail_rsr_akr_1913_railed_mount_LOD0
0  0.005498 -0.020143 0.024656  1.000000 0.000001 0.000001  0.158950 0.969586 0
0  0.005498 -0.018886 0.025037  1.000000 0.000001 0.000001  0.166027 0.971731 0
0  0.005498 -0.021131 0.028035  1.000000 0.000001 0.000001  0.153378 0.988610 0
mount_dovetail_rsr_akr_1913_railed_mount_LOD0
0  0.005498 -0.021131 0.028035  1.000000 0.000001 0.000002  0.153378 0.988610 0
0  0.005498 -0.018886 0.025037  1.000000 0.000001 0.000002  0.166027 0.971731 0
0  0.005498 -0.016371 0.028035  1.000000 0.000001 0.000002  0.180184 0.988610 0
mount_dovetail_rsr_akr_1913_railed_mount_LOD0
0  0.005498 -0.018886 0.025037  1.000000 0.000000 0.000002  0.166027 0.971731 0
0  0.005498 -0.017578 0.025166  1.000000 0.000000 0.000002  0.173403 0.972437 0
0  0.005498 -0.016371 0.028035  1.000000 0.000000 0.000002  0.180184 0.988610 0
mount_dovetail_rsr_akr_1913_railed_mount_LOD0
0  0.005498 -0.016371 0.028035  1.000000 0.000001 -0.000012  0.180184 0.988610 0
0  0.005498 -0.016371 0.028457  1.000000 0.000001 -0.000012  0.180184 0.990989 0
0  0.005498 -0.021131 0.028035  1.000000 0.000001 -0.000012  0.153378 0.988610 0
mount_dovetail_rsr_akr_1913_railed_mount_LOD0
0  0.005498 -0.016371 0.028457  1.000000 0.000000 0.000000  0.180184 0.990989 0
0  0.005498 -0.021131 0.028457  1.000000 0.000000 0.000000  0.153378 0.990989 0
0  0.005498 -0.021131 0.028035  1.000000 0.000000 0.000000  0.153378 0.988610 0
mount_dovetail_rsr_akr_1913_railed_mount_LOD0
0  0.005498 -0.016371 0.028035  1.000000 -0.000000 0.000003  0.180184 0.988610 0
0  0.005498 -0.017578 0.025166  1.000000 -0.000000 0.000003  0.173403 0.972437 0
0  0.005498 -0.011138 0.028035  1.000000 -0.000000 0.000003  0.209652 0.988610 0
mount_dovetail_rsr_akr_1913_railed_mount_LOD0
0  0.005498 -0.011138 0.028035  1.000000 0.000001 0.000001  0.209652 0.988610 0
0  0.005498 -0.017578 0.025166  1.000000 0.000001 0.000001  0.173403 0.972437 0
0  0.005498 -0.006378 0.028035  1.000000 0.000001 0.000001  0.236456 0.988610 0
mount_dovetail_rsr_akr_1913_railed_mount_LOD0
0  0.005498 -0.006378 0.028035  1.000000 -0.000000 0.000004  0.236456 0.988610 0
0  0.005498 -0.017578 0.025166  1.000000 -0.000000 0.000004  0.173403 0.972437 0
0  0.005498 -0.001145 0.028035  1.000000 -0.000000 0.000004  0.265922 0.988610 0
mount_dovetail_rsr_akr_1913_railed_mount_LOD0
0  0.005498 -0.006378 0.028035  1.000000 0.000000 -0.000012  0.236456 0.988610 0
0  0.005498 -0.006378 0.028457  1.000000 0.000000 -0.000012  0.236456 0.990989 0
0  0.005498 -0.011138 0.028035  1.000000 0.000000 -0.000012  0.209652 0.988610 0
mount_dovetail_rsr_akr_1913_railed_mount_LOD0
0  0.005498 -0.006378 0.028457  1.000000 0.000000 -0.000007  0.236456 0.990989 0
0  0.005498 -0.011138 0.028457  1.000000 0.000000 -0.000007  0.209652 0.990989 0
0  0.005498 -0.011138 0.028035  1.000000 0.000000 -0.000007  0.209652 0.988610 0
mount_dovetail_rsr_akr_1913_railed_mount_LOD0
0  0.005498 -0.001145 0.028035  1.000000 0.000000 0.000002  0.265922 0.988610 0
0  0.005498 -0.017578 0.025166  1.000000 0.000000 0.000002  0.173403 0.972437 0
0  0.005498 0.003614 0.028035  1.000000 0.000000 0.000002  0.292721 0.988610 0
mount_dovetail_rsr_akr_1913_railed_mount_LOD0
0  0.005498 0.003614 0.028035  1.000000 0.000000 -0.000011  0.292721 0.988610 0
0  0.005498 0.003614 0.028457  1.000000 0.000000 -0.000011  0.292721 0.990989 0
0  0.005498 -0.001145 0.028035  1.000000 0.000000 -0.000011  0.265922 0.988610 0
mount_dovetail_rsr_akr_1913_railed_mount_LOD0
0  0.005498 0.003614 0.028457  1.000000 -0.000000 -0.000007  0.292721 0.990989 0
0  0.005498 -0.001146 0.028457  1.000000 -0.000000 -0.000007  0.265922 0.990989 0
0  0.005498 -0.001145 0.028035  1.000000 -0.000000 -0.000007  0.265922 0.988610 0
mount_dovetail_rsr_akr_1913_railed_mount_LOD0
0  0.005498 0.003614 0.028035  1.000000 -0.000000 0.000006  0.292721 0.988610 0
0  0.005498 -0.017578 0.025166  1.000000 -0.000000 0.000006  0.173403 0.972437 0
0  0.005498 0.008847 0.028035  1.000000 -0.000000 0.000006  0.322185 0.988610 0
mount_dovetail_rsr_akr_1913_railed_mount_LOD0
0  0.005498 0.008847 0.028035  1.000000 0.000001 -0.000005  0.322185 0.988610 0
0  0.005498 -0.017578 0.025166  1.000000 0.000001 -0.000005  0.173403 0.972437 0
0  0.005498 0.013607 0.028035  1.000000 0.000001 -0.000005  0.348989 0.988610 0
mount_dovetail_rsr_akr_1913_railed_mount_LOD0
0  0.005498 0.013607 0.028035  1.000000 0.000001 -0.000011  0.348989 0.988610 0
0  0.005498 0.013607 0.028457  1.000000 0.000001 -0.000011  0.348989 0.990989 0
0  0.005498 0.008847 0.028035  1.000000 0.000001 -0.000011  0.322185 0.988610 0
mount_dovetail_rsr_akr_1913_railed_mount_LOD0
0  0.005498 0.013607 0.028457  1.000000 0.000000 -0.000004  0.348989 0.990989 0
0  0.005498 0.008847 0.028457  1.000000 0.000000 -0.000004  0.322185 0.990989 0
0  0.005498 0.008847 0.028035  1.000000 0.000000 -0.000004  0.322185 0.988610 0
mount_dovetail_rsr_akr_1913_railed_mount_LOD0
0  0.005498 0.013607 0.028035  1.000000 -0.000001 0.000011  0.348989 0.988610 0
0  0.005498 -0.017578 0.025166  1.000000 -0.000001 0.000011  0.173403 0.972437 0
0  0.005498 0.018840 0.028035  1.000000 -0.000001 0.000011  0.378461 0.988610 0
mount_dovetail_rsr_akr_1913_railed_mount_LOD0
0  0.005498 0.018840 0.028035  1.000000 0.000001 -0.000012  0.378461 0.988610 0
0  0.005498 -0.017578 0.025166  1.000000 0.000001 -0.000012  0.173403 0.972437 0
0  0.005498 0.023600 0.028035  1.000000 0.000001 -0.000012  0.405267 0.988610 0
mount_dovetail_rsr_akr_1913_railed_mount_LOD0
0  0.005498 0.023600 0.028035  1.000000 0.000001 -0.000011  0.405267 0.988610 0
0  0.005498 0.023600 0.028457  1.000000 0.000001 -0.000011  0.405267 0.990989 0
0  0.005498 0.018840 0.028035  1.000000 0.000001 -0.000011  0.378461 0.988610 0
mount_dovetail_rsr_akr_1913_railed_mount_LOD0
0  0.005498 0.023600 0.028457  1.000000 0.000000 0.000000  0.405267 0.990989 0
0  0.005498 0.018840 0.028457  1.000000 0.000000 0.000000  0.378461 0.990989 0
0  0.005498 0.018840 0.028035  1.000000 0.000000 0.000000  0.378461 0.988610 0
mount_dovetail_rsr_akr_1913_railed_mount_LOD0
0  0.005498 0.023600 0.028035  1.000000 -0.000000 0.000009  0.405267 0.988610 0
0  0.005498 -0.017578 0.025166  1.000000 -0.000000 0.000009  0.173403 0.972437 0
0  0.005498 0.028833 0.028035  1.000000 -0.000000 0.000009  0.434765 0.988610 0
mount_dovetail_rsr_akr_1913_railed_mount_LOD0
0  0.005498 -0.017578 0.025166  1.000000 0.000000 0.000001  0.173403 0.972437 0
0  0.005498 0.065688 0.025166  1.000000 0.000000 0.000001  0.642298 0.972437 0
0  0.005498 0.028833 0.028035  1.000000 0.000000 0.000001  0.434765 0.988610 0
mount_dovetail_rsr_akr_1913_railed_mount_LOD0
0  0.005498 0.028833 0.028035  1.000000 0.000000 0.000001  0.434765 0.988610 0
0  0.005498 0.065688 0.025166  1.000000 0.000000 0.000001  0.642298 0.972437 0
0  0.005498 0.033593 0.028035  1.000000 0.000000 0.000001  0.461569 0.988610 0
mount_dovetail_rsr_akr_1913_railed_mount_LOD0
0  0.005498 0.033593 0.028035  1.000000 0.000000 0.000001  0.461569 0.988610 0
0  0.005498 0.065688 0.025166  1.000000 0.000000 0.000001  0.642298 0.972437 0
0  0.005498 0.038826 0.028035  1.000000 0.000000 0.000001  0.491044 0.988610 0
mount_dovetail_rsr_akr_1913_railed_mount_LOD0
0  0.005498 0.033593 0.028035  1.000000 0.000000 -0.000010  0.461569 0.988610 0
0  0.005498 0.033592 0.028457  1.000000 0.000000 -0.000010  0.461569 0.990976 0
0  0.005498 0.028833 0.028035  1.000000 0.000000 -0.000010  0.434765 0.988610 0
mount_dovetail_rsr_akr_1913_railed_mount_LOD0
0  0.005498 0.033592 0.028457  1.000000 -0.000000 -0.000004  0.461569 0.990976 0
0  0.005498 0.028833 0.028457  1.000000 -0.000000 -0.000004  0.434765 0.990976 0
0  0.005498 0.028833 0.028035  1.000000 -0.000000 -0.000004  0.434765 0.988610 0
mount_dovetail_rsr_akr_1913_railed_mount_LOD0
0  0.005498 0.038826 0.028035  1.000000 0.000001 0.000006  0.491044 0.988610 0
0  0.005498 0.065688 0.025166  1.000000 0.000001 0.000006  0.642298 0.972437 0
0  0.005498 0.043585 0.028035  1.000000 0.000001 0.000006  0.517845 0.988610 0
mount_dovetail_rsr_akr_1913_railed_mount_LOD0
0  0.005498 0.043585 0.028035  1.000000 0.000001 -0.000011  0.517845 0.988610 0
0  0.005498 0.043585 0.028457  1.000000 0.000001 -0.000011  0.517845 0.990989 0
0  0.005498 0.038826 0.028035  1.000000 0.000001 -0.000011  0.491044 0.988610 0
mount_dovetail_rsr_akr_1913_railed_mount_LOD0
0  0.005498 0.043585 0.028457  1.000000 0.000000 -0.000004  0.517845 0.990989 0
0  0.005498 0.038825 0.028457  1.000000 0.000000 -0.000004  0.491044 0.990989 0
0  0.005498 0.038826 0.028035  1.000000 0.000000 -0.000004  0.491044 0.988610 0
mount_dovetail_rsr_akr_1913_railed_mount_LOD0
0  0.005498 0.043585 0.028035  1.000000 -0.000001 -0.000005  0.517845 0.988610 0
0  0.005498 0.065688 0.025166  1.000000 -0.000001 -0.000005  0.642298 0.972437 0
0  0.005498 0.048818 0.028035  1.000000 -0.000001 -0.000005  0.547315 0.988610 0
mount_dovetail_rsr_akr_1913_railed_mount_LOD0
0  0.005498 0.048818 0.028035  1.000000 0.000001 0.000006  0.547315 0.988610 0
0  0.005498 0.065688 0.025166  1.000000 0.000001 0.000006  0.642298 0.972437 0
0  0.005498 0.053578 0.028035  1.000000 0.000001 0.000006  0.574115 0.988610 0
mount_dovetail_rsr_akr_1913_railed_mount_LOD0
0  0.005498 0.053578 0.028035  1.000000 0.000001 -0.000011  0.574115 0.988610 0
0  0.005498 0.053578 0.028457  1.000000 0.000001 -0.000011  0.574115 0.990989 0
0  0.005498 0.048818 0.028035  1.000000 0.000001 -0.000011  0.547315 0.988610 0
mount_dovetail_rsr_akr_1913_railed_mount_LOD0
0  0.005498 0.053578 0.028457  1.000000 0.000000 0.000000  0.574115 0.990989 0
0  0.005498 0.048818 0.028457  1.000000 0.000000 0.000000  0.547315 0.990989 0
0  0.005498 0.048818 0.028035  1.000000 0.000000 0.000000  0.547315 0.988610 0
mount_dovetail_rsr_akr_1913_railed_mount_LOD0
0  0.005498 0.053578 0.028035  1.000000 -0.000000 -0.000001  0.574115 0.988610 0
0  0.005498 0.065688 0.025166  1.000000 -0.000000 -0.000001  0.642298 0.972437 0
0  0.005498 0.058811 0.028035  1.000000 -0.000000 -0.000001  0.603597 0.988610 0
mount_dovetail_rsr_akr_1913_railed_mount_LOD0
0  0.005498 0.058811 0.028035  1.000000 0.000000 0.000001  0.603597 0.988610 0
0  0.005498 0.065688 0.025166  1.000000 0.000000 0.000001  0.642298 0.972437 0
0  0.005498 0.063571 0.028035  1.000000 0.000000 0.000001  0.630403 0.988610 0
mount_dovetail_rsr_akr_1913_railed_mount_LOD0
0  0.005498 0.063571 0.028035  1.000000 0.000000 -0.000010  0.630403 0.988610 0
0  0.005498 0.063571 0.028457  1.000000 0.000000 -0.000010  0.630403 0.990989 0
0  0.005498 0.058811 0.028035  1.000000 0.000000 -0.000010  0.603597 0.988610 0
mount_dovetail_rsr_akr_1913_railed_mount_LOD0
0  0.005498 0.063571 0.028457  1.000000 -0.000000 -0.000004  0.630403 0.990989 0
0  0.005498 0.058811 0.028457  1.000000 -0.000000 -0.000004  0.603597 0.990989 0
0  0.005498 0.058811 0.028035  1.000000 -0.000000 -0.000004  0.603597 0.988610 0
mount_dovetail_rsr_akr_1913_railed_mount_LOD0
0  0.005498 0.063571 0.028035  1.000000 0.000000 0.000001  0.630403 0.988610 0
0  0.005498 0.065688 0.025166  1.000000 0.000000 0.000001  0.642298 0.972437 0
0  0.005498 0.068804 0.028035  1.000000 0.000000 0.000001  0.659923 0.988610 0
mount_dovetail_rsr_akr_1913_railed_mount_LOD0
0  0.005498 0.065688 0.025166  1.000000 0.000000 0.000001  0.642298 0.972437 0
0  0.005498 0.066996 0.025037  1.000000 0.000000 0.000001  0.649717 0.971702 0
0  0.005498 0.068804 0.028035  1.000000 0.000000 0.000001  0.659923 0.988610 0
mount_dovetail_rsr_akr_1913_railed_mount_LOD0
0  0.005498 0.066996 0.025037  1.000000 0.000000 0.000001  0.649717 0.971702 0
0  0.005498 0.068253 0.024656  1.000000 0.000000 0.000001  0.656837 0.969560 0
0  0.005498 0.068804 0.028035  1.000000 0.000000 0.000001  0.659923 0.988610 0
mount_dovetail_rsr_akr_1913_railed_mount_LOD0
0  0.005498 0.068253 0.024656  1.000000 0.000000 0.000001  0.656837 0.969560 0
0  0.005498 0.069412 0.024036  1.000000 0.000000 0.000001  0.663408 0.966030 0
0  0.005498 0.068804 0.028035  1.000000 0.000000 0.000001  0.659923 0.988610 0
mount_dovetail_rsr_akr_1913_railed_mount_LOD0
0  0.005498 0.068804 0.028035  1.000000 0.000001 0.000001  0.659923 0.988610 0
0  0.005498 0.069412 0.024036  1.000000 0.000001 0.000001  0.663408 0.966030 0
0  0.005498 0.073564 0.028035  1.000000 0.000001 0.000001  0.686733 0.988610 0
mount_dovetail_rsr_akr_1913_railed_mount_LOD0
0  0.005498 0.073564 0.028035  1.000000 0.000001 -0.000011  0.686733 0.988610 0
0  0.005498 0.073564 0.028457  1.000000 0.000001 -0.000011  0.686733 0.990976 0
0  0.005498 0.068804 0.028035  1.000000 0.000001 -0.000011  0.659923 0.988610 0
mount_dovetail_rsr_akr_1913_railed_mount_LOD0
0  0.005498 0.073564 0.028457  1.000000 0.000000 -0.000004  0.686733 0.990976 0
0  0.005498 0.068804 0.028457  1.000000 0.000000 -0.000004  0.659923 0.990976 0
0  0.005498 0.068804 0.028035  1.000000 0.000000 -0.000004  0.659923 0.988610 0
mount_dovetail_rsr_akr_1913_railed_mount_LOD0
0  0.005498 0.069412 0.024036  1.000000 -0.000001 0.000002  0.663408 0.966030 0
0  0.005498 0.077836 0.024036  1.000000 -0.000001 0.000002  0.710851 0.966212 0
0  0.005498 0.073564 0.028035  1.000000 -0.000001 0.000002  0.686733 0.988610 0
mount_dovetail_rsr_akr_1913_railed_mount_LOD0
0  0.005498 0.077836 0.024036  1.000000 -0.000000 0.000002  0.710851 0.966212 0
0  0.005498 0.078995 0.024656  1.000000 -0.000000 0.000002  0.717356 0.969636 0
0  0.005498 0.073564 0.028035  1.000000 -0.000000 0.000002  0.686733 0.988610 0
mount_dovetail_rsr_akr_1913_railed_mount_LOD0
0  0.005498 0.076820 0.023203  1.000000 -0.000001 0.000001  0.705183 0.961609 0
0  0.005498 0.077836 0.024036  1.000000 -0.000001 0.000001  0.710851 0.966212 0
0  0.005498 0.069412 0.024036  1.000000 -0.000001 0.000001  0.663408 0.966030 0
mount_dovetail_rsr_akr_1913_railed_mount_LOD0
0  0.005498 0.070427 0.023203  1.000000 -0.000001 -0.000001  0.669187 0.961269 0
0  0.005498 0.076820 0.023203  1.000000 -0.000001 -0.000001  0.705183 0.961609 0
0  0.005498 0.069412 0.024036  1.000000 -0.000001 -0.000001  0.663408 0.966030 0
mount_dovetail_rsr_akr_1913_railed_mount_LOD0
0  0.005498 0.075987 0.022187  1.000000 -0.000001 0.000001  0.700586 0.955946 0
0  0.005498 0.076820 0.023203  1.000000 -0.000001 0.000001  0.705183 0.961609 0
0  0.005498 0.070427 0.023203  1.000000 -0.000001 0.000001  0.669187 0.961269 0
mount_dovetail_rsr_akr_1913_railed_mount_LOD0
0  0.005498 0.071261 0.022187  1.000000 -0.000001 -0.000001  0.673976 0.955502 0
0  0.005498 0.075987 0.022187  1.000000 -0.000001 -0.000001  0.700586 0.955946 0
0  0.005498 0.070427 0.023203  1.000000 -0.000001 -0.000001  0.669187 0.961269 0
mount_dovetail_rsr_akr_1913_railed_mount_LOD0
0  0.005498 0.075368 0.021029  1.000000 -0.000001 0.000001  0.697252 0.949463 0
0  0.005498 0.075987 0.022187  1.000000 -0.000001 0.000001  0.700586 0.955946 0
0  0.005498 0.071261 0.022187  1.000000 -0.000001 0.000001  0.673976 0.955502 0
mount_dovetail_rsr_akr_1913_railed_mount_LOD0
0  0.005498 0.073564 0.028035  1.000000 -0.000001 0.000001  0.686733 0.988610 0
0  0.005498 0.078995 0.024656  1.000000 -0.000001 0.000001  0.717356 0.969636 0
0  0.005498 0.078797 0.028035  1.000000 -0.000001 0.000001  0.716241 0.988610 0
mount_dovetail_rsr_akr_1913_railed_mount_LOD0
0  0.005498 0.071880 0.021029  1.000000 -0.000001 -0.000001  0.677621 0.948952 0
0  0.005498 0.075368 0.021029  1.000000 -0.000001 -0.000001  0.697252 0.949463 0
0  0.005498 0.071261 0.022187  1.000000 -0.000001 -0.000001  0.673976 0.955502 0
mount_dovetail_rsr_akr_1913_railed_mount_LOD0
0  0.005498 0.078995 0.024656  1.000000 0.000000 0.000002  0.717356 0.969636 0
0  0.005498 0.080252 0.025037  1.000000 0.000000 0.000002  0.724433 0.971744 0
0  0.005498 0.078797 0.028035  1.000000 0.000000 0.000002  0.716241 0.988610 0
mount_dovetail_rsr_akr_1913_railed_mount_LOD0
0  0.005498 0.074986 0.019772  1.000000 -0.000002 0.000000  0.695339 0.942413 0
0  0.005498 0.075368 0.021029  1.000000 -0.000002 0.000000  0.697252 0.949463 0
0  0.005498 0.071880 0.021029  1.000000 -0.000002 0.000000  0.677621 0.948952 0
mount_dovetail_rsr_akr_1913_railed_mount_LOD0
0  0.005498 0.074858 0.018464  1.000000 -0.000002 0.000000  0.694909 0.935118 0
0  0.005498 0.074986 0.019772  1.000000 -0.000002 0.000000  0.695339 0.942413 0
0  0.005498 0.071880 0.021029  1.000000 -0.000002 0.000000  0.677621 0.948952 0
mount_dovetail_rsr_akr_1913_railed_mount_LOD0
0  0.005498 0.074986 0.017157  1.000000 -0.000003 -0.000000  0.695975 0.927860 0
0  0.005498 0.074858 0.018464  1.000000 -0.000003 -0.000000  0.694909 0.935118 0
0  0.005498 0.071880 0.021029  1.000000 -0.000003 -0.000000  0.677621 0.948952 0
mount_dovetail_rsr_akr_1913_railed_mount_LOD0
0  0.005498 0.075368 0.015900  1.000000 -0.000001 -0.000001  0.698480 0.920930 0
0  0.005498 0.074986 0.017157  1.000000 -0.000001 -0.000001  0.695975 0.927860 0
0  0.005498 0.071880 0.021029  1.000000 -0.000001 -0.000001  0.677621 0.948952 0
mount_dovetail_rsr_akr_1913_railed_mount_LOD0
0  0.005498 0.071880 0.021029  1.000000 -0.000009 -0.000006  0.677621 0.948952 0
0  0.005498 0.074958 0.015727  1.000000 -0.000009 -0.000006  0.696267 0.919897 0
0  0.005498 0.075368 0.015900  1.000000 -0.000009 -0.000006  0.698480 0.920930 0
mount_dovetail_rsr_akr_1913_railed_mount_LOD0
0  0.005498 0.078797 0.028035  1.000000 0.000001 0.000002  0.716241 0.988610 0
0  0.005498 0.080252 0.025037  1.000000 0.000001 0.000002  0.724433 0.971744 0
0  0.005498 0.081559 0.025166  1.000000 0.000001 0.000002  0.731805 0.972450 0
mount_dovetail_rsr_akr_1913_railed_mount_LOD0
0  0.005498 0.083557 0.028035  1.000000 0.000001 0.000002  0.743045 0.988610 0
0  0.005498 0.078797 0.028035  1.000000 0.000001 0.000002  0.716241 0.988610 0
0  0.005498 0.081559 0.025166  1.000000 0.000001 0.000002  0.731805 0.972450 0
mount_dovetail_rsr_akr_1913_railed_mount_LOD0
0  0.005498 0.083557 0.028035  1.000000 0.000001 -0.000011  0.743045 0.988610 0
0  0.005498 0.083556 0.028457  1.000000 0.000001 -0.000011  0.743045 0.990989 0
0  0.005498 0.078797 0.028035  1.000000 0.000001 -0.000011  0.716241 0.988610 0
mount_dovetail_rsr_akr_1913_railed_mount_LOD0
0  0.005498 0.083556 0.028457  1.000000 0.000000 0.000000  0.743045 0.990989 0
0  0.005498 0.078797 0.028457  1.000000 0.000000 0.000000  0.716241 0.990989 0
0  0.005498 0.078797 0.028035  1.000000 0.000000 0.000000  0.716241 0.988610 0
mount_dovetail_rsr_akr_1913_railed_mount_LOD0
0  0.005498 0.088790 0.028035  1.000000 -0.000001 0.000003  0.772521 0.988610 0
0  0.005498 0.083557 0.028035  1.000000 -0.000001 0.000003  0.743045 0.988610 0
0  0.005498 0.081559 0.025166  1.000000 -0.000001 0.000003  0.731805 0.972450 0
mount_dovetail_rsr_akr_1913_railed_mount_LOD0
0  0.005498 0.088790 0.025160  1.000000 -0.000001 0.000003  0.772536 0.972450 0
0  0.005498 0.088790 0.028035  1.000000 -0.000001 0.000003  0.772521 0.988610 0
0  0.005498 0.081559 0.025166  1.000000 -0.000001 0.000003  0.731805 0.972450 0
mount_dovetail_rsr_akr_1913_railed_mount_LOD0
0  0.005498 0.089955 0.027974  1.000000 -0.000008 0.000003  0.779088 0.988283 0
0  0.005498 0.088790 0.028035  1.000000 -0.000008 0.000003  0.772521 0.988610 0
0  0.005498 0.088790 0.025160  1.000000 -0.000008 0.000003  0.772536 0.972450 0
mount_dovetail_rsr_akr_1913_railed_mount_LOD0
0  0.005498 0.088790 0.028457  1.000000 -0.000008 -0.000010  0.772521 0.990989 0
0  0.005498 0.088790 0.028035  1.000000 -0.000008 -0.000010  0.772521 0.988610 0
0  0.005498 0.089955 0.027974  1.000000 -0.000008 -0.000010  0.779088 0.988283 0
mount_dovetail_rsr_akr_1913_railed_mount_LOD0
0  0.005498 0.089421 0.028331  1.000000 -0.000012 -0.000016  0.776075 0.990284 0
0  0.005498 0.088790 0.028457  1.000000 -0.000012 -0.000016  0.772521 0.990989 0
0  0.005498 0.089955 0.027974  1.000000 -0.000012 -0.000016  0.779088 0.988283 0
mount_dovetail_rsr_akr_1913_railed_mount_LOD0
0  0.005498 0.090313 0.026177  1.000000 0.000000 0.000000  0.781113 0.978177 0
0  0.005498 0.089955 0.027974  1.000000 0.000000 0.000000  0.779088 0.988283 0
0  0.005498 0.088790 0.025160  1.000000 0.000000 0.000000  0.772536 0.972450 0
mount_dovetail_rsr_akr_1913_railed_mount_LOD0
0  0.005498 0.090313 0.027439  1.000000 0.000000 0.000000  0.781105 0.985276 0
0  0.005498 0.089955 0.027974  1.000000 0.000000 0.000000  0.779088 0.988283 0
0  0.005498 0.090313 0.026177  1.000000 0.000000 0.000000  0.781113 0.978177 0
mount_dovetail_rsr_akr_1913_railed_mount_LOD0
0  0.005498 0.090438 0.026808  1.000000 0.000000 0.000000  0.781816 0.981733 0
0  0.005498 0.090313 0.027439  1.000000 0.000000 0.000000  0.781105 0.985276 0
0  0.005498 0.090313 0.026177  1.000000 0.000000 0.000000  0.781113 0.978177 0
mount_dovetail_rsr_akr_1913_railed_mount_LOD0
0  0.005498 0.089955 0.025642  1.000000 0.000000 0.000000  0.779102 0.975157 0
0  0.005498 0.090313 0.026177  1.000000 0.000000 0.000000  0.781113 0.978177 0
0  0.005498 0.088790 0.025160  1.000000 0.000000 0.000000  0.772536 0.972450 0
mount_dovetail_rsr_akr_1913_railed_mount_LOD0
0  0.005498 0.089421 0.025285  1.000000 0.000000 0.000000  0.776093 0.973142 0
0  0.005498 0.089955 0.025642  1.000000 0.000000 0.000000  0.779102 0.975157 0
0  0.005498 0.088790 0.025160  1.000000 0.000000 0.000000  0.772536 0.972450 0
mount_dovetail_rsr_akr_1913_railed_mount_LOD0
0  0.005498 -0.036356 0.028035  0.000000 0.000000 1.000000  0.230193 0.628100 0
0  0.005498 -0.031123 0.028035  0.000000 0.000000 1.000000  0.230193 0.657560 0
0  -0.006262 -0.031123 0.028035  0.000000 0.000000 1.000000  0.163977 0.657560 0
mount_dovetail_rsr_akr_1913_railed_mount_LOD0
0  -0.006262 -0.036356 0.028035  -0.000000 0.000000 1.000000  0.163977 0.628100 0
0  0.005498 -0.036356 0.028035  -0.000000 0.000000 1.000000  0.230193 0.628100 0
0  -0.006262 -0.031123 0.028035  -0.000000 0.000000 1.000000  0.163977 0.657560 0
mount_dovetail_rsr_akr_1913_railed_mount_LOD0
0  0.002975 -0.031124 0.030980  0.707120 -0.000000 0.707094  0.652929 0.765447 0
0  0.005498 -0.031123 0.028457  0.707120 -0.000000 0.707094  0.673026 0.765447 0
0  0.005498 -0.026364 0.028457  0.707120 -0.000000 0.707094  0.673026 0.792244 0
mount_dovetail_rsr_akr_1913_railed_mount_LOD0
0  0.002975 -0.026364 0.030980  0.707117 0.000003 0.707097  0.652929 0.792244 0
0  0.002975 -0.031124 0.030980  0.707117 0.000003 0.707097  0.652929 0.765447 0
0  0.005498 -0.026364 0.028457  0.707117 0.000003 0.707097  0.673026 0.792244 0
mount_dovetail_rsr_akr_1913_railed_mount_LOD0
0  -0.006262 -0.031124 0.030980  0.000000 -1.000000 -0.000285  0.528692 0.641351 0
0  -0.006262 -0.031123 0.028035  0.000000 -1.000000 -0.000285  0.528692 0.657932 0
0  0.002975 -0.031124 0.030980  0.000000 -1.000000 -0.000285  0.580707 0.641351 0
mount_dovetail_rsr_akr_1913_railed_mount_LOD0
0  -0.006262 -0.031123 0.028035  -0.000011 -1.000000 -0.000253  0.528692 0.657932 0
0  0.005498 -0.031123 0.028457  0.000015 -1.000000 -0.000828  0.594919 0.655560 0
0  0.002975 -0.031124 0.030980  -0.000011 -1.000000 -0.000253  0.580707 0.641351 0
mount_dovetail_rsr_akr_1913_railed_mount_LOD0
0  0.005498 -0.031123 0.028035  -0.000001 -1.000000 -0.000528  0.594919 0.657934 0
0  0.005498 -0.031123 0.028457  -0.000005 -1.000000 -0.000192  0.594919 0.655560 0
0  -0.006262 -0.031123 0.028035  -0.000001 -1.000000 -0.000528  0.528692 0.657932 0
mount_dovetail_rsr_akr_1913_railed_mount_LOD0
0  -0.006262 -0.026364 0.030980  0.000000 1.000000 0.000239  0.018608 0.447775 0
0  0.002975 -0.026364 0.030980  0.000000 1.000000 0.000239  0.018606 0.499790 0
0  0.005498 -0.026364 0.028457  0.000000 1.000000 0.000239  0.004400 0.514002 0
mount_dovetail_rsr_akr_1913_railed_mount_LOD0
0  -0.006262 -0.026363 0.028035  0.000011 1.000000 0.000294  0.002025 0.447775 0
0  -0.006262 -0.026364 0.030980  0.000011 1.000000 0.000294  0.018608 0.447775 0
0  0.005498 -0.026364 0.028457  0.000011 1.000000 0.000294  0.004400 0.514002 0
mount_dovetail_rsr_akr_1913_railed_mount_LOD0
0  0.005498 -0.026363 0.028035  0.000001 1.000000 0.000563  0.002025 0.514002 0
0  -0.006262 -0.026363 0.028035  0.000001 1.000000 0.000563  0.002025 0.447775 0
0  0.005498 -0.026364 0.028457  0.000001 1.000000 0.000563  0.004400 0.514002 0
mount_dovetail_rsr_akr_1913_railed_mount_LOD0
0  0.005498 -0.026363 0.028035  0.000000 0.000000 1.000000  0.975677 0.133284 0
0  0.005498 -0.021131 0.028035  0.000000 0.000000 1.000000  0.946215 0.133284 0
0  -0.006262 -0.021131 0.028035  0.000000 0.000000 1.000000  0.946215 0.067069 0
mount_dovetail_rsr_akr_1913_railed_mount_LOD0
0  -0.006262 -0.026363 0.028035  0.000000 0.000000 1.000000  0.975677 0.067069 0
0  0.005498 -0.026363 0.028035  0.000000 0.000000 1.000000  0.975677 0.133284 0
0  -0.006262 -0.021131 0.028035  0.000000 0.000000 1.000000  0.946215 0.067069 0
mount_dovetail_rsr_akr_1913_railed_mount_LOD0
0  0.002975 -0.021131 0.030980  0.707120 0.000000 0.707093  0.103405 0.600197 0
0  0.005498 -0.021131 0.028457  0.707120 0.000000 0.707093  0.103405 0.580099 0
0  0.005498 -0.016371 0.028457  0.707120 0.000000 0.707093  0.130201 0.580099 0
mount_dovetail_rsr_akr_1913_railed_mount_LOD0
0  0.002975 -0.016372 0.030980  0.707117 0.000003 0.707096  0.130201 0.600197 0
0  0.002975 -0.021131 0.030980  0.707117 0.000003 0.707096  0.103405 0.600197 0
0  0.005498 -0.016371 0.028457  0.707117 0.000003 0.707096  0.130201 0.580099 0
mount_dovetail_rsr_akr_1913_railed_mount_LOD0
0  -0.006262 -0.021131 0.030980  0.000000 -1.000000 -0.000235  0.295794 0.326631 0
0  -0.006262 -0.021131 0.028035  0.000000 -1.000000 -0.000235  0.295794 0.310052 0
0  0.002975 -0.021131 0.030980  0.000000 -1.000000 -0.000235  0.347808 0.326631 0
mount_dovetail_rsr_akr_1913_railed_mount_LOD0
0  -0.006262 -0.021131 0.028035  -0.000013 -1.000000 -0.000196  0.295794 0.310052 0
0  0.005498 -0.021131 0.028457  -0.000013 -1.000000 -0.000196  0.362022 0.312426 0
0  0.002975 -0.021131 0.030980  -0.000013 -1.000000 -0.000196  0.347808 0.326631 0
mount_dovetail_rsr_akr_1913_railed_mount_LOD0
0  0.005498 -0.021131 0.028035  -0.000001 -1.000000 -0.000516  0.362022 0.310052 0
0  0.005498 -0.021131 0.028457  -0.000001 -1.000000 -0.000516  0.362022 0.312426 0
0  -0.006262 -0.021131 0.028035  -0.000015 -1.000000 0.000251  0.295794 0.310052 0
mount_dovetail_rsr_akr_1913_railed_mount_LOD0
0  -0.006262 -0.016372 0.030980  0.000000 1.000000 0.000180  0.098794 0.070132 0
0  0.002975 -0.016372 0.030980  0.000000 1.000000 0.000180  0.046778 0.070131 0
0  0.005498 -0.016371 0.028457  0.000000 1.000000 0.000180  0.032566 0.055924 0
mount_dovetail_rsr_akr_1913_railed_mount_LOD0
0  -0.006262 -0.016371 0.028035  0.000013 1.000000 0.000237  0.098794 0.053548 0
0  -0.006262 -0.016372 0.030980  0.000013 1.000000 0.000237  0.098794 0.070132 0
0  0.005498 -0.016371 0.028457  0.000013 1.000000 0.000237  0.032566 0.055924 0
mount_dovetail_rsr_akr_1913_railed_mount_LOD0
0  0.005498 -0.016371 0.028035  0.000001 1.000000 0.000563  0.032566 0.053548 0
0  -0.006262 -0.016371 0.028035  0.000014 1.000000 -0.000108  0.098794 0.053548 0
0  0.005498 -0.016371 0.028457  0.000013 1.000000 -0.000108  0.032566 0.055924 0
mount_dovetail_rsr_akr_1913_railed_mount_LOD0
0  0.005498 -0.016371 0.028035  0.000000 0.000000 1.000000  0.911324 0.244139 0
0  0.005498 -0.011138 0.028035  0.000000 0.000000 1.000000  0.911324 0.273600 0
0  -0.006262 -0.011138 0.028035  0.000000 0.000000 1.000000  0.845111 0.273600 0
mount_dovetail_rsr_akr_1913_railed_mount_LOD0
0  -0.006262 -0.016371 0.028035  0.000000 0.000000 1.000000  0.845111 0.244139 0
0  0.005498 -0.016371 0.028035  0.000000 0.000000 1.000000  0.911324 0.244139 0
0  -0.006262 -0.011138 0.028035  0.000000 0.000000 1.000000  0.845111 0.273600 0
mount_dovetail_rsr_akr_1913_railed_mount_LOD0
0  0.002975 -0.011138 0.030980  0.707120 0.000000 0.707093  0.466268 0.355850 0
0  0.005498 -0.011138 0.028457  0.707120 0.000000 0.707093  0.466268 0.335752 0
0  0.005498 -0.006378 0.028457  0.707120 0.000000 0.707093  0.493066 0.335752 0
mount_dovetail_rsr_akr_1913_railed_mount_LOD0
0  0.002975 -0.006379 0.030980  0.707117 0.000003 0.707097  0.493066 0.355850 0
0  0.002975 -0.011138 0.030980  0.707117 0.000003 0.707097  0.466268 0.355850 0
0  0.005498 -0.006378 0.028457  0.707117 0.000003 0.707097  0.493066 0.335752 0
mount_dovetail_rsr_akr_1913_railed_mount_LOD0
0  -0.006262 -0.011138 0.030980  0.000000 -1.000000 -0.000181  0.289341 0.070159 0
0  -0.006262 -0.011138 0.028035  0.000000 -1.000000 -0.000181  0.289341 0.053577 0
0  0.002975 -0.011138 0.030980  0.000000 -1.000000 -0.000181  0.341358 0.070159 0
mount_dovetail_rsr_akr_1913_railed_mount_LOD0
0  -0.006262 -0.011138 0.028035  -0.000015 -1.000000 -0.000134  0.289341 0.053577 0
0  0.005498 -0.011138 0.028457  -0.000015 -1.000000 -0.000134  0.355569 0.055953 0
0  0.002975 -0.011138 0.030980  -0.000015 -1.000000 -0.000134  0.341358 0.070159 0
mount_dovetail_rsr_akr_1913_railed_mount_LOD0
0  0.005498 -0.011138 0.028035  -0.000001 -1.000000 -0.000522  0.355569 0.053577 0
0  0.005498 -0.011138 0.028457  -0.000001 -1.000000 -0.000522  0.355569 0.055953 0
0  -0.006262 -0.011138 0.028035  -0.000001 -1.000000 -0.000522  0.289341 0.053577 0
mount_dovetail_rsr_akr_1913_railed_mount_LOD0
0  -0.006262 -0.006379 0.030980  0.000000 1.000000 0.000115  0.448341 0.207461 0
0  0.002975 -0.006379 0.030980  0.000000 1.000000 0.000115  0.396340 0.207461 0
0  0.005498 -0.006378 0.028457  0.000005 1.000000 0.000595  0.382128 0.193252 0
mount_dovetail_rsr_akr_1913_railed_mount_LOD0
0  -0.006262 -0.006378 0.028035  0.000015 1.000000 0.000183  0.448341 0.190878 0
0  -0.006262 -0.006379 0.030980  0.000015 1.000000 0.000183  0.448341 0.207461 0
0  0.005498 -0.006378 0.028457  0.000015 1.000000 0.000183  0.382128 0.193252 0
mount_dovetail_rsr_akr_1913_railed_mount_LOD0
0  0.005498 -0.006378 0.028035  0.000001 1.000000 0.000578  0.382128 0.190878 0
0  -0.006262 -0.006378 0.028035  0.000013 1.000000 -0.000093  0.448341 0.190878 0
0  0.005498 -0.006378 0.028457  0.000012 1.000000 -0.000093  0.382128 0.193252 0
mount_dovetail_rsr_akr_1913_railed_mount_LOD0
0  0.005498 -0.006378 0.028035  0.000000 0.000000 1.000000  0.038877 0.393961 0
0  0.005498 -0.001145 0.028035  0.000000 0.000000 1.000000  0.068339 0.393961 0
0  -0.006262 -0.001145 0.028035  0.000000 0.000000 1.000000  0.068339 0.460177 0
mount_dovetail_rsr_akr_1913_railed_mount_LOD0
0  -0.006262 -0.006378 0.028035  -0.000000 0.000000 1.000000  0.038877 0.460177 0
0  0.005498 -0.006378 0.028035  -0.000000 0.000000 1.000000  0.038877 0.393961 0
0  -0.006262 -0.001145 0.028035  -0.000000 0.000000 1.000000  0.068339 0.460177 0
mount_dovetail_rsr_akr_1913_railed_mount_LOD0
0  0.002975 -0.001146 0.030980  0.707119 -0.000000 0.707094  1.898750 0.937395 0
0  0.005498 -0.001146 0.028457  0.707119 -0.000000 0.707094  1.918846 0.937395 0
0  0.005498 0.003614 0.028457  0.707119 -0.000000 0.707094  1.918846 0.964192 0
mount_dovetail_rsr_akr_1913_railed_mount_LOD0
0  0.002975 0.003614 0.030980  0.707117 0.000003 0.707097  1.898750 0.964192 0
0  0.002975 -0.001146 0.030980  0.707117 0.000003 0.707097  1.898750 0.937395 0
0  0.005498 0.003614 0.028457  0.707117 0.000003 0.707097  1.918846 0.964192 0
mount_dovetail_rsr_akr_1913_railed_mount_LOD0
0  -0.006262 -0.001146 0.030980  0.000000 -1.000000 -0.000127  1.321906 0.430669 0
0  -0.006262 -0.001145 0.028035  0.000000 -1.000000 -0.000127  1.321906 0.414086 0
0  0.002975 -0.001146 0.030980  0.000000 -1.000000 -0.000127  1.373921 0.430669 0
mount_dovetail_rsr_akr_1913_railed_mount_LOD0
0  -0.006262 -0.001145 0.028035  -0.000016 -1.000000 -0.000076  1.321906 0.414086 0
0  0.005498 -0.001146 0.028457  -0.000016 -1.000000 -0.000076  1.388134 0.416464 0
0  0.002975 -0.001146 0.030980  -0.000016 -1.000000 -0.000076  1.373921 0.430669 0
mount_dovetail_rsr_akr_1913_railed_mount_LOD0
0  0.005498 -0.001145 0.028035  -0.000001 -1.000000 -0.000494  1.388134 0.414086 0
0  0.005498 -0.001146 0.028457  -0.000001 -1.000000 -0.000494  1.388134 0.416464 0
0  -0.006262 -0.001145 0.028035  -0.000010 -1.000000 -0.000015  1.321906 0.414086 0
mount_dovetail_rsr_akr_1913_railed_mount_LOD0
0  -0.006262 0.003614 0.030980  0.000000 1.000000 0.000060  1.389929 0.451118 0
0  0.002975 0.003614 0.030980  0.000000 1.000000 0.000060  1.337928 0.451116 0
0  0.005498 0.003614 0.028457  0.000000 1.000000 0.000060  1.323715 0.436909 0
mount_dovetail_rsr_akr_1913_railed_mount_LOD0
0  -0.006262 0.003614 0.028035  0.000016 1.000000 0.000133  1.389929 0.434537 0
0  -0.006262 0.003614 0.030980  0.000016 1.000000 0.000133  1.389929 0.451118 0
0  0.005498 0.003614 0.028457  0.000016 1.000000 0.000133  1.323715 0.436909 0
mount_dovetail_rsr_akr_1913_railed_mount_LOD0
0  0.005498 0.003614 0.028035  0.000001 1.000000 0.000543  1.323715 0.434532 0
0  -0.006262 0.003614 0.028035  0.000001 1.000000 0.000543  1.389929 0.434537 0
0  0.005498 0.003614 0.028457  0.000001 1.000000 0.000543  1.323715 0.436909 0
mount_dovetail_rsr_akr_1913_railed_mount_LOD0
0  0.005498 0.003614 0.028035  0.000000 0.000000 1.000000  1.230193 0.628100 0
0  0.005498 0.008847 0.028035  0.000000 0.000000 1.000000  1.230193 0.657560 0
0  -0.006262 0.008847 0.028035  0.000000 0.000000 1.000000  1.163977 0.657560 0
mount_dovetail_rsr_akr_1913_railed_mount_LOD0
0  -0.006262 0.003614 0.028035  0.000000 0.000000 1.000000  1.163977 0.628100 0
0  0.005498 0.003614 0.028035  0.000000 0.000000 1.000000  1.230193 0.628100 0
0  -0.006262 0.008847 0.028035  0.000000 0.000000 1.000000  1.163977 0.657560 0
mount_dovetail_rsr_akr_1913_railed_mount_LOD0
0  0.002975 0.008847 0.030980  0.707120 0.000000 0.707093  1.652929 0.765447 0
0  0.005498 0.008847 0.028457  0.707120 0.000000 0.707093  1.673026 0.765447 0
0  0.005498 0.013607 0.028457  0.707120 0.000000 0.707093  1.673026 0.792245 0
mount_dovetail_rsr_akr_1913_railed_mount_LOD0
0  0.002975 0.013607 0.030980  0.707116 0.000003 0.707097  1.652929 0.792245 0
0  0.002975 0.008847 0.030980  0.707116 0.000003 0.707097  1.652929 0.765447 0
0  0.005498 0.013607 0.028457  0.707116 0.000003 0.707097  1.673026 0.792245 0
mount_dovetail_rsr_akr_1913_railed_mount_LOD0
0  -0.006262 0.008847 0.030980  0.000000 -1.000000 -0.000071  1.528692 0.641349 0
0  -0.006262 0.008847 0.028035  0.000000 -1.000000 -0.000071  1.528692 0.657932 0
0  0.002975 0.008847 0.030980  0.000000 -1.000000 -0.000071  1.580694 0.641349 0
mount_dovetail_rsr_akr_1913_railed_mount_LOD0
0  -0.006262 0.008847 0.028035  -0.000018 -1.000000 -0.000014  1.528692 0.657932 0
0  0.005498 0.008847 0.028457  -0.000018 -1.000000 -0.000014  1.594905 0.655556 0
0  0.002975 0.008847 0.030980  -0.000018 -1.000000 -0.000014  1.580694 0.641349 0
mount_dovetail_rsr_akr_1913_railed_mount_LOD0
0  0.005498 0.008847 0.028035  0.000000 -1.000000 -0.000519  1.594905 0.657932 0
0  0.005498 0.008847 0.028457  0.000000 -1.000000 -0.000519  1.594905 0.655556 0
0  -0.006262 0.008847 0.028035  0.000000 -1.000000 -0.000519  1.528692 0.657932 0
mount_dovetail_rsr_akr_1913_railed_mount_LOD0
0  -0.006262 0.013607 0.030980  0.000000 1.000000 -0.000003  1.018608 0.447775 0
0  0.002975 0.013607 0.030980  0.000000 1.000000 -0.000003  1.018608 0.499776 0
0  0.005498 0.013607 0.028457  0.000000 1.000000 -0.000003  1.004399 0.513989 0
mount_dovetail_rsr_akr_1913_railed_mount_LOD0
0  -0.006262 0.013607 0.028035  0.000018 1.000000 0.000078  1.002026 0.447775 0
0  -0.006262 0.013607 0.030980  0.000018 1.000000 0.000078  1.018608 0.447775 0
0  0.005498 0.013607 0.028457  0.000018 1.000000 0.000078  1.004399 0.513989 0
mount_dovetail_rsr_akr_1913_railed_mount_LOD0
0  0.005498 0.013607 0.028035  0.000001 1.000000 0.000545  1.002025 0.513989 0
0  -0.006262 0.013607 0.028035  0.000001 1.000000 0.000545  1.002026 0.447775 0
0  0.005498 0.013607 0.028457  0.000001 1.000000 0.000545  1.004399 0.513989 0
mount_dovetail_rsr_akr_1913_railed_mount_LOD0
0  0.005498 0.013607 0.028035  0.000000 0.000000 1.000000  1.975677 0.133284 0
0  0.005498 0.018840 0.028035  0.000000 0.000000 1.000000  1.946214 0.133284 0
0  -0.006262 0.018840 0.028035  0.000000 0.000000 1.000000  1.946214 0.067069 0
mount_dovetail_rsr_akr_1913_railed_mount_LOD0
0  -0.006262 0.013607 0.028035  0.000000 0.000000 1.000000  1.975677 0.067069 0
0  0.005498 0.013607 0.028035  0.000000 0.000000 1.000000  1.975677 0.133284 0
0  -0.006262 0.018840 0.028035  0.000000 0.000000 1.000000  1.946214 0.067069 0
mount_dovetail_rsr_akr_1913_railed_mount_LOD0
0  0.002975 0.018840 0.030980  0.707120 0.000000 0.707093  1.466268 0.355850 0
0  0.005498 0.018840 0.028457  0.707120 0.000000 0.707093  1.466268 0.335752 0
0  0.005498 0.023600 0.028457  0.707120 0.000000 0.707093  1.493066 0.335752 0
mount_dovetail_rsr_akr_1913_railed_mount_LOD0
0  0.002975 0.023600 0.030980  0.707117 0.000003 0.707097  1.493066 0.355850 0
0  0.002975 0.018840 0.030980  0.707117 0.000003 0.707097  1.466268 0.355850 0
0  0.005498 0.023600 0.028457  0.707117 0.000003 0.707097  1.493066 0.335752 0
mount_dovetail_rsr_akr_1913_railed_mount_LOD0
0  -0.006262 0.018840 0.030980  0.000000 -1.000000 -0.000042  1.289341 0.070158 0
0  -0.006262 0.018840 0.028035  0.000000 -1.000000 -0.000042  1.289341 0.053577 0
0  0.002975 0.018840 0.030980  0.000000 -1.000000 -0.000042  1.341342 0.070157 0
mount_dovetail_rsr_akr_1913_railed_mount_LOD0
0  -0.006262 0.018840 0.028035  -0.000011 -1.000000 -0.000006  1.289341 0.053577 0
0  0.005498 0.018840 0.028457  -0.000011 -1.000000 -0.000006  1.355556 0.055949 0
0  0.002975 0.018840 0.030980  -0.000011 -1.000000 -0.000006  1.341342 0.070157 0
mount_dovetail_rsr_akr_1913_railed_mount_LOD0
0  0.005498 0.018840 0.028035  -0.000001 -1.000000 -0.000282  1.355556 0.053574 0
0  0.005498 0.018840 0.028457  -0.000001 -1.000000 -0.000282  1.355556 0.055949 0
0  -0.006262 0.018840 0.028035  -0.000007 -1.000000 0.000054  1.289341 0.053577 0
mount_dovetail_rsr_akr_1913_railed_mount_LOD0
0  -0.006262 0.023600 0.030980  0.000000 1.000000 0.000001  1.448341 0.207461 0
0  0.002975 0.023600 0.030980  0.000000 1.000000 0.000001  1.396340 0.207464 0
0  0.005498 0.023600 0.028457  0.000000 1.000000 0.000001  1.382126 0.193259 0
mount_dovetail_rsr_akr_1913_railed_mount_LOD0
0  -0.006262 0.023600 0.028035  0.000018 1.000000 0.000086  1.448341 0.190881 0
0  -0.006262 0.023600 0.030980  0.000018 1.000000 0.000086  1.448341 0.207461 0
0  0.005498 0.023600 0.028457  0.000018 1.000000 0.000086  1.382126 0.193259 0
mount_dovetail_rsr_akr_1913_railed_mount_LOD0
0  0.005498 0.023600 0.028035  0.000000 1.000000 0.000587  1.382126 0.190881 0
0  -0.006262 0.023600 0.028035  0.000015 1.000000 -0.000180  1.448341 0.190881 0
0  0.005498 0.023600 0.028457  0.000000 1.000000 0.000587  1.382126 0.193259 0
mount_dovetail_rsr_akr_1913_railed_mount_LOD0
0  0.005498 0.023600 0.028035  0.000000 0.000000 1.000000  1.038877 0.393961 0
0  0.005498 0.028833 0.028035  0.000000 0.000000 1.000000  1.068340 0.393961 0
0  -0.006262 0.028833 0.028035  0.000000 0.000000 1.000000  1.068340 0.460177 0
mount_dovetail_rsr_akr_1913_railed_mount_LOD0
0  -0.006262 0.023600 0.028035  0.000000 0.000000 1.000000  1.038877 0.460177 0
0  0.005498 0.023600 0.028035  0.000000 0.000000 1.000000  1.038877 0.393961 0
0  -0.006262 0.028833 0.028035  0.000000 0.000000 1.000000  1.068340 0.460177 0
mount_dovetail_rsr_akr_1913_railed_mount_LOD0
0  0.002975 0.028833 0.030980  0.707120 -0.000000 0.707093  1.103405 0.600197 0
0  0.005498 0.028833 0.028457  0.707120 -0.000000 0.707093  1.103405 0.580099 0
0  0.005498 0.033592 0.028457  0.707120 -0.000000 0.707093  1.130201 0.580099 0
mount_dovetail_rsr_akr_1913_railed_mount_LOD0
0  0.002975 0.033592 0.030980  0.707117 0.000003 0.707097  1.130201 0.600197 0
0  0.002975 0.028833 0.030980  0.707117 0.000003 0.707097  1.103405 0.600197 0
0  0.005498 0.033592 0.028457  0.707117 0.000003 0.707097  1.130201 0.580099 0
mount_dovetail_rsr_akr_1913_railed_mount_LOD0
0  -0.006262 0.028833 0.030980  0.000000 -1.000000 -0.000039  1.295794 0.326638 0
0  -0.006262 0.028833 0.028035  0.000000 -1.000000 -0.000039  1.295794 0.310056 0
0  0.002975 0.028833 0.030980  0.000000 -1.000000 -0.000039  1.347795 0.326635 0
mount_dovetail_rsr_akr_1913_railed_mount_LOD0
0  -0.006262 0.028833 0.028035  -0.000009 -1.000000 -0.000009  1.295794 0.310056 0
0  0.005498 0.028833 0.028457  -0.000009 -1.000000 -0.000009  1.362008 0.312429 0
0  0.002975 0.028833 0.030980  -0.000009 -1.000000 -0.000009  1.347795 0.326635 0
mount_dovetail_rsr_akr_1913_railed_mount_LOD0
0  0.005498 0.028833 0.028035  0.000000 -1.000000 -0.000270  1.362008 0.310052 0
0  0.005498 0.028833 0.028457  0.000000 -1.000000 -0.000270  1.362008 0.312429 0
0  -0.006262 0.028833 0.028035  0.000000 -1.000000 -0.000270  1.295794 0.310056 0
mount_dovetail_rsr_akr_1913_railed_mount_LOD0
0  -0.006262 0.033592 0.030980  0.000000 1.000000 0.000002  1.098794 0.070132 0
0  0.002975 0.033592 0.030980  0.000000 1.000000 0.000002  1.046792 0.070134 0
0  0.005498 0.033592 0.028457  0.000003 1.000000 0.000337  1.032579 0.055929 0
mount_dovetail_rsr_akr_1913_railed_mount_LOD0
0  -0.006262 0.033593 0.028035  0.000017 1.000000 0.000076  1.098794 0.053552 0
0  -0.006262 0.033592 0.030980  0.000017 1.000000 0.000076  1.098794 0.070132 0
0  0.005498 0.033592 0.028457  0.000017 1.000000 0.000076  1.032579 0.055929 0
mount_dovetail_rsr_akr_1913_railed_mount_LOD0
0  0.005498 0.033593 0.028035  0.000000 1.000000 0.000551  1.032579 0.053552 0
0  -0.006262 0.033593 0.028035  0.000000 1.000000 0.000551  1.098794 0.053552 0
0  0.005498 0.033592 0.028457  0.000000 1.000000 0.000551  1.032579 0.055929 0
mount_dovetail_rsr_akr_1913_railed_mount_LOD0
0  0.005498 0.033593 0.028035  0.000000 0.000000 1.000000  1.911324 0.244139 0
0  0.005498 0.038826 0.028035  0.000000 0.000000 1.000000  1.911324 0.273602 0
0  -0.006262 0.038826 0.028035  0.000000 0.000000 1.000000  1.845111 0.273602 0
mount_dovetail_rsr_akr_1913_railed_mount_LOD0
0  -0.006262 0.033593 0.028035  0.000000 0.000000 1.000000  1.845111 0.244139 0
0  0.005498 0.033593 0.028035  0.000000 0.000000 1.000000  1.911324 0.244139 0
0  -0.006262 0.038826 0.028035  0.000000 0.000000 1.000000  1.845111 0.273602 0
mount_dovetail_rsr_akr_1913_railed_mount_LOD0
0  0.002975 0.038825 0.030980  0.707120 0.000000 0.707094  1.898750 0.937395 0
0  0.005498 0.038825 0.028457  0.707120 0.000000 0.707094  1.918846 0.937395 0
0  0.005498 0.043585 0.028457  0.707120 0.000000 0.707094  1.918846 0.964191 0
mount_dovetail_rsr_akr_1913_railed_mount_LOD0
0  0.002975 0.043585 0.030980  0.707117 0.000003 0.707097  1.898750 0.964191 0
0  0.002975 0.038825 0.030980  0.707117 0.000003 0.707097  1.898750 0.937395 0
0  0.005498 0.043585 0.028457  0.707117 0.000003 0.707097  1.918846 0.964191 0
mount_dovetail_rsr_akr_1913_railed_mount_LOD0
0  -0.006262 0.038825 0.030980  0.000000 -1.000000 -0.000039  1.321906 0.430667 0
0  -0.006262 0.038826 0.028035  0.000000 -1.000000 -0.000039  1.321906 0.414086 0
0  0.002975 0.038825 0.030980  0.000000 -1.000000 -0.000039  1.373906 0.430671 0
mount_dovetail_rsr_akr_1913_railed_mount_LOD0
0  -0.006262 0.038826 0.028035  -0.000009 -1.000000 -0.000011  1.321906 0.414086 0
0  0.005498 0.038825 0.028457  -0.000009 -1.000000 -0.000011  1.388121 0.416464 0
0  0.002975 0.038825 0.030980  -0.000009 -1.000000 -0.000011  1.373906 0.430671 0
mount_dovetail_rsr_akr_1913_railed_mount_LOD0
0  0.005498 0.038826 0.028035  0.000000 -1.000000 -0.000282  1.388121 0.414090 0
0  0.005498 0.038825 0.028457  0.000000 -1.000000 -0.000282  1.388121 0.416464 0
0  -0.006262 0.038826 0.028035  0.000000 -1.000000 -0.000282  1.321906 0.414086 0
mount_dovetail_rsr_akr_1913_railed_mount_LOD0
0  -0.006262 0.043585 0.030980  0.000000 1.000000 0.000002  1.389929 0.451118 0
0  0.002975 0.043585 0.030980  0.000000 1.000000 0.000002  1.337928 0.451120 0
0  0.005498 0.043585 0.028457  0.000000 1.000000 0.000002  1.323715 0.436914 0
mount_dovetail_rsr_akr_1913_railed_mount_LOD0
0  -0.006262 0.043585 0.028035  0.000018 1.000000 0.000087  1.389929 0.434537 0
0  -0.006262 0.043585 0.030980  0.000018 1.000000 0.000087  1.389929 0.451118 0
0  0.005498 0.043585 0.028457  0.000018 1.000000 0.000087  1.323715 0.436914 0
mount_dovetail_rsr_akr_1913_railed_mount_LOD0
0  0.005498 0.043585 0.028035  0.000000 1.000000 0.000563  1.323715 0.434539 0
0  -0.006262 0.043585 0.028035  0.000010 1.000000 0.000084  1.389929 0.434537 0
0  0.005498 0.043585 0.028457  0.000000 1.000000 0.000563  1.323715 0.436914 0
mount_dovetail_rsr_akr_1913_railed_mount_LOD0
0  0.005498 0.043585 0.028035  0.000000 0.000000 1.000000  1.230193 0.628100 0
0  0.005498 0.048818 0.028035  0.000000 0.000000 1.000000  1.230193 0.657560 0
0  -0.006262 0.048818 0.028035  0.000000 0.000000 1.000000  1.163977 0.657560 0
mount_dovetail_rsr_akr_1913_railed_mount_LOD0
0  -0.006262 0.043585 0.028035  0.000000 0.000000 1.000000  1.163977 0.628100 0
0  0.005498 0.043585 0.028035  0.000000 0.000000 1.000000  1.230193 0.628100 0
0  -0.006262 0.048818 0.028035  0.000000 0.000000 1.000000  1.163977 0.657560 0
mount_dovetail_rsr_akr_1913_railed_mount_LOD0
0  0.002975 0.048818 0.030980  0.707120 0.000000 0.707094  1.103405 0.600197 0
0  0.005498 0.048818 0.028457  0.707120 0.000000 0.707094  1.103405 0.580099 0
0  0.005498 0.053578 0.028457  0.707120 0.000000 0.707094  1.130204 0.580099 0
mount_dovetail_rsr_akr_1913_railed_mount_LOD0
0  0.002975 0.053578 0.030980  0.707117 0.000003 0.707097  1.130204 0.600197 0
0  0.002975 0.048818 0.030980  0.707117 0.000003 0.707097  1.103405 0.600197 0
0  0.005498 0.053578 0.028457  0.707117 0.000003 0.707097  1.130204 0.580099 0
mount_dovetail_rsr_akr_1913_railed_mount_LOD0
0  -0.006262 0.048818 0.030980  0.000000 -1.000000 -0.000043  1.295794 0.326633 0
0  -0.006262 0.048818 0.028035  0.000000 -1.000000 -0.000043  1.295794 0.310052 0
0  0.002975 0.048818 0.030980  0.000000 -1.000000 -0.000043  1.347795 0.326635 0
mount_dovetail_rsr_akr_1913_railed_mount_LOD0
0  -0.006262 0.048818 0.028035  -0.000010 -1.000000 -0.000009  1.295794 0.310052 0
0  0.005498 0.048818 0.028457  -0.000010 -1.000000 -0.000009  1.362008 0.312429 0
0  0.002975 0.048818 0.030980  -0.000010 -1.000000 -0.000009  1.347795 0.326635 0
mount_dovetail_rsr_akr_1913_railed_mount_LOD0
0  0.005498 0.048818 0.028035  0.000000 -1.000000 -0.000282  1.362008 0.310054 0
0  0.005498 0.048818 0.028457  0.000000 -1.000000 -0.000282  1.362008 0.312429 0
0  -0.006262 0.048818 0.028035  -0.000006 -1.000000 0.000054  1.295794 0.310052 0
mount_dovetail_rsr_akr_1913_railed_mount_LOD0
0  -0.006262 0.053578 0.030980  0.000000 1.000000 0.000005  1.098794 0.070132 0
0  0.002975 0.053578 0.030980  0.000000 1.000000 0.000005  1.046792 0.070134 0
0  0.005498 0.053578 0.028457  0.000000 1.000000 0.000005  1.032579 0.055928 0
mount_dovetail_rsr_akr_1913_railed_mount_LOD0
0  -0.006262 0.053578 0.028035  0.000016 1.000000 0.000077  1.098794 0.053551 0
0  -0.006262 0.053578 0.030980  0.000016 1.000000 0.000077  1.098794 0.070132 0
0  0.005498 0.053578 0.028457  0.000016 1.000000 0.000077  1.032579 0.055928 0
mount_dovetail_rsr_akr_1913_railed_mount_LOD0
0  0.005498 0.053578 0.028035  0.000000 1.000000 0.000493  1.032579 0.053553 0
0  -0.006262 0.053578 0.028035  0.000019 1.000000 -0.000370  1.098794 0.053551 0
0  0.005498 0.053578 0.028457  0.000017 1.000000 -0.000178  1.032579 0.055928 0
mount_dovetail_rsr_akr_1913_railed_mount_LOD0
0  0.005498 0.053578 0.028035  0.000000 0.000000 1.000000  1.911324 0.244139 0
0  0.005498 0.058811 0.028035  0.000000 0.000000 1.000000  1.911324 0.273602 0
0  -0.006262 0.058811 0.028035  0.000000 0.000000 1.000000  1.845111 0.273602 0
mount_dovetail_rsr_akr_1913_railed_mount_LOD0
0  -0.006262 0.053578 0.028035  0.000000 0.000000 1.000000  1.845111 0.244139 0
0  0.005498 0.053578 0.028035  0.000000 0.000000 1.000000  1.911324 0.244139 0
0  -0.006262 0.058811 0.028035  0.000000 0.000000 1.000000  1.845111 0.273602 0
mount_dovetail_rsr_akr_1913_railed_mount_LOD0
0  0.002975 0.058811 0.030980  0.707119 -0.000000 0.707094  1.898750 0.937395 0
0  0.005498 0.058811 0.028457  0.707119 -0.000000 0.707094  1.918846 0.937395 0
0  0.005498 0.063571 0.028457  0.707119 -0.000000 0.707094  1.918846 0.964193 0
mount_dovetail_rsr_akr_1913_railed_mount_LOD0
0  0.002975 0.063571 0.030980  0.707116 0.000003 0.707097  1.898750 0.964193 0
0  0.002975 0.058811 0.030980  0.707116 0.000003 0.707097  1.898750 0.937395 0
0  0.005498 0.063571 0.028457  0.707116 0.000003 0.707097  1.918846 0.964193 0
mount_dovetail_rsr_akr_1913_railed_mount_LOD0
0  -0.006262 0.058811 0.030980  0.000000 -1.000000 -0.000034  1.321906 0.430669 0
0  -0.006262 0.058811 0.028035  0.000000 -1.000000 -0.000034  1.321906 0.414086 0
0  0.002975 0.058811 0.030980  0.000000 -1.000000 -0.000034  1.373906 0.430671 0
mount_dovetail_rsr_akr_1913_railed_mount_LOD0
0  -0.006262 0.058811 0.028035  -0.000009 -1.000000 -0.000007  1.321906 0.414086 0
0  0.005498 0.058811 0.028457  -0.000009 -1.000000 -0.000007  1.388121 0.416464 0
0  0.002975 0.058811 0.030980  -0.000009 -1.000000 -0.000007  1.373906 0.430671 0
mount_dovetail_rsr_akr_1913_railed_mount_LOD0
0  0.005498 0.058811 0.028035  0.000000 -1.000000 -0.000282  1.388121 0.414090 0
0  0.005498 0.058811 0.028457  0.000000 -1.000000 -0.000282  1.388121 0.416464 0
0  -0.006262 0.058811 0.028035  0.000000 -1.000000 -0.000282  1.321906 0.414086 0
mount_dovetail_rsr_akr_1913_railed_mount_LOD0
0  -0.006262 0.063571 0.030980  0.000000 1.000000 0.000000  1.389929 0.451118 0
0  0.002975 0.063571 0.030980  0.000000 1.000000 0.000000  1.337917 0.451120 0
0  0.005498 0.063571 0.028457  0.000003 1.000000 0.000336  1.323715 0.436914 0
mount_dovetail_rsr_akr_1913_railed_mount_LOD0
0  -0.006262 0.063571 0.028035  0.000018 1.000000 0.000084  1.389929 0.434537 0
0  -0.006262 0.063571 0.030980  0.000018 1.000000 0.000084  1.389929 0.451118 0
0  0.005498 0.063571 0.028457  0.000018 1.000000 0.000084  1.323715 0.436914 0
mount_dovetail_rsr_akr_1913_railed_mount_LOD0
0  0.005498 0.063571 0.028035  0.000000 1.000000 0.000587  1.323715 0.434539 0
0  -0.006262 0.063571 0.028035  0.000010 1.000000 0.000107  1.389929 0.434537 0
0  0.005498 0.063571 0.028457  0.000000 1.000000 0.000587  1.323715 0.436914 0
mount_dovetail_rsr_akr_1913_railed_mount_LOD0
0  0.005498 0.063571 0.028035  0.000000 0.000000 1.000000  1.230193 0.628100 0
0  0.005498 0.068804 0.028035  0.000000 0.000000 1.000000  1.230193 0.657563 0
0  -0.006262 0.068804 0.028035  0.000000 0.000000 1.000000  1.163977 0.657563 0
mount_dovetail_rsr_akr_1913_railed_mount_LOD0
0  -0.006262 0.063571 0.028035  0.000000 0.000000 1.000000  1.163977 0.628100 0
0  0.005498 0.063571 0.028035  0.000000 0.000000 1.000000  1.230193 0.628100 0
0  -0.006262 0.068804 0.028035  0.000000 0.000000 1.000000  1.163977 0.657563 0
mount_dovetail_rsr_akr_1913_railed_mount_LOD0
0  0.002975 0.068804 0.030980  0.707120 0.000000 0.707094  1.652929 0.765447 0
0  0.005498 0.068804 0.028457  0.707120 0.000000 0.707094  1.673026 0.765447 0
0  0.005498 0.073564 0.028457  0.707120 0.000000 0.707094  1.673026 0.792241 0
mount_dovetail_rsr_akr_1913_railed_mount_LOD0
0  0.002975 0.073564 0.030980  0.707116 0.000003 0.707097  1.652929 0.792241 0
0  0.002975 0.068804 0.030980  0.707116 0.000003 0.707097  1.652929 0.765447 0
0  0.005498 0.073564 0.028457  0.707116 0.000003 0.707097  1.673026 0.792241 0
mount_dovetail_rsr_akr_1913_railed_mount_LOD0
0  -0.006262 0.068804 0.030980  0.000000 -1.000000 -0.000043  1.528692 0.641351 0
0  -0.006262 0.068804 0.028035  0.000000 -1.000000 -0.000043  1.528692 0.657932 0
0  0.002975 0.068804 0.030980  0.000000 -1.000000 -0.000043  1.580691 0.641349 0
mount_dovetail_rsr_akr_1913_railed_mount_LOD0
0  -0.006262 0.068804 0.028035  -0.000009 -1.000000 -0.000008  1.528692 0.657932 0
0  0.005498 0.068804 0.028457  -0.000009 -1.000000 -0.000008  1.594906 0.655556 0
0  0.002975 0.068804 0.030980  -0.000009 -1.000000 -0.000008  1.580691 0.641349 0
mount_dovetail_rsr_akr_1913_railed_mount_LOD0
0  0.005498 0.068804 0.028035  0.000000 -1.000000 -0.000282  1.594906 0.657929 0
0  0.005498 0.068804 0.028457  0.000000 -1.000000 -0.000282  1.594906 0.655556 0
0  -0.006262 0.068804 0.028035  0.000000 -1.000000 -0.000282  1.528692 0.657932 0
mount_dovetail_rsr_akr_1913_railed_mount_LOD0
0  -0.006262 0.073564 0.030980  0.000000 1.000000 0.000004  1.018608 0.447775 0
0  0.002975 0.073564 0.030980  0.000000 1.000000 0.000004  1.018608 0.499787 0
0  0.005498 0.073564 0.028457  0.000000 1.000000 0.000004  1.004405 0.513989 0
mount_dovetail_rsr_akr_1913_railed_mount_LOD0
0  -0.006262 0.073564 0.028035  0.000017 1.000000 0.000074  1.002027 0.447775 0
0  -0.006262 0.073564 0.030980  0.000017 1.000000 0.000074  1.018608 0.447775 0
0  0.005498 0.073564 0.028457  0.000017 1.000000 0.000074  1.004405 0.513989 0
mount_dovetail_rsr_akr_1913_railed_mount_LOD0
0  0.005498 0.073564 0.028035  0.000000 1.000000 0.000587  1.002029 0.513989 0
0  -0.006262 0.073564 0.028035  0.000000 1.000000 0.000587  1.002027 0.447775 0
0  0.005498 0.073564 0.028457  0.000000 1.000000 0.000587  1.004405 0.513989 0
mount_dovetail_rsr_akr_1913_railed_mount_LOD0
0  0.005498 0.073564 0.028035  0.000000 0.000000 1.000000  1.975677 0.133284 0
0  0.005498 0.078797 0.028035  0.000000 0.000000 1.000000  1.946214 0.133284 0
0  -0.006262 0.078797 0.028035  0.000000 0.000000 1.000000  1.946214 0.067069 0
mount_dovetail_rsr_akr_1913_railed_mount_LOD0
0  -0.006262 0.073564 0.028035  0.000000 0.000000 1.000000  1.975677 0.067069 0
0  0.005498 0.073564 0.028035  0.000000 0.000000 1.000000  1.975677 0.133284 0
0  -0.006262 0.078797 0.028035  0.000000 0.000000 1.000000  1.946214 0.067069 0
mount_dovetail_rsr_akr_1913_railed_mount_LOD0
0  0.002975 0.078797 0.030980  0.707120 0.000000 0.707093  1.466268 0.355850 0
0  0.005498 0.078797 0.028457  0.707120 0.000000 0.707093  1.466268 0.335752 0
0  0.005498 0.083556 0.028457  0.707120 0.000000 0.707093  1.493068 0.335752 0
mount_dovetail_rsr_akr_1913_railed_mount_LOD0
0  0.002975 0.083556 0.030980  0.707116 0.000003 0.707097  1.493068 0.355850 0
0  0.002975 0.078797 0.030980  0.707116 0.000003 0.707097  1.466268 0.355850 0
0  0.005498 0.083556 0.028457  0.707116 0.000003 0.707097  1.493068 0.335752 0
mount_dovetail_rsr_akr_1913_railed_mount_LOD0
0  -0.006262 0.078797 0.030980  0.000000 -1.000000 -0.000043  1.289341 0.070158 0
0  -0.006262 0.078797 0.028035  0.000000 -1.000000 -0.000043  1.289341 0.053577 0
0  0.002975 0.078797 0.030980  0.000000 -1.000000 -0.000043  1.341354 0.070158 0
mount_dovetail_rsr_akr_1913_railed_mount_LOD0
0  -0.006262 0.078797 0.028035  -0.000009 -1.000000 -0.000008  1.289341 0.053577 0
0  0.005498 0.078797 0.028457  -0.000009 -1.000000 -0.000008  1.355556 0.055953 0
0  0.002975 0.078797 0.030980  -0.000009 -1.000000 -0.000008  1.341354 0.070158 0
mount_dovetail_rsr_akr_1913_railed_mount_LOD0
0  0.005498 0.078797 0.028035  0.000000 -1.000000 -0.000282  1.355556 0.053577 0
0  0.005498 0.078797 0.028457  0.000000 -1.000000 -0.000282  1.355556 0.055953 0
0  -0.006262 0.078797 0.028035  -0.000007 -1.000000 0.000054  1.289341 0.053577 0
mount_dovetail_rsr_akr_1913_railed_mount_LOD0
0  -0.006262 0.083556 0.030980  0.000000 1.000000 -0.000001  1.448341 0.207461 0
0  0.002975 0.083556 0.030980  0.000000 1.000000 -0.000001  1.396326 0.207461 0
0  0.005498 0.083556 0.028457  0.000000 1.000000 -0.000001  1.382126 0.193257 0
mount_dovetail_rsr_akr_1913_railed_mount_LOD0
0  -0.006262 0.083557 0.028035  0.000018 1.000000 0.000087  1.448341 0.190880 0
0  -0.006262 0.083556 0.030980  0.000018 1.000000 0.000087  1.448341 0.207461 0
0  0.005498 0.083556 0.028457  0.000018 1.000000 0.000087  1.382126 0.193257 0
mount_dovetail_rsr_akr_1913_railed_mount_LOD0
0  0.005498 0.083557 0.028035  0.000000 1.000000 0.000563  1.382126 0.190880 0
0  -0.006262 0.083557 0.028035  0.000010 1.000000 0.000084  1.448341 0.190880 0
0  0.005498 0.083556 0.028457  0.000000 1.000000 0.000563  1.382126 0.193257 0
mount_dovetail_rsr_akr_1913_railed_mount_LOD0
0  0.005498 0.083557 0.028035  0.000000 0.000000 1.000000  1.038877 0.393961 0
0  0.005498 0.088790 0.028035  0.000000 0.000000 1.000000  1.068339 0.393961 0
0  -0.006262 0.088790 0.028035  0.000000 0.000000 1.000000  1.068339 0.460177 0
mount_dovetail_rsr_akr_1913_railed_mount_LOD0
0  -0.006262 0.083557 0.028035  0.000000 0.000000 1.000000  1.038877 0.460177 0
0  0.005498 0.083557 0.028035  0.000000 0.000000 1.000000  1.038877 0.393961 0
0  -0.006262 0.088790 0.028035  0.000000 0.000000 1.000000  1.068339 0.460177 0
mount_dovetail_rsr_akr_1913_railed_mount_LOD0
0  -0.006262 0.088790 0.030980  0.000000 -1.000000 -0.000017  0.448260 0.211669 0
0  -0.006262 0.088790 0.028035  0.000000 -1.000000 -0.000017  0.448260 0.228248 0
0  0.002975 0.088790 0.030980  0.000000 -1.000000 -0.000017  0.396246 0.211668 0
mount_dovetail_rsr_akr_1913_railed_mount_LOD0
0  -0.006262 0.088790 0.028035  -0.000004 -1.000000 0.000003  0.448260 0.228248 0
0  0.005498 0.088790 0.028457  -0.000004 -1.000000 0.000003  0.382046 0.225874 0
0  0.002975 0.088790 0.030980  -0.000004 -1.000000 0.000003  0.396246 0.211668 0
mount_dovetail_rsr_akr_1913_railed_mount_LOD0
0  0.005498 0.088790 0.028035  0.000000 -1.000000 -0.000141  0.382046 0.228246 0
0  0.005498 0.088790 0.028457  0.000000 -1.000000 -0.000141  0.382046 0.225874 0
0  -0.006262 0.088790 0.028035  0.000000 -1.000000 -0.000141  0.448260 0.228248 0
mount_dovetail_rsr_akr_1913_railed_mount_LOD0
0  0.005498 0.080252 0.025037  0.709616 0.137471 -0.691048  0.832973 0.366226 0
0  0.002975 0.081559 0.022636  0.713690 0.063404 -0.697586  0.813311 0.358965 0
0  0.005498 0.081559 0.025166  0.707434 0.033829 -0.705969  0.833390 0.358965 0
mount_dovetail_rsr_akr_1913_railed_mount_LOD0
0  0.002975 0.079963 0.022318  0.722127 0.264539 -0.639180  0.812177 0.368128 0
0  0.002975 0.081559 0.022636  0.713690 0.063421 -0.697585  0.813311 0.358965 0
0  0.005498 0.080252 0.025037  0.709623 0.137473 -0.691041  0.832973 0.366226 0
mount_dovetail_rsr_akr_1913_railed_mount_LOD0
0  0.005498 0.078995 0.024656  0.708057 0.270247 -0.652398  0.831529 0.373476 0
0  0.002975 0.079963 0.022318  0.722130 0.264635 -0.639137  0.812177 0.368128 0
0  0.005498 0.080252 0.025037  0.709606 0.137498 -0.691052  0.832973 0.366226 0
mount_dovetail_rsr_akr_1913_railed_mount_LOD0
0  0.005498 0.077836 0.024036  0.709533 0.391382 -0.585989  0.829110 0.380459 0
0  0.002975 0.079963 0.022318  0.722131 0.264672 -0.639121  0.812177 0.368128 0
0  0.005498 0.078995 0.024656  0.708052 0.270308 -0.652377  0.831529 0.373476 0
mount_dovetail_rsr_akr_1913_railed_mount_LOD0
0  0.002975 0.078610 0.021414  0.722061 0.489123 -0.489272  0.808655 0.376416 0
0  0.002975 0.079963 0.022318  0.722149 0.264768 -0.639061  0.812177 0.368128 0
0  0.005498 0.077836 0.024036  0.709523 0.391394 -0.585993  0.829110 0.380459 0
mount_dovetail_rsr_akr_1913_railed_mount_LOD0
0  0.005498 0.076820 0.023203  0.708077 0.499296 -0.499330  0.825682 0.387041 0
0  0.002975 0.078610 0.021414  0.722068 0.489184 -0.489200  0.808655 0.376416 0
0  0.005498 0.077836 0.024036  0.709533 0.391413 -0.585968  0.829110 0.380459 0
mount_dovetail_rsr_akr_1913_railed_mount_LOD0
0  0.005498 0.075987 0.022187  0.709530 0.585972 -0.391412  0.821362 0.393069 0
0  0.002975 0.078610 0.021414  0.722069 0.489203 -0.489180  0.808655 0.376416 0
0  0.005498 0.076820 0.023203  0.708073 0.499336 -0.499296  0.825682 0.387041 0
mount_dovetail_rsr_akr_1913_railed_mount_LOD0
0  0.002975 0.077705 0.020061  0.722128 0.639084 -0.264769  0.803014 0.383191 0
0  0.002975 0.078610 0.021414  0.722084 0.489260 -0.489101  0.808655 0.376416 0
0  0.005498 0.075987 0.022187  0.709523 0.585993 -0.391396  0.821362 0.393069 0
mount_dovetail_rsr_akr_1913_railed_mount_LOD0
0  0.005498 0.075368 0.021029  0.708055 0.652372 -0.270312  0.816133 0.398368 0
0  0.002975 0.077705 0.020061  0.722121 0.639130 -0.264677  0.803014 0.383191 0
0  0.005498 0.075987 0.022187  0.709528 0.585990 -0.391390  0.821362 0.393069 0
mount_dovetail_rsr_akr_1913_railed_mount_LOD0
0  0.005498 0.074986 0.019772  0.709611 0.691047 -0.137498  0.810200 0.402836 0
0  0.002975 0.077705 0.020061  0.722131 0.639136 -0.264634  0.803014 0.383191 0
0  0.005498 0.075368 0.021029  0.708054 0.652400 -0.270248  0.816133 0.398368 0
mount_dovetail_rsr_akr_1913_railed_mount_LOD0
0  0.002975 0.077388 0.018464  0.722074 0.691815 -0.000102  0.795725 0.387820 0
0  0.002975 0.077705 0.020061  0.722152 0.639157 -0.264528  0.803014 0.383191 0
0  0.005498 0.074986 0.019772  0.709623 0.691040 -0.137472  0.810200 0.402836 0
mount_dovetail_rsr_akr_1913_railed_mount_LOD0
0  0.005498 0.074858 0.018464  0.708079 0.706133 0.000004  0.803627 0.406256 0
0  0.002975 0.077388 0.018464  0.722072 0.691818 -0.000031  0.795725 0.387820 0
0  0.005498 0.074986 0.019772  0.709609 0.691054 -0.137479  0.810200 0.402836 0
mount_dovetail_rsr_akr_1913_railed_mount_LOD0
0  0.005498 0.074986 0.017157  0.709607 0.691056 0.137479  0.796669 0.408659 0
0  0.002975 0.077388 0.018464  0.722073 0.691817 0.000032  0.795725 0.387820 0
0  0.005498 0.074858 0.018464  0.708077 0.706135 -0.000004  0.803627 0.406256 0
mount_dovetail_rsr_akr_1913_railed_mount_LOD0
0  0.002975 0.077705 0.016868  0.715269 0.651338 0.253278  0.787403 0.389835 0
0  0.002975 0.077388 0.018464  0.722094 0.691794 0.000100  0.795725 0.387820 0
0  0.005498 0.074986 0.017157  0.709623 0.691041 0.137469  0.796669 0.408659 0
mount_dovetail_rsr_akr_1913_railed_mount_LOD0
0  0.005498 0.075368 0.015900  0.707984 0.647937 0.280956  0.789490 0.409883 0
0  0.002975 0.077705 0.016868  0.715263 0.651302 0.253386  0.787403 0.389835 0
0  0.005498 0.074986 0.017157  0.709605 0.691053 0.137498  0.796669 0.408659 0
mount_dovetail_rsr_akr_1913_railed_mount_LOD0
0  0.002975 0.077705 0.016868  0.715244 0.651282 0.253493  0.787403 0.389835 0
0  0.005498 0.075368 0.015900  0.707980 0.647922 0.281000  0.789490 0.409883 0
0  0.002975 0.086429 0.001842  0.711442 0.599629 0.366463  0.690884 0.389835 0
mount_dovetail_rsr_akr_1913_railed_mount_LOD0
0  0.005498 0.075368 0.015900  0.707978 0.647924 0.281002  0.789490 0.409883 0
0  0.005498 0.080979 0.006234  0.704944 0.613387 0.356104  0.726632 0.409883 0
0  0.002975 0.086429 0.001842  0.711443 0.599628 0.366462  0.690884 0.389835 0
mount_dovetail_rsr_akr_1913_railed_mount_LOD0
0  0.002975 0.086429 0.001842  0.711443 0.599629 0.366462  0.690884 0.389835 0
0  0.005498 0.080979 0.006234  0.704945 0.613388 0.356102  0.726632 0.409883 0
0  0.005498 0.084091 0.000874  0.705603 0.618684 0.345478  0.690884 0.409883 0
mount_dovetail_rsr_akr_1913_railed_mount_LOD0
0  0.005498 0.084710 -0.000285  0.709533 0.586005 0.391359  0.669995 0.401688 0
0  0.002975 0.086429 0.001842  0.711444 0.599636 0.366448  0.686380 0.388688 0
0  0.005498 0.084091 0.000874  0.705603 0.618689 0.345469  0.676051 0.405916 0
mount_dovetail_rsr_akr_1913_railed_mount_LOD0
0  0.002975 0.087333 0.000489  0.722061 0.489272 0.489123  0.679263 0.382940 0
0  0.002975 0.086429 0.001842  0.711443 0.599633 0.366454  0.686380 0.388688 0
0  0.005498 0.084710 -0.000285  0.709553 0.585968 0.391377  0.669995 0.401688 0
mount_dovetail_rsr_akr_1913_railed_mount_LOD0
0  0.005498 0.085544 -0.001300  0.708070 0.499320 0.499317  0.664585 0.396653 0
0  0.002975 0.087333 0.000489  0.722060 0.489221 0.489174  0.679263 0.382940 0
0  0.005498 0.084710 -0.000285  0.709526 0.585989 0.391395  0.669995 0.401688 0
mount_dovetail_rsr_akr_1913_railed_mount_LOD0
0  0.005498 0.086559 -0.002134  0.709535 0.391426 0.585958  0.659926 0.390914 0
0  0.002975 0.087333 0.000489  0.722076 0.489191 0.489182  0.679263 0.382940 0
0  0.005498 0.085544 -0.001300  0.708078 0.499307 0.499317  0.664585 0.396653 0
mount_dovetail_rsr_akr_1913_railed_mount_LOD0
0  0.002975 0.088686 -0.000416  0.722130 0.264778 0.639078  0.674014 0.375458 0
0  0.002975 0.087333 0.000489  0.722086 0.489106 0.489252  0.679263 0.382940 0
0  0.005498 0.086559 -0.002134  0.709550 0.391383 0.585967  0.659926 0.390914 0
mount_dovetail_rsr_akr_1913_railed_mount_LOD0
0  0.005498 0.087718 -0.002753  0.708050 0.270289 0.652387  0.656115 0.384574 0
0  0.002975 0.088686 -0.000416  0.722127 0.264651 0.639134  0.674014 0.375458 0
0  0.005498 0.086559 -0.002134  0.709523 0.391370 0.586009  0.659926 0.390914 0
mount_dovetail_rsr_akr_1913_railed_mount_LOD0
0  0.005498 0.088975 -0.003134  0.709610 0.137516 0.691045  0.653224 0.377763 0
0  0.002975 0.088686 -0.000416  0.722132 0.264607 0.639147  0.674014 0.375458 0
0  0.005498 0.087718 -0.002753  0.708054 0.270266 0.652393  0.656115 0.384574 0
mount_dovetail_rsr_akr_1913_railed_mount_LOD0
0  0.002975 0.090282 -0.000733  0.713938 0.063497 0.697324  0.671048 0.366823 0
0  0.002975 0.088686 -0.000416  0.722150 0.264534 0.639157  0.674014 0.375458 0
0  0.005498 0.088975 -0.003134  0.709617 0.137478 0.691045  0.653224 0.377763 0
mount_dovetail_rsr_akr_1913_railed_mount_LOD0
0  0.005498 0.090283 -0.003263  0.707678 0.033900 0.705721  0.651320 0.370605 0
0  0.002975 0.090282 -0.000733  0.713940 0.063481 0.697323  0.671048 0.366823 0
0  0.005498 0.088975 -0.003134  0.709614 0.137449 0.691054  0.653224 0.377763 0
mount_dovetail_rsr_akr_1913_railed_mount_LOD0
0  0.002975 0.090282 -0.000733  0.713932 0.063480 0.697331  0.671048 0.366823 0
0  0.005498 0.090283 -0.003263  0.707687 0.033864 0.705714  0.651320 0.370605 0
0  0.005498 0.091813 -0.003263  0.713933 0.063480 0.697330  0.649705 0.362129 0
mount_dovetail_rsr_akr_1913_railed_mount_LOD0
0  0.002975 0.091813 -0.000733  0.707677 0.033862 0.705724  0.669443 0.358393 0
0  0.002975 0.090282 -0.000733  0.713934 0.063479 0.697329  0.671048 0.366823 0
0  0.005498 0.091813 -0.003263  0.713932 0.063480 0.697332  0.649705 0.362129 0
mount_dovetail_rsr_akr_1913_railed_mount_LOD0
0  0.002975 0.091813 -0.000733  0.707677 0.033871 0.705724  0.669443 0.358393 0
0  0.005498 0.091813 -0.003263  0.713917 0.063494 0.697345  0.649705 0.362129 0
0  0.002975 0.093121 -0.000862  0.709608 0.137468 0.691057  0.667581 0.351270 0
mount_dovetail_rsr_akr_1913_railed_mount_LOD0
0  0.005498 0.091813 -0.003263  0.713939 0.063496 0.697323  0.649705 0.362129 0
0  0.005498 0.093410 -0.003580  0.722140 0.264538 0.639167  0.646778 0.353433 0
0  0.002975 0.093121 -0.000862  0.709592 0.137482 0.691071  0.667581 0.351270 0
mount_dovetail_rsr_akr_1913_railed_mount_LOD0
0  0.002975 0.093121 -0.000862  0.709614 0.137502 0.691044  0.667581 0.351270 0
0  0.005498 0.093410 -0.003580  0.722143 0.264631 0.639125  0.646778 0.353433 0
0  0.002975 0.094378 -0.001243  0.708052 0.270254 0.652399  0.664756 0.344469 0
mount_dovetail_rsr_akr_1913_railed_mount_LOD0
0  0.002975 0.094378 -0.001243  0.708047 0.270303 0.652385  0.664756 0.344469 0
0  0.005498 0.093410 -0.003580  0.722117 0.264668 0.639138  0.646778 0.353433 0
0  0.002975 0.095536 -0.001862  0.709524 0.391381 0.586001  0.661025 0.338117 0
mount_dovetail_rsr_akr_1913_railed_mount_LOD0
0  0.005498 0.093410 -0.003580  0.722138 0.264774 0.639071  0.646778 0.353433 0
0  0.005498 0.094763 -0.004485  0.722082 0.489110 0.489253  0.641600 0.345867 0
0  0.002975 0.095536 -0.001862  0.709526 0.391396 0.585988  0.661025 0.338117 0
mount_dovetail_rsr_akr_1913_railed_mount_LOD0
0  0.002975 0.095536 -0.001862  0.709532 0.391409 0.585972  0.661025 0.338117 0
0  0.005498 0.094763 -0.004485  0.722063 0.489186 0.489206  0.641600 0.345867 0
0  0.002975 0.096552 -0.002696  0.708071 0.499296 0.499338  0.656452 0.332340 0
mount_dovetail_rsr_akr_1913_railed_mount_LOD0
0  0.002975 0.096552 -0.002696  0.708073 0.499336 0.499295  0.656452 0.332340 0
0  0.005498 0.094763 -0.004485  0.722061 0.489207 0.489188  0.641600 0.345867 0
0  0.002975 0.097385 -0.003711  0.709526 0.585977 0.391412  0.651124 0.327245 0
mount_dovetail_rsr_akr_1913_railed_mount_LOD0
0  0.005498 0.094763 -0.004485  0.722065 0.489271 0.489118  0.641600 0.345867 0
0  0.005498 0.095667 -0.005838  0.722149 0.639063 0.264765  0.634558 0.340009 0
0  0.002975 0.097385 -0.003711  0.709523 0.585994 0.391393  0.651124 0.327245 0
mount_dovetail_rsr_akr_1913_railed_mount_LOD0
0  0.002975 0.097385 -0.003711  0.709529 0.585992 0.391385  0.651124 0.327245 0
0  0.005498 0.095667 -0.005838  0.722135 0.639117 0.264670  0.634558 0.340009 0
0  0.002975 0.098005 -0.004870  0.708052 0.652378 0.270307  0.645136 0.322930 0
mount_dovetail_rsr_akr_1913_railed_mount_LOD0
0  0.002975 0.098005 -0.004870  0.708053 0.652400 0.270249  0.645136 0.322930 0
0  0.005498 0.095667 -0.005838  0.722130 0.639156 0.264590  0.634558 0.340009 0
0  0.002975 0.098386 -0.006127  0.709606 0.691052 0.137499  0.638608 0.319488 0
mount_dovetail_rsr_akr_1913_railed_mount_LOD0
0  0.005498 0.095667 -0.005838  0.722137 0.639168 0.264542  0.634558 0.340009 0
0  0.005498 0.095985 -0.007434  0.713927 0.697330 0.063552  0.626185 0.336312 0
0  0.002975 0.098386 -0.006127  0.709624 0.691038 0.137479  0.638608 0.319488 0
mount_dovetail_rsr_akr_1913_railed_mount_LOD0
0  0.002975 0.098386 -0.006127  0.709611 0.691052 0.137472  0.638608 0.319488 0
0  0.005498 0.095985 -0.007434  0.713932 0.697325 0.063549  0.626185 0.336312 0
0  0.002975 0.098515 -0.007434  0.707675 0.705721 0.033972  0.631660 0.316986 0
mount_dovetail_rsr_akr_1913_railed_mount_LOD0
0  0.002975 0.093121 -0.023639  0.709613 0.137469 -0.691051  0.851849 0.184475 0
0  0.005498 0.091813 -0.021238  0.713932 0.063542 -0.697326  0.866835 0.169916 0
0  0.002975 0.091813 -0.023768  0.707676 0.033969 -0.705720  0.858291 0.188073 0
mount_dovetail_rsr_akr_1913_railed_mount_LOD0
0  0.005498 0.093410 -0.020920  0.722140 0.264493 -0.639185  0.859183 0.164915 0
0  0.005498 0.091813 -0.021238  0.713927 0.063547 -0.697330  0.866835 0.169916 0
0  0.002975 0.093121 -0.023639  0.709624 0.137475 -0.691038  0.851849 0.184475 0
mount_dovetail_rsr_akr_1913_railed_mount_LOD0
0  0.002975 0.094378 -0.023258  0.708055 0.270253 -0.652396  0.845968 0.180012 0
0  0.005498 0.093410 -0.020920  0.722133 0.264639 -0.639132  0.859183 0.164915 0
0  0.002975 0.093121 -0.023639  0.709616 0.137502 -0.691041  0.851849 0.184475 0
mount_dovetail_rsr_akr_1913_railed_mount_LOD0
0  0.002975 0.095536 -0.022639  0.709529 0.391382 -0.585993  0.840759 0.174774 0
0  0.005498 0.093410 -0.020920  0.722119 0.264673 -0.639134  0.859183 0.164915 0
0  0.002975 0.094378 -0.023258  0.708044 0.270309 -0.652385  0.845968 0.180012 0
mount_dovetail_rsr_akr_1913_railed_mount_LOD0
0  0.005498 0.094763 -0.020016  0.722068 0.489087 -0.489297  0.853212 0.158003 0
0  0.005498 0.093410 -0.020920  0.722151 0.264770 -0.639058  0.859183 0.164915 0
0  0.002975 0.095536 -0.022639  0.709525 0.391396 -0.585989  0.840759 0.174774 0
mount_dovetail_rsr_akr_1913_railed_mount_LOD0
0  0.002975 0.096552 -0.021805  0.708074 0.499289 -0.499341  0.836335 0.168852 0
0  0.005498 0.094763 -0.020016  0.722061 0.489182 -0.489212  0.853212 0.158003 0
0  0.002975 0.095536 -0.022639  0.709526 0.391406 -0.585982  0.840759 0.174774 0
mount_dovetail_rsr_akr_1913_railed_mount_LOD0
0  0.002975 0.097385 -0.020790  0.709531 0.585976 -0.391404  0.832777 0.162367 0
0  0.005498 0.094763 -0.020016  0.722062 0.489211 -0.489181  0.853212 0.158003 0
0  0.002975 0.096552 -0.021805  0.708071 0.499343 -0.499292  0.836335 0.168852 0
mount_dovetail_rsr_akr_1913_railed_mount_LOD0
0  0.005498 0.095667 -0.018663  0.722134 0.639076 -0.264771  0.849396 0.149720 0
0  0.005498 0.094763 -0.020016  0.722080 0.489259 -0.489107  0.853212 0.158003 0
0  0.002975 0.097385 -0.020790  0.709523 0.585992 -0.391395  0.832777 0.162367 0
mount_dovetail_rsr_akr_1913_railed_mount_LOD0
0  0.002975 0.098005 -0.019631  0.708053 0.652375 -0.270309  0.830163 0.155431 0
0  0.005498 0.095667 -0.018663  0.722124 0.639128 -0.264673  0.849396 0.149720 0
0  0.002975 0.097385 -0.020790  0.709530 0.585990 -0.391386  0.832777 0.162367 0
mount_dovetail_rsr_akr_1913_railed_mount_LOD0
0  0.002975 0.098386 -0.018374  0.709612 0.691047 -0.137497  0.828550 0.148195 0
0  0.005498 0.095667 -0.018663  0.722132 0.639155 -0.264587  0.849396 0.149720 0
0  0.002975 0.098005 -0.019631  0.708058 0.652396 -0.270246  0.830163 0.155431 0
mount_dovetail_rsr_akr_1913_railed_mount_LOD0
0  0.005498 0.095985 -0.017066  0.713935 0.697322 -0.063549  0.848042 0.140717 0
0  0.005498 0.095667 -0.018663  0.722139 0.639166 -0.264542  0.849396 0.149720 0
0  0.002975 0.098386 -0.018374  0.709625 0.691037 -0.137481  0.828550 0.148195 0
mount_dovetail_rsr_akr_1913_railed_mount_LOD0
0  0.002975 0.098515 -0.017066  0.707675 0.705721 -0.033973  0.827977 0.140784 0
0  0.005498 0.095985 -0.017066  0.713931 0.697326 -0.063549  0.848042 0.140717 0
0  0.002975 0.098386 -0.018374  0.709604 0.691059 -0.137475  0.828550 0.148195 0
mount_dovetail_rsr_akr_1913_railed_mount_LOD0
0  0.005498 -0.003343 -0.020016  0.717288 -0.493532 -0.491858  0.918269 0.496211 0
0  0.005498 -0.004247 -0.018663  0.705182 -0.600173 -0.377506  0.911838 0.490537 0
0  0.002975 -0.005905 -0.020756  0.705789 -0.594900 -0.384651  0.901655 0.508589 0
mount_dovetail_rsr_akr_1913_railed_mount_LOD0
0  0.002975 -0.005132 -0.021805  0.710008 -0.516166 -0.479022  0.907430 0.513052 0
0  0.005498 -0.003343 -0.020016  0.717297 -0.493522 -0.491855  0.918269 0.496211 0
0  0.002975 -0.005905 -0.020756  0.705784 -0.594894 -0.384669  0.901655 0.508589 0
mount_dovetail_rsr_akr_1913_railed_mount_LOD0
0  0.002975 -0.004117 -0.022639  0.709775 -0.391251 -0.585783  0.913908 0.516480 0
0  0.005498 -0.003343 -0.020016  0.717303 -0.493409 -0.491960  0.918269 0.496211 0
0  0.002975 -0.005132 -0.021805  0.710012 -0.516053 -0.479136  0.907430 0.513052 0
mount_dovetail_rsr_akr_1913_railed_mount_LOD0
0  0.005498 -0.001990 -0.020920  0.722139 -0.264768 -0.639072  0.926354 0.499714 0
0  0.005498 -0.003343 -0.020016  0.717315 -0.493311 -0.492040  0.918269 0.496211 0
0  0.002975 -0.004117 -0.022639  0.709764 -0.391261 -0.585790  0.913908 0.516480 0
mount_dovetail_rsr_akr_1913_railed_mount_LOD0
0  0.002975 -0.002958 -0.023258  0.708054 -0.270293 -0.652381  0.920797 0.518919 0
0  0.005498 -0.001990 -0.020920  0.722133 -0.264657 -0.639125  0.926354 0.499714 0
0  0.002975 -0.004117 -0.022639  0.709769 -0.391230 -0.585805  0.913908 0.516480 0
mount_dovetail_rsr_akr_1913_railed_mount_LOD0
0  0.002975 -0.001701 -0.023639  0.709855 -0.137432 -0.690810  0.927973 0.520424 0
0  0.005498 -0.001990 -0.020920  0.722133 -0.264605 -0.639146  0.926354 0.499714 0
0  0.002975 -0.002958 -0.023258  0.708053 -0.270266 -0.652394  0.920797 0.518919 0
mount_dovetail_rsr_akr_1913_railed_mount_LOD0
0  0.005498 -0.000393 -0.021238  0.713932 -0.063550 -0.697325  0.935322 0.500920 0
0  0.005498 -0.001990 -0.020920  0.722144 -0.264495 -0.639179  0.926354 0.499714 0
0  0.002975 -0.001701 -0.023639  0.709866 -0.137428 -0.690800  0.927973 0.520424 0
mount_dovetail_rsr_akr_1913_railed_mount_LOD0
0  0.002975 -0.000393 -0.023768  0.707673 -0.033943 -0.705724  0.935300 0.520914 0
0  0.005498 -0.000393 -0.021238  0.713909 -0.063560 -0.697348  0.935322 0.500920 0
0  0.002975 -0.001701 -0.023639  0.709847 -0.137434 -0.690817  0.927973 0.520424 0
mount_dovetail_rsr_akr_1913_railed_mount_LOD0
0  0.005498 -0.027910 0.022187  0.709535 -0.585983 -0.391387  0.410495 0.133926 0
0  0.002975 -0.029628 0.020061  0.710928 -0.600107 -0.366676  0.420212 0.115361 0
0  0.005498 -0.027290 0.021029  0.705605 -0.618694 -0.345457  0.405198 0.128760 0
mount_dovetail_rsr_akr_1913_railed_mount_LOD0
0  0.002975 -0.030532 0.021414  0.722063 -0.489271 -0.489121  0.427204 0.121285 0
0  0.002975 -0.029628 0.020061  0.710937 -0.600077 -0.366710  0.420212 0.115361 0
0  0.005498 -0.027910 0.022187  0.709556 -0.585964 -0.391378  0.410495 0.133926 0
mount_dovetail_rsr_akr_1913_railed_mount_LOD0
0  0.005498 -0.028743 0.023203  0.708078 -0.499337 -0.499288  0.416466 0.138305 0
0  0.002975 -0.030532 0.021414  0.722061 -0.489210 -0.489185  0.427204 0.121285 0
0  0.005498 -0.027910 0.022187  0.709527 -0.585980 -0.391408  0.410495 0.133926 0
mount_dovetail_rsr_akr_1913_railed_mount_LOD0
0  0.005498 -0.029759 0.024036  0.709532 -0.391406 -0.585974  0.422989 0.141812 0
0  0.002975 -0.030532 0.021414  0.722071 -0.489175 -0.489205  0.427204 0.121285 0
0  0.005498 -0.028743 0.023203  0.708075 -0.499291 -0.499337  0.416466 0.138305 0
mount_dovetail_rsr_akr_1913_railed_mount_LOD0
0  0.002975 -0.031885 0.022318  0.722126 -0.264737 -0.639100  0.435556 0.125048 0
0  0.002975 -0.030532 0.021414  0.722084 -0.489075 -0.489286  0.427204 0.121285 0
0  0.005498 -0.029759 0.024036  0.709521 -0.391394 -0.585995  0.422989 0.141812 0
mount_dovetail_rsr_akr_1913_railed_mount_LOD0
0  0.005498 -0.030917 0.024656  0.708055 -0.270314 -0.652372  0.429945 0.144372 0
0  0.002975 -0.031885 0.022318  0.722130 -0.264632 -0.639139  0.435556 0.125048 0
0  0.005498 -0.029759 0.024036  0.709527 -0.391391 -0.585990  0.422989 0.141812 0
mount_dovetail_rsr_akr_1913_railed_mount_LOD0
0  0.005498 -0.032174 0.025037  0.709611 -0.137493 -0.691049  0.437191 0.145939 0
0  0.002975 -0.031885 0.022318  0.722139 -0.264623 -0.639132  0.435556 0.125048 0
0  0.005498 -0.030917 0.024656  0.708053 -0.270244 -0.652403  0.429945 0.144372 0
mount_dovetail_rsr_akr_1913_railed_mount_LOD0
0  0.002975 -0.033482 0.022636  0.713687 -0.063470 -0.697583  0.444614 0.126353 0
0  0.002975 -0.031885 0.022318  0.722147 -0.264533 -0.639161  0.435556 0.125048 0
0  0.005498 -0.032174 0.025037  0.709623 -0.137476 -0.691040  0.437191 0.145939 0
mount_dovetail_rsr_akr_1913_railed_mount_LOD0
0  0.005498 -0.033482 0.025166  0.707439 -0.033881 -0.705961  0.444591 0.146461 0
0  0.002975 -0.033482 0.022636  0.713705 -0.063455 -0.697566  0.444614 0.126353 0
0  0.005498 -0.032174 0.025037  0.709615 -0.137475 -0.691048  0.437191 0.145939 0
mount_dovetail_rsr_akr_1913_railed_mount_LOD0
0  0.002975 0.098515 -0.007434  0.707676 0.705722 0.033934  0.899660 0.430735 0
0  0.005498 0.095985 -0.007434  0.713929 0.697328 0.063549  0.919725 0.430735 0
0  0.005498 0.095985 -0.017066  0.713935 0.697322 -0.063547  0.919725 0.484795 0
mount_dovetail_rsr_akr_1913_railed_mount_LOD0
0  0.002975 0.098515 -0.017066  0.707672 0.705725 -0.033934  0.899660 0.484861 0
0  0.002975 0.098515 -0.007434  0.707674 0.705724 0.033934  0.899660 0.430735 0
0  0.005498 0.095985 -0.017066  0.713931 0.697326 -0.063548  0.919725 0.484795 0
mount_dovetail_rsr_akr_1913_railed_mount_LOD0
0  0.002975 -0.000393 -0.023768  0.707673 -0.033934 -0.705724  0.743163 0.714543 0
0  0.002975 0.005809 -0.023768  0.705023 -0.092914 -0.703072  0.743163 0.749396 0
0  0.005498 -0.000393 -0.021238  0.713930 -0.063501 -0.697332  0.763178 0.714543 0
mount_dovetail_rsr_akr_1913_railed_mount_LOD0
0  0.002975 0.005809 -0.023768  0.705026 -0.092914 -0.703068  0.743163 0.749396 0
0  0.005498 0.005809 -0.021238  0.705037 -0.092867 -0.703064  0.763178 0.749396 0
0  0.005498 -0.000393 -0.021238  0.713932 -0.063548 -0.697325  0.763178 0.714543 0
mount_dovetail_rsr_akr_1913_railed_mount_LOD0
0  0.005498 0.008022 -0.021873  0.681232 -0.270540 -0.680243  0.760660 0.762081 0
0  0.005498 0.005809 -0.021238  0.705021 -0.092999 -0.703063  0.763178 0.749396 0
0  0.002975 0.005809 -0.023768  0.705012 -0.093047 -0.703065  0.743163 0.749396 0
mount_dovetail_rsr_akr_1913_railed_mount_LOD0
0  0.003605 0.008022 -0.023768  0.681189 -0.270736 -0.680209  0.745606 0.762081 0
0  0.005498 0.008022 -0.021873  0.681230 -0.270506 -0.680259  0.760660 0.762081 0
0  0.002975 0.005809 -0.023768  0.705017 -0.093058 -0.703059  0.743163 0.749396 0
mount_dovetail_rsr_akr_1913_railed_mount_LOD0
0  0.005498 0.009651 -0.022801  0.635126 -0.440296 -0.634629  0.756972 0.771947 0
0  0.005498 0.008022 -0.021873  0.681211 -0.270634 -0.680227  0.760660 0.762081 0
0  0.003605 0.008022 -0.023768  0.681158 -0.270864 -0.680188  0.745606 0.762081 0
mount_dovetail_rsr_akr_1913_railed_mount_LOD0
0  0.004532 0.009651 -0.023768  0.635118 -0.440302 -0.634633  0.749292 0.771947 0
0  0.005498 0.009651 -0.022801  0.635119 -0.440302 -0.634633  0.756972 0.771947 0
0  0.003605 0.008022 -0.023768  0.681166 -0.270871 -0.680178  0.745606 0.762081 0
mount_dovetail_rsr_akr_1913_railed_mount_LOD0
0  0.005498 0.010673 -0.023768  0.588037 -0.555591 -0.587819  0.753132 0.778859 0
0  0.005498 0.009651 -0.022801  0.635070 -0.440444 -0.634583  0.756972 0.771947 0
0  0.004532 0.009651 -0.023768  0.635076 -0.440444 -0.634577  0.749292 0.771947 0
mount_dovetail_rsr_akr_1913_railed_mount_LOD0
0  0.002975 -0.029628 0.020061  0.710917 -0.600098 -0.366714  0.874473 0.734119 0
0  0.005498 -0.024161 0.015639  0.703549 -0.614567 -0.356828  0.894381 0.769924 0
0  0.005498 -0.027290 0.021029  0.705603 -0.618683 -0.345479  0.894381 0.734119 0
mount_dovetail_rsr_akr_1913_railed_mount_LOD0
0  0.005498 -0.004247 -0.018663  0.705178 -0.600195 -0.377478  0.894381 0.991814 0
0  0.005498 -0.024161 0.015639  0.703379 -0.614711 -0.356916  0.894381 0.769924 0
0  0.002975 -0.029628 0.020061  0.710931 -0.600091 -0.366698  0.874473 0.734119 0
mount_dovetail_rsr_akr_1913_railed_mount_LOD0
0  0.002975 -0.005905 -0.020756  0.705784 -0.594927 -0.384618  0.874473 0.997579 0
0  0.005498 -0.004247 -0.018663  0.705176 -0.600195 -0.377482  0.894381 0.991814 0
0  0.002975 -0.029628 0.020061  0.710938 -0.600080 -0.366703  0.874473 0.734119 0
mount_dovetail_rsr_akr_1913_railed_mount_LOD0
0  0.002975 0.088790 0.030980  0.706506 0.109551 0.699176  0.650348 0.702426 0
0  0.005498 0.088790 0.028457  0.706505 0.109551 0.699178  0.662773 0.718300 0
0  0.002975 0.089869 0.030838  0.710979 0.210474 0.670976  0.655523 0.699097 0
mount_dovetail_rsr_akr_1913_railed_mount_LOD0
0  0.005498 0.088790 0.028457  0.706504 0.109546 0.699179  0.662773 0.718300 0
0  0.005498 0.089421 0.028331  0.710980 0.224113 0.666545  0.665917 0.716478 0
0  0.002975 0.089869 0.030838  0.710983 0.210565 0.670944  0.655523 0.699097 0
mount_dovetail_rsr_akr_1913_railed_mount_LOD0
0  0.002975 0.089869 0.030838  0.710973 0.210603 0.670942  0.655523 0.699097 0
0  0.005498 0.089421 0.028331  0.710974 0.224132 0.666544  0.665917 0.716478 0
0  0.002975 0.090875 0.030421  0.707152 0.371287 0.601732  0.661215 0.696777 0
mount_dovetail_rsr_akr_1913_railed_mount_LOD0
0  0.005498 0.089421 0.028331  0.710982 0.224265 0.666491  0.665917 0.716478 0
0  0.005498 0.089955 0.027974  0.715350 0.460694 0.525391  0.669425 0.715589 0
0  0.002975 0.090875 0.030421  0.707157 0.371410 0.601650  0.661215 0.696777 0
mount_dovetail_rsr_akr_1913_railed_mount_LOD0
0  0.002975 0.090875 0.030421  0.707153 0.371401 0.601661  0.661215 0.696777 0
0  0.005498 0.089955 0.027974  0.715341 0.460700 0.525398  0.669425 0.715589 0
0  0.002975 0.091739 0.029758  0.708871 0.504735 0.492692  0.667248 0.695549 0
mount_dovetail_rsr_akr_1913_railed_mount_LOD0
0  0.002975 0.091739 0.029758  0.708884 0.504826 0.492578  0.667248 0.695549 0
0  0.005498 0.089955 0.027974  0.715341 0.460803 0.525307  0.669425 0.715589 0
0  0.002975 0.092402 0.028894  0.710826 0.623388 0.325752  0.673406 0.695448 0
mount_dovetail_rsr_akr_1913_railed_mount_LOD0
0  0.005498 0.089955 0.027974  0.715340 0.460796 0.525315  0.669425 0.715589 0
0  0.005498 0.090313 0.027439  0.710876 0.629839 0.312984  0.673055 0.715696 0
0  0.002975 0.092402 0.028894  0.710835 0.623429 0.325654  0.673406 0.695448 0
mount_dovetail_rsr_akr_1913_railed_mount_LOD0
0  0.002975 0.092402 0.028894  0.710828 0.623458 0.325612  0.673406 0.695448 0
0  0.005498 0.090313 0.027439  0.710882 0.629849 0.312950  0.673055 0.715696 0
0  0.002975 0.092819 0.027888  0.707105 0.688040 0.163105  0.679470 0.696482 0
mount_dovetail_rsr_akr_1913_railed_mount_LOD0
0  0.005498 0.090313 0.027439  0.710897 0.629871 0.312871  0.673055 0.715696 0
0  0.005498 0.090438 0.026808  0.715354 0.697266 0.045712  0.676499 0.716790 0
0  0.002975 0.092819 0.027888  0.707113 0.688056 0.163005  0.679470 0.696482 0
mount_dovetail_rsr_akr_1913_railed_mount_LOD0
0  0.002975 0.092819 0.027888  0.707108 0.688070 0.162967  0.679470 0.696482 0
0  0.005498 0.090438 0.026808  0.715339 0.697282 0.045694  0.676499 0.716790 0
0  0.002975 0.092961 0.026808  0.709023 0.705136 -0.008321  0.685247 0.698628 0
mount_dovetail_rsr_akr_1913_railed_mount_LOD0
0  0.002975 0.092961 0.026808  0.709026 0.705131 -0.008465  0.685247 0.698628 0
0  0.005498 0.090438 0.026808  0.715337 0.697292 0.045574  0.676499 0.716790 0
0  0.002975 0.092819 0.025728  0.710993 0.671001 -0.210349  0.690531 0.701801 0
mount_dovetail_rsr_akr_1913_railed_mount_LOD0
0  0.005498 0.090438 0.026808  0.715343 0.697288 0.045536  0.676499 0.716790 0
0  0.005498 0.090313 0.026177  0.710996 0.666562 -0.224008  0.679515 0.718793 0
0  0.002975 0.092819 0.025728  0.710997 0.670962 -0.210461  0.690531 0.701801 0
mount_dovetail_rsr_akr_1913_railed_mount_LOD0
0  0.002975 0.092819 0.025728  0.710997 0.670959 -0.210470  0.690531 0.701801 0
0  0.005498 0.090313 0.026177  0.711003 0.666557 -0.224000  0.679515 0.718793 0
0  0.002975 0.092402 0.024722  0.707153 0.601727 -0.371294  0.695134 0.705894 0
mount_dovetail_rsr_akr_1913_railed_mount_LOD0
0  0.005498 0.090313 0.026177  0.711010 0.666500 -0.224147  0.679515 0.718793 0
0  0.005498 0.089955 0.025642  0.715343 0.525406 -0.460688  0.681848 0.721537 0
0  0.002975 0.092402 0.024722  0.707150 0.601663 -0.371403  0.695134 0.705894 0
mount_dovetail_rsr_akr_1913_railed_mount_LOD0
0  0.002975 0.092402 0.024722  0.707154 0.601665 -0.371392  0.695134 0.705894 0
0  0.005498 0.089955 0.025642  0.715344 0.525401 -0.460691  0.681848 0.721537 0
0  0.002975 0.091739 0.023859  0.708884 0.492689 -0.504719  0.698897 0.710782 0
mount_dovetail_rsr_akr_1913_railed_mount_LOD0
0  0.002975 0.091739 0.023859  0.708874 0.492591 -0.504828  0.698897 0.710782 0
0  0.005498 0.089955 0.025642  0.715339 0.525313 -0.460799  0.681848 0.721537 0
0  0.002975 0.090875 0.023195  0.706924 0.349158 -0.615099  0.701692 0.716282 0
mount_dovetail_rsr_akr_1913_railed_mount_LOD0
0  0.005498 0.089955 0.025642  0.715341 0.525298 -0.460814  0.681848 0.721537 0
0  0.005498 0.089421 0.025285  0.715393 0.267455 -0.645507  0.683333 0.724825 0
0  0.002975 0.090875 0.023195  0.706934 0.349100 -0.615121  0.701692 0.716282 0
mount_dovetail_rsr_akr_1913_railed_mount_LOD0
0  0.002975 0.090875 0.023195  0.706927 0.349044 -0.615160  0.701692 0.716282 0
0  0.005498 0.089421 0.025285  0.715390 0.267350 -0.645555  0.683333 0.724825 0
0  0.002975 0.089869 0.022779  0.707044 0.188237 -0.681656  0.703414 0.722209 0
mount_dovetail_rsr_akr_1913_railed_mount_LOD0
0  0.002975 0.089869 0.022779  0.707056 0.188109 -0.681680  0.703414 0.722209 0
0  0.005498 0.089421 0.025285  0.715396 0.267210 -0.645606  0.683333 0.724825 0
0  0.002975 0.088790 0.022637  0.708066 0.052950 -0.704158  0.704014 0.728354 0
mount_dovetail_rsr_akr_1913_railed_mount_LOD0
0  0.005498 0.089421 0.025285  0.715374 0.267239 -0.645618  0.683333 0.724825 0
0  0.005498 0.088790 0.025160  0.708157 0.056882 -0.703760  0.683841 0.728392 0
0  0.002975 0.088790 0.022637  0.708072 0.052943 -0.704153  0.704014 0.728354 0
mount_dovetail_rsr_akr_1913_railed_mount_LOD0
0  0.005498 0.088790 0.025160  0.708154 0.056854 -0.703765  0.683841 0.728392 0
0  0.005498 0.081559 0.025166  0.707432 0.033794 -0.705973  0.683841 0.769224 0
0  0.002975 0.088790 0.022637  0.708064 0.052894 -0.704165  0.704014 0.728354 0
mount_dovetail_rsr_akr_1913_railed_mount_LOD0
0  0.005498 0.081559 0.025166  0.707435 0.033816 -0.705969  0.683841 0.769224 0
0  0.002975 0.081559 0.022636  0.713685 0.063391 -0.697592  0.704014 0.769224 0
0  0.002975 0.088790 0.022637  0.708067 0.052910 -0.704161  0.704014 0.728354 0
mount_dovetail_rsr_akr_1913_railed_mount_LOD0
0  0.005498 -0.046980 0.028331  0.710963 -0.224037 0.666588  0.429649 0.041525 0
0  0.005498 -0.046349 0.028457  0.706501 -0.109544 0.699182  0.431453 0.038386 0
0  0.002975 -0.046349 0.030980  0.706501 -0.109544 0.699183  0.415584 0.026058 0
mount_dovetail_rsr_akr_1913_railed_mount_LOD0
0  0.002975 -0.047429 0.030838  0.710982 -0.210458 0.670978  0.412285 0.031228 0
0  0.005498 -0.046980 0.028331  0.710981 -0.224019 0.666575  0.429649 0.041525 0
0  0.002975 -0.046349 0.030980  0.706498 -0.109564 0.699182  0.415584 0.026058 0
mount_dovetail_rsr_akr_1913_railed_mount_LOD0
0  0.005498 -0.047514 0.027974  0.715305 -0.460637 0.525503  0.428775 0.045025 0
0  0.005498 -0.046980 0.028331  0.710955 -0.224279 0.666515  0.429649 0.041525 0
0  0.002975 -0.047429 0.030838  0.710957 -0.210725 0.670921  0.412285 0.031228 0
mount_dovetail_rsr_akr_1913_railed_mount_LOD0
0  0.002975 -0.048435 0.030421  0.707166 -0.371276 0.601722  0.409993 0.036910 0
0  0.005498 -0.047514 0.027974  0.715362 -0.460594 0.525462  0.428775 0.045025 0
0  0.002975 -0.047429 0.030838  0.710979 -0.210594 0.670939  0.412285 0.031228 0
mount_dovetail_rsr_akr_1913_railed_mount_LOD0
0  0.002975 -0.049298 0.029758  0.708880 -0.504725 0.492689  0.408791 0.042927 0
0  0.005498 -0.047514 0.027974  0.715338 -0.460697 0.525404  0.428775 0.045025 0
0  0.002975 -0.048435 0.030421  0.707153 -0.371398 0.601662  0.409993 0.036910 0
mount_dovetail_rsr_akr_1913_railed_mount_LOD0
0  0.005498 -0.047872 0.027439  0.710883 -0.629825 0.312993  0.428896 0.048637 0
0  0.005498 -0.047514 0.027974  0.715342 -0.460784 0.525322  0.428775 0.045025 0
0  0.002975 -0.049298 0.029758  0.708889 -0.504902 0.492494  0.408791 0.042927 0
mount_dovetail_rsr_akr_1913_railed_mount_LOD0
0  0.002975 -0.049962 0.028894  0.710836 -0.623386 0.325732  0.408713 0.049064 0
0  0.005498 -0.047872 0.027439  0.710894 -0.629768 0.313083  0.428896 0.048637 0
0  0.002975 -0.049298 0.029758  0.708881 -0.504830 0.492579  0.408791 0.042927 0
mount_dovetail_rsr_akr_1913_railed_mount_LOD0
0  0.005498 -0.047997 0.026808  0.715301 -0.697313 0.045816  0.430000 0.052062 0
0  0.005498 -0.047872 0.027439  0.710875 -0.629905 0.312851  0.428896 0.048637 0
0  0.002975 -0.049962 0.028894  0.710827 -0.623499 0.325536  0.408713 0.049064 0
mount_dovetail_rsr_akr_1913_railed_mount_LOD0
0  0.002975 -0.050378 0.027888  0.707129 -0.688024 0.163070  0.409768 0.055104 0
0  0.005498 -0.047997 0.026808  0.715362 -0.697250 0.045824  0.430000 0.052062 0
0  0.002975 -0.049962 0.028894  0.710834 -0.623442 0.325630  0.408713 0.049064 0
mount_dovetail_rsr_akr_1913_railed_mount_LOD0
0  0.002975 -0.050520 0.026808  0.709024 -0.705135 -0.008318  0.411930 0.060852 0
0  0.005498 -0.047997 0.026808  0.715338 -0.697283 0.045700  0.430000 0.052062 0
0  0.002975 -0.050378 0.027888  0.707103 -0.688073 0.162972  0.409768 0.055104 0
mount_dovetail_rsr_akr_1913_railed_mount_LOD0
0  0.005498 -0.047872 0.026177  0.715371 -0.645620 -0.267242  0.432009 0.055054 0
0  0.005498 -0.047997 0.026808  0.715345 -0.697284 0.045562  0.430000 0.052062 0
0  0.002975 -0.050520 0.026808  0.709035 -0.705121 -0.008565  0.411930 0.060852 0
mount_dovetail_rsr_akr_1913_railed_mount_LOD0
0  0.002975 -0.050378 0.025728  0.707045 -0.681669 -0.188187  0.415114 0.066103 0
0  0.005498 -0.047872 0.026177  0.715402 -0.645588 -0.267238  0.432009 0.055054 0
0  0.002975 -0.050520 0.026808  0.709028 -0.705130 -0.008454  0.411930 0.060852 0
mount_dovetail_rsr_akr_1913_railed_mount_LOD0
0  0.002975 -0.049962 0.024722  0.706934 -0.615147 -0.349055  0.419218 0.070673 0
0  0.005498 -0.047872 0.026177  0.715396 -0.645544 -0.267359  0.432009 0.055054 0
0  0.002975 -0.050378 0.025728  0.707042 -0.681655 -0.188252  0.415114 0.066103 0
mount_dovetail_rsr_akr_1913_railed_mount_LOD0
0  0.005498 -0.047514 0.025642  0.710909 -0.497388 -0.497205  0.434764 0.057370 0
0  0.005498 -0.047872 0.026177  0.715381 -0.645510 -0.267484  0.432009 0.055054 0
0  0.002975 -0.049962 0.024722  0.706929 -0.615136 -0.349084  0.419218 0.070673 0
mount_dovetail_rsr_akr_1913_railed_mount_LOD0
0  0.002975 -0.049298 0.023859  0.710911 -0.497296 -0.497295  0.424100 0.074401 0
0  0.005498 -0.047514 0.025642  0.710910 -0.497330 -0.497262  0.434764 0.057370 0
0  0.002975 -0.049962 0.024722  0.706924 -0.615098 -0.349160  0.419218 0.070673 0
mount_dovetail_rsr_akr_1913_railed_mount_LOD0
0  0.005498 -0.046980 0.025285  0.715383 -0.267503 -0.645500  0.438051 0.058835 0
0  0.005498 -0.047514 0.025642  0.710911 -0.497215 -0.497376  0.434764 0.057370 0
0  0.002975 -0.049298 0.023859  0.710922 -0.497207 -0.497368  0.424100 0.074401 0
mount_dovetail_rsr_akr_1913_railed_mount_LOD0
0  0.002975 -0.048435 0.023195  0.706934 -0.349149 -0.615093  0.429585 0.077163 0
0  0.005498 -0.046980 0.025285  0.715399 -0.267458 -0.645500  0.438051 0.058835 0
0  0.002975 -0.049298 0.023859  0.710904 -0.497294 -0.497307  0.424100 0.074401 0
mount_dovetail_rsr_akr_1913_railed_mount_LOD0
0  0.002975 -0.047429 0.022779  0.707045 -0.188236 -0.681656  0.435489 0.078858 0
0  0.005498 -0.046980 0.025285  0.715399 -0.267349 -0.645546  0.438051 0.058835 0
0  0.002975 -0.048435 0.023195  0.706927 -0.349046 -0.615160  0.429585 0.077163 0
mount_dovetail_rsr_akr_1913_railed_mount_LOD0
0  0.005498 -0.046349 0.025160  0.708151 -0.056937 -0.703761  0.441619 0.059327 0
0  0.005498 -0.046980 0.025285  0.715384 -0.267252 -0.645602  0.438051 0.058835 0
0  0.002975 -0.047429 0.022779  0.707044 -0.188200 -0.681666  0.435489 0.078858 0
mount_dovetail_rsr_akr_1913_railed_mount_LOD0
0  0.002975 -0.046349 0.022637  0.708068 -0.052946 -0.704157  0.441603 0.079435 0
0  0.005498 -0.046349 0.025160  0.708154 -0.056959 -0.703757  0.441619 0.059327 0
0  0.002975 -0.047429 0.022779  0.707049 -0.188118 -0.681684  0.435489 0.078858 0
mount_dovetail_rsr_akr_1913_railed_mount_LOD0
0  0.002975 -0.046349 0.022637  0.708064 -0.052941 -0.704161  0.441603 0.079435 0
0  0.002975 -0.033482 0.022636  0.713690 -0.063427 -0.697585  0.514065 0.079435 0
0  0.005498 -0.046349 0.025160  0.708154 -0.056901 -0.703762  0.441619 0.059327 0
mount_dovetail_rsr_akr_1913_railed_mount_LOD0
0  0.002975 -0.033482 0.022636  0.713689 -0.063461 -0.697582  0.514065 0.079435 0
0  0.005498 -0.033482 0.025166  0.707684 -0.033883 -0.705716  0.514088 0.059327 0
0  0.005498 -0.046349 0.025160  0.708159 -0.056892 -0.703757  0.441619 0.059327 0
mount_dovetail_rsr_akr_1913_railed_mount_LOD0
0  0.002975 0.090282 -0.000733  0.000000 0.195093 0.980785  0.430213 0.522840 0
0  -0.002468 0.090282 -0.000733  0.000000 0.195093 0.980785  0.430213 0.568813 0
0  0.002975 0.088686 -0.000416  0.000000 0.382470 0.923968  0.416465 0.522844 0
mount_dovetail_rsr_akr_1913_railed_mount_LOD0
0  -0.002468 0.090282 -0.000733  0.000000 0.195092 0.980785  0.430213 0.568813 0
0  -0.002468 0.088686 -0.000416  -0.000000 0.382469 0.923968  0.416465 0.568814 0
0  0.002975 0.088686 -0.000416  -0.000006 0.382469 0.923968  0.416465 0.522844 0
mount_dovetail_rsr_akr_1913_railed_mount_LOD0
0  0.002975 0.088686 -0.000416  -0.000000 0.382728 0.923861  0.416465 0.522844 0
0  -0.002468 0.088686 -0.000416  0.000006 0.382728 0.923861  0.416465 0.568814 0
0  0.002975 0.087333 0.000489  0.000000 0.707013 0.707200  0.402716 0.522849 0
mount_dovetail_rsr_akr_1913_railed_mount_LOD0
0  -0.002468 0.088686 -0.000416  -0.000000 0.382728 0.923861  0.416465 0.568814 0
0  -0.002468 0.087333 0.000489  0.000000 0.707014 0.707200  0.402734 0.568821 0
0  0.002975 0.087333 0.000489  -0.000006 0.707014 0.707200  0.402716 0.522849 0
mount_dovetail_rsr_akr_1913_railed_mount_LOD0
0  0.002975 0.087333 0.000489  0.000000 0.707201 0.707013  0.402716 0.522849 0
0  -0.002468 0.087333 0.000489  0.000006 0.707201 0.707013  0.402734 0.568821 0
0  0.002975 0.086429 0.001842  0.000000 0.848499 0.529197  0.388967 0.522857 0
mount_dovetail_rsr_akr_1913_railed_mount_LOD0
0  -0.002468 0.087333 0.000489  0.000000 0.707201 0.707013  0.402734 0.568821 0
0  -0.002468 0.086429 0.001842  -0.000000 0.848499 0.529197  0.388985 0.568831 0
0  0.002975 0.086429 0.001842  -0.000001 0.848499 0.529197  0.388967 0.522857 0
mount_dovetail_rsr_akr_1913_railed_mount_LOD0
0  0.002975 0.086429 0.001842  0.000000 0.848483 0.529222  0.388967 0.522857 0
0  -0.002468 0.086429 0.001842  0.000001 0.848483 0.529222  0.388985 0.568831 0
0  0.002975 0.077705 0.016868  -0.000000 0.935479 0.353382  0.242219 0.522936 0
mount_dovetail_rsr_akr_1913_railed_mount_LOD0
0  -0.002468 0.086429 0.001842  0.000000 0.848483 0.529222  0.388985 0.568831 0
0  -0.002468 0.077705 0.016868  -0.000000 0.935479 0.353383  0.242238 0.568908 0
0  0.002975 0.077705 0.016868  -0.000007 0.935479 0.353383  0.242219 0.522936 0
mount_dovetail_rsr_akr_1913_railed_mount_LOD0
0  0.002975 0.077705 0.016868  0.000000 0.935573 0.353134  0.242219 0.522936 0
0  -0.002468 0.077705 0.016868  0.000005 0.935573 0.353134  0.242238 0.568908 0
0  0.002975 0.077388 0.018464  0.000000 1.000000 0.000134  0.228470 0.522944 0
mount_dovetail_rsr_akr_1913_railed_mount_LOD0
0  -0.002468 0.077705 0.016868  0.000000 0.935573 0.353134  0.242238 0.568908 0
0  -0.002468 0.077388 0.018464  -0.000000 1.000000 0.000134  0.228489 0.568919 0
0  0.002975 0.077388 0.018464  -0.000006 1.000000 0.000134  0.228470 0.522944 0
mount_dovetail_rsr_akr_1913_railed_mount_LOD0
0  0.002975 0.077388 0.018464  0.000000 1.000000 -0.000135  0.228470 0.522944 0
0  -0.002468 0.077388 0.018464  0.000006 1.000000 -0.000135  0.228489 0.568919 0
0  0.002975 0.077705 0.020061  0.000000 0.923970 -0.382465  0.214721 0.522952 0
mount_dovetail_rsr_akr_1913_railed_mount_LOD0
0  -0.002468 0.077388 0.018464  0.000000 1.000000 -0.000135  0.228489 0.568919 0
0  -0.002468 0.077705 0.020061  -0.000000 0.923970 -0.382465  0.214741 0.568925 0
0  0.002975 0.077705 0.020061  -0.000006 0.923970 -0.382465  0.214721 0.522952 0
mount_dovetail_rsr_akr_1913_railed_mount_LOD0
0  0.002975 0.077705 0.020061  0.000000 0.923868 -0.382711  0.214721 0.522952 0
0  -0.002468 0.077705 0.020061  0.000006 0.923868 -0.382711  0.214741 0.568925 0
0  0.002975 0.078610 0.021414  0.000000 0.707212 -0.707001  0.200973 0.522957 0
mount_dovetail_rsr_akr_1913_railed_mount_LOD0
0  -0.002468 0.077705 0.020061  0.000000 0.923864 -0.382721  0.214741 0.568925 0
0  -0.002468 0.078610 0.021414  0.000000 0.707205 -0.707008  0.200990 0.568928 0
0  0.002975 0.078610 0.021414  -0.000006 0.707205 -0.707008  0.200973 0.522957 0
mount_dovetail_rsr_akr_1913_railed_mount_LOD0
0  0.002975 0.078610 0.021414  0.000000 0.707011 -0.707202  0.200973 0.522957 0
0  -0.002468 0.078610 0.021414  0.000005 0.707011 -0.707202  0.200990 0.568928 0
0  0.002975 0.079963 0.022318  0.000000 0.382725 -0.923862  0.187222 0.522962 0
mount_dovetail_rsr_akr_1913_railed_mount_LOD0
0  -0.002468 0.078610 0.021414  0.000000 0.707009 -0.707205  0.200990 0.568928 0
0  -0.002468 0.079963 0.022318  -0.000000 0.382722 -0.923864  0.187241 0.568934 0
0  0.002975 0.079963 0.022318  -0.000005 0.382722 -0.923864  0.187222 0.522962 0
mount_dovetail_rsr_akr_1913_railed_mount_LOD0
0  0.002975 0.079963 0.022318  0.000000 0.382466 -0.923970  0.187222 0.522962 0
0  -0.002468 0.079963 0.022318  0.000005 0.382466 -0.923970  0.187241 0.568934 0
0  0.002975 0.081559 0.022636  0.000000 0.098203 -0.995166  0.173491 0.522965 0
mount_dovetail_rsr_akr_1913_railed_mount_LOD0
0  -0.002468 0.079963 0.022318  0.000000 0.382464 -0.923970  0.187241 0.568934 0
0  -0.002468 0.081559 0.022636  -0.000000 0.098202 -0.995167  0.173491 0.568935 0
0  0.002975 0.081559 0.022636  -0.000003 0.098202 -0.995167  0.173491 0.522965 0
mount_dovetail_rsr_akr_1913_railed_mount_LOD0
0  0.002975 0.081559 0.022636  0.000000 0.097961 -0.995190  0.173491 0.522965 0
0  -0.002468 0.081559 0.022636  -0.000006 0.097961 -0.995190  0.173491 0.568935 0
0  0.002975 0.088790 0.022637  -0.000002 0.065282 -0.997867  0.112419 0.522970 0
mount_dovetail_rsr_akr_1913_railed_mount_LOD0
0  -0.002468 0.081559 0.022636  0.000000 0.097961 -0.995190  0.173491 0.568935 0
0  -0.002468 0.088790 0.022637  0.000003 0.068391 -0.997659  0.112419 0.568943 0
0  0.002975 0.088790 0.022637  0.000003 0.065282 -0.997867  0.112419 0.522970 0
mount_dovetail_rsr_akr_1913_railed_mount_LOD0
0  0.002975 0.088790 0.022637  -0.000003 0.065319 -0.997864  0.112419 0.522970 0
0  -0.002468 0.088790 0.022637  -0.000004 0.068428 -0.997656  0.112419 0.568943 0
0  0.002975 0.089869 0.022779  0.000005 0.258465 -0.966021  0.103217 0.522973 0
mount_dovetail_rsr_akr_1913_railed_mount_LOD0
0  -0.002468 0.088790 0.022637  0.000001 0.068424 -0.997656  0.112419 0.568943 0
0  -0.002642 0.089869 0.022779  0.000004 0.280573 -0.959833  0.103217 0.570415 0
0  0.002975 0.089869 0.022779  0.000008 0.258461 -0.966022  0.103217 0.522973 0
mount_dovetail_rsr_akr_1913_railed_mount_LOD0
0  0.002975 0.089869 0.022779  -0.000005 0.258710 -0.965955  0.103217 0.522973 0
0  -0.002642 0.089869 0.022779  0.000009 0.280821 -0.959760  0.103217 0.570415 0
0  0.002975 0.090875 0.023195  -0.000005 0.500020 -0.866014  0.094019 0.522979 0
mount_dovetail_rsr_akr_1913_railed_mount_LOD0
0  -0.002642 0.089869 0.022779  0.000004 0.280829 -0.959758  0.103217 0.570415 0
0  -0.003153 0.090875 0.023195  0.000008 0.536550 -0.843869  0.094019 0.574738 0
0  0.002975 0.090875 0.023195  -0.000010 0.500027 -0.866010  0.094019 0.522979 0
mount_dovetail_rsr_akr_1913_railed_mount_LOD0
0  0.002975 0.090875 0.023195  -0.000006 0.500239 -0.865887  0.094019 0.522979 0
0  -0.003153 0.090875 0.023195  -0.000004 0.536676 -0.843789  0.094019 0.574738 0
0  0.002975 0.091739 0.023859  -0.000003 0.707025 -0.707188  0.084842 0.522980 0
mount_dovetail_rsr_akr_1913_railed_mount_LOD0
0  -0.003153 0.090875 0.023195  -0.000004 0.536736 -0.843751  0.094019 0.574738 0
0  -0.003967 0.091739 0.023859  -0.000005 0.745924 -0.666031  0.084842 0.581614 0
0  0.002975 0.091739 0.023859  0.000002 0.707008 -0.707206  0.084842 0.522980 0
mount_dovetail_rsr_akr_1913_railed_mount_LOD0
0  0.002975 0.091739 0.023859  -0.000009 0.707190 -0.707023  0.084842 0.522980 0
0  -0.003967 0.091739 0.023859  -0.000005 0.746000 -0.665946  0.084842 0.581614 0
0  0.002975 0.092402 0.024722  -0.000011 0.865889 -0.500237  0.075643 0.522983 0
mount_dovetail_rsr_akr_1913_railed_mount_LOD0
0  -0.003967 0.091739 0.023859  -0.000007 0.746027 -0.665916  0.084842 0.581614 0
0  -0.005027 0.092402 0.024722  0.000003 0.897081 -0.441865  0.075643 0.590569 0
0  0.002975 0.092402 0.024722  0.000001 0.865885 -0.500243  0.075643 0.522983 0
mount_dovetail_rsr_akr_1913_railed_mount_LOD0
0  0.002975 0.092402 0.024722  -0.000008 0.866014 -0.500019  0.075643 0.522983 0
0  -0.005027 0.092402 0.024722  -0.000001 0.897153 -0.441719  0.075643 0.590569 0
0  0.002975 0.092819 0.025728  0.000004 0.965955 -0.258709  0.066443 0.522985 0
mount_dovetail_rsr_akr_1913_railed_mount_LOD0
0  -0.005027 0.092402 0.024722  -0.000006 0.897143 -0.441741  0.075643 0.590569 0
0  -0.006262 0.092819 0.025728  -0.000014 0.977390 -0.211444  0.066443 0.601001 0
0  0.002975 0.092819 0.025728  -0.000002 0.965949 -0.258732  0.066443 0.522985 0
mount_dovetail_rsr_akr_1913_railed_mount_LOD0
0  0.002975 0.092819 0.025728  -0.000006 0.966025 -0.258449  0.066443 0.522985 0
0  -0.006262 0.092819 0.025728  -0.000004 0.977432 -0.211251  0.066443 0.601001 0
0  0.002975 0.092961 0.026808  0.000002 1.000000 -0.000104  0.057246 0.522988 0
mount_dovetail_rsr_akr_1913_railed_mount_LOD0
0  -0.006262 0.092819 0.025728  -0.000025 0.977429 -0.211263  0.066443 0.601001 0
0  -0.006262 0.092961 0.026808  0.000006 1.000000 -0.000116  0.057246 0.601005 0
0  0.002975 0.092961 0.026808  0.000006 1.000000 -0.000116  0.057246 0.522988 0
mount_dovetail_rsr_akr_1913_railed_mount_LOD0
0  0.002975 0.092961 0.026808  -0.000006 1.000000 0.000117  0.057246 0.522988 0
0  -0.006262 0.092961 0.026808  -0.000006 1.000000 0.000117  0.057246 0.601005 0
0  0.002975 0.092819 0.027888  0.000040 0.966022 0.258461  0.048067 0.522989 0
mount_dovetail_rsr_akr_1913_railed_mount_LOD0
0  -0.006262 0.092961 0.026808  -0.000040 1.000000 0.000105  0.057246 0.601005 0
0  -0.006262 0.092819 0.027888  0.000006 0.966025 0.258450  0.048067 0.601009 0
0  0.002975 0.092819 0.027888  0.000006 0.966025 0.258450  0.048067 0.522989 0
mount_dovetail_rsr_akr_1913_railed_mount_LOD0
0  0.002975 0.092819 0.027888  -0.000006 0.965955 0.258710  0.048067 0.522989 0
0  -0.006262 0.092819 0.027888  -0.000005 0.965955 0.258711  0.048067 0.601009 0
0  0.002975 0.092402 0.028894  0.000001 0.866014 0.500020  0.038866 0.522992 0
mount_dovetail_rsr_akr_1913_railed_mount_LOD0
0  -0.006262 0.092819 0.027888  -0.000001 0.965955 0.258710  0.048067 0.601009 0
0  -0.006262 0.092402 0.028894  0.000006 0.866014 0.500020  0.038866 0.601009 0
0  0.002975 0.092402 0.028894  0.000005 0.866014 0.500020  0.038866 0.522992 0
mount_dovetail_rsr_akr_1913_railed_mount_LOD0
0  0.002975 0.092402 0.028894  -0.000006 0.865890 0.500234  0.038866 0.522992 0
0  -0.006262 0.092402 0.028894  -0.000006 0.865891 0.500234  0.038866 0.601009 0
0  0.002975 0.091739 0.029758  0.000002 0.707193 0.707021  0.029667 0.522992 0
mount_dovetail_rsr_akr_1913_railed_mount_LOD0
0  -0.006262 0.092402 0.028894  -0.000004 0.865885 0.500244  0.038866 0.601009 0
0  -0.006262 0.091739 0.029758  0.000005 0.707185 0.707029  0.029667 0.601010 0
0  0.002975 0.091739 0.029758  0.000005 0.707184 0.707029  0.029667 0.522992 0
mount_dovetail_rsr_akr_1913_railed_mount_LOD0
0  0.002975 0.091739 0.029758  -0.000008 0.707026 0.707188  0.029667 0.522992 0
0  -0.006262 0.091739 0.029758  -0.000007 0.707026 0.707188  0.029667 0.601010 0
0  0.002975 0.090875 0.030421  0.000039 0.500240 0.865887  0.020471 0.522996 0
mount_dovetail_rsr_akr_1913_railed_mount_LOD0
0  -0.006262 0.091739 0.029758  -0.000002 0.707025 0.707189  0.029667 0.601010 0
0  -0.006262 0.090875 0.030421  0.000006 0.500239 0.865887  0.020471 0.601010 0
0  0.002975 0.090875 0.030421  0.000006 0.500239 0.865887  0.020471 0.522996 0
mount_dovetail_rsr_akr_1913_railed_mount_LOD0
0  0.002975 0.090875 0.030421  -0.000007 0.500016 0.866016  0.020471 0.522996 0
0  -0.006262 0.090875 0.030421  -0.000006 0.500016 0.866016  0.020471 0.601010 0
0  0.002975 0.089869 0.030838  0.000001 0.258937 0.965894  0.011270 0.522996 0
mount_dovetail_rsr_akr_1913_railed_mount_LOD0
0  -0.006262 0.090875 0.030421  -0.000001 0.500024 0.866012  0.020471 0.601010 0
0  -0.006262 0.089869 0.030838  0.000006 0.258946 0.965892  0.011270 0.601010 0
0  0.002975 0.089869 0.030838  0.000006 0.258946 0.965892  0.011270 0.522996 0
mount_dovetail_rsr_akr_1913_railed_mount_LOD0
0  0.002975 0.089869 0.030838  -0.000006 0.258710 0.965955  0.011270 0.522996 0
0  -0.006262 0.089869 0.030838  -0.000006 0.258710 0.965955  0.011270 0.601010 0
0  0.002975 0.088790 0.030980  0.000000 0.130584 0.991437  0.002071 0.522996 0
mount_dovetail_rsr_akr_1913_railed_mount_LOD0
0  -0.006262 0.089869 0.030838  -0.000001 0.258711 0.965955  0.011270 0.601010 0
0  -0.006262 0.088790 0.030980  0.000000 0.130586 0.991437  0.002071 0.601010 0
0  0.002975 0.088790 0.030980  0.000000 0.130586 0.991437  0.002071 0.522996 0
mount_dovetail_rsr_akr_1913_railed_mount_LOD0
0  0.000345 -0.001701 -0.023639  0.000008 -0.194900 -0.980823  0.009412 0.605036 0
0  0.000345 -0.000393 -0.023768  -0.000001 -0.049060 -0.998796  0.002026 0.605055 0
0  0.002975 -0.000393 -0.023768  0.000007 -0.049060 -0.998796  0.002064 0.619868 0
mount_dovetail_rsr_akr_1913_railed_mount_LOD0
0  0.002975 -0.001701 -0.023639  -0.000005 -0.194938 -0.980816  0.009466 0.619849 0
0  0.000345 -0.001701 -0.023639  -0.000005 -0.194938 -0.980816  0.009412 0.605036 0
0  0.002975 -0.000393 -0.023768  -0.000002 -0.049052 -0.998796  0.002064 0.619868 0
mount_dovetail_rsr_akr_1913_railed_mount_LOD0
0  0.000345 -0.002958 -0.023258  0.000004 -0.382472 -0.923967  0.016814 0.605013 0
0  0.000345 -0.001701 -0.023639  0.000005 -0.195142 -0.980775  0.009412 0.605036 0
0  0.002975 -0.001701 -0.023639  0.000005 -0.195142 -0.980775  0.009466 0.619849 0
mount_dovetail_rsr_akr_1913_railed_mount_LOD0
0  0.002975 -0.002958 -0.023258  -0.000005 -0.382472 -0.923967  0.016852 0.619826 0
0  0.000345 -0.002958 -0.023258  -0.000005 -0.382472 -0.923967  0.016814 0.605013 0
0  0.002975 -0.001701 -0.023639  -0.000004 -0.195142 -0.980775  0.009466 0.619849 0
mount_dovetail_rsr_akr_1913_railed_mount_LOD0
0  0.000345 -0.004117 -0.022639  0.000004 -0.555494 -0.831521  0.024214 0.604988 0
0  0.000345 -0.002958 -0.023258  0.000005 -0.382726 -0.923862  0.016814 0.605013 0
0  0.002975 -0.002958 -0.023258  0.000006 -0.382726 -0.923862  0.016852 0.619826 0
mount_dovetail_rsr_akr_1913_railed_mount_LOD0
0  0.002975 -0.004117 -0.022639  -0.000008 -0.555487 -0.831525  0.024254 0.619803 0
0  0.000345 -0.004117 -0.022639  -0.000009 -0.555487 -0.831525  0.024214 0.604988 0
0  0.002975 -0.002958 -0.023258  -0.000007 -0.382719 -0.923865  0.016852 0.619826 0
mount_dovetail_rsr_akr_1913_railed_mount_LOD0
0  0.000345 -0.005132 -0.021805  0.000063 -0.725336 -0.688395  0.031616 0.604966 0
0  0.000345 -0.004117 -0.022639  0.000002 -0.555683 -0.831394  0.024214 0.604988 0
0  0.002975 -0.004117 -0.022639  0.000003 -0.555683 -0.831394  0.024254 0.619803 0
mount_dovetail_rsr_akr_1913_railed_mount_LOD0
0  0.002975 -0.005132 -0.021805  -0.000006 -0.725341 -0.688390  0.031642 0.619781 0
0  0.000345 -0.005132 -0.021805  -0.000006 -0.725341 -0.688390  0.031616 0.604966 0
0  0.002975 -0.004117 -0.022639  -0.000005 -0.555689 -0.831391  0.024254 0.619803 0
mount_dovetail_rsr_akr_1913_railed_mount_LOD0
0  0.000345 -0.005905 -0.020756  0.002103 -0.836153 -0.548492  0.038964 0.604954 0
0  0.000345 -0.005132 -0.021805  0.000006 -0.725495 -0.688227  0.031616 0.604966 0
0  0.002975 -0.005132 -0.021805  0.000007 -0.725495 -0.688227  0.031642 0.619781 0
mount_dovetail_rsr_akr_1913_railed_mount_LOD0
0  0.002975 -0.005905 -0.020756  0.002103 -0.836154 -0.548491  0.038977 0.619765 0
0  0.000345 -0.005905 -0.020756  0.002100 -0.836154 -0.548491  0.038964 0.604954 0
0  0.002975 -0.005132 -0.021805  0.000008 -0.725496 -0.688226  0.031642 0.619781 0
mount_dovetail_rsr_akr_1913_railed_mount_LOD0
0  0.000345 -0.014478 -0.006035  0.002736 -0.864644 -0.502377  0.134886 0.605018 0
0  0.000345 -0.005905 -0.020756  0.002105 -0.836160 -0.548482  0.038964 0.604954 0
0  0.002975 -0.005905 -0.020756  0.002106 -0.836160 -0.548482  0.038977 0.619765 0
mount_dovetail_rsr_akr_1913_railed_mount_LOD0
0  0.002975 -0.029628 0.020061  0.000114 -0.848483 -0.529222  0.304776 0.619931 0
0  0.000345 -0.014478 -0.006035  0.002798 -0.864640 -0.502384  0.134886 0.605018 0
0  0.002975 -0.005905 -0.020756  0.002106 -0.836162 -0.548479  0.038977 0.619765 0
mount_dovetail_rsr_akr_1913_railed_mount_LOD0
0  -0.002468 -0.017556 -0.000733  -0.000002 -0.864824 -0.502075  0.169418 0.589203 0
0  0.000345 -0.014478 -0.006035  0.002755 -0.864640 -0.502384  0.134886 0.605018 0
0  0.002975 -0.029628 0.020061  0.000113 -0.848483 -0.529222  0.304776 0.619931 0
mount_dovetail_rsr_akr_1913_railed_mount_LOD0
0  -0.002468 -0.029628 0.020061  0.000000 -0.848483 -0.529223  0.304789 0.589278 0
0  -0.002468 -0.017556 -0.000733  0.000000 -0.864824 -0.502076  0.169418 0.589203 0
0  0.002975 -0.029628 0.020061  0.000118 -0.848483 -0.529223  0.304776 0.619931 0
mount_dovetail_rsr_akr_1913_railed_mount_LOD0
0  -0.002468 -0.030532 0.021414  0.000000 -0.707209 -0.707005  0.313944 0.589271 0
0  -0.002468 -0.029628 0.020061  -0.000000 -0.848480 -0.529228  0.304789 0.589278 0
0  0.002975 -0.029628 0.020061  0.000114 -0.848480 -0.529228  0.304776 0.619931 0
mount_dovetail_rsr_akr_1913_railed_mount_LOD0
0  0.002975 -0.030532 0.021414  -0.000002 -0.707203 -0.707010  0.313955 0.619919 0
0  -0.002468 -0.030532 0.021414  0.000004 -0.707203 -0.707010  0.313944 0.589271 0
0  0.002975 -0.029628 0.020061  -0.000002 -0.848476 -0.529235  0.304776 0.619931 0
mount_dovetail_rsr_akr_1913_railed_mount_LOD0
0  -0.002468 -0.031885 0.022318  -0.000001 -0.382723 -0.923863  0.323110 0.589255 0
0  -0.002468 -0.030532 0.021414  -0.000001 -0.707010 -0.707203  0.313944 0.589271 0
0  0.002975 -0.030532 0.021414  -0.000007 -0.707010 -0.707203  0.313955 0.619919 0
mount_dovetail_rsr_akr_1913_railed_mount_LOD0
0  0.002975 -0.031885 0.022318  0.000000 -0.382727 -0.923862  0.323123 0.619903 0
0  -0.002468 -0.031885 0.022318  0.000006 -0.382727 -0.923862  0.323110 0.589255 0
0  0.002975 -0.030532 0.021414  0.000000 -0.707013 -0.707201  0.313955 0.619919 0
mount_dovetail_rsr_akr_1913_railed_mount_LOD0
0  -0.002468 -0.033482 0.022636  0.000000 -0.098204 -0.995166  0.332275 0.589242 0
0  -0.002468 -0.031885 0.022318  0.000000 -0.382466 -0.923969  0.323110 0.589255 0
0  0.002975 -0.031885 0.022318  -0.000006 -0.382466 -0.923969  0.323123 0.619903 0
mount_dovetail_rsr_akr_1913_railed_mount_LOD0
0  0.002975 -0.033482 0.022636  0.000000 -0.098202 -0.995166  0.332289 0.619892 0
0  -0.002468 -0.033482 0.022636  0.000003 -0.098202 -0.995166  0.332275 0.589242 0
0  0.002975 -0.031885 0.022318  0.000000 -0.382465 -0.923970  0.323123 0.619903 0
mount_dovetail_rsr_akr_1913_railed_mount_LOD0
0  -0.002468 -0.046349 0.022637  0.000001 -0.068360 -0.997661  0.404725 0.589214 0
0  -0.002468 -0.033482 0.022636  0.000001 -0.097978 -0.995189  0.332275 0.589242 0
0  0.002975 -0.033482 0.022636  0.000002 -0.097978 -0.995189  0.332289 0.619892 0
mount_dovetail_rsr_akr_1913_railed_mount_LOD0
0  0.002975 -0.046349 0.022637  -0.000004 -0.065203 -0.997872  0.404740 0.619862 0
0  -0.002468 -0.046349 0.022637  -0.000006 -0.068360 -0.997661  0.404725 0.589214 0
0  0.002975 -0.033482 0.022636  -0.000001 -0.097978 -0.995189  0.332289 0.619892 0
mount_dovetail_rsr_akr_1913_railed_mount_LOD0
0  -0.002642 -0.047429 0.022779  0.000000 -0.280570 -0.959834  0.410858 0.588227 0
0  -0.002468 -0.046349 0.022637  0.000001 -0.068372 -0.997660  0.404725 0.589214 0
0  0.002975 -0.046349 0.022637  -0.000006 -0.065263 -0.997868  0.404740 0.619862 0
mount_dovetail_rsr_akr_1913_railed_mount_LOD0
0  0.002975 -0.047429 0.022779  -0.000007 -0.258457 -0.966023  0.410870 0.619854 0
0  -0.002642 -0.047429 0.022779  0.000011 -0.280569 -0.959834  0.410858 0.588227 0
0  0.002975 -0.046349 0.022637  -0.000003 -0.065262 -0.997868  0.404740 0.619862 0
mount_dovetail_rsr_akr_1913_railed_mount_LOD0
0  -0.003153 -0.048435 0.023195  0.000002 -0.536540 -0.843875  0.416992 0.585340 0
0  -0.002642 -0.047429 0.022779  -0.000006 -0.280817 -0.959761  0.410858 0.588227 0
0  0.002975 -0.047429 0.022779  0.000004 -0.258707 -0.965956  0.410870 0.619854 0
mount_dovetail_rsr_akr_1913_railed_mount_LOD0
0  0.002975 -0.048435 0.023195  -0.000009 -0.500015 -0.866017  0.417005 0.619849 0
0  -0.003153 -0.048435 0.023195  -0.000010 -0.536538 -0.843876  0.416992 0.585340 0
0  0.002975 -0.047429 0.022779  -0.000005 -0.258705 -0.965956  0.410870 0.619854 0
mount_dovetail_rsr_akr_1913_railed_mount_LOD0
0  -0.003967 -0.049298 0.023859  0.000010 -0.745921 -0.666035  0.423124 0.580753 0
0  -0.003153 -0.048435 0.023195  -0.000006 -0.536691 -0.843779  0.416992 0.585340 0
0  0.002975 -0.048435 0.023195  -0.000000 -0.500255 -0.865878  0.417005 0.619849 0
mount_dovetail_rsr_akr_1913_railed_mount_LOD0
0  0.002975 -0.049298 0.023859  -0.000008 -0.707016 -0.707198  0.423124 0.619844 0
0  -0.003967 -0.049298 0.023859  -0.000007 -0.745900 -0.666058  0.423124 0.580753 0
0  0.002975 -0.048435 0.023195  -0.000009 -0.500228 -0.865894  0.417005 0.619849 0
mount_dovetail_rsr_akr_1913_railed_mount_LOD0
0  -0.005027 -0.049962 0.024722  0.000022 -0.897089 -0.441849  0.429242 0.574781 0
0  -0.003967 -0.049298 0.023859  -0.000006 -0.746039 -0.665902  0.423124 0.580753 0
0  0.002975 -0.049298 0.023859  -0.000004 -0.707197 -0.707016  0.423124 0.619844 0
mount_dovetail_rsr_akr_1913_railed_mount_LOD0
0  0.002975 -0.049962 0.024722  -0.000006 -0.865876 -0.500258  0.429255 0.619839 0
0  -0.005027 -0.049962 0.024722  0.000003 -0.897074 -0.441880  0.429242 0.574781 0
0  0.002975 -0.049298 0.023859  0.000007 -0.707207 -0.707007  0.423124 0.619844 0
mount_dovetail_rsr_akr_1913_railed_mount_LOD0
0  -0.006262 -0.050378 0.025728  0.000009 -0.977424 -0.211286  0.435375 0.567825 0
0  -0.005027 -0.049962 0.024722  0.000002 -0.897151 -0.441725  0.429242 0.574781 0
0  0.002975 -0.049962 0.024722  0.000005 -0.866011 -0.500025  0.429255 0.619839 0
mount_dovetail_rsr_akr_1913_railed_mount_LOD0
0  0.002975 -0.050378 0.025728  -0.000006 -0.965952 -0.258722  0.435387 0.619836 0
0  -0.006262 -0.050378 0.025728  -0.000008 -0.977423 -0.211293  0.435375 0.567825 0
0  0.002975 -0.049962 0.024722  0.000001 -0.866008 -0.500031  0.429255 0.619839 0
mount_dovetail_rsr_akr_1913_railed_mount_LOD0
0  -0.006262 -0.050520 0.026808  -0.000002 -1.000000 -0.000126  0.441509 0.567818 0
0  -0.006262 -0.050378 0.025728  0.000004 -0.977458 -0.211132  0.435375 0.567825 0
0  0.002975 -0.050378 0.025728  0.000006 -0.966019 -0.258470  0.435387 0.619836 0
mount_dovetail_rsr_akr_1913_railed_mount_LOD0
0  0.002975 -0.050520 0.026808  -0.000009 -1.000000 -0.000143  0.441522 0.619832 0
0  -0.006262 -0.050520 0.026808  -0.000008 -1.000000 -0.000143  0.441509 0.567818 0
0  0.002975 -0.050378 0.025728  -0.000000 -0.966015 -0.258487  0.435387 0.619836 0
mount_dovetail_rsr_akr_1913_railed_mount_LOD0
0  -0.006262 -0.050378 0.027888  -0.000043 -0.966018 0.258476  0.447627 0.567816 0
0  -0.006262 -0.050520 0.026808  0.000004 -1.000000 0.000132  0.441509 0.567818 0
0  0.002975 -0.050520 0.026808  0.000003 -1.000000 0.000132  0.441522 0.619832 0
mount_dovetail_rsr_akr_1913_railed_mount_LOD0
0  0.002975 -0.050378 0.027888  -0.000007 -0.966026 0.258446  0.447652 0.619826 0
0  -0.006262 -0.050378 0.027888  -0.000007 -0.966026 0.258446  0.447627 0.567816 0
0  0.002975 -0.050520 0.026808  0.000001 -1.000000 0.000150  0.441522 0.619832 0
mount_dovetail_rsr_akr_1913_railed_mount_LOD0
0  -0.006262 -0.049962 0.028894  -0.000002 -0.866014 0.500020  0.453759 0.567812 0
0  -0.006262 -0.050378 0.027888  0.000006 -0.965955 0.258711  0.447627 0.567816 0
0  0.002975 -0.050378 0.027888  0.000005 -0.965955 0.258711  0.447652 0.619826 0
mount_dovetail_rsr_akr_1913_railed_mount_LOD0
0  0.002975 -0.049962 0.028894  -0.000006 -0.866011 0.500025  0.453772 0.619822 0
0  -0.006262 -0.049962 0.028894  -0.000006 -0.866011 0.500025  0.453759 0.567812 0
0  0.002975 -0.050378 0.027888  0.000001 -0.965954 0.258716  0.447652 0.619826 0
mount_dovetail_rsr_akr_1913_railed_mount_LOD0
0  -0.006262 -0.049298 0.029758  -0.000002 -0.707199 0.707015  0.459892 0.567808 0
0  -0.006262 -0.049962 0.028894  0.000006 -0.865895 0.500226  0.453759 0.567812 0
0  0.002975 -0.049962 0.028894  0.000006 -0.865895 0.500226  0.453772 0.619822 0
mount_dovetail_rsr_akr_1913_railed_mount_LOD0
0  0.002975 -0.049298 0.029758  -0.000008 -0.707178 0.707035  0.459906 0.619821 0
0  -0.006262 -0.049298 0.029758  -0.000008 -0.707178 0.707036  0.459892 0.567808 0
0  0.002975 -0.049962 0.028894  -0.000001 -0.865880 0.500252  0.453772 0.619822 0
mount_dovetail_rsr_akr_1913_railed_mount_LOD0
0  -0.006262 -0.048435 0.030421  -0.000003 -0.500256 0.865878  0.466024 0.567808 0
0  -0.006262 -0.049298 0.029758  0.000005 -0.707005 0.707208  0.459892 0.567808 0
0  0.002975 -0.049298 0.029758  0.000004 -0.707005 0.707208  0.459906 0.619821 0
mount_dovetail_rsr_akr_1913_railed_mount_LOD0
0  0.002975 -0.048435 0.030421  -0.000006 -0.500250 0.865881  0.466037 0.619819 0
0  -0.006262 -0.048435 0.030421  -0.000006 -0.500250 0.865881  0.466024 0.567808 0
0  0.002975 -0.049298 0.029758  0.000002 -0.707034 0.707179  0.459906 0.619821 0
mount_dovetail_rsr_akr_1913_railed_mount_LOD0
0  -0.006262 -0.047429 0.030838  -0.000001 -0.258939 0.965894  0.472155 0.567808 0
0  -0.006262 -0.048435 0.030421  0.000006 -0.500017 0.866015  0.466024 0.567808 0
0  0.002975 -0.048435 0.030421  0.000006 -0.500017 0.866015  0.466037 0.619819 0
mount_dovetail_rsr_akr_1913_railed_mount_LOD0
0  0.002975 -0.047429 0.030838  -0.000006 -0.258939 0.965894  0.472155 0.619819 0
0  -0.006262 -0.047429 0.030838  -0.000006 -0.258939 0.965894  0.472155 0.567808 0
0  0.002975 -0.048435 0.030421  0.000002 -0.500017 0.866015  0.466037 0.619819 0
mount_dovetail_rsr_akr_1913_railed_mount_LOD0
0  -0.006262 -0.046349 0.030980  0.000000 -0.130586 0.991437  0.478289 0.567808 0
0  -0.006262 -0.047429 0.030838  0.000006 -0.258711 0.965955  0.472155 0.567808 0
0  0.002975 -0.047429 0.030838  0.000006 -0.258711 0.965955  0.472155 0.619819 0
mount_dovetail_rsr_akr_1913_railed_mount_LOD0
0  0.002975 -0.046349 0.030980  0.000000 -0.130589 0.991437  0.478289 0.619819 0
0  -0.006262 -0.046349 0.030980  0.000000 -0.130589 0.991437  0.478289 0.567808 0
0  0.002975 -0.047429 0.030838  0.000040 -0.258714 0.965954  0.472155 0.619819 0
mount_dovetail_rsr_akr_1913_railed_mount_LOD0
0  0.000345 0.062375 -0.023768  0.000000 0.000000 -1.000000  0.355444 0.360112 0
0  0.000345 0.091813 -0.023768  0.000002 0.049069 -0.998795  0.521197 0.360112 0
0  0.002975 0.091813 -0.023768  0.000004 0.049069 -0.998795  0.521197 0.374927 0
mount_dovetail_rsr_akr_1913_railed_mount_LOD0
0  0.002975 0.064095 -0.023768  -0.000002 0.000000 -1.000000  0.365128 0.374927 0
0  0.000345 0.062375 -0.023768  -0.000002 0.000000 -1.000000  0.355444 0.360112 0
0  0.002975 0.091813 -0.023768  0.000000 0.049069 -0.998795  0.521197 0.374927 0
mount_dovetail_rsr_akr_1913_railed_mount_LOD0
0  0.002975 0.052991 -0.023768  -0.000000 0.000000 -1.000000  0.302610 0.374913 0
0  0.000345 0.062375 -0.023768  -0.000000 0.000000 -1.000000  0.355444 0.360112 0
0  0.002975 0.064095 -0.023768  -0.000000 0.000000 -1.000000  0.365128 0.374927 0
mount_dovetail_rsr_akr_1913_railed_mount_LOD0
0  0.003601 0.061933 -0.023768  0.000000 0.000000 -1.000000  0.352957 0.378443 0
0  0.002975 0.052991 -0.023768  0.000000 0.000000 -1.000000  0.302610 0.374913 0
0  0.002975 0.064095 -0.023768  0.000000 0.000000 -1.000000  0.365128 0.374927 0
mount_dovetail_rsr_akr_1913_railed_mount_LOD0
0  0.003601 0.061933 -0.023768  0.000000 0.000000 -1.000000  0.352957 0.378443 0
0  0.004543 0.060315 -0.023768  0.000000 0.000000 -1.000000  0.343851 0.383740 0
0  0.002975 0.052991 -0.023768  0.000000 0.000000 -1.000000  0.302610 0.374913 0
mount_dovetail_rsr_akr_1913_railed_mount_LOD0
0  0.004543 0.060315 -0.023768  0.000000 0.000000 -1.000000  0.343851 0.383740 0
0  0.005498 0.059333 -0.023768  0.000000 0.000000 -1.000000  0.338324 0.389126 0
0  0.002975 0.052991 -0.023768  0.000000 0.000000 -1.000000  0.302610 0.374913 0
mount_dovetail_rsr_akr_1913_railed_mount_LOD0
0  0.005498 0.059333 -0.023768  0.000000 0.000000 -1.000000  0.338324 0.389126 0
0  0.005498 0.052991 -0.023768  0.000000 0.000000 -1.000000  0.302610 0.389126 0
0  0.002975 0.052991 -0.023768  0.000000 0.000000 -1.000000  0.302610 0.374913 0
mount_dovetail_rsr_akr_1913_railed_mount_LOD0
0  0.000345 0.014968 -0.023768  0.000003 0.000000 -1.000000  0.088519 0.360112 0
0  0.000345 0.062375 -0.023768  0.000003 0.000000 -1.000000  0.355444 0.360112 0
0  0.002975 0.052991 -0.023768  0.000003 0.000000 -1.000000  0.302610 0.374913 0
mount_dovetail_rsr_akr_1913_railed_mount_LOD0
0  0.002975 0.024352 -0.023768  0.000005 0.000000 -1.000000  0.141362 0.374913 0
0  0.000345 0.014968 -0.023768  0.000005 0.000000 -1.000000  0.088519 0.360112 0
0  0.002975 0.052991 -0.023768  0.000005 0.000000 -1.000000  0.302610 0.374913 0
mount_dovetail_rsr_akr_1913_railed_mount_LOD0
0  0.000345 0.014968 -0.023768  0.000000 0.000000 -1.000000  0.088519 0.360112 0
0  -0.003992 0.014968 -0.023768  0.000000 0.000000 -1.000000  0.088519 0.335689 0
0  0.000345 0.062375 -0.023768  0.000000 0.000000 -1.000000  0.355444 0.360112 0
mount_dovetail_rsr_akr_1913_railed_mount_LOD0
0  -0.003992 0.014968 -0.023768  0.000000 0.000000 -1.000000  0.088519 0.335689 0
0  -0.003992 0.062375 -0.023768  0.000000 0.000000 -1.000000  0.355444 0.335689 0
0  0.000345 0.062375 -0.023768  0.000000 0.000000 -1.000000  0.355444 0.360112 0
mount_dovetail_rsr_akr_1913_railed_mount_LOD0
0  0.002975 0.005809 -0.023768  0.000004 0.000000 -1.000000  0.036953 0.374927 0
0  0.000345 0.014968 -0.023768  0.000004 0.000000 -1.000000  0.088519 0.360112 0
0  0.002975 0.024352 -0.023768  0.000004 0.000000 -1.000000  0.141362 0.374913 0
mount_dovetail_rsr_akr_1913_railed_mount_LOD0
0  0.000345 -0.000393 -0.023768  0.000008 -0.049069 -0.998795  0.002026 0.360112 0
0  0.000345 0.014968 -0.023768  0.000005 0.000000 -1.000000  0.088519 0.360112 0
0  0.002975 0.005809 -0.023768  0.000005 0.000000 -1.000000  0.036953 0.374927 0
mount_dovetail_rsr_akr_1913_railed_mount_LOD0
0  0.002975 -0.000393 -0.023768  0.000001 -0.049069 -0.998795  0.002026 0.374927 0
0  0.000345 -0.000393 -0.023768  0.000001 -0.049069 -0.998795  0.002026 0.360112 0
0  0.002975 0.005809 -0.023768  0.000004 -0.000000 -1.000000  0.036953 0.374927 0
mount_dovetail_rsr_akr_1913_railed_mount_LOD0
0  0.003605 0.008022 -0.023768  0.000005 0.000000 -1.000000  0.049413 0.378484 0
0  0.002975 0.005809 -0.023768  0.000005 0.000000 -1.000000  0.036953 0.374927 0
0  0.002975 0.024352 -0.023768  0.000005 0.000000 -1.000000  0.141362 0.374913 0
mount_dovetail_rsr_akr_1913_railed_mount_LOD0
0  0.004532 0.009651 -0.023768  -0.000004 0.000000 -1.000000  0.058589 0.383702 0
0  0.003605 0.008022 -0.023768  -0.000004 0.000000 -1.000000  0.049413 0.378484 0
0  0.002975 0.024352 -0.023768  -0.000004 0.000000 -1.000000  0.141362 0.374913 0
mount_dovetail_rsr_akr_1913_railed_mount_LOD0
0  0.005498 0.010673 -0.023768  0.000000 0.000000 -1.000000  0.064344 0.389126 0
0  0.004532 0.009651 -0.023768  0.000000 0.000000 -1.000000  0.058589 0.383702 0
0  0.002975 0.024352 -0.023768  0.000000 0.000000 -1.000000  0.141362 0.374913 0
mount_dovetail_rsr_akr_1913_railed_mount_LOD0
0  0.005498 0.024352 -0.023768  0.000000 0.000000 -1.000000  0.141362 0.389126 0
0  0.005498 0.010673 -0.023768  0.000000 0.000000 -1.000000  0.064344 0.389126 0
0  0.002975 0.024352 -0.023768  0.000000 0.000000 -1.000000  0.141362 0.374913 0
mount_dovetail_rsr_akr_1913_railed_mount_LOD0
0  0.004261 0.076839 -0.000416  0.842881 -0.190993 0.503064  0.720122 0.147499 0
0  0.004261 0.075242 -0.000733  0.822716 -0.042347 0.566873  0.719937 0.156630 0
0  0.005498 0.075719 -0.002472  0.824208 -0.051350 0.563954  0.732197 0.156160 0
mount_dovetail_rsr_akr_1913_railed_mount_LOD0
0  0.005498 0.076976 -0.002310  0.831097 -0.128672 0.541037  0.732745 0.149068 0
0  0.004261 0.076839 -0.000416  0.842896 -0.190934 0.503061  0.720122 0.147499 0
0  0.005498 0.075719 -0.002472  0.824217 -0.051350 0.563940  0.732197 0.156160 0
mount_dovetail_rsr_akr_1913_railed_mount_LOD0
0  0.005498 0.078135 -0.001935  0.844787 -0.236460 0.480022  0.732221 0.142252 0
0  0.004261 0.076839 -0.000416  0.842900 -0.191067 0.503003  0.720122 0.147499 0
0  0.005498 0.076976 -0.002310  0.831098 -0.128699 0.541030  0.732745 0.149068 0
mount_dovetail_rsr_akr_1913_railed_mount_LOD0
0  0.004261 0.078192 0.000489  0.850578 -0.373440 0.370214  0.717341 0.138802 0
0  0.004261 0.076839 -0.000416  0.842904 -0.191192 0.502950  0.720122 0.147499 0
0  0.005498 0.078135 -0.001935  0.844792 -0.236480 0.480004  0.732221 0.142252 0
mount_dovetail_rsr_akr_1913_railed_mount_LOD0
0  0.005498 0.079150 -0.001300  0.849496 -0.334907 0.407668  0.730336 0.135793 0
0  0.004261 0.078192 0.000489  0.850588 -0.373450 0.370182  0.717341 0.138802 0
0  0.005498 0.078135 -0.001935  0.844791 -0.236465 0.480013  0.732221 0.142252 0
mount_dovetail_rsr_akr_1913_railed_mount_LOD0
0  0.005498 0.079984 -0.000358  0.836381 -0.449673 0.313468  0.726772 0.129689 0
0  0.004261 0.078192 0.000489  0.850574 -0.373561 0.370102  0.717341 0.138802 0
0  0.005498 0.079150 -0.001300  0.849496 -0.334929 0.407650  0.730336 0.135793 0
mount_dovetail_rsr_akr_1913_railed_mount_LOD0
0  0.004261 0.079096 0.001842  0.831226 -0.518591 0.200318  0.711866 0.131504 0
0  0.004261 0.078192 0.000489  0.850588 -0.373596 0.370036  0.717341 0.138802 0
0  0.005498 0.079984 -0.000358  0.836388 -0.449675 0.313446  0.726772 0.129689 0
mount_dovetail_rsr_akr_1913_railed_mount_LOD0
0  0.005498 0.080603 0.000874  0.818309 -0.532674 0.215939  0.721504 0.123999 0
0  0.004261 0.079096 0.001842  0.831206 -0.518645 0.200261  0.711866 0.131504 0
0  0.005498 0.079984 -0.000358  0.836371 -0.449711 0.313438  0.726772 0.129689 0
mount_dovetail_rsr_akr_1913_railed_mount_LOD0
0  0.005498 0.080985 0.002163  0.813458 -0.570299 0.114212  0.715606 0.119264 0
0  0.004261 0.079096 0.001842  0.831198 -0.518677 0.200210  0.711866 0.131504 0
0  0.005498 0.080603 0.000874  0.818304 -0.532690 0.215918  0.721504 0.123999 0
mount_dovetail_rsr_akr_1913_railed_mount_LOD0
0  0.004261 0.079414 0.003438  0.821162 -0.570696 -0.000661  0.704343 0.126350 0
0  0.004261 0.079096 0.001842  0.831206 -0.518675 0.200181  0.711866 0.131504 0
0  0.005498 0.080985 0.002163  0.813450 -0.570314 0.114200  0.715606 0.119264 0
mount_dovetail_rsr_akr_1913_railed_mount_LOD0
0  0.005498 0.081113 0.003438  0.808589 -0.588373 -0.001114  0.709349 0.115671 0
0  0.004261 0.079414 0.003438  0.821151 -0.570711 -0.000791  0.704343 0.126350 0
0  0.005498 0.080985 0.002163  0.813454 -0.570309 0.114191  0.715606 0.119264 0
mount_dovetail_rsr_akr_1913_railed_mount_LOD0
0  0.005498 0.080985 0.004663  0.812613 -0.571863 -0.112392  0.702842 0.113275 0
0  0.004261 0.079414 0.003438  0.821149 -0.570713 -0.000852  0.704343 0.126350 0
0  0.005498 0.081113 0.003438  0.808585 -0.588378 -0.001202  0.709349 0.115671 0
mount_dovetail_rsr_akr_1913_railed_mount_LOD0
0  0.004261 0.079096 0.005035  0.823133 -0.531711 -0.199336  0.695579 0.123859 0
0  0.004261 0.079414 0.003438  0.821166 -0.570689 -0.000917  0.704343 0.126350 0
0  0.005498 0.080985 0.004663  0.812629 -0.571843 -0.112378  0.702842 0.113275 0
mount_dovetail_rsr_akr_1913_railed_mount_LOD0
0  0.005498 0.080603 0.006003  0.819354 -0.525414 -0.229346  0.695159 0.111650 0
0  0.004261 0.079096 0.005035  0.823128 -0.531692 -0.199408  0.695579 0.123859 0
0  0.005498 0.080985 0.004663  0.812617 -0.571857 -0.112396  0.702842 0.113275 0
mount_dovetail_rsr_akr_1913_railed_mount_LOD0
0  0.005498 0.080603 0.006003  0.819357 -0.525384 -0.229404  0.695159 0.111650 0
0  0.005498 0.074958 0.015727  0.822573 -0.491791 -0.285509  0.632035 0.111650 0
0  0.004261 0.079096 0.005035  0.823136 -0.531626 -0.199554  0.695579 0.123859 0
mount_dovetail_rsr_akr_1913_railed_mount_LOD0
0  0.005498 0.074958 0.015727  0.822573 -0.491791 -0.285509  0.632035 0.111650 0
0  0.004261 0.070373 0.020061  0.828683 -0.480019 -0.287865  0.598084 0.123859 0
0  0.004261 0.079096 0.005035  0.823145 -0.531613 -0.199549  0.695579 0.123859 0
mount_dovetail_rsr_akr_1913_railed_mount_LOD0
0  0.005498 0.071880 0.021029  0.822285 -0.497310 -0.276640  0.597620 0.111650 0
0  0.004261 0.070373 0.020061  0.828683 -0.480019 -0.287865  0.598084 0.123859 0
0  0.005498 0.074958 0.015727  0.822573 -0.491791 -0.285509  0.632035 0.111650 0
mount_dovetail_rsr_akr_1913_railed_mount_LOD0
0  0.005498 0.071261 0.022187  0.832980 -0.456795 -0.312223  0.590243 0.111449 0
0  0.004261 0.070373 0.020061  0.828686 -0.480015 -0.287862  0.598084 0.123859 0
0  0.005498 0.071880 0.021029  0.822285 -0.497335 -0.276596  0.597620 0.111650 0
mount_dovetail_rsr_akr_1913_railed_mount_LOD0
0  0.004261 0.069469 0.021414  0.852174 -0.381431 -0.358205  0.588975 0.124356 0
0  0.004261 0.070373 0.020061  0.828679 -0.480028 -0.287863  0.598084 0.123859 0
0  0.005498 0.071261 0.022187  0.832978 -0.456777 -0.312254  0.590243 0.111449 0
mount_dovetail_rsr_akr_1913_railed_mount_LOD0
0  0.005498 0.070427 0.023203  0.844632 -0.373034 -0.383982  0.582935 0.112463 0
0  0.004261 0.069469 0.021414  0.852173 -0.381429 -0.358210  0.588975 0.124356 0
0  0.005498 0.071261 0.022187  0.832983 -0.456766 -0.312256  0.590243 0.111449 0
mount_dovetail_rsr_akr_1913_railed_mount_LOD0
0  0.005498 0.069412 0.024036  0.860943 -0.276397 -0.427062  0.575895 0.114671 0
0  0.004261 0.069469 0.021414  0.852180 -0.381386 -0.358238  0.588975 0.124356 0
0  0.005498 0.070427 0.023203  0.844644 -0.372986 -0.384003  0.582935 0.112463 0
mount_dovetail_rsr_akr_1913_railed_mount_LOD0
0  0.004261 0.068115 0.022318  0.878713 -0.199308 -0.433751  0.580525 0.127812 0
0  0.004261 0.069469 0.021414  0.852203 -0.381319 -0.358254  0.588975 0.124356 0
0  0.005498 0.069412 0.024036  0.860944 -0.276401 -0.427058  0.575895 0.114671 0
mount_dovetail_rsr_akr_1913_railed_mount_LOD0
0  0.005498 0.068253 0.024656  0.874042 -0.178385 -0.451918  0.569331 0.118035 0
0  0.004261 0.068115 0.022318  0.878704 -0.199324 -0.433762  0.580525 0.127812 0
0  0.005498 0.069412 0.024036  0.860946 -0.276389 -0.427061  0.575895 0.114671 0
mount_dovetail_rsr_akr_1913_railed_mount_LOD0
0  0.005498 0.066996 0.025037  0.888535 -0.082408 -0.451347  0.563439 0.122468 0
0  0.004261 0.068115 0.022318  0.878723 -0.199269 -0.433748  0.580525 0.127812 0
0  0.005498 0.068253 0.024656  0.874053 -0.178356 -0.451907  0.569331 0.118035 0
mount_dovetail_rsr_akr_1913_railed_mount_LOD0
0  0.004261 0.066519 0.022636  0.895441 -0.047869 -0.442600  0.573732 0.133916 0
0  0.004261 0.068115 0.022318  0.878748 -0.199158 -0.433749  0.580525 0.127812 0
0  0.005498 0.066996 0.025037  0.888536 -0.082384 -0.451350  0.563439 0.122468 0
mount_dovetail_rsr_akr_1913_railed_mount_LOD0
0  0.005498 0.065688 0.025166  0.895945 -0.017389 -0.443825  0.558406 0.127857 0
0  0.004261 0.066519 0.022636  0.895440 -0.047878 -0.442600  0.573732 0.133916 0
0  0.005498 0.066996 0.025037  0.888541 -0.082354 -0.451345  0.563439 0.122468 0
mount_dovetail_rsr_akr_1913_railed_mount_LOD0
0  0.005498 -0.018886 0.025037  0.888823 0.082524 -0.450760  0.744962 0.627563 0
0  0.004261 -0.018384 0.022636  0.895648 0.047614 -0.442209  0.745473 0.642976 0
0  0.005498 -0.017578 0.025166  0.896039 0.017499 -0.443630  0.737650 0.628513 0
mount_dovetail_rsr_akr_1913_railed_mount_LOD0
0  0.004261 -0.019980 0.022318  0.879754 0.197829 -0.432316  0.754605 0.642597 0
0  0.004261 -0.018384 0.022636  0.895646 0.047625 -0.442209  0.745473 0.642976 0
0  0.005498 -0.018886 0.025037  0.888812 0.082523 -0.450780  0.744962 0.627563 0
mount_dovetail_rsr_akr_1913_railed_mount_LOD0
0  0.005498 -0.020143 0.024656  0.874823 0.177915 -0.450590  0.752323 0.627899 0
0  0.004261 -0.019980 0.022318  0.879733 0.197935 -0.432310  0.754605 0.642597 0
0  0.005498 -0.018886 0.025037  0.888820 0.082550 -0.450760  0.744962 0.627563 0
mount_dovetail_rsr_akr_1913_railed_mount_LOD0
0  0.005498 -0.021302 0.024036  0.862419 0.275173 -0.424868  0.759516 0.629479 0
0  0.004261 -0.019980 0.022318  0.879728 0.197972 -0.432302  0.754605 0.642597 0
0  0.005498 -0.020143 0.024656  0.874813 0.177949 -0.450595  0.752323 0.627899 0
mount_dovetail_rsr_akr_1913_railed_mount_LOD0
0  0.004261 -0.021334 0.021414  0.854417 0.378262 -0.356216  0.763347 0.645300 0
0  0.004261 -0.019980 0.022318  0.879732 0.197997 -0.432283  0.754605 0.642597 0
0  0.005498 -0.021302 0.024036  0.862426 0.275186 -0.424846  0.759516 0.629479 0
mount_dovetail_rsr_akr_1913_railed_mount_LOD0
0  0.005498 -0.022317 0.023203  0.846601 0.371035 -0.381574  0.766342 0.632236 0
0  0.004261 -0.021334 0.021414  0.854385 0.378358 -0.356189  0.763347 0.645300 0
0  0.005498 -0.021302 0.024036  0.862418 0.275182 -0.424864  0.759516 0.629479 0
mount_dovetail_rsr_akr_1913_railed_mount_LOD0
0  0.005498 -0.023150 0.022187  0.835560 0.453679 -0.309863  0.772621 0.636074 0
0  0.004261 -0.021334 0.021414  0.854386 0.378386 -0.356159  0.763347 0.645300 0
0  0.005498 -0.022317 0.023203  0.846594 0.371077 -0.381549  0.766342 0.632236 0
mount_dovetail_rsr_akr_1913_railed_mount_LOD0
0  0.004261 -0.022238 0.020061  0.833692 0.513697 -0.202664  0.770746 0.650684 0
0  0.004261 -0.021334 0.021414  0.854387 0.378459 -0.356079  0.763347 0.645300 0
0  0.005498 -0.023150 0.022187  0.835563 0.453675 -0.309862  0.772621 0.636074 0
mount_dovetail_rsr_akr_1913_railed_mount_LOD0
0  0.005498 -0.023770 0.021029  0.822299 0.523945 -0.222051  0.778200 0.640876 0
0  0.004261 -0.022238 0.020061  0.833665 0.513785 -0.202550  0.770746 0.650684 0
0  0.005498 -0.023150 0.022187  0.835564 0.453687 -0.309841  0.772621 0.636074 0
mount_dovetail_rsr_akr_1913_railed_mount_LOD0
0  0.005498 -0.024151 0.019772  0.817856 0.563952 -0.114326  0.782944 0.646508 0
0  0.004261 -0.022238 0.020061  0.833657 0.513807 -0.202532  0.770746 0.650684 0
0  0.005498 -0.023770 0.021029  0.822292 0.523965 -0.222029  0.778200 0.640876 0
mount_dovetail_rsr_akr_1913_railed_mount_LOD0
0  0.004261 -0.022555 0.018464  0.825768 0.564010 -0.000105  0.776063 0.658123 0
0  0.004261 -0.022238 0.020061  0.833671 0.513817 -0.202450  0.770746 0.650684 0
0  0.005498 -0.024151 0.019772  0.817872 0.563931 -0.114312  0.782944 0.646508 0
mount_dovetail_rsr_akr_1913_railed_mount_LOD0
0  0.005498 -0.024280 0.018464  0.812480 0.582989 -0.000024  0.786735 0.652826 0
0  0.004261 -0.022555 0.018464  0.825758 0.564024 -0.000000  0.776063 0.658123 0
0  0.005498 -0.024151 0.019772  0.817852 0.563962 -0.114307  0.782944 0.646508 0
mount_dovetail_rsr_akr_1913_railed_mount_LOD0
0  0.005498 -0.024151 0.017157  0.817856 0.563956 0.114305  0.789477 0.659667 0
0  0.004261 -0.022555 0.018464  0.825763 0.564018 0.000004  0.776063 0.658123 0
0  0.005498 -0.024280 0.018464  0.812478 0.582991 0.000024  0.786735 0.652826 0
mount_dovetail_rsr_akr_1913_railed_mount_LOD0
0  0.004261 -0.022238 0.016868  0.826786 0.525986 0.199412  0.778773 0.666850 0
0  0.004261 -0.022555 0.018464  0.825774 0.564001 0.000103  0.776063 0.658123 0
0  0.005498 -0.024151 0.017157  0.817871 0.563933 0.114309  0.789477 0.659667 0
mount_dovetail_rsr_akr_1913_railed_mount_LOD0
0  0.005498 -0.023770 0.015900  0.822172 0.519980 0.231632  0.791090 0.666862 0
0  0.004261 -0.022238 0.016868  0.826780 0.525965 0.199489  0.778773 0.666850 0
0  0.005498 -0.024151 0.017157  0.817852 0.563957 0.114326  0.789477 0.659667 0
mount_dovetail_rsr_akr_1913_railed_mount_LOD0
0  0.004261 -0.022238 0.016868  0.826777 0.525965 0.199503  0.779304 0.725347 0
0  0.005498 -0.023770 0.015900  0.822175 0.519962 0.231664  0.791522 0.725347 0
0  0.005498 -0.003835 -0.018387  0.827264 0.475427 0.299337  0.791328 0.949046 0
mount_dovetail_rsr_akr_1913_railed_mount_LOD0
0  0.004261 -0.002564 -0.017020  0.825612 0.478466 0.299058  0.779304 0.944676 0
0  0.004261 -0.022238 0.016868  0.826783 0.525920 0.199594  0.779304 0.725347 0
0  0.005498 -0.003835 -0.018387  0.827262 0.475424 0.299349  0.791328 0.949046 0
mount_dovetail_rsr_akr_1913_railed_mount_LOD0
0  0.004275 -0.001659 -0.018373  0.833061 0.364378 0.416220  0.777397 0.952323 0
0  0.004261 -0.002564 -0.017020  0.825610 0.478475 0.299047  0.779304 0.944676 0
0  0.005498 -0.003835 -0.018387  0.827266 0.475397 0.299381  0.791328 0.949046 0
mount_dovetail_rsr_akr_1913_railed_mount_LOD0
0  0.005498 -0.002994 -0.019667  0.843867 0.372457 0.386217  0.788150 0.958577 0
0  0.004275 -0.001659 -0.018373  0.833071 0.364367 0.416209  0.777397 0.952323 0
0  0.005498 -0.003835 -0.018387  0.827263 0.475419 0.299352  0.791328 0.949046 0
mount_dovetail_rsr_akr_1913_railed_mount_LOD0
0  0.004418 -0.000306 -0.019278  0.802760 0.136356 0.580502  0.771493 0.958068 0
0  0.004275 -0.001659 -0.018373  0.833066 0.364178 0.416384  0.777397 0.952323 0
0  0.005498 -0.002994 -0.019667  0.843859 0.372296 0.386391  0.788150 0.958577 0
mount_dovetail_rsr_akr_1913_railed_mount_LOD0
0  0.005498 -0.001801 -0.020465  0.849649 0.215112 0.481481  0.781506 0.965170 0
0  0.004418 -0.000306 -0.019278  0.802781 0.136307 0.580485  0.771493 0.958068 0
0  0.005498 -0.002994 -0.019667  0.843906 0.372248 0.386335  0.788150 0.958577 0
mount_dovetail_rsr_akr_1913_railed_mount_LOD0
0  0.004574 0.001290 -0.019595  0.785493 0.019950 0.618549  0.763014 0.960184 0
0  0.004418 -0.000306 -0.019278  0.802717 0.136131 0.580615  0.771493 0.958068 0
0  0.005498 -0.001801 -0.020465  0.849618 0.215034 0.481571  0.781506 0.965170 0
mount_dovetail_rsr_akr_1913_railed_mount_LOD0
0  0.005498 -0.000345 -0.020746  0.828353 0.077555 0.554812  0.772680 0.968447 0
0  0.004574 0.001290 -0.019595  0.785553 0.019999 0.618471  0.763014 0.960184 0
0  0.005498 -0.001801 -0.020465  0.849651 0.214967 0.481541  0.781506 0.965170 0
mount_dovetail_rsr_akr_1913_railed_mount_LOD0
0  0.004574 0.001290 -0.019595  0.785503 0.019936 0.618537  0.763014 0.960184 0
0  0.005498 -0.000345 -0.020746  0.828302 0.077445 0.554903  0.772680 0.968447 0
0  0.005498 0.005780 -0.020746  0.784609 -0.048108 0.618122  0.736642 0.968447 0
mount_dovetail_rsr_akr_1913_railed_mount_LOD0
0  0.004574 0.004883 -0.019595  0.782812 -0.027047 0.621670  0.742404 0.960184 0
0  0.004574 0.001290 -0.019595  0.785502 0.019934 0.618538  0.763014 0.960184 0
0  0.005498 0.005780 -0.020746  0.784604 -0.048105 0.618128  0.736642 0.968447 0
mount_dovetail_rsr_akr_1913_railed_mount_LOD0
0  0.004418 0.006480 -0.019278  0.797596 -0.161186 0.581257  0.734295 0.956854 0
0  0.004574 0.004883 -0.019595  0.782825 -0.027072 0.621653  0.742404 0.960184 0
0  0.005498 0.005780 -0.020746  0.784601 -0.048130 0.618130  0.736642 0.968447 0
mount_dovetail_rsr_akr_1913_railed_mount_LOD0
0  0.005498 0.006700 -0.020564  0.778797 -0.112171 0.617166  0.730522 0.965587 0
0  0.004418 0.006480 -0.019278  0.797597 -0.161298 0.581224  0.734295 0.956854 0
0  0.005498 0.005780 -0.020746  0.784608 -0.048138 0.618121  0.736642 0.968447 0
mount_dovetail_rsr_akr_1913_railed_mount_LOD0
0  0.005498 0.007836 -0.020284  0.800781 -0.223309 0.555772  0.724638 0.962650 0
0  0.004418 0.006480 -0.019278  0.797579 -0.161297 0.581249  0.734295 0.956854 0
0  0.005498 0.006700 -0.020564  0.778782 -0.112210 0.617177  0.730522 0.965587 0
mount_dovetail_rsr_akr_1913_railed_mount_LOD0
0  0.004275 0.007833 -0.018373  0.835778 -0.347523 0.425092  0.727856 0.950321 0
0  0.004418 0.006480 -0.019278  0.797623 -0.161421 0.581155  0.734295 0.956854 0
0  0.005498 0.007836 -0.020284  0.800822 -0.223418 0.555669  0.724638 0.962650 0
mount_dovetail_rsr_akr_1913_railed_mount_LOD0
0  0.005498 0.008936 -0.019742  0.819744 -0.319543 0.475302  0.719088 0.958558 0
0  0.004275 0.007833 -0.018373  0.835783 -0.347531 0.425076  0.727856 0.950321 0
0  0.005498 0.007836 -0.020284  0.800823 -0.223408 0.555672  0.724638 0.962650 0
mount_dovetail_rsr_akr_1913_railed_mount_LOD0
0  0.005498 0.009790 -0.019001  0.838886 -0.420130 0.346064  0.714877 0.953796 0
0  0.004275 0.007833 -0.018373  0.835809 -0.347591 0.424976  0.727856 0.950321 0
0  0.005498 0.008936 -0.019742  0.819746 -0.319551 0.475294  0.719088 0.958558 0
mount_dovetail_rsr_akr_1913_railed_mount_LOD0
0  0.004261 0.008737 -0.017020  0.850686 -0.484624 0.203648  0.723518 0.942290 0
0  0.004275 0.007833 -0.018373  0.835823 -0.347682 0.424874  0.727856 0.950321 0
0  0.005498 0.009790 -0.019001  0.838904 -0.420185 0.345955  0.714877 0.953796 0
mount_dovetail_rsr_akr_1913_railed_mount_LOD0
0  0.005498 0.010430 -0.017988  0.843709 -0.486302 0.227301  0.711778 0.947813 0
0  0.004261 0.008737 -0.017020  0.850682 -0.484682 0.203528  0.723518 0.942290 0
0  0.005498 0.009790 -0.019001  0.838908 -0.420192 0.345936  0.714877 0.953796 0
mount_dovetail_rsr_akr_1913_railed_mount_LOD0
0  0.005498 0.010818 -0.016730  0.841003 -0.529900 0.109180  0.709921 0.940647 0
0  0.004261 0.008737 -0.017020  0.850683 -0.484691 0.203501  0.723518 0.942290 0
0  0.005498 0.010430 -0.017988  0.843709 -0.486308 0.227287  0.711778 0.947813 0
mount_dovetail_rsr_akr_1913_railed_mount_LOD0
0  0.004261 0.009055 -0.015424  0.842608 -0.536505 0.046625  0.722011 0.933287 0
0  0.004261 0.008737 -0.017020  0.850698 -0.484717 0.203379  0.723518 0.942290 0
0  0.005498 0.010818 -0.016730  0.840995 -0.529916 0.109165  0.709921 0.940647 0
mount_dovetail_rsr_akr_1913_railed_mount_LOD0
0  0.005498 0.010955 -0.015424  0.837765 -0.545330 0.027682  0.709273 0.933287 0
0  0.004261 0.009055 -0.015424  0.842596 -0.536525 0.046604  0.722011 0.933287 0
0  0.005498 0.010818 -0.016730  0.841003 -0.529912 0.109120  0.709921 0.940647 0
mount_dovetail_rsr_akr_1913_railed_mount_LOD0
0  0.005498 0.010955 -0.015424  0.837733 -0.545377 0.027707  0.709273 0.933287 0
0  0.005498 0.010955 -0.013177  0.838055 -0.545586 0.000002  0.709273 0.920665 0
0  0.004261 0.009055 -0.015424  0.842608 -0.536508 0.046602  0.722011 0.933287 0
mount_dovetail_rsr_akr_1913_railed_mount_LOD0
0  0.005498 0.010955 -0.013177  0.838056 -0.545584 0.000000  0.709273 0.920665 0
0  0.004261 0.009055 -0.013177  0.838056 -0.545584 0.000000  0.722011 0.920665 0
0  0.004261 0.009055 -0.015424  0.842604 -0.536514 0.046602  0.722011 0.933287 0
mount_dovetail_rsr_akr_1913_railed_mount_LOD0
0  0.004261 0.066519 0.022636  0.895444 -0.047870 -0.442593  0.641431 0.951916 0
0  0.005498 0.065688 0.025166  0.895945 -0.017408 -0.443824  0.641431 0.968118 0
0  0.005498 -0.017578 0.025166  0.896044 0.017474 -0.443622  0.169940 0.968118 0
mount_dovetail_rsr_akr_1913_railed_mount_LOD0
0  0.004261 -0.018384 0.022636  0.895648 0.047619 -0.442206  0.169942 0.951916 0
0  0.004261 0.066519 0.022636  0.895444 -0.047870 -0.442593  0.641431 0.951916 0
0  0.005498 -0.017578 0.025166  0.896044 0.017474 -0.443622  0.169940 0.968118 0
mount_dovetail_rsr_akr_1913_railed_mount_LOD0
0  0.004261 0.075242 -0.000733  0.822716 -0.042334 0.566874  0.828068 0.715143 0
0  0.004261 0.027951 -0.000733  0.812874 -0.071464 0.578038  0.828068 0.982203 0
0  0.005498 0.075719 -0.002472  0.824199 -0.051300 0.563972  0.815957 0.715143 0
mount_dovetail_rsr_akr_1913_railed_mount_LOD0
0  0.004261 0.027951 -0.000733  0.812871 -0.071423 0.578048  0.828068 0.982203 0
0  0.005498 0.027951 -0.002472  0.812108 -0.081938 0.577725  0.815957 0.982201 0
0  0.005498 0.075719 -0.002472  0.824199 -0.051301 0.563971  0.815957 0.715143 0
mount_dovetail_rsr_akr_1913_railed_mount_LOD0
0  0.005498 0.027497 -0.002594  0.814852 -0.289898 0.501972  0.815344 0.984037 0
0  0.005498 0.027951 -0.002472  0.812115 -0.082010 0.577705  0.815957 0.982201 0
0  0.004261 0.027951 -0.000733  0.812867 -0.071495 0.578044  0.828068 0.982203 0
mount_dovetail_rsr_akr_1913_railed_mount_LOD0
0  0.004261 0.026627 -0.001088  0.814918 -0.289680 0.501991  0.825578 0.990267 0
0  0.005498 0.027497 -0.002594  0.814852 -0.289892 0.501975  0.815344 0.984037 0
0  0.004261 0.027951 -0.000733  0.812868 -0.071501 0.578043  0.828068 0.982203 0
mount_dovetail_rsr_akr_1913_railed_mount_LOD0
0  0.005498 0.027165 -0.002927  0.814907 -0.501878 0.289905  0.813807 0.985539 0
0  0.005498 0.027497 -0.002594  0.814857 -0.290115 0.501838  0.815344 0.984037 0
0  0.004261 0.026627 -0.001088  0.814918 -0.289906 0.501860  0.825578 0.990267 0
mount_dovetail_rsr_akr_1913_railed_mount_LOD0
0  0.004261 0.025659 -0.002057  0.814917 -0.501865 0.289901  0.819693 0.995972 0
0  0.005498 0.027165 -0.002927  0.814914 -0.501868 0.289902  0.813807 0.985539 0
0  0.004261 0.026627 -0.001088  0.814912 -0.289909 0.501867  0.825578 0.990267 0
mount_dovetail_rsr_akr_1913_railed_mount_LOD0
0  0.005498 0.027043 -0.003380  0.814923 -0.579569 0.000157  0.811731 0.986075 0
0  0.005498 0.027165 -0.002927  0.814915 -0.502009 0.289657  0.813807 0.985539 0
0  0.004261 0.025659 -0.002057  0.814914 -0.502010 0.289658  0.819693 0.995972 0
mount_dovetail_rsr_akr_1913_railed_mount_LOD0
0  0.004261 0.025304 -0.003380  0.814926 -0.579565 0.000127  0.811731 0.998055 0
0  0.005498 0.027043 -0.003380  0.814925 -0.579567 0.000127  0.811731 0.986075 0
0  0.004261 0.025659 -0.002057  0.814910 -0.502008 0.289673  0.819693 0.995972 0
mount_dovetail_rsr_akr_1913_railed_mount_LOD0
0  0.005498 0.027165 -0.003834  0.814911 -0.501994 -0.289695  0.809653 0.985539 0
0  0.005498 0.027043 -0.003380  0.814923 -0.579570 -0.000155  0.811731 0.986075 0
0  0.004261 0.025304 -0.003380  0.814928 -0.579563 -0.000155  0.811731 0.998055 0
mount_dovetail_rsr_akr_1913_railed_mount_LOD0
0  0.004261 0.025659 -0.004704  0.814916 -0.501998 -0.289673  0.803771 0.995975 0
0  0.005498 0.027165 -0.003834  0.814913 -0.502001 -0.289675  0.809653 0.985539 0
0  0.004261 0.025304 -0.003380  0.814912 -0.579585 -0.000130  0.811731 0.998055 0
mount_dovetail_rsr_akr_1913_railed_mount_LOD0
0  0.005498 0.027497 -0.004166  0.814991 -0.290443 -0.501431  0.808116 0.984037 0
0  0.005498 0.027165 -0.003834  0.814916 -0.501871 -0.289892  0.809653 0.985539 0
0  0.004261 0.025659 -0.004704  0.814916 -0.501871 -0.289892  0.803771 0.995975 0
mount_dovetail_rsr_akr_1913_railed_mount_LOD0
0  0.004261 0.026627 -0.005673  0.814995 -0.290431 -0.501431  0.797883 0.990270 0
0  0.005498 0.027497 -0.004166  0.815004 -0.290425 -0.501420  0.808116 0.984037 0
0  0.004261 0.025659 -0.004704  0.814911 -0.501871 -0.289906  0.803771 0.995975 0
mount_dovetail_rsr_akr_1913_railed_mount_LOD0
0  0.005498 0.027951 -0.004289  0.812867 -0.082513 -0.576575  0.807505 0.982203 0
0  0.005498 0.027497 -0.004166  0.815002 -0.290175 -0.501568  0.808116 0.984037 0
0  0.004261 0.026627 -0.005673  0.815000 -0.290176 -0.501570  0.797883 0.990270 0
mount_dovetail_rsr_akr_1913_railed_mount_LOD0
0  0.004261 0.027951 -0.006031  0.813468 -0.071923 -0.577145  0.795634 0.982203 0
0  0.005498 0.027951 -0.004289  0.812867 -0.082534 -0.576573  0.807505 0.982203 0
0  0.004261 0.026627 -0.005673  0.814993 -0.290190 -0.501574  0.797883 0.990270 0
mount_dovetail_rsr_akr_1913_railed_mount_LOD0
0  0.005498 0.027951 -0.004289  0.812870 -0.082492 -0.576573  0.807505 0.982203 0
0  0.004261 0.027951 -0.006031  0.813472 -0.071881 -0.577144  0.795634 0.982203 0
0  0.004261 0.088330 -0.006035  0.833844 -0.019396 -0.551659  0.795634 0.643037 0
mount_dovetail_rsr_akr_1913_railed_mount_LOD0
0  0.005498 0.091765 -0.004287  0.873422 -0.069256 -0.482014  0.807505 0.623506 0
0  0.005498 0.027951 -0.004289  0.812871 -0.082483 -0.576573  0.807505 0.982203 0
0  0.004261 0.088330 -0.006035  0.833844 -0.019394 -0.551659  0.795634 0.643037 0
mount_dovetail_rsr_akr_1913_railed_mount_LOD0
0  0.005498 0.091765 -0.004287  0.873479 -0.069332 -0.481901  0.807505 0.623506 0
0  0.004261 0.088330 -0.006035  0.833892 -0.019441 -0.551585  0.795634 0.643037 0
0  0.005498 0.093221 -0.004557  0.919770 -0.147727 -0.363593  0.805269 0.614995 0
mount_dovetail_rsr_akr_1913_railed_mount_LOD0
0  0.004261 0.088330 -0.006035  0.833888 -0.019451 -0.551591  0.795634 0.643037 0
0  0.004261 0.089927 -0.006353  0.876534 -0.092167 -0.472434  0.794254 0.634244 0
0  0.005498 0.093221 -0.004557  0.919774 -0.147754 -0.363572  0.805269 0.614995 0
mount_dovetail_rsr_akr_1913_railed_mount_LOD0
0  0.005498 0.093221 -0.004557  0.919806 -0.147812 -0.363468  0.805269 0.614995 0
0  0.004261 0.089927 -0.006353  0.876576 -0.092242 -0.472340  0.794254 0.634244 0
0  0.005498 0.094414 -0.005167  0.913957 -0.257464 -0.313680  0.801099 0.608048 0
mount_dovetail_rsr_akr_1913_railed_mount_LOD0
0  0.004261 0.089927 -0.006353  0.876472 -0.092157 -0.472550  0.794254 0.634244 0
0  0.003781 0.091280 -0.007257  0.853319 -0.174919 -0.491172  0.788263 0.627417 0
0  0.005498 0.094414 -0.005167  0.913925 -0.257444 -0.313789  0.801099 0.608048 0
mount_dovetail_rsr_akr_1913_railed_mount_LOD0
0  0.005498 0.094414 -0.005167  0.913939 -0.257625 -0.313599  0.801099 0.608048 0
0  0.003781 0.091280 -0.007257  0.853375 -0.175083 -0.491017  0.788263 0.627417 0
0  0.005498 0.095212 -0.006244  0.887296 -0.404539 -0.221480  0.794377 0.603363 0
mount_dovetail_rsr_akr_1913_railed_mount_LOD0
0  0.003781 0.091280 -0.007257  0.853341 -0.175051 -0.491087  0.788263 0.627417 0
0  0.003348 0.092184 -0.008610  0.858508 -0.383469 -0.340463  0.780137 0.623570 0
0  0.005498 0.095212 -0.006244  0.887279 -0.404528 -0.221568  0.794377 0.603363 0
mount_dovetail_rsr_akr_1913_railed_mount_LOD0
0  0.005498 0.095212 -0.006244  0.887261 -0.404688 -0.221349  0.794377 0.603363 0
0  0.003348 0.092184 -0.008610  0.858494 -0.383675 -0.340268  0.780137 0.623570 0
0  0.005499 0.095493 -0.007483  0.827482 -0.552634 -0.099340  0.786846 0.601472 0
mount_dovetail_rsr_akr_1913_railed_mount_LOD0
0  0.003348 0.092184 -0.008610  0.858496 -0.383607 -0.340338  0.780137 0.623570 0
0  0.002973 0.092502 -0.010206  0.800487 -0.592304 -0.091629  0.771115 0.623194 0
0  0.005499 0.095493 -0.007483  0.827499 -0.552586 -0.099472  0.786846 0.601472 0
mount_dovetail_rsr_akr_1913_railed_mount_LOD0
0  0.005499 0.095493 -0.007483  0.827427 -0.552734 -0.099249  0.786846 0.601472 0
0  0.002973 0.092502 -0.010206  0.800406 -0.592448 -0.091413  0.771115 0.623194 0
0  0.002973 0.092502 -0.015424  0.797875 -0.595341 0.094679  0.742123 0.623193 0
mount_dovetail_rsr_akr_1913_railed_mount_LOD0
0  0.005499 0.095493 -0.017018  0.780447 -0.621235 0.070503  0.732661 0.601472 0
0  0.005499 0.095493 -0.007483  0.827442 -0.552708 -0.099265  0.786846 0.601472 0
0  0.002973 0.092502 -0.015424  0.797882 -0.595332 0.094677  0.742123 0.623193 0
mount_dovetail_rsr_akr_1913_railed_mount_LOD0
0  0.005499 0.095493 -0.017018  0.780453 -0.621222 0.070539  0.732661 0.601472 0
0  0.002973 0.092502 -0.015424  0.797912 -0.595270 0.094814  0.742123 0.623193 0
0  0.005498 0.095212 -0.018474  0.826832 -0.511416 0.234099  0.723860 0.603240 0
mount_dovetail_rsr_akr_1913_railed_mount_LOD0
0  0.002973 0.092502 -0.015424  0.797953 -0.595197 0.094930  0.742123 0.623193 0
0  0.003348 0.092184 -0.017020  0.848552 -0.395501 0.351479  0.733184 0.623583 0
0  0.005498 0.095212 -0.018474  0.826854 -0.511339 0.234190  0.723860 0.603240 0
mount_dovetail_rsr_akr_1913_railed_mount_LOD0
0  0.005498 0.095212 -0.018474  0.826855 -0.511314 0.234242  0.723860 0.603240 0
0  0.003348 0.092184 -0.017020  0.848541 -0.395498 0.351511  0.733184 0.623583 0
0  0.005498 0.094414 -0.019667  0.851744 -0.364908 0.375998  0.716448 0.607833 0
mount_dovetail_rsr_akr_1913_railed_mount_LOD0
0  0.003348 0.092184 -0.017020  0.848558 -0.395362 0.351621  0.733184 0.623583 0
0  0.003795 0.091280 -0.018373  0.832048 -0.172331 0.527255  0.725063 0.627286 0
0  0.005498 0.094414 -0.019667  0.851753 -0.364723 0.376157  0.716448 0.607833 0
mount_dovetail_rsr_akr_1913_railed_mount_LOD0
0  0.005498 0.094414 -0.019667  0.851752 -0.364773 0.376110  0.716448 0.607833 0
0  0.003795 0.091280 -0.018373  0.832035 -0.172327 0.527277  0.725063 0.627286 0
0  0.005498 0.093221 -0.020465  0.851658 -0.204979 0.482351  0.711234 0.614624 0
mount_dovetail_rsr_akr_1913_railed_mount_LOD0
0  0.003795 0.091280 -0.018373  0.831999 -0.172130 0.527399  0.725063 0.627286 0
0  0.004418 0.089927 -0.019278  0.817970 -0.040989 0.573798  0.718596 0.633813 0
0  0.005498 0.093221 -0.020465  0.851860 -0.204561 0.482171  0.711234 0.614624 0
mount_dovetail_rsr_akr_1913_railed_mount_LOD0
0  0.005498 0.093221 -0.020465  0.851897 -0.204572 0.482101  0.711234 0.614624 0
0  0.004418 0.089927 -0.019278  0.818014 -0.041045 0.573732  0.718596 0.633813 0
0  0.005498 0.091765 -0.020746  0.843528 -0.076523 0.531607  0.708727 0.623008 0
mount_dovetail_rsr_akr_1913_railed_mount_LOD0
0  0.004418 0.089927 -0.019278  0.817968 -0.040994 0.573802  0.718596 0.633813 0
0  0.004574 0.088330 -0.019595  0.788419 -0.005945 0.615110  0.716796 0.642503 0
0  0.005498 0.091765 -0.020746  0.843533 -0.076521 0.531597  0.708727 0.623008 0
mount_dovetail_rsr_akr_1913_railed_mount_LOD0
0  0.004574 0.088330 -0.019595  0.788401 -0.005938 0.615133  0.716796 0.642503 0
0  0.004574 0.062376 -0.019595  0.782816 0.027048 0.621665  0.716796 0.788249 0
0  0.005498 0.091765 -0.020746  0.843475 -0.076434 0.531704  0.708727 0.623008 0
mount_dovetail_rsr_akr_1913_railed_mount_LOD0
0  0.004574 0.062376 -0.019595  0.782812 0.027048 0.621670  0.716796 0.788249 0
0  0.005498 0.061479 -0.020746  0.784605 0.048105 0.618126  0.708727 0.790742 0
0  0.005498 0.091765 -0.020746  0.843467 -0.076442 0.531714  0.708727 0.623008 0
mount_dovetail_rsr_akr_1913_railed_mount_LOD0
0  0.005498 0.061479 -0.020746  0.784623 0.048137 0.618102  0.733995 0.868862 0
0  0.004574 0.062376 -0.019595  0.782862 0.027143 0.621603  0.741087 0.875456 0
0  0.005498 0.060559 -0.020564  0.778793 0.112179 0.617169  0.729223 0.871055 0
mount_dovetail_rsr_akr_1913_railed_mount_LOD0
0  0.004574 0.062376 -0.019595  0.782812 0.027073 0.621669  0.741087 0.875456 0
0  0.004418 0.060779 -0.019278  0.797580 0.161167 0.581284  0.733000 0.879767 0
0  0.005498 0.060559 -0.020564  0.778790 0.112165 0.617175  0.729223 0.871055 0
mount_dovetail_rsr_akr_1913_railed_mount_LOD0
0  0.005498 0.060559 -0.020564  0.778791 0.112168 0.617173  0.729223 0.871055 0
0  0.004418 0.060779 -0.019278  0.797580 0.161303 0.581246  0.733000 0.879767 0
0  0.005498 0.059423 -0.020284  0.800783 0.223313 0.555768  0.723354 0.873996 0
mount_dovetail_rsr_akr_1913_railed_mount_LOD0
0  0.004418 0.060779 -0.019278  0.796954 0.161990 0.581914  0.733000 0.879767 0
0  0.004275 0.059426 -0.018373  0.835778 0.347521 0.425092  0.726581 0.886299 0
0  0.005498 0.059423 -0.020284  0.800819 0.223421 0.555673  0.723354 0.873996 0
mount_dovetail_rsr_akr_1913_railed_mount_LOD0
0  0.005498 0.059423 -0.020284  0.800824 0.223405 0.555672  0.723354 0.873996 0
0  0.004275 0.059426 -0.018373  0.835795 0.347515 0.425066  0.726581 0.886299 0
0  0.005498 0.058323 -0.019742  0.819744 0.319541 0.475303  0.717819 0.878090 0
mount_dovetail_rsr_akr_1913_railed_mount_LOD0
0  0.005498 0.058323 -0.019742  0.819747 0.319549 0.475294  0.717819 0.878090 0
0  0.004275 0.059426 -0.018373  0.835808 0.347590 0.424977  0.726581 0.886299 0
0  0.005498 0.057469 -0.019001  0.838880 0.420139 0.346068  0.713619 0.882851 0
mount_dovetail_rsr_akr_1913_railed_mount_LOD0
0  0.004275 0.059426 -0.018373  0.835818 0.347681 0.424884  0.726581 0.886299 0
0  0.004261 0.058522 -0.017020  0.850691 0.484631 0.203608  0.722259 0.894326 0
0  0.005498 0.057469 -0.019001  0.838902 0.420181 0.345965  0.713619 0.882851 0
mount_dovetail_rsr_akr_1913_railed_mount_LOD0
0  0.005498 0.057469 -0.019001  0.838904 0.420194 0.345944  0.713619 0.882851 0
0  0.004261 0.058522 -0.017020  0.850690 0.484666 0.203529  0.722259 0.894326 0
0  0.005498 0.056829 -0.017988  0.843712 0.486295 0.227303  0.710534 0.888829 0
mount_dovetail_rsr_akr_1913_railed_mount_LOD0
0  0.005498 0.056829 -0.017988  0.843708 0.486315 0.227276  0.710534 0.888829 0
0  0.004261 0.058522 -0.017020  0.850682 0.484697 0.203490  0.722259 0.894326 0
0  0.005498 0.056441 -0.016730  0.841002 0.529903 0.109168  0.708690 0.895986 0
mount_dovetail_rsr_akr_1913_railed_mount_LOD0
0  0.004261 0.058522 -0.017020  0.850685 0.484719 0.203424  0.722259 0.894326 0
0  0.004261 0.058204 -0.015424  0.842611 0.536501 0.046616  0.720764 0.903322 0
0  0.005498 0.056441 -0.016730  0.840993 0.529918 0.109168  0.708690 0.895986 0
mount_dovetail_rsr_akr_1913_railed_mount_LOD0
0  0.005498 0.056441 -0.016730  0.841003 0.529911 0.109128  0.708690 0.895986 0
0  0.004261 0.058204 -0.015424  0.842613 0.536501 0.046572  0.720764 0.903322 0
0  0.005498 0.056304 -0.015424  0.837764 0.545329 0.027690  0.708050 0.903328 0
mount_dovetail_rsr_akr_1913_railed_mount_LOD0
0  0.004261 0.058204 -0.015424  0.842598 0.536527 0.046556  0.720764 0.903322 0
0  0.004261 0.058204 -0.013177  0.838056 0.545584 0.000000  0.720772 0.915920 0
0  0.005498 0.056304 -0.015424  0.837765 0.545329 0.027657  0.708050 0.903328 0
mount_dovetail_rsr_akr_1913_railed_mount_LOD0
0  0.004261 0.058204 -0.013177  0.838056 0.545584 0.000000  0.720772 0.915920 0
0  0.005498 0.056304 -0.013177  0.838056 0.545584 0.000000  0.708058 0.915927 0
0  0.005498 0.056304 -0.015424  0.837765 0.545327 0.027705  0.708050 0.903328 0
mount_dovetail_rsr_akr_1913_railed_mount_LOD0
0  0.004261 0.066519 0.022636  0.000000 -0.195090 -0.980785  0.569633 0.283926 0
0  -0.002468 0.066519 0.022636  0.000000 -0.195090 -0.980785  0.569633 0.246040 0
0  0.004261 0.068115 0.022318  0.000000 -0.382467 -0.923969  0.578799 0.283926 0
mount_dovetail_rsr_akr_1913_railed_mount_LOD0
0  -0.002468 0.066519 0.022636  -0.000001 -0.195083 -0.980787  0.569633 0.246040 0
0  -0.002468 0.068115 0.022318  -0.000001 -0.382460 -0.923972  0.578799 0.246040 0
0  0.004261 0.068115 0.022318  -0.000004 -0.382460 -0.923972  0.578799 0.283926 0
mount_dovetail_rsr_akr_1913_railed_mount_LOD0
0  0.004261 0.068115 0.022318  -0.000001 -0.382718 -0.923865  0.578799 0.283926 0
0  -0.002468 0.068115 0.022318  0.000001 -0.382718 -0.923865  0.578799 0.246040 0
0  0.004261 0.069469 0.021414  -0.000001 -0.707006 -0.707208  0.587966 0.283926 0
mount_dovetail_rsr_akr_1913_railed_mount_LOD0
0  -0.002468 0.068115 0.022318  0.000000 -0.382731 -0.923860  0.578799 0.246040 0
0  -0.002468 0.069469 0.021414  0.000000 -0.707016 -0.707198  0.587966 0.246040 0
0  0.004261 0.069469 0.021414  -0.000002 -0.707016 -0.707198  0.587966 0.283926 0
mount_dovetail_rsr_akr_1913_railed_mount_LOD0
0  0.004261 0.069469 0.021414  0.000001 -0.707202 -0.707012  0.587966 0.283926 0
0  -0.002468 0.069469 0.021414  0.000003 -0.707202 -0.707012  0.587966 0.246040 0
0  0.004261 0.070373 0.020061  0.000001 -0.848500 -0.529196  0.597132 0.283926 0
mount_dovetail_rsr_akr_1913_railed_mount_LOD0
0  -0.002468 0.069469 0.021414  0.000002 -0.707205 -0.707009  0.587966 0.246040 0
0  -0.002468 0.070373 0.020061  0.000002 -0.848502 -0.529192  0.597132 0.246040 0
0  0.004261 0.070373 0.020061  0.000002 -0.848502 -0.529192  0.597132 0.283926 0
mount_dovetail_rsr_akr_1913_railed_mount_LOD0
0  0.004261 0.070373 0.020061  0.000002 -0.848484 -0.529222  0.597132 0.283926 0
0  -0.002468 0.070373 0.020061  0.000004 -0.848484 -0.529222  0.597132 0.246040 0
0  0.004261 0.079096 0.005035  0.000002 -0.935479 -0.353382  0.694948 0.283926 0
mount_dovetail_rsr_akr_1913_railed_mount_LOD0
0  -0.002468 0.070373 0.020061  0.000000 -0.848483 -0.529223  0.597132 0.246040 0
0  -0.002468 0.079096 0.005035  -0.000000 -0.935479 -0.353383  0.694948 0.246040 0
0  0.004261 0.079096 0.005035  -0.000013 -0.935479 -0.353383  0.694948 0.283926 0
mount_dovetail_rsr_akr_1913_railed_mount_LOD0
0  0.004261 0.079096 0.005035  -0.000000 -0.935577 -0.353122  0.694948 0.283926 0
0  -0.002468 0.079096 0.005035  0.000002 -0.935577 -0.353122  0.694948 0.246040 0
0  0.004261 0.079414 0.003438  0.000000 -1.000000 -0.000122  0.704114 0.283926 0
mount_dovetail_rsr_akr_1913_railed_mount_LOD0
0  -0.002468 0.079096 0.005035  0.000000 -0.935577 -0.353123  0.694948 0.246040 0
0  -0.002468 0.079414 0.003438  -0.000000 -1.000000 -0.000122  0.704114 0.246040 0
0  0.004261 0.079414 0.003438  -0.000002 -1.000000 -0.000122  0.704114 0.283926 0
mount_dovetail_rsr_akr_1913_railed_mount_LOD0
0  0.004261 0.079414 0.003438  0.000000 -1.000000 0.000124  0.704114 0.283926 0
0  -0.002468 0.079414 0.003438  0.000002 -1.000000 0.000123  0.704114 0.246040 0
0  0.004261 0.079096 0.001842  0.000000 -0.923974 0.382454  0.713281 0.283926 0
mount_dovetail_rsr_akr_1913_railed_mount_LOD0
0  -0.002468 0.079414 0.003438  0.000000 -1.000000 0.000124  0.704114 0.246040 0
0  -0.002468 0.079096 0.001842  -0.000000 -0.923974 0.382454  0.713281 0.246040 0
0  0.004261 0.079096 0.001842  -0.000002 -0.923975 0.382454  0.713281 0.283926 0
mount_dovetail_rsr_akr_1913_railed_mount_LOD0
0  0.004261 0.079096 0.001842  0.000000 -0.923861 0.382729  0.713281 0.283926 0
0  -0.002468 0.079096 0.001842  0.000002 -0.923861 0.382729  0.713281 0.246040 0
0  0.004261 0.078192 0.000489  0.000000 -0.707199 0.707014  0.722446 0.283926 0
mount_dovetail_rsr_akr_1913_railed_mount_LOD0
0  -0.002468 0.079096 0.001842  0.000000 -0.923861 0.382729  0.713281 0.246040 0
0  -0.002468 0.078192 0.000489  -0.000000 -0.707199 0.707014  0.722446 0.246040 0
0  0.004261 0.078192 0.000489  -0.000002 -0.707199 0.707015  0.722446 0.283926 0
mount_dovetail_rsr_akr_1913_railed_mount_LOD0
0  0.004261 0.078192 0.000489  0.000000 -0.707017 0.707196  0.722446 0.283926 0
0  -0.002468 0.078192 0.000489  0.000002 -0.707017 0.707196  0.722446 0.246040 0
0  0.004261 0.076839 -0.000416  0.000000 -0.382733 0.923859  0.731615 0.283926 0
mount_dovetail_rsr_akr_1913_railed_mount_LOD0
0  -0.002468 0.078192 0.000489  0.000000 -0.707013 0.707200  0.722446 0.246040 0
0  -0.002468 0.076839 -0.000416  -0.000000 -0.382728 0.923861  0.731615 0.246040 0
0  0.004261 0.076839 -0.000416  -0.000002 -0.382727 0.923861  0.731615 0.283926 0
mount_dovetail_rsr_akr_1913_railed_mount_LOD0
0  0.004261 0.076839 -0.000416  0.000000 -0.382466 0.923970  0.731615 0.283926 0
0  -0.002468 0.076839 -0.000416  0.000002 -0.382466 0.923969  0.731615 0.246040 0
0  0.004261 0.075242 -0.000733  0.000000 -0.195089 0.980786  0.740779 0.283926 0
mount_dovetail_rsr_akr_1913_railed_mount_LOD0
0  -0.002468 0.076839 -0.000416  0.000000 -0.382464 0.923970  0.731615 0.246040 0
0  -0.002468 0.075242 -0.000733  0.000000 -0.195087 0.980786  0.740779 0.246040 0
0  0.004261 0.075242 -0.000733  0.000000 -0.195087 0.980786  0.740779 0.283926 0
mount_dovetail_rsr_akr_1913_railed_mount_LOD0
0  -0.002468 -0.019980 0.022318  0.000001 0.382464 -0.923971  0.870242 0.988887 0
0  -0.002468 -0.018384 0.022636  0.000001 0.098153 -0.995171  0.870242 0.998052 0
0  0.004261 -0.018384 0.022636  -0.000000 0.098153 -0.995171  0.832348 0.998052 0
mount_dovetail_rsr_akr_1913_railed_mount_LOD0
0  0.004261 -0.019980 0.022318  0.000000 0.382466 -0.923970  0.832348 0.988887 0
0  -0.002468 -0.019980 0.022318  0.000002 0.382466 -0.923970  0.870242 0.988887 0
0  0.004261 -0.018384 0.022636  0.000000 0.098155 -0.995171  0.832348 0.998052 0
mount_dovetail_rsr_akr_1913_railed_mount_LOD0
0  -0.002468 -0.021334 0.021414  0.000001 0.707012 -0.707202  0.870242 0.979723 0
0  -0.002468 -0.019980 0.022318  0.000001 0.382725 -0.923862  0.870242 0.988887 0
0  0.004261 -0.019980 0.022318  -0.000002 0.382725 -0.923862  0.832348 0.988887 0
mount_dovetail_rsr_akr_1913_railed_mount_LOD0
0  0.004261 -0.021334 0.021414  0.000001 0.707012 -0.707202  0.832348 0.979723 0
0  -0.002468 -0.021334 0.021414  0.000003 0.707012 -0.707202  0.870242 0.979723 0
0  0.004261 -0.019980 0.022318  0.000001 0.382725 -0.923862  0.832348 0.988887 0
mount_dovetail_rsr_akr_1913_railed_mount_LOD0
0  -0.002468 -0.022238 0.020061  0.000001 0.923870 -0.382706  0.870242 0.970555 0
0  -0.002468 -0.021334 0.021414  0.000001 0.707217 -0.706997  0.870242 0.979723 0
0  0.004261 -0.021334 0.021414  -0.000002 0.707217 -0.706997  0.832348 0.979723 0
mount_dovetail_rsr_akr_1913_railed_mount_LOD0
0  0.004261 -0.022238 0.020061  0.000002 0.923850 -0.382754  0.832348 0.970555 0
0  -0.002468 -0.022238 0.020061  0.000005 0.923850 -0.382754  0.870242 0.970555 0
0  0.004261 -0.021334 0.021414  0.000003 0.707214 -0.707000  0.832348 0.979723 0
mount_dovetail_rsr_akr_1913_railed_mount_LOD0
0  -0.002468 -0.022555 0.018464  0.000002 1.000000 -0.000136  0.870242 0.961389 0
0  -0.002468 -0.022238 0.020061  0.000003 0.923970 -0.382466  0.870242 0.970555 0
0  0.004261 -0.022238 0.020061  0.000000 0.923970 -0.382466  0.832348 0.970555 0
mount_dovetail_rsr_akr_1913_railed_mount_LOD0
0  0.004261 -0.022555 0.018464  0.000003 1.000000 -0.000141  0.832348 0.961389 0
0  -0.002468 -0.022555 0.018464  0.000006 1.000000 -0.000141  0.870242 0.961389 0
0  0.004261 -0.022238 0.020061  0.000003 0.923968 -0.382471  0.832348 0.970555 0
mount_dovetail_rsr_akr_1913_railed_mount_LOD0
0  -0.002468 -0.022238 0.016868  0.000004 0.935572 0.353136  0.870242 0.952222 0
0  -0.002468 -0.022555 0.018464  0.000003 1.000000 0.000137  0.870242 0.961389 0
0  0.004261 -0.022555 0.018464  0.000001 1.000000 0.000137  0.832348 0.961389 0
mount_dovetail_rsr_akr_1913_railed_mount_LOD0
0  0.004261 -0.022238 0.016868  0.000003 0.935571 0.353139  0.832361 0.952222 0
0  -0.002468 -0.022238 0.016868  0.000005 0.935571 0.353139  0.870242 0.952222 0
0  0.004261 -0.022555 0.018464  0.000003 1.000000 0.000140  0.832348 0.961389 0
mount_dovetail_rsr_akr_1913_railed_mount_LOD0
0  -0.002468 -0.013514 0.001842  0.000003 0.864819 0.502084  0.870242 0.854389 0
0  -0.002468 -0.022238 0.016868  0.000003 0.935475 0.353392  0.870242 0.952222 0
0  0.004261 -0.022238 0.016868  -0.000010 0.935475 0.353392  0.832361 0.952222 0
mount_dovetail_rsr_akr_1913_railed_mount_LOD0
0  0.002057 -0.013514 0.001842  0.000004 0.864819 0.502084  0.844772 0.854389 0
0  -0.002468 -0.013514 0.001842  0.000004 0.864819 0.502084  0.870242 0.854389 0
0  0.004261 -0.022238 0.016868  -0.000013 0.935475 0.353392  0.832361 0.952222 0
mount_dovetail_rsr_akr_1913_railed_mount_LOD0
0  0.002057 -0.005593 -0.011803  0.000050 0.864822 0.502079  0.844772 0.765549 0
0  0.002057 -0.013514 0.001842  0.000050 0.864822 0.502079  0.844772 0.854389 0
0  0.004261 -0.022238 0.016868  0.000001 0.935477 0.353386  0.832361 0.952222 0
mount_dovetail_rsr_akr_1913_railed_mount_LOD0
0  0.004261 -0.002564 -0.017020  0.000004 0.848503 0.529190  0.832362 0.731578 0
0  0.002057 -0.005593 -0.011803  -0.000035 0.864819 0.502084  0.844772 0.765549 0
0  0.004261 -0.022238 0.016868  -0.000035 0.935475 0.353392  0.832361 0.952222 0
mount_dovetail_rsr_akr_1913_railed_mount_LOD0
0  0.000345 -0.005593 -0.011803  0.000006 0.864812 0.502096  0.854408 0.765549 0
0  0.002057 -0.005593 -0.011803  0.000006 0.864812 0.502096  0.844772 0.765549 0
0  0.004261 -0.002564 -0.017020  0.000006 0.848496 0.529203  0.832362 0.731578 0
mount_dovetail_rsr_akr_1913_railed_mount_LOD0
0  0.000345 -0.002564 -0.017020  0.000005 0.848496 0.529203  0.854408 0.731578 0
0  0.000345 -0.005593 -0.011803  0.000006 0.864812 0.502096  0.854408 0.765549 0
0  0.004261 -0.002564 -0.017020  0.000005 0.848496 0.529203  0.832362 0.731578 0
mount_dovetail_rsr_akr_1913_railed_mount_LOD0
0  0.000345 -0.001659 -0.018373  0.000005 0.707191 0.707022  0.854408 0.722409 0
0  0.000345 -0.002564 -0.017020  0.000006 0.848492 0.529208  0.854408 0.731578 0
0  0.004261 -0.002564 -0.017020  0.000003 0.848492 0.529208  0.832362 0.731578 0
mount_dovetail_rsr_akr_1913_railed_mount_LOD0
0  0.004275 -0.001659 -0.018373  0.000014 0.703052 0.711139  0.832271 0.722409 0
0  0.000345 -0.001659 -0.018373  0.000020 0.707199 0.707015  0.854408 0.722409 0
0  0.004261 -0.002564 -0.017020  0.000272 0.848497 0.529200  0.832362 0.731578 0
mount_dovetail_rsr_akr_1913_railed_mount_LOD0
0  0.000345 -0.000306 -0.019278  0.000006 0.382731 0.923860  0.854408 0.713242 0
0  0.000345 -0.001659 -0.018373  0.000007 0.707016 0.707197  0.854408 0.722409 0
0  0.004275 -0.001659 -0.018373  -0.000019 0.702834 0.711354  0.832271 0.722409 0
mount_dovetail_rsr_akr_1913_railed_mount_LOD0
0  0.004418 -0.000306 -0.019278  0.000007 0.372202 0.928152  0.831472 0.713242 0
0  0.000345 -0.000306 -0.019278  -0.000005 0.382723 0.923863  0.854408 0.713242 0
0  0.004275 -0.001659 -0.018373  0.000023 0.702862 0.711326  0.832271 0.722409 0
mount_dovetail_rsr_akr_1913_railed_mount_LOD0
0  0.000345 0.001290 -0.019595  0.000001 0.098160 0.995171  0.854408 0.704077 0
0  0.000345 -0.000306 -0.019278  0.000002 0.382470 0.923968  0.854408 0.713242 0
0  0.004418 -0.000306 -0.019278  -0.000009 0.371948 0.928253  0.831472 0.713242 0
mount_dovetail_rsr_akr_1913_railed_mount_LOD0
0  0.004574 0.001290 -0.019595  0.000005 0.095056 0.995472  0.830596 0.704079 0
0  0.000345 0.001290 -0.019595  0.000006 0.098158 0.995171  0.854408 0.704077 0
0  0.004418 -0.000306 -0.019278  0.000023 0.371946 0.928254  0.831472 0.713242 0
mount_dovetail_rsr_akr_1913_railed_mount_LOD0
0  0.000345 0.004883 -0.019595  -0.000000 -0.097925 0.995194  0.854408 0.683844 0
0  0.000345 0.001290 -0.019595  -0.000000 0.097925 0.995194  0.854408 0.704077 0
0  0.004574 0.001290 -0.019595  0.000005 0.094823 0.995494  0.830596 0.704079 0
mount_dovetail_rsr_akr_1913_railed_mount_LOD0
0  0.004574 0.004883 -0.019595  0.000000 -0.094823 0.995494  0.830596 0.683844 0
0  0.000345 0.004883 -0.019595  -0.000005 -0.097925 0.995194  0.854408 0.683844 0
0  0.004574 0.001290 -0.019595  0.000000 0.094823 0.995494  0.830596 0.704079 0
mount_dovetail_rsr_akr_1913_railed_mount_LOD0
0  0.000345 0.006480 -0.019278  0.000000 -0.382469 0.923968  0.854408 0.674676 0
0  0.000345 0.004883 -0.019595  -0.000000 -0.098159 0.995171  0.854408 0.683844 0
0  0.004574 0.004883 -0.019595  -0.000013 -0.095057 0.995472  0.830596 0.683844 0
mount_dovetail_rsr_akr_1913_railed_mount_LOD0
0  0.004418 0.006480 -0.019278  -0.000002 -0.371948 0.928253  0.831472 0.674676 0
0  0.000345 0.006480 -0.019278  0.000023 -0.382470 0.923968  0.854408 0.674676 0
0  0.004574 0.004883 -0.019595  0.000001 -0.095059 0.995472  0.830596 0.683844 0
mount_dovetail_rsr_akr_1913_railed_mount_LOD0
0  0.000345 0.007833 -0.018373  -0.000002 -0.707014 0.707199  0.854408 0.665514 0
0  0.000345 0.006480 -0.019278  -0.000003 -0.382728 0.923861  0.854408 0.674676 0
0  0.004418 0.006480 -0.019278  -0.000014 -0.372207 0.928150  0.831472 0.674676 0
mount_dovetail_rsr_akr_1913_railed_mount_LOD0
0  0.004275 0.007833 -0.018373  -0.000001 -0.702863 0.711325  0.832283 0.665514 0
0  0.000345 0.007833 -0.018373  0.000009 -0.707011 0.707202  0.854408 0.665514 0
0  0.004418 0.006480 -0.019278  -0.000006 -0.372204 0.928151  0.831472 0.674676 0
mount_dovetail_rsr_akr_1913_railed_mount_LOD0
0  0.000345 0.008737 -0.017020  -0.000001 -0.923860 0.382730  0.854408 0.656353 0
0  0.000345 0.007833 -0.018373  -0.000002 -0.707198 0.707016  0.854408 0.665514 0
0  0.004275 0.007833 -0.018373  -0.000029 -0.703051 0.711140  0.832283 0.665514 0
mount_dovetail_rsr_akr_1913_railed_mount_LOD0
0  0.004261 0.008737 -0.017020  -0.000005 -0.923679 0.383168  0.832348 0.656353 0
0  0.000345 0.008737 -0.017020  0.000022 -0.923862 0.382725  0.854408 0.656353 0
0  0.004275 0.007833 -0.018373  -0.001679 -0.703059 0.711129  0.832283 0.665514 0
mount_dovetail_rsr_akr_1913_railed_mount_LOD0
0  0.000345 0.009055 -0.015424  -0.000005 -0.995171 0.098151  0.854408 0.647190 0
0  0.000345 0.008737 -0.017020  -0.000005 -0.923971 0.382462  0.854408 0.656353 0
0  0.004261 0.008737 -0.017020  -0.000016 -0.923788 0.382905  0.832348 0.656353 0
mount_dovetail_rsr_akr_1913_railed_mount_LOD0
0  0.004261 0.009055 -0.015424  -0.000002 -0.995171 0.098158  0.832348 0.647191 0
0  0.000345 0.009055 -0.015424  0.000003 -0.995171 0.098158  0.854408 0.647190 0
0  0.004261 0.008737 -0.017020  -0.000002 -0.923785 0.382911  0.832348 0.656353 0
mount_dovetail_rsr_akr_1913_railed_mount_LOD0
0  0.000345 0.009055 -0.013177  -0.000002 -1.000000 0.000000  0.854408 0.634538 0
0  0.000345 0.009055 -0.015424  -0.000002 -0.995194 0.097925  0.854408 0.647190 0
0  0.004261 0.009055 -0.015424  0.000002 -0.995194 0.097925  0.832348 0.647191 0
mount_dovetail_rsr_akr_1913_railed_mount_LOD0
0  0.004261 0.009055 -0.013177  -0.000002 -1.000000 0.000000  0.832348 0.634538 0
0  0.000345 0.009055 -0.013177  -0.000002 -1.000000 0.000000  0.854408 0.634538 0
0  0.004261 0.009055 -0.015424  -0.000002 -0.995194 0.097925  0.832348 0.647191 0
mount_dovetail_rsr_akr_1913_railed_mount_LOD0
0  -0.002468 0.092184 -0.008610  -0.000001 -0.923975 -0.382454  0.608322 0.683273 0
0  -0.002468 0.092502 -0.010206  0.000043 -0.998796 -0.049048  0.617488 0.683287 0
0  0.002973 0.092502 -0.010206  0.000005 -0.994511 -0.104628  0.617482 0.713908 0
mount_dovetail_rsr_akr_1913_railed_mount_LOD0
0  0.003348 0.092184 -0.008610  0.000014 -0.911823 -0.410583  0.608319 0.716026 0
0  -0.002468 0.092184 -0.008610  -0.000010 -0.923971 -0.382464  0.608322 0.683273 0
0  0.002973 0.092502 -0.010206  0.000014 -0.994510 -0.104639  0.617482 0.713908 0
mount_dovetail_rsr_akr_1913_railed_mount_LOD0
0  -0.002468 0.091280 -0.007257  -0.000001 -0.707212 -0.707002  0.599159 0.683273 0
0  -0.002468 0.092184 -0.008610  0.000001 -0.923868 -0.382712  0.608322 0.683273 0
0  0.003348 0.092184 -0.008610  0.000001 -0.911713 -0.410829  0.608319 0.716026 0
mount_dovetail_rsr_akr_1913_railed_mount_LOD0
0  0.003781 0.091280 -0.007257  0.000018 -0.682633 -0.730762  0.599156 0.718457 0
0  -0.002468 0.091280 -0.007257  -0.000002 -0.707207 -0.707007  0.599159 0.683273 0
0  0.003348 0.092184 -0.008610  0.000025 -0.911709 -0.410836  0.608319 0.716026 0
mount_dovetail_rsr_akr_1913_railed_mount_LOD0
0  -0.002468 0.089927 -0.006353  -0.000002 -0.382715 -0.923866  0.589990 0.683273 0
0  -0.002468 0.091280 -0.007257  0.000002 -0.707004 -0.707210  0.599159 0.683273 0
0  0.003781 0.091280 -0.007257  -0.000000 -0.682423 -0.730957  0.599156 0.718457 0
mount_dovetail_rsr_akr_1913_railed_mount_LOD0
0  0.004261 0.089927 -0.006353  -0.000005 -0.364449 -0.931223  0.589990 0.721167 0
0  -0.002468 0.089927 -0.006353  0.000001 -0.382725 -0.923862  0.589990 0.683273 0
0  0.003781 0.091280 -0.007257  0.000023 -0.682431 -0.730950  0.599156 0.718457 0
mount_dovetail_rsr_akr_1913_railed_mount_LOD0
0  -0.002468 0.088330 -0.006035  0.000001 -0.098210 -0.995166  0.580824 0.683273 0
0  -0.002468 0.089927 -0.006353  0.000000 -0.382472 -0.923967  0.589990 0.683273 0
0  0.004261 0.089927 -0.006353  -0.000002 -0.364194 -0.931323  0.589990 0.721167 0
mount_dovetail_rsr_akr_1913_railed_mount_LOD0
0  0.004261 0.088330 -0.006035  -0.000000 -0.098160 -0.995171  0.580824 0.721167 0
0  -0.002468 0.088330 -0.006035  0.000001 -0.098208 -0.995166  0.580824 0.683273 0
0  0.004261 0.089927 -0.006353  0.000000 -0.364192 -0.931324  0.589990 0.721167 0
mount_dovetail_rsr_akr_1913_railed_mount_LOD0
0  -0.002468 0.085572 -0.006035  0.000000 -0.000149 -1.000000  0.565293 0.683273 0
0  -0.002468 0.088330 -0.006035  -0.000000 -0.097977 -0.995189  0.580824 0.683273 0
0  0.004261 0.088330 -0.006035  0.000005 -0.097929 -0.995193  0.580824 0.721167 0
mount_dovetail_rsr_akr_1913_railed_mount_LOD0
0  0.000345 0.062376 -0.006034  0.000045 0.049045 -0.998797  0.434686 0.699108 0
0  -0.002468 0.085572 -0.006035  -0.000051 -0.000024 -1.000000  0.565293 0.683273 0
0  0.004261 0.088330 -0.006035  0.000002 -0.097901 -0.995196  0.580824 0.721167 0
mount_dovetail_rsr_akr_1913_railed_mount_LOD0
0  0.002057 0.062376 -0.006034  0.000343 0.049037 -0.998797  0.434686 0.708757 0
0  0.000345 0.062376 -0.006034  0.000055 0.049038 -0.998797  0.434686 0.699108 0
0  0.004261 0.088330 -0.006035  0.000011 -0.097908 -0.995196  0.580824 0.721167 0
mount_dovetail_rsr_akr_1913_railed_mount_LOD0
0  0.002057 0.048819 -0.006035  0.000502 -0.000026 -1.000000  0.358355 0.708745 0
0  0.002057 0.062376 -0.006034  0.000344 0.049013 -0.998798  0.434686 0.708757 0
0  0.004261 0.088330 -0.006035  -0.000006 -0.097907 -0.995196  0.580824 0.721167 0
mount_dovetail_rsr_akr_1913_railed_mount_LOD0
0  0.004261 0.027951 -0.006031  0.001489 -0.000510 -0.999999  0.240857 0.721167 0
0  0.002057 0.048819 -0.006035  0.000792 -0.000043 -1.000000  0.358355 0.708745 0
0  0.004261 0.088330 -0.006035  0.001121 -0.097892 -0.995196  0.580824 0.721167 0
mount_dovetail_rsr_akr_1913_railed_mount_LOD0
0  0.002057 0.028524 -0.006035  0.000932 -0.000901 -0.999999  0.244082 0.708745 0
0  0.002057 0.048819 -0.006035  0.000572 -0.000025 -1.000000  0.358355 0.708745 0
0  0.004261 0.027951 -0.006031  0.001516 -0.000537 -0.999999  0.240857 0.721167 0
mount_dovetail_rsr_akr_1913_railed_mount_LOD0
0  0.002057 0.027951 -0.006033  0.000857 -0.003329 -0.999994  0.240856 0.708745 0
0  0.002057 0.028524 -0.006035  0.000905 -0.000980 -0.999999  0.244082 0.708745 0
0  0.004261 0.027951 -0.006031  0.001496 -0.000623 -0.999999  0.240857 0.721167 0
mount_dovetail_rsr_akr_1913_railed_mount_LOD0
0  0.002057 0.048819 -0.006035  0.000479 -0.000025 -1.000000  0.358355 0.708745 0
0  0.002057 0.028524 -0.006035  0.000903 -0.000927 -0.999999  0.244082 0.708745 0
0  0.000344 0.048819 -0.006035  0.000000 0.000000 -1.000000  0.358355 0.699108 0
mount_dovetail_rsr_akr_1913_railed_mount_LOD0
0  0.002057 0.028524 -0.006035  0.000903 -0.000927 -0.999999  0.244082 0.708745 0
0  0.000344 0.028524 -0.006035  0.000000 0.000000 -1.000000  0.244082 0.699108 0
0  0.000344 0.048819 -0.006035  0.000000 0.000000 -1.000000  0.358355 0.699108 0
mount_dovetail_rsr_akr_1913_railed_mount_LOD0
0  -0.002468 0.055711 -0.006035  0.000144 -0.000000 -1.000000  0.397159 0.683273 0
0  -0.002468 0.085572 -0.006035  0.000144 -0.000000 -1.000000  0.565293 0.683273 0
0  0.000345 0.062376 -0.006034  0.000052 0.049069 -0.998795  0.434686 0.699108 0
mount_dovetail_rsr_akr_1913_railed_mount_LOD0
0  0.000344 0.048819 -0.006035  0.000002 0.000060 -1.000000  0.358355 0.699108 0
0  -0.002468 0.055711 -0.006035  0.000002 0.000060 -1.000000  0.397159 0.683273 0
0  0.000345 0.062376 -0.006034  0.000057 0.049033 -0.998797  0.434686 0.699108 0
mount_dovetail_rsr_akr_1913_railed_mount_LOD0
0  -0.002468 0.055711 -0.006035  0.000065 0.000055 -1.000000  0.397159 0.683273 0
0  -0.003992 0.055709 -0.006034  -0.000266 0.000000 -1.000000  0.397152 0.674682 0
0  -0.002468 0.085572 -0.006035  0.000057 -0.000092 -1.000000  0.565293 0.683273 0
mount_dovetail_rsr_akr_1913_railed_mount_LOD0
0  -0.003992 0.055709 -0.006034  -0.000266 0.000000 -1.000000  0.397152 0.674682 0
0  -0.003992 0.085572 -0.006034  -0.000266 0.000000 -1.000000  0.565293 0.674695 0
0  -0.002468 0.085572 -0.006035  -0.000266 0.000000 -1.000000  0.565293 0.683273 0
mount_dovetail_rsr_akr_1913_railed_mount_LOD0
0  -0.002468 0.021632 -0.006035  -0.000125 0.000008 -1.000000  0.205280 0.683273 0
0  -0.002468 0.055711 -0.006035  -0.000125 0.000008 -1.000000  0.397159 0.683273 0
0  0.000344 0.048819 -0.006035  -0.000125 0.000008 -1.000000  0.358355 0.699108 0
mount_dovetail_rsr_akr_1913_railed_mount_LOD0
0  0.000344 0.028524 -0.006035  -0.000044 0.000000 -1.000000  0.244082 0.699108 0
0  -0.002468 0.021632 -0.006035  -0.000044 0.000000 -1.000000  0.205280 0.683273 0
0  0.000344 0.048819 -0.006035  -0.000044 0.000000 -1.000000  0.358355 0.699108 0
mount_dovetail_rsr_akr_1913_railed_mount_LOD0
0  0.000345 0.015986 -0.006035  0.000004 -0.000020 -1.000000  0.173488 0.699108 0
0  -0.002468 0.021632 -0.006035  0.000004 -0.000020 -1.000000  0.205280 0.683273 0
0  0.000344 0.028524 -0.006035  0.000004 -0.000020 -1.000000  0.244082 0.699108 0
mount_dovetail_rsr_akr_1913_railed_mount_LOD0
0  0.000345 0.015986 -0.006035  0.000072 0.000014 -1.000000  0.173488 0.699108 0
0  0.000344 -0.001739 -0.006035  0.000072 0.000014 -1.000000  0.073686 0.699108 0
0  -0.002468 0.021632 -0.006035  0.000072 0.000014 -1.000000  0.205280 0.683273 0
mount_dovetail_rsr_akr_1913_railed_mount_LOD0
0  0.002057 -0.001739 -0.006035  -0.000002 0.000014 -1.000000  0.073686 0.708745 0
0  0.000344 -0.001739 -0.006035  -0.000002 0.000014 -1.000000  0.073686 0.699108 0
0  0.000345 0.015986 -0.006035  -0.000002 0.000014 -1.000000  0.173488 0.699108 0
mount_dovetail_rsr_akr_1913_railed_mount_LOD0
0  0.002057 0.015986 -0.006035  0.000000 0.000015 -1.000000  0.173488 0.708745 0
0  0.002057 -0.001739 -0.006035  0.000000 0.000015 -1.000000  0.073686 0.708745 0
0  0.000345 0.015986 -0.006035  0.000000 0.000015 -1.000000  0.173488 0.699108 0
mount_dovetail_rsr_akr_1913_railed_mount_LOD0
0  0.000344 -0.001739 -0.006035  0.000000 0.000006 -1.000000  0.073686 0.699108 0
0  -0.002468 -0.001739 -0.006035  0.000000 0.000006 -1.000000  0.073686 0.683260 0
0  -0.002468 0.021632 -0.006035  0.000000 0.000006 -1.000000  0.205280 0.683273 0
mount_dovetail_rsr_akr_1913_railed_mount_LOD0
0  -0.002468 -0.001739 -0.006035  -0.000265 0.000006 -1.000000  0.073686 0.683260 0
0  -0.003992 -0.001739 -0.006035  -0.000265 0.000006 -1.000000  0.073686 0.674682 0
0  -0.002468 0.021632 -0.006035  -0.000265 0.000006 -1.000000  0.205280 0.683273 0
mount_dovetail_rsr_akr_1913_railed_mount_LOD0
0  -0.003992 -0.001739 -0.006035  -0.000267 0.000006 -1.000000  0.073686 0.674682 0
0  -0.003992 0.021633 -0.006034  -0.000267 0.000006 -1.000000  0.205283 0.674682 0
0  -0.002468 0.021632 -0.006035  0.000307 -0.000034 -1.000000  0.205280 0.683273 0
mount_dovetail_rsr_akr_1913_railed_mount_LOD0
0  -0.002468 -0.014478 -0.006035  0.000000 0.000000 -1.000000  0.001959 0.683260 0
0  -0.002468 -0.001739 -0.006035  0.000000 0.000000 -1.000000  0.073686 0.683260 0
0  0.000344 -0.001739 -0.006035  0.000000 0.000000 -1.000000  0.073686 0.699108 0
mount_dovetail_rsr_akr_1913_railed_mount_LOD0
0  0.000345 -0.014478 -0.006035  0.000000 0.000000 -1.000000  0.001959 0.699108 0
0  -0.002468 -0.014478 -0.006035  0.000000 0.000000 -1.000000  0.001959 0.683260 0
0  0.000344 -0.001739 -0.006035  0.000000 0.000000 -1.000000  0.073686 0.699108 0
mount_dovetail_rsr_akr_1913_railed_mount_LOD0
0  0.002973 0.092502 -0.015424  -0.000002 -0.994510 0.104642  0.879506 0.433933 0
0  0.000344 0.092502 -0.015424  -0.000006 -0.997857 0.065430  0.894306 0.433933 0
0  0.003348 0.092184 -0.017020  -0.000012 -0.911644 0.410980  0.877388 0.443097 0
mount_dovetail_rsr_akr_1913_railed_mount_LOD0
0  0.000344 0.092502 -0.015424  0.000001 -0.997856 0.065447  0.894306 0.433933 0
0  0.000344 0.092184 -0.017020  -0.000002 -0.923963 0.382483  0.894306 0.443097 0
0  0.003348 0.092184 -0.017020  0.000012 -0.911637 0.410996  0.877388 0.443097 0
mount_dovetail_rsr_akr_1913_railed_mount_LOD0
0  0.003348 0.092184 -0.017020  0.000002 -0.911531 0.411231  0.877388 0.443097 0
0  0.000344 0.092184 -0.017020  0.000024 -0.923864 0.382721  0.894306 0.443097 0
0  0.003795 0.091280 -0.018373  -0.000021 -0.679331 0.733832  0.874879 0.452263 0
mount_dovetail_rsr_akr_1913_railed_mount_LOD0
0  0.000344 0.092184 -0.017020  0.000002 -0.923865 0.382718  0.894306 0.443097 0
0  0.000344 0.091280 -0.018373  -0.000002 -0.707208 0.707006  0.894306 0.452263 0
0  0.003795 0.091280 -0.018373  -0.000029 -0.679334 0.733829  0.874879 0.452263 0
mount_dovetail_rsr_akr_1913_railed_mount_LOD0
0  0.003795 0.091280 -0.018373  -0.000002 -0.679123 0.734024  0.874879 0.452263 0
0  0.000344 0.091280 -0.018373  0.000012 -0.707005 0.707209  0.894306 0.452263 0
0  0.004418 0.089927 -0.019278  -0.000012 -0.353164 0.935561  0.871360 0.461431 0
mount_dovetail_rsr_akr_1913_railed_mount_LOD0
0  0.000344 0.091280 -0.018373  0.000002 -0.707005 0.707208  0.894306 0.452263 0
0  0.000345 0.089927 -0.019278  -0.000002 -0.382717 0.923866  0.894306 0.461431 0
0  0.004418 0.089927 -0.019278  -0.000013 -0.353165 0.935561  0.871360 0.461431 0
mount_dovetail_rsr_akr_1913_railed_mount_LOD0
0  0.004418 0.089927 -0.019278  -0.000001 -0.352918 0.935654  0.871360 0.461431 0
0  0.000345 0.089927 -0.019278  0.000024 -0.382472 0.923967  0.894306 0.461431 0
0  0.004574 0.088330 -0.019595  0.000002 -0.095061 0.995472  0.870484 0.470597 0
mount_dovetail_rsr_akr_1913_railed_mount_LOD0
0  0.000345 0.089927 -0.019278  0.000003 -0.382467 0.923969  0.894306 0.461431 0
0  0.000345 0.088330 -0.019595  0.000007 -0.098157 0.995171  0.894306 0.470597 0
0  0.004574 0.088330 -0.019595  0.000008 -0.095103 0.995467  0.870484 0.470597 0
mount_dovetail_rsr_akr_1913_railed_mount_LOD0
0  0.004574 0.088330 -0.019595  0.000001 -0.094824 0.995494  0.870484 0.470597 0
0  0.000345 0.088330 -0.019595  0.000016 -0.097925 0.995194  0.894306 0.470597 0
0  0.004574 0.062376 -0.019595  0.000001 0.094918 0.995485  0.870484 0.616730 0
mount_dovetail_rsr_akr_1913_railed_mount_LOD0
0  0.000345 0.088330 -0.019595  0.000020 -0.097922 0.995194  0.894306 0.470597 0
0  0.000345 0.062375 -0.019595  0.000001 0.130501 0.991448  0.894292 0.616730 0
0  0.004574 0.062376 -0.019595  0.000005 0.094921 0.995485  0.870484 0.616730 0
mount_dovetail_rsr_akr_1913_railed_mount_LOD0
0  0.004574 0.062376 -0.019595  0.000006 0.095059 0.995472  0.870484 0.616730 0
0  0.000345 0.062375 -0.019595  0.000011 0.130639 0.991430  0.894292 0.616730 0
0  0.004418 0.060779 -0.019278  0.000021 0.371949 0.928253  0.871360 0.625883 0
mount_dovetail_rsr_akr_1913_railed_mount_LOD0
0  0.000345 0.062375 -0.019595  0.000003 0.130684 0.991424  0.894292 0.616730 0
0  -0.001824 0.060779 -0.019278  0.000011 0.382469 0.923968  0.906506 0.625896 0
0  0.004418 0.060779 -0.019278  -0.000024 0.371947 0.928254  0.871360 0.625883 0
mount_dovetail_rsr_akr_1913_railed_mount_LOD0
0  -0.001824 0.062375 -0.019595  0.000000 0.195091 0.980785  0.906506 0.616730 0
0  -0.001824 0.060779 -0.019278  -0.000004 0.382468 0.923969  0.906506 0.625896 0
0  0.000345 0.062375 -0.019595  0.000007 0.130683 0.991424  0.894292 0.616730 0
mount_dovetail_rsr_akr_1913_railed_mount_LOD0
0  0.004418 0.060779 -0.019278  0.000004 0.372197 0.928154  0.871360 0.625883 0
0  -0.001824 0.060779 -0.019278  0.000018 0.382717 0.923865  0.906506 0.625896 0
0  0.004275 0.059426 -0.018373  0.000015 0.702858 0.711331  0.872155 0.635048 0
mount_dovetail_rsr_akr_1913_railed_mount_LOD0
0  -0.001824 0.060779 -0.019278  0.000001 0.382730 0.923860  0.906506 0.625896 0
0  -0.001824 0.059426 -0.018373  -0.000026 0.707015 0.707198  0.906506 0.635062 0
0  0.004275 0.059426 -0.018373  -0.000016 0.702833 0.711355  0.872155 0.635048 0
mount_dovetail_rsr_akr_1913_railed_mount_LOD0
0  -0.001824 0.059426 -0.018373  0.000001 0.707208 0.707005  0.906506 0.635062 0
0  -0.001824 0.058806 -0.017446  -0.000045 0.831417 0.555648  0.906492 0.641337 0
0  0.004275 0.059426 -0.018373  -0.000020 0.703061 0.711129  0.872155 0.635048 0
mount_dovetail_rsr_akr_1913_railed_mount_LOD0
0  -0.001824 0.058806 -0.017446  -0.000082 0.831517 0.555500  0.906492 0.641337 0
0  0.000345 0.058807 -0.017446  -0.000002 0.831363 0.555730  0.894292 0.641337 0
0  0.004275 0.059426 -0.018373  -0.000009 0.703040 0.711150  0.872155 0.635048 0
mount_dovetail_rsr_akr_1913_railed_mount_LOD0
0  0.004275 0.059426 -0.018373  0.000005 0.703053 0.711138  0.872155 0.635048 0
0  0.000345 0.058807 -0.017446  0.000003 0.831466 0.555575  0.894292 0.641337 0
0  0.004261 0.058522 -0.017020  0.001628 0.923692 0.383132  0.872236 0.644200 0
mount_dovetail_rsr_akr_1913_railed_mount_LOD0
0  0.000345 0.058807 -0.017446  0.000000 0.831465 0.555577  0.894292 0.641337 0
0  0.000345 0.058522 -0.017020  0.000001 0.923860 0.382731  0.894279 0.644227 0
0  0.004261 0.058522 -0.017020  0.000008 0.923695 0.383129  0.872236 0.644200 0
mount_dovetail_rsr_akr_1913_railed_mount_LOD0
0  0.004261 0.058522 -0.017020  -0.000000 0.923790 0.382900  0.872236 0.644200 0
0  0.000345 0.058522 -0.017020  0.000011 0.923973 0.382457  0.894279 0.644227 0
0  0.004261 0.058204 -0.015424  0.000000 0.995172 0.098146  0.872222 0.653366 0
mount_dovetail_rsr_akr_1913_railed_mount_LOD0
0  0.000345 0.058522 -0.017020  0.000000 0.923957 0.382497  0.894279 0.644227 0
0  0.000345 0.058204 -0.015424  -0.000000 0.995173 0.098142  0.894267 0.653393 0
0  0.004261 0.058204 -0.015424  -0.000006 0.995172 0.098141  0.872222 0.653366 0
mount_dovetail_rsr_akr_1913_railed_mount_LOD0
0  0.004261 0.058204 -0.015424  -0.000000 0.995194 0.097925  0.872222 0.653366 0
0  0.000345 0.058204 -0.015424  -0.000005 0.995194 0.097925  0.894267 0.653393 0
0  0.004261 0.058204 -0.013177  0.000000 1.000000 0.000000  0.872196 0.666011 0
mount_dovetail_rsr_akr_1913_railed_mount_LOD0
0  0.000345 0.058204 -0.015424  -0.000007 0.995196 0.097907  0.894267 0.653393 0
0  0.002057 0.058204 -0.013177  0.000014 1.000000 -0.000018  0.884606 0.666038 0
0  0.004261 0.058204 -0.013177  0.000014 1.000000 -0.000018  0.872196 0.666011 0
mount_dovetail_rsr_akr_1913_railed_mount_LOD0
0  0.002057 0.058204 -0.010206  0.000009 0.995197 -0.097897  0.884565 0.682759 0
0  0.002057 0.058204 -0.013177  0.000009 1.000000 -0.000020  0.884606 0.666038 0
0  0.000345 0.058204 -0.015424  0.000009 0.995196 0.097905  0.894267 0.653393 0
mount_dovetail_rsr_akr_1913_railed_mount_LOD0
0  0.000344 0.058204 -0.010206  -0.000006 0.995197 -0.097890  0.894202 0.682772 0
0  0.002057 0.058204 -0.010206  -0.000002 0.995197 -0.097890  0.884565 0.682759 0
0  0.000345 0.058204 -0.015424  -0.000011 0.995195 0.097912  0.894267 0.653393 0
mount_dovetail_rsr_akr_1913_railed_mount_LOD0
0  0.000344 0.058204 -0.010206  -0.000011 0.995170 -0.098166  0.894202 0.682772 0
0  0.000344 0.058522 -0.008610  -0.000019 0.923966 -0.382476  0.894189 0.691938 0
0  0.002057 0.058204 -0.010206  0.000001 0.995170 -0.098166  0.884565 0.682759 0
mount_dovetail_rsr_akr_1913_railed_mount_LOD0
0  0.000344 0.058522 -0.008610  0.000009 0.923973 -0.382458  0.894189 0.691938 0
0  0.002057 0.058522 -0.008610  -0.000001 0.923973 -0.382458  0.884552 0.691925 0
0  0.002057 0.058204 -0.010206  0.000003 0.995172 -0.098147  0.884565 0.682759 0
mount_dovetail_rsr_akr_1913_railed_mount_LOD0
0  0.000344 0.058522 -0.008610  -0.000002 0.923864 -0.382722  0.894189 0.691938 0
0  0.000344 0.059426 -0.007257  -0.000011 0.707205 -0.707009  0.894176 0.701104 0
0  0.002057 0.058522 -0.008610  -0.000011 0.923864 -0.382722  0.884552 0.691925 0
mount_dovetail_rsr_akr_1913_railed_mount_LOD0
0  0.000344 0.059426 -0.007257  0.000008 0.707202 -0.707012  0.894176 0.701104 0
0  0.002057 0.059426 -0.007257  -0.000001 0.707202 -0.707012  0.884538 0.701093 0
0  0.002057 0.058522 -0.008610  0.000008 0.923862 -0.382725  0.884552 0.691925 0
mount_dovetail_rsr_akr_1913_railed_mount_LOD0
0  0.000344 0.059426 -0.007257  -0.000003 0.707009 -0.707205  0.894176 0.701104 0
0  0.000344 0.060779 -0.006353  -0.000012 0.382943 -0.923772  0.894176 0.710271 0
0  0.002057 0.059426 -0.007257  -0.000012 0.707008 -0.707205  0.884538 0.701093 0
mount_dovetail_rsr_akr_1913_railed_mount_LOD0
0  0.000344 0.060779 -0.006353  0.000009 0.382947 -0.923770  0.894176 0.710271 0
0  0.002057 0.060779 -0.006353  0.000000 0.382947 -0.923770  0.884525 0.710259 0
0  0.002057 0.059426 -0.007257  0.000008 0.707012 -0.707201  0.884538 0.701093 0
mount_dovetail_rsr_akr_1913_railed_mount_LOD0
0  0.000344 0.060779 -0.006353  0.000001 0.382703 -0.923871  0.894176 0.710271 0
0  0.000345 0.062376 -0.006034  0.000029 0.049174 -0.998790  0.894163 0.719425 0
0  0.002057 0.060779 -0.006353  -0.000001 0.382703 -0.923871  0.884525 0.710259 0
mount_dovetail_rsr_akr_1913_railed_mount_LOD0
0  0.000345 0.062376 -0.006034  0.000048 0.049171 -0.998790  0.894163 0.719425 0
0  0.002057 0.062376 -0.006034  -0.000002 0.049171 -0.998790  0.884525 0.719425 0
0  0.002057 0.060779 -0.006353  0.000007 0.382700 -0.923873  0.884525 0.710259 0
mount_dovetail_rsr_akr_1913_railed_mount_LOD0
0  0.002973 0.092502 -0.010206  -0.000000 -0.994527 -0.104478  0.482666 0.460395 0
0  -0.002468 0.092502 -0.010206  0.000040 -0.998801 -0.048945  0.513302 0.460395 0
0  0.002973 0.092502 -0.015424  0.000000 -0.994526 0.104487  0.482666 0.431015 0
mount_dovetail_rsr_akr_1913_railed_mount_LOD0
0  -0.002468 0.092502 -0.010206  0.000045 -0.998803 -0.048904  0.513302 0.460395 0
0  0.000344 0.092502 -0.015424  0.000002 -0.997868 0.065267  0.497467 0.431015 0
0  0.002973 0.092502 -0.015424  0.000002 -0.994527 0.104480  0.482666 0.431015 0
mount_dovetail_rsr_akr_1913_railed_mount_LOD0
0  -0.002468 0.092502 -0.010206  0.000040 -0.998804 -0.048899  0.513302 0.460395 0
0  -0.003059 0.092502 -0.015424  -0.000000 -1.000000 0.000026  0.516628 0.431015 0
0  0.000344 0.092502 -0.015424  -0.000003 -0.997868 0.065272  0.497467 0.431015 0
mount_dovetail_rsr_akr_1913_railed_mount_LOD0
0  -0.003058 0.092502 -0.002341  0.000139 -1.000000 0.000008  0.516628 0.504682 0
0  -0.003059 0.092502 -0.015424  0.000139 -1.000000 0.000008  0.516628 0.431015 0
0  -0.002468 0.092502 -0.010206  0.000040 -0.998803 -0.048918  0.513302 0.460395 0
mount_dovetail_rsr_akr_1913_railed_mount_LOD0
0  -0.002468 0.092502 -0.002341  0.000000 -1.000000 -0.000002  0.513302 0.504682 0
0  -0.003058 0.092502 -0.002341  0.000000 -1.000000 -0.000002  0.516628 0.504682 0
0  -0.002468 0.092502 -0.010206  0.000048 -0.998802 -0.048927  0.513302 0.460395 0
mount_dovetail_rsr_akr_1913_railed_mount_LOD0
0  0.000345 0.015986 -0.013177  0.000000 -0.000018 1.000000  0.865476 0.591687 0
0  0.000345 0.009055 -0.013177  0.000000 -0.000018 1.000000  0.865476 0.630712 0
0  0.004261 0.009055 -0.013177  0.000000 -0.000018 1.000000  0.843430 0.630712 0
mount_dovetail_rsr_akr_1913_railed_mount_LOD0
0  0.002057 0.015986 -0.013177  0.000000 -0.000018 1.000000  0.855826 0.591688 0
0  0.000345 0.015986 -0.013177  0.000000 -0.000018 1.000000  0.865476 0.591687 0
0  0.004261 0.009055 -0.013177  0.000000 -0.000018 1.000000  0.843430 0.630712 0
mount_dovetail_rsr_akr_1913_railed_mount_LOD0
0  0.002057 0.015986 -0.013177  0.000106 0.000016 1.000000  0.855826 0.591688 0
0  0.004261 0.009055 -0.013177  0.000106 0.000016 1.000000  0.843430 0.630712 0
0  0.002057 0.024352 -0.013177  0.000106 0.000016 1.000000  0.855826 0.544583 0
mount_dovetail_rsr_akr_1913_railed_mount_LOD0
0  0.004261 0.009055 -0.013177  -0.000001 0.000001 1.000000  0.843430 0.630712 0
0  0.005498 0.010955 -0.013177  -0.000001 0.000001 1.000000  0.836462 0.620014 0
0  0.002057 0.024352 -0.013177  -0.000001 0.000001 1.000000  0.855826 0.544583 0
mount_dovetail_rsr_akr_1913_railed_mount_LOD0
0  0.002057 0.024352 -0.013177  -0.000001 0.000000 1.000000  0.855826 0.544583 0
0  0.005498 0.010955 -0.013177  -0.000001 0.000000 1.000000  0.836462 0.620014 0
0  0.005498 0.056304 -0.013177  -0.000001 0.000000 1.000000  0.836462 0.364674 0
mount_dovetail_rsr_akr_1913_railed_mount_LOD0
0  0.002057 0.052991 -0.013177  0.000000 0.000000 1.000000  0.855826 0.383334 0
0  0.002057 0.024352 -0.013177  0.000000 0.000000 1.000000  0.855826 0.544583 0
0  0.005498 0.056304 -0.013177  0.000000 0.000000 1.000000  0.836462 0.364674 0
mount_dovetail_rsr_akr_1913_railed_mount_LOD0
0  0.002057 0.024352 -0.013177  0.000000 0.000000 1.000000  0.855826 0.544583 0
0  0.002057 0.052991 -0.013177  0.000000 0.000000 1.000000  0.855826 0.383334 0
0  0.001133 0.024352 -0.013177  0.000000 0.000000 1.000000  0.861045 0.544583 0
mount_dovetail_rsr_akr_1913_railed_mount_LOD0
0  0.002057 0.052991 -0.013177  0.000000 0.000000 1.000000  0.855826 0.383334 0
0  0.001133 0.052991 -0.013177  0.000000 0.000000 1.000000  0.861045 0.383334 0
0  0.001133 0.024352 -0.013177  0.000000 0.000000 1.000000  0.861045 0.544583 0
mount_dovetail_rsr_akr_1913_railed_mount_LOD0
0  0.002057 0.058204 -0.013177  0.000000 0.000000 1.000000  0.855826 0.353976 0
0  0.002057 0.052991 -0.013177  0.000000 0.000000 1.000000  0.855826 0.383334 0
0  0.005498 0.056304 -0.013177  0.000000 0.000000 1.000000  0.836462 0.364674 0
mount_dovetail_rsr_akr_1913_railed_mount_LOD0
0  0.004261 0.058204 -0.013177  0.000001 0.000000 1.000000  0.843418 0.353976 0
0  0.002057 0.058204 -0.013177  0.000001 0.000000 1.000000  0.855826 0.353976 0
0  0.005498 0.056304 -0.013177  0.000001 0.000000 1.000000  0.836462 0.364674 0
mount_dovetail_rsr_akr_1913_railed_mount_LOD0
0  0.004261 0.027951 -0.000733  0.000025 -0.258906 0.965902  0.197225 0.388889 0
0  0.002057 0.027951 -0.000733  0.000025 -0.258906 0.965902  0.197225 0.378962 0
0  0.004261 0.026627 -0.001088  0.000004 -0.499781 0.866152  0.203396 0.388889 0
mount_dovetail_rsr_akr_1913_railed_mount_LOD0
0  0.002057 0.027951 -0.000733  -0.000002 -0.258949 0.965891  0.197225 0.378962 0
0  0.002057 0.026627 -0.001088  0.000009 -0.499778 0.866154  0.203396 0.378962 0
0  0.004261 0.026627 -0.001088  0.000028 -0.499778 0.866154  0.203396 0.388889 0
mount_dovetail_rsr_akr_1913_railed_mount_LOD0
0  0.004261 0.026627 -0.001088  0.000020 -0.500052 0.865996  0.203396 0.388889 0
0  0.002057 0.026627 -0.001088  0.000007 -0.500052 0.865996  0.203396 0.378962 0
0  0.004261 0.025659 -0.002057  -0.000024 -0.865999 0.500045  0.209567 0.388889 0
mount_dovetail_rsr_akr_1913_railed_mount_LOD0
0  0.002057 0.026627 -0.001088  0.000018 -0.500045 0.866000  0.203396 0.378962 0
0  0.002057 0.025659 -0.002057  0.000012 -0.865995 0.500052  0.209567 0.378962 0
0  0.004261 0.025659 -0.002057  -0.000012 -0.865995 0.500052  0.209567 0.388889 0
mount_dovetail_rsr_akr_1913_railed_mount_LOD0
0  0.004261 0.025659 -0.002057  -0.000012 -0.866130 0.499819  0.209567 0.388889 0
0  0.002057 0.025659 -0.002057  0.000011 -0.866130 0.499819  0.209567 0.378962 0
0  0.004261 0.025304 -0.003380  -0.000017 -1.000000 0.000142  0.215738 0.388889 0
mount_dovetail_rsr_akr_1913_railed_mount_LOD0
0  0.002057 0.025659 -0.002057  -0.000108 -0.866131 0.499817  0.209567 0.378962 0
0  0.002057 0.025304 -0.003380  0.000012 -1.000000 0.000140  0.215738 0.378962 0
0  0.004261 0.025304 -0.003380  -0.000011 -1.000000 0.000140  0.215738 0.388889 0
mount_dovetail_rsr_akr_1913_railed_mount_LOD0
0  0.004261 0.025304 -0.003380  -0.000012 -1.000000 -0.000141  0.215738 0.388889 0
0  0.002057 0.025304 -0.003380  0.000011 -1.000000 -0.000141  0.215738 0.378962 0
0  0.004261 0.025659 -0.004704  -0.000017 -0.866154 -0.499776  0.221911 0.388889 0
mount_dovetail_rsr_akr_1913_railed_mount_LOD0
0  0.002057 0.025304 -0.003380  0.000141 -1.000000 -0.000144  0.215738 0.378962 0
0  0.002057 0.025659 -0.004704  0.000012 -0.866153 -0.499779  0.221911 0.378962 0
0  0.004261 0.025659 -0.004704  -0.000011 -0.866153 -0.499779  0.221911 0.388889 0
mount_dovetail_rsr_akr_1913_railed_mount_LOD0
0  0.004261 0.025659 -0.004704  -0.000012 -0.865998 -0.500047  0.221911 0.388889 0
0  0.002057 0.025659 -0.004704  0.000011 -0.865998 -0.500047  0.221911 0.378962 0
0  0.004261 0.026627 -0.005673  0.000231 -0.501543 -0.865133  0.228083 0.388889 0
mount_dovetail_rsr_akr_1913_railed_mount_LOD0
0  0.002057 0.025659 -0.004704  0.000094 -0.865994 -0.500054  0.221911 0.378962 0
0  0.002057 0.026627 -0.005673  0.000230 -0.501578 -0.865113  0.228083 0.378962 0
0  0.004261 0.026627 -0.005673  0.000209 -0.501578 -0.865113  0.228083 0.388889 0
mount_dovetail_rsr_akr_1913_railed_mount_LOD0
0  0.004261 0.026627 -0.005673  0.000207 -0.501311 -0.865267  0.228083 0.388889 0
0  0.002057 0.026627 -0.005673  0.000211 -0.501311 -0.865267  0.228083 0.378962 0
0  0.004261 0.027951 -0.006031  0.000491 -0.262139 -0.965030  0.234254 0.388889 0
mount_dovetail_rsr_akr_1913_railed_mount_LOD0
0  0.002057 0.026627 -0.005673  0.000206 -0.501303 -0.865272  0.228083 0.378962 0
0  0.002057 0.027951 -0.006033  0.000431 -0.262053 -0.965053  0.234254 0.378962 0
0  0.004261 0.027951 -0.006031  0.000530 -0.262212 -0.965010  0.234254 0.388889 0
mount_dovetail_rsr_akr_1913_railed_mount_LOD0
0  -0.002468 0.066519 0.022636  0.000000 -0.000001 -1.000000  0.002068 0.331624 0
0  0.004261 0.066519 0.022636  0.000000 -0.000001 -1.000000  0.002068 0.293720 0
0  -0.002468 0.047955 0.022636  0.000000 -0.000001 -1.000000  0.106593 0.331624 0
mount_dovetail_rsr_akr_1913_railed_mount_LOD0
0  0.004261 0.066519 0.022636  0.000000 -0.000001 -1.000000  0.002068 0.293720 0
0  0.002057 0.047955 0.022636  0.000000 -0.000001 -1.000000  0.106593 0.306140 0
0  -0.002468 0.047955 0.022636  0.000000 -0.000001 -1.000000  0.106593 0.331624 0
mount_dovetail_rsr_akr_1913_railed_mount_LOD0
0  0.002057 0.033161 0.022636  -0.000005 0.000000 -1.000000  0.189888 0.306140 0
0  0.002057 0.047955 0.022636  -0.000005 0.000000 -1.000000  0.106593 0.306140 0
0  0.004261 0.066519 0.022636  -0.000005 0.000000 -1.000000  0.002068 0.293720 0
mount_dovetail_rsr_akr_1913_railed_mount_LOD0
0  0.002057 0.015081 0.022636  -0.000012 0.000001 -1.000000  0.291687 0.306140 0
0  0.002057 0.033161 0.022636  -0.000012 0.000001 -1.000000  0.189888 0.306140 0
0  0.004261 0.066519 0.022636  -0.000012 0.000001 -1.000000  0.002068 0.293720 0
mount_dovetail_rsr_akr_1913_railed_mount_LOD0
0  0.004261 -0.018384 0.022636  -0.000005 0.097925 -0.995194  0.480116 0.293720 0
0  0.002057 0.015081 0.022636  0.000000 0.000000 -1.000000  0.291687 0.306140 0
0  0.004261 0.066519 0.022636  0.000000 0.000000 -1.000000  0.002068 0.293720 0
mount_dovetail_rsr_akr_1913_railed_mount_LOD0
0  0.002057 0.015081 0.022636  0.000000 0.000001 -1.000000  0.291687 0.306140 0
0  -0.002468 0.015081 0.022636  0.000000 0.000001 -1.000000  0.291687 0.331624 0
0  0.002057 0.033161 0.022636  0.000000 0.000001 -1.000000  0.189888 0.306140 0
mount_dovetail_rsr_akr_1913_railed_mount_LOD0
0  -0.002468 0.015081 0.022636  0.000000 0.000001 -1.000000  0.291687 0.331624 0
0  -0.002468 0.033161 0.022636  0.000000 0.000001 -1.000000  0.189888 0.331624 0
0  0.002057 0.033161 0.022636  0.000000 0.000001 -1.000000  0.189888 0.306140 0
mount_dovetail_rsr_akr_1913_railed_mount_LOD0
0  0.002057 0.000182 0.022636  0.000004 0.000000 -1.000000  0.375577 0.306140 0
0  0.002057 0.015081 0.022636  0.000004 0.000000 -1.000000  0.291687 0.306140 0
0  0.004261 -0.018384 0.022636  0.000005 0.097925 -0.995194  0.480116 0.293720 0
mount_dovetail_rsr_akr_1913_railed_mount_LOD0
0  -0.002468 0.000182 0.022636  0.000000 0.000000 -1.000000  0.375577 0.331624 0
0  0.002057 0.000182 0.022636  0.000000 0.000000 -1.000000  0.375577 0.306140 0
0  0.004261 -0.018384 0.022636  0.000003 0.097925 -0.995194  0.480116 0.293720 0
mount_dovetail_rsr_akr_1913_railed_mount_LOD0
0  -0.002468 -0.018384 0.022636  0.000000 0.097925 -0.995194  0.480116 0.331624 0
0  -0.002468 0.000182 0.022636  0.000000 0.000000 -1.000000  0.375577 0.331624 0
0  0.004261 -0.018384 0.022636  0.000001 0.097925 -0.995194  0.480116 0.293720 0
mount_dovetail_rsr_akr_1913_railed_mount_LOD0
0  -0.002468 0.000182 0.022636  0.000000 -0.195092 -0.980785  0.142774 0.922304 0
0  -0.002468 0.001778 0.022318  0.000024 -0.382469 -0.923968  0.151940 0.922304 0
0  0.002057 0.000182 0.022636  0.000000 -0.195092 -0.980785  0.142774 0.947781 0
mount_dovetail_rsr_akr_1913_railed_mount_LOD0
0  -0.002468 0.001778 0.022318  -0.000001 -0.382467 -0.923969  0.151940 0.922304 0
0  0.002057 0.001778 0.022318  0.000001 -0.382467 -0.923969  0.151940 0.947781 0
0  0.002057 0.000182 0.022636  0.000001 -0.195090 -0.980785  0.142774 0.947781 0
mount_dovetail_rsr_akr_1913_railed_mount_LOD0
0  -0.002468 0.001778 0.022318  0.000002 -0.382718 -0.923865  0.151940 0.922304 0
0  -0.002468 0.003132 0.021414  0.000025 -0.707006 -0.707207  0.161106 0.922304 0
0  0.002057 0.001778 0.022318  0.000004 -0.382718 -0.923865  0.151940 0.947781 0
mount_dovetail_rsr_akr_1913_railed_mount_LOD0
0  -0.002468 0.003132 0.021414  -0.000004 -0.707014 -0.707199  0.161106 0.922304 0
0  0.002057 0.003132 0.021414  -0.000001 -0.707014 -0.707199  0.161106 0.947781 0
0  0.002057 0.001778 0.022318  -0.000024 -0.382729 -0.923861  0.151940 0.947781 0
mount_dovetail_rsr_akr_1913_railed_mount_LOD0
0  -0.002468 0.003132 0.021414  -0.000001 -0.707205 -0.707009  0.161106 0.922304 0
0  -0.002468 0.004036 0.020061  0.000004 -0.848477 -0.529233  0.170259 0.922304 0
0  0.002057 0.003132 0.021414  0.000001 -0.707205 -0.707009  0.161106 0.947781 0
mount_dovetail_rsr_akr_1913_railed_mount_LOD0
0  -0.002468 0.004036 0.020061  0.000000 -0.848500 -0.529195  0.170259 0.922304 0
0  0.002057 0.004036 0.020061  0.000000 -0.848500 -0.529195  0.170259 0.947781 0
0  0.002057 0.003132 0.021414  -0.000023 -0.707202 -0.707011  0.161106 0.947781 0
mount_dovetail_rsr_akr_1913_railed_mount_LOD0
0  0.002057 0.004036 0.020061  0.000001 -0.848483 -0.529223  0.170259 0.947781 0
0  -0.002468 0.004036 0.020061  -0.000001 -0.848483 -0.529223  0.170259 0.922304 0
0  0.002057 0.012759 0.005035  0.000001 -0.935479 -0.353383  0.268090 0.947781 0
mount_dovetail_rsr_akr_1913_railed_mount_LOD0
0  -0.002468 0.004036 0.020061  -0.000001 -0.848508 -0.529183  0.170259 0.922304 0
0  -0.002468 0.012759 0.005035  -0.000001 -0.935479 -0.353383  0.268090 0.922304 0
0  0.002057 0.012759 0.005035  -0.000019 -0.935479 -0.353384  0.268090 0.947781 0
mount_dovetail_rsr_akr_1913_railed_mount_LOD0
0  -0.002468 0.012759 0.005035  -0.000000 -0.935574 -0.353130  0.268090 0.922304 0
0  -0.002468 0.013077 0.003438  0.000023 -1.000000 -0.000130  0.277256 0.922304 0
0  0.002057 0.012759 0.005035  0.000001 -0.935574 -0.353130  0.268090 0.947781 0
mount_dovetail_rsr_akr_1913_railed_mount_LOD0
0  -0.002468 0.013077 0.003438  -0.000002 -1.000000 -0.000132  0.277256 0.922304 0
0  0.002057 0.013077 0.003438  0.000000 -1.000000 -0.000132  0.277256 0.947781 0
0  0.002057 0.012759 0.005035  -0.000019 -0.935574 -0.353131  0.268090 0.947781 0
mount_dovetail_rsr_akr_1913_railed_mount_LOD0
0  -0.002468 0.013077 0.003438  0.000000 -1.000000 0.000130  0.277256 0.922304 0
0  -0.002468 0.012759 0.001842  0.000023 -0.923972 0.382461  0.286422 0.922304 0
0  0.002057 0.013077 0.003438  0.000003 -1.000000 0.000130  0.277256 0.947781 0
mount_dovetail_rsr_akr_1913_railed_mount_LOD0
0  -0.002468 0.012759 0.001842  -0.000003 -0.923972 0.382461  0.286422 0.922304 0
0  0.002057 0.012759 0.001842  0.000000 -0.923972 0.382461  0.286422 0.947781 0
0  0.002057 0.013077 0.003438  -0.000023 -1.000000 0.000130  0.277256 0.947781 0
mount_dovetail_rsr_akr_1913_railed_mount_LOD0
0  -0.002468 0.012759 0.001842  0.000000 -0.923864 0.382721  0.286422 0.922304 0
0  -0.002468 0.011855 0.000489  0.000023 -0.707205 0.707008  0.295574 0.922304 0
0  0.002057 0.012759 0.001842  0.000003 -0.923864 0.382721  0.286422 0.947781 0
mount_dovetail_rsr_akr_1913_railed_mount_LOD0
0  -0.002468 0.011855 0.000489  -0.000003 -0.707205 0.707009  0.295574 0.922304 0
0  0.002057 0.011855 0.000489  0.000000 -0.707205 0.707009  0.295574 0.947781 0
0  0.002057 0.012759 0.001842  -0.000023 -0.923864 0.382722  0.286422 0.947781 0
mount_dovetail_rsr_akr_1913_railed_mount_LOD0
0  -0.002468 0.011855 0.000489  -0.000000 -0.707007 0.707207  0.295574 0.922304 0
0  -0.002468 0.010502 -0.000416  0.000023 -0.382719 0.923865  0.304742 0.922304 0
0  0.002057 0.011855 0.000489  0.000003 -0.707007 0.707207  0.295574 0.947781 0
mount_dovetail_rsr_akr_1913_railed_mount_LOD0
0  -0.002468 0.010502 -0.000416  -0.000003 -0.382718 0.923865  0.304742 0.922304 0
0  0.002057 0.010502 -0.000416  0.000000 -0.382718 0.923865  0.304742 0.947781 0
0  0.002057 0.011855 0.000489  -0.000023 -0.707006 0.707207  0.295574 0.947781 0
mount_dovetail_rsr_akr_1913_railed_mount_LOD0
0  -0.002468 0.010502 -0.000416  0.000000 -0.382468 0.923969  0.304742 0.922304 0
0  -0.002468 0.008905 -0.000733  0.000000 -0.195090 0.980785  0.313908 0.922304 0
0  0.002057 0.010502 -0.000416  0.000003 -0.382468 0.923969  0.304742 0.947781 0
mount_dovetail_rsr_akr_1913_railed_mount_LOD0
0  -0.002468 0.008905 -0.000733  0.000000 -0.195091 0.980785  0.313908 0.922304 0
0  0.002057 0.008905 -0.000733  0.000000 -0.195091 0.980785  0.313908 0.947781 0
0  0.002057 0.010502 -0.000416  -0.000023 -0.382468 0.923969  0.304742 0.947781 0
mount_dovetail_rsr_akr_1913_railed_mount_LOD0
0  -0.002468 0.047955 0.022636  0.000000 0.195096 -0.980784  0.567789 0.242063 0
0  0.002057 0.047955 0.022636  0.000000 0.195096 -0.980784  0.567789 0.216585 0
0  0.002057 0.046359 0.022318  -0.000023 0.382472 -0.923967  0.576955 0.216585 0
mount_dovetail_rsr_akr_1913_railed_mount_LOD0
0  -0.002468 0.046359 0.022318  0.000000 0.382469 -0.923968  0.576955 0.242063 0
0  -0.002468 0.047955 0.022636  -0.000001 0.195092 -0.980785  0.567789 0.242063 0
0  0.002057 0.046359 0.022318  0.000002 0.382469 -0.923968  0.576955 0.216585 0
mount_dovetail_rsr_akr_1913_railed_mount_LOD0
0  -0.002468 0.046359 0.022318  -0.000004 0.382726 -0.923862  0.576955 0.242063 0
0  0.002057 0.046359 0.022318  -0.000002 0.382726 -0.923862  0.576955 0.216585 0
0  0.002057 0.045006 0.021414  -0.000025 0.707012 -0.707201  0.586121 0.216585 0
mount_dovetail_rsr_akr_1913_railed_mount_LOD0
0  -0.002468 0.045006 0.021414  -0.000003 0.707011 -0.707203  0.586121 0.242063 0
0  -0.002468 0.046359 0.022318  0.000020 0.382724 -0.923863  0.576955 0.242063 0
0  0.002057 0.045006 0.021414  -0.000001 0.707011 -0.707203  0.586121 0.216585 0
mount_dovetail_rsr_akr_1913_railed_mount_LOD0
0  -0.002468 0.045006 0.021414  -0.000006 0.707198 -0.707016  0.586121 0.242063 0
0  0.002057 0.045006 0.021414  -0.000004 0.707198 -0.707016  0.586121 0.216585 0
0  0.002057 0.044102 0.020061  -0.000027 0.923860 -0.382731  0.595287 0.216585 0
mount_dovetail_rsr_akr_1913_railed_mount_LOD0
0  -0.002468 0.044102 0.020061  -0.000004 0.923864 -0.382720  0.595287 0.242063 0
0  -0.002468 0.045006 0.021414  0.000019 0.707206 -0.707008  0.586121 0.242063 0
0  0.002057 0.044102 0.020061  -0.000002 0.923864 -0.382720  0.595287 0.216585 0
mount_dovetail_rsr_akr_1913_railed_mount_LOD0
0  -0.002468 0.044102 0.020061  -0.000007 0.923967 -0.382473  0.595287 0.242063 0
0  0.002057 0.044102 0.020061  -0.000004 0.923967 -0.382473  0.595287 0.216585 0
0  0.002057 0.043784 0.018464  -0.000027 1.000000 -0.000143  0.604454 0.216585 0
mount_dovetail_rsr_akr_1913_railed_mount_LOD0
0  -0.002468 0.043784 0.018464  0.000000 1.000000 -0.000128  0.604454 0.242063 0
0  -0.002468 0.044102 0.020061  0.000023 0.923973 -0.382459  0.595287 0.242063 0
0  0.002057 0.043784 0.018464  0.000003 1.000000 -0.000128  0.604454 0.216585 0
mount_dovetail_rsr_akr_1913_railed_mount_LOD0
0  -0.002468 0.043784 0.018464  -0.000002 1.000000 0.000142  0.604454 0.242063 0
0  0.002057 0.043784 0.018464  0.000000 1.000000 0.000142  0.604454 0.216585 0
0  0.002057 0.044102 0.016868  -0.000019 0.935570 0.353140  0.613620 0.216585 0
mount_dovetail_rsr_akr_1913_railed_mount_LOD0
0  -0.002468 0.044102 0.016868  -0.000004 0.935572 0.353136  0.613620 0.242063 0
0  -0.002468 0.043784 0.018464  0.000019 1.000000 0.000137  0.604454 0.242063 0
0  0.002057 0.044102 0.016868  -0.000002 0.935572 0.353137  0.613620 0.216585 0
mount_dovetail_rsr_akr_1913_railed_mount_LOD0
0  -0.002468 0.044102 0.016868  -0.000003 0.935477 0.353387  0.613620 0.242063 0
0  0.002057 0.044102 0.016868  0.000003 0.935477 0.353387  0.613620 0.216585 0
0  -0.002468 0.052825 0.001842  -0.000004 0.848506 0.529185  0.711439 0.242063 0
mount_dovetail_rsr_akr_1913_railed_mount_LOD0
0  0.002057 0.044102 0.016868  0.000000 0.935478 0.353386  0.613620 0.216585 0
0  0.002057 0.052825 0.001842  0.000000 0.848506 0.529185  0.711439 0.216585 0
0  -0.002468 0.052825 0.001842  -0.000001 0.848507 0.529185  0.711439 0.242063 0
mount_dovetail_rsr_akr_1913_railed_mount_LOD0
0  -0.002468 0.052825 0.001842  -0.000000 0.848502 0.529193  0.711439 0.242063 0
0  0.002057 0.052825 0.001842  0.000000 0.848502 0.529193  0.711439 0.216585 0
0  0.002057 0.053729 0.000489  -0.000023 0.707204 0.707009  0.720602 0.216585 0
mount_dovetail_rsr_akr_1913_railed_mount_LOD0
0  -0.002468 0.053729 0.000489  0.000000 0.707207 0.707007  0.720602 0.242063 0
0  -0.002468 0.052825 0.001842  0.000004 0.848478 0.529231  0.711439 0.242063 0
0  0.002057 0.053729 0.000489  0.000002 0.707207 0.707007  0.720602 0.216585 0
mount_dovetail_rsr_akr_1913_railed_mount_LOD0
0  -0.002468 0.053729 0.000489  -0.000003 0.707006 0.707208  0.720602 0.242063 0
0  0.002057 0.053729 0.000489  0.000000 0.707006 0.707208  0.720602 0.216585 0
0  0.002057 0.055083 -0.000416  -0.000023 0.382717 0.923865  0.729768 0.216585 0
mount_dovetail_rsr_akr_1913_railed_mount_LOD0
0  -0.002468 0.055082 -0.000416  -0.000002 0.382723 0.923863  0.729768 0.242063 0
0  -0.002468 0.053729 0.000489  0.000021 0.707010 0.707203  0.720602 0.242063 0
0  0.002057 0.055083 -0.000416  0.000001 0.382723 0.923863  0.729768 0.216585 0
mount_dovetail_rsr_akr_1913_railed_mount_LOD0
0  -0.002468 0.055082 -0.000416  -0.000004 0.382479 0.923964  0.729768 0.242063 0
0  0.002057 0.055083 -0.000416  -0.000000 0.382479 0.923964  0.729768 0.216585 0
0  0.002057 0.056679 -0.000733  -0.000001 0.195102 0.980783  0.738934 0.216585 0
mount_dovetail_rsr_akr_1913_railed_mount_LOD0
0  -0.002468 0.056679 -0.000733  0.000000 0.195101 0.980783  0.738934 0.242063 0
0  -0.002468 0.055082 -0.000416  0.000024 0.382477 0.923965  0.729768 0.242063 0
0  0.002057 0.056679 -0.000733  0.000000 0.195101 0.980783  0.738934 0.216585 0
mount_dovetail_rsr_akr_1913_railed_mount_LOD0
0  0.000344 0.048819 -0.006035  0.000002 -0.195091 -0.980785  0.237241 0.574379 0
0  0.000344 0.050416 -0.006353  -0.000006 -0.382468 -0.923969  0.246408 0.574395 0
0  0.002057 0.048819 -0.006035  0.000002 -0.195091 -0.980785  0.237241 0.584029 0
mount_dovetail_rsr_akr_1913_railed_mount_LOD0
0  0.000344 0.050416 -0.006353  0.000010 -0.382469 -0.923968  0.246408 0.574395 0
0  0.002057 0.050416 -0.006353  0.000000 -0.382469 -0.923968  0.246408 0.584029 0
0  0.002057 0.048819 -0.006035  0.000000 -0.195092 -0.980785  0.237241 0.584029 0
mount_dovetail_rsr_akr_1913_railed_mount_LOD0
0  0.000344 0.050416 -0.006353  0.000004 -0.382720 -0.923865  0.246408 0.574395 0
0  0.000344 0.051769 -0.007257  -0.000004 -0.707007 -0.707206  0.255576 0.574395 0
0  0.002057 0.050416 -0.006353  -0.000006 -0.382720 -0.923865  0.246408 0.584029 0
mount_dovetail_rsr_akr_1913_railed_mount_LOD0
0  0.000344 0.051769 -0.007257  0.000007 -0.707012 -0.707202  0.255576 0.574395 0
0  0.002057 0.051769 -0.007257  -0.000003 -0.707012 -0.707202  0.255576 0.584029 0
0  0.002057 0.050416 -0.006353  0.000006 -0.382726 -0.923862  0.246408 0.584029 0
mount_dovetail_rsr_akr_1913_railed_mount_LOD0
0  0.000344 0.051769 -0.007257  -0.000002 -0.707207 -0.707007  0.255576 0.574395 0
0  0.000344 0.052673 -0.008610  -0.000010 -0.923865 -0.382719  0.264741 0.574395 0
0  0.002057 0.051769 -0.007257  -0.000011 -0.707207 -0.707007  0.255576 0.584029 0
mount_dovetail_rsr_akr_1913_railed_mount_LOD0
0  0.000344 0.052673 -0.008610  0.000008 -0.923863 -0.382723  0.264741 0.574395 0
0  0.002057 0.052673 -0.008610  -0.000002 -0.923863 -0.382722  0.264728 0.584029 0
0  0.002057 0.051769 -0.007257  0.000007 -0.707204 -0.707010  0.255576 0.584029 0
mount_dovetail_rsr_akr_1913_railed_mount_LOD0
0  0.000344 0.052673 -0.008610  -0.000000 -0.923969 -0.382467  0.264741 0.574395 0
0  0.000344 0.052991 -0.010206  -0.000005 -0.995171 -0.098157  0.273894 0.574395 0
0  0.002057 0.052673 -0.008610  -0.000010 -0.923969 -0.382467  0.264728 0.584029 0
mount_dovetail_rsr_akr_1913_railed_mount_LOD0
0  0.000344 0.052991 -0.010206  0.000005 -0.995170 -0.098167  0.273894 0.574395 0
0  0.002057 0.052991 -0.010206  0.000000 -0.995170 -0.098167  0.273894 0.584029 0
0  0.002057 0.052673 -0.008610  0.000008 -0.923965 -0.382476  0.264728 0.584029 0
mount_dovetail_rsr_akr_1913_railed_mount_LOD0
0  0.000344 0.052991 -0.010206  0.000004 -0.995195 -0.097916  0.273894 0.574395 0
0  0.001133 0.052991 -0.013177  0.000000 -1.000000 0.000009  0.290616 0.578826 0
0  0.002057 0.052991 -0.010206  0.000002 -0.995195 -0.097916  0.273894 0.584029 0
mount_dovetail_rsr_akr_1913_railed_mount_LOD0
0  0.001133 0.052991 -0.013177  0.000000 -1.000000 0.000006  0.290616 0.578826 0
0  0.002057 0.052991 -0.013177  0.000000 -1.000000 0.000006  0.290616 0.584029 0
0  0.002057 0.052991 -0.010206  -0.000013 -0.995194 -0.097919  0.273894 0.584029 0
mount_dovetail_rsr_akr_1913_railed_mount_LOD0
0  0.001133 0.052991 -0.017446  -0.000028 -1.000000 0.000000  0.314664 0.578839 0
0  0.001133 0.052991 -0.013177  -0.000028 -1.000000 0.000000  0.290616 0.578826 0
0  0.000344 0.052991 -0.010206  -0.000002 -0.995194 -0.097925  0.273894 0.574395 0
mount_dovetail_rsr_akr_1913_railed_mount_LOD0
0  0.000345 0.052991 -0.017446  0.000000 -1.000000 0.000003  0.314664 0.574395 0
0  0.001133 0.052991 -0.017446  0.000000 -1.000000 0.000003  0.314664 0.578839 0
0  0.000344 0.052991 -0.010206  0.000000 -0.995194 -0.097922  0.273894 0.574395 0
mount_dovetail_rsr_akr_1913_railed_mount_LOD0
0  0.000344 0.028524 -0.006035  0.000000 0.195092 -0.980785  0.319766 0.583967 0
0  0.002057 0.028524 -0.006035  0.000000 0.195092 -0.980785  0.319766 0.574317 0
0  0.002057 0.026928 -0.006353  0.000008 0.382469 -0.923968  0.328931 0.574317 0
mount_dovetail_rsr_akr_1913_railed_mount_LOD0
0  0.000344 0.026928 -0.006353  0.000000 0.382470 -0.923968  0.328931 0.583967 0
0  0.000344 0.028524 -0.006035  0.000000 0.195093 -0.980785  0.319766 0.583967 0
0  0.002057 0.026928 -0.006353  -0.000009 0.382470 -0.923968  0.328931 0.574317 0
mount_dovetail_rsr_akr_1913_railed_mount_LOD0
0  0.000344 0.026928 -0.006353  0.000008 0.382720 -0.923864  0.328931 0.583967 0
0  0.002057 0.026928 -0.006353  0.000000 0.382720 -0.923864  0.328931 0.574317 0
0  0.002057 0.025574 -0.007257  0.000008 0.707008 -0.707206  0.338097 0.574317 0
mount_dovetail_rsr_akr_1913_railed_mount_LOD0
0  0.000344 0.025574 -0.007257  -0.000003 0.707005 -0.707208  0.338097 0.583967 0
0  0.000344 0.026928 -0.006353  -0.000011 0.382717 -0.923866  0.328931 0.583967 0
0  0.002057 0.025574 -0.007257  -0.000011 0.707005 -0.707208  0.338097 0.574317 0
mount_dovetail_rsr_akr_1913_railed_mount_LOD0
0  0.000344 0.025574 -0.007257  0.000008 0.707210 -0.707003  0.338097 0.583967 0
0  0.002057 0.025574 -0.007257  -0.000001 0.707210 -0.707004  0.338097 0.574317 0
0  0.002057 0.024670 -0.008610  0.000007 0.923867 -0.382714  0.347261 0.574317 0
mount_dovetail_rsr_akr_1913_railed_mount_LOD0
0  0.000344 0.024670 -0.008610  -0.000003 0.923867 -0.382713  0.347261 0.583967 0
0  0.000344 0.025574 -0.007257  -0.000011 0.707211 -0.707002  0.338097 0.583967 0
0  0.002057 0.024670 -0.008610  -0.000012 0.923867 -0.382713  0.347261 0.574317 0
mount_dovetail_rsr_akr_1913_railed_mount_LOD0
0  0.000344 0.024670 -0.008610  0.000008 0.923969 -0.382467  0.347261 0.583967 0
0  0.002057 0.024670 -0.008610  -0.000000 0.923969 -0.382467  0.347261 0.574317 0
0  0.002057 0.024352 -0.010206  0.000004 0.995171 -0.098157  0.356415 0.574317 0
mount_dovetail_rsr_akr_1913_railed_mount_LOD0
0  0.000344 0.024352 -0.010206  -0.000001 0.995171 -0.098155  0.356415 0.583967 0
0  0.000344 0.024670 -0.008610  -0.000009 0.923970 -0.382465  0.347261 0.583967 0
0  0.002057 0.024352 -0.010206  -0.000005 0.995171 -0.098155  0.356415 0.574317 0
mount_dovetail_rsr_akr_1913_railed_mount_LOD0
0  0.002057 0.024352 -0.010206  0.000000 0.995194 -0.097925  0.356415 0.574317 0
0  0.002057 0.024352 -0.013177  0.000000 1.000000 0.000000  0.373151 0.574317 0
0  0.000344 0.024352 -0.010206  0.000006 0.995194 -0.097925  0.356415 0.583967 0
mount_dovetail_rsr_akr_1913_railed_mount_LOD0
0  0.002057 0.024352 -0.013177  0.000000 1.000000 0.000001  0.373151 0.574317 0
0  0.001133 0.024352 -0.013177  0.000000 1.000000 0.000001  0.373151 0.579522 0
0  0.000344 0.024352 -0.010206  -0.000000 0.995194 -0.097923  0.356415 0.583967 0
mount_dovetail_rsr_akr_1913_railed_mount_LOD0
0  0.001133 0.024352 -0.013177  0.000000 1.000000 0.000000  0.373151 0.579522 0
0  0.001133 0.024352 -0.017446  0.000000 1.000000 0.000000  0.397184 0.579522 0
0  0.000344 0.024352 -0.010206  0.000011 0.995194 -0.097925  0.356415 0.583967 0
mount_dovetail_rsr_akr_1913_railed_mount_LOD0
0  0.001133 0.024352 -0.017446  0.000000 1.000000 0.000000  0.397184 0.579522 0
0  0.000345 0.024352 -0.017446  0.000000 1.000000 0.000000  0.397184 0.583967 0
0  0.000344 0.024352 -0.010206  0.000008 0.995194 -0.097924  0.356415 0.583967 0
mount_dovetail_rsr_akr_1913_railed_mount_LOD0
0  -0.002468 -0.013514 0.001842  0.000004 0.831462 0.555581  0.596574 0.330197 0
0  0.002057 -0.013514 0.001842  0.000004 0.831462 0.555581  0.596574 0.304720 0
0  0.002057 -0.012610 0.000489  -0.000019 0.707195 0.707019  0.605740 0.304720 0
mount_dovetail_rsr_akr_1913_railed_mount_LOD0
0  -0.002468 -0.012610 0.000489  0.000001 0.707203 0.707011  0.605740 0.330197 0
0  -0.002468 -0.013514 0.001842  0.000000 0.831468 0.555572  0.596574 0.330197 0
0  0.002057 -0.012610 0.000489  0.000003 0.707203 0.707011  0.605740 0.304720 0
mount_dovetail_rsr_akr_1913_railed_mount_LOD0
0  -0.002468 -0.012610 0.000489  -0.000002 0.707014 0.707199  0.605740 0.330197 0
0  0.002057 -0.012610 0.000489  0.000000 0.707014 0.707199  0.605740 0.304720 0
0  0.002057 -0.011257 -0.000416  -0.000023 0.382729 0.923861  0.614903 0.304720 0
mount_dovetail_rsr_akr_1913_railed_mount_LOD0
0  -0.002468 -0.011257 -0.000416  0.000003 0.382721 0.923864  0.614903 0.330197 0
0  -0.002468 -0.012610 0.000489  0.000026 0.707009 0.707205  0.605740 0.330197 0
0  0.002057 -0.011257 -0.000416  0.000005 0.382721 0.923864  0.614903 0.304720 0
mount_dovetail_rsr_akr_1913_railed_mount_LOD0
0  -0.002468 -0.011257 -0.000416  0.000000 0.382462 0.923971  0.614903 0.330197 0
0  0.002057 -0.011257 -0.000416  0.000003 0.382462 0.923971  0.614903 0.304720 0
0  0.002057 -0.009660 -0.000733  0.000003 0.195085 0.980786  0.624056 0.304720 0
mount_dovetail_rsr_akr_1913_railed_mount_LOD0
0  -0.002468 -0.009660 -0.000733  0.000000 0.195092 0.980785  0.624056 0.330197 0
0  -0.002468 -0.011257 -0.000416  0.000023 0.382469 0.923968  0.614903 0.330197 0
0  0.002057 -0.009660 -0.000733  0.000000 0.195092 0.980785  0.624056 0.304720 0
mount_dovetail_rsr_akr_1913_railed_mount_LOD0
0  0.000344 -0.001739 -0.006035  -0.000004 0.195089 -0.980785  0.146412 0.388815 0
0  0.002057 -0.001739 -0.006035  -0.000004 0.195089 -0.980785  0.146412 0.379173 0
0  0.002057 -0.003335 -0.006353  0.000004 0.382467 -0.923969  0.155578 0.379173 0
mount_dovetail_rsr_akr_1913_railed_mount_LOD0
0  0.000344 -0.003335 -0.006353  0.000000 0.382470 -0.923968  0.155578 0.388815 0
0  0.000344 -0.001739 -0.006035  0.000000 0.195093 -0.980785  0.146412 0.388815 0
0  0.002057 -0.003335 -0.006353  -0.000010 0.382470 -0.923968  0.155578 0.379173 0
mount_dovetail_rsr_akr_1913_railed_mount_LOD0
0  0.000344 -0.003335 -0.006353  0.000009 0.382721 -0.923864  0.155578 0.388815 0
0  0.002057 -0.003335 -0.006353  0.000000 0.382721 -0.923864  0.155578 0.379173 0
0  0.002057 -0.004689 -0.007257  0.000008 0.707009 -0.707205  0.164744 0.379173 0
mount_dovetail_rsr_akr_1913_railed_mount_LOD0
0  0.000344 -0.004689 -0.007257  0.000000 0.707009 -0.707205  0.164744 0.388815 0
0  0.000344 -0.003335 -0.006353  -0.000008 0.382721 -0.923864  0.155578 0.388815 0
0  0.002057 -0.004689 -0.007257  -0.000009 0.707009 -0.707205  0.164744 0.379173 0
mount_dovetail_rsr_akr_1913_railed_mount_LOD0
0  0.000344 -0.004689 -0.007257  0.000009 0.707205 -0.707008  0.164744 0.388815 0
0  0.002057 -0.004689 -0.007257  0.000000 0.707205 -0.707008  0.164744 0.379173 0
0  0.002057 -0.005593 -0.008610  0.000008 0.923864 -0.382721  0.173910 0.379173 0
mount_dovetail_rsr_akr_1913_railed_mount_LOD0
0  0.000344 -0.005593 -0.008610  0.000000 0.923864 -0.382720  0.173910 0.388815 0
0  0.000344 -0.004689 -0.007257  -0.000008 0.707206 -0.707008  0.164744 0.388815 0
0  0.002057 -0.005593 -0.008610  -0.000009 0.923864 -0.382720  0.173910 0.379173 0
mount_dovetail_rsr_akr_1913_railed_mount_LOD0
0  0.000344 -0.005593 -0.008610  0.000009 0.923969 -0.382466  0.173910 0.388815 0
0  0.002057 -0.005593 -0.008610  0.000000 0.923969 -0.382466  0.173910 0.379173 0
0  0.002057 -0.005910 -0.010206  0.000008 1.000000 -0.000088  0.183075 0.379173 0
mount_dovetail_rsr_akr_1913_railed_mount_LOD0
0  0.000344 -0.005910 -0.010206  0.000000 1.000000 -0.000088  0.183075 0.388815 0
0  0.000344 -0.005593 -0.008610  -0.000008 0.923969 -0.382466  0.173910 0.388815 0
0  0.002057 -0.005910 -0.010206  -0.000009 1.000000 -0.000088  0.183075 0.379173 0
mount_dovetail_rsr_akr_1913_railed_mount_LOD0
0  0.000344 -0.005910 -0.010206  0.000009 1.000000 0.000149  0.183075 0.388815 0
0  0.002057 -0.005910 -0.010206  0.000000 1.000000 0.000149  0.183075 0.379173 0
0  0.002057 -0.005593 -0.011803  0.000000 0.980774 0.195148  0.192242 0.379173 0
mount_dovetail_rsr_akr_1913_railed_mount_LOD0
0  0.000345 -0.005593 -0.011803  0.000006 0.980772 0.195156  0.192242 0.388815 0
0  0.000344 -0.005910 -0.010206  -0.000001 1.000000 0.000157  0.183075 0.388815 0
0  0.002057 -0.005593 -0.011803  0.000006 0.980772 0.195156  0.192242 0.379173 0
mount_dovetail_rsr_akr_1913_railed_mount_LOD0
0  0.002057 -0.009660 -0.000733  0.000000 0.000000 1.000000  0.046458 0.636675 0
0  0.002057 0.008905 -0.000733  0.000000 0.000000 1.000000  0.150994 0.636620 0
0  -0.002468 -0.009660 -0.000733  0.000000 0.000000 1.000000  0.046471 0.662145 0
mount_dovetail_rsr_akr_1913_railed_mount_LOD0
0  0.002057 0.008905 -0.000733  0.000000 0.000000 1.000000  0.150994 0.636620 0
0  -0.002468 0.008905 -0.000733  0.000000 0.000000 1.000000  0.151004 0.662091 0
0  -0.002468 -0.009660 -0.000733  0.000000 0.000000 1.000000  0.046471 0.662145 0
mount_dovetail_rsr_akr_1913_railed_mount_LOD0
0  -0.002468 0.008905 -0.000733  -0.000004 0.000000 1.000000  0.151004 0.662091 0
0  -0.003992 0.031855 -0.000733  -0.000004 0.000000 1.000000  0.280230 0.670619 0
0  -0.002468 -0.009660 -0.000733  -0.000004 0.000000 1.000000  0.046471 0.662145 0
mount_dovetail_rsr_akr_1913_railed_mount_LOD0
0  -0.002468 0.023804 -0.000733  -0.000004 -0.000000 1.000000  0.234894 0.662054 0
0  -0.003992 0.031855 -0.000733  -0.000004 -0.000000 1.000000  0.280230 0.670619 0
0  -0.002468 0.008905 -0.000733  -0.000004 -0.000000 1.000000  0.151004 0.662091 0
mount_dovetail_rsr_akr_1913_railed_mount_LOD0
0  -0.003992 0.031855 -0.000733  -0.000004 0.000000 1.000000  0.280230 0.670619 0
0  -0.003992 -0.017556 -0.000733  -0.000004 0.000000 1.000000  0.002018 0.670750 0
0  -0.002468 -0.009660 -0.000733  -0.000004 0.000000 1.000000  0.046471 0.662145 0
mount_dovetail_rsr_akr_1913_railed_mount_LOD0
0  -0.002468 -0.009660 -0.000733  -0.000004 -0.000000 1.000000  0.046471 0.662145 0
0  -0.003992 -0.017556 -0.000733  -0.000004 -0.000000 1.000000  0.002018 0.670750 0
0  -0.002468 -0.017556 -0.000733  -0.000004 -0.000000 1.000000  0.002016 0.662172 0
mount_dovetail_rsr_akr_1913_railed_mount_LOD0
0  -0.002468 0.041884 -0.000733  -0.000004 0.000000 1.000000  0.336690 0.662028 0
0  -0.003992 0.031855 -0.000733  -0.000004 0.000000 1.000000  0.280230 0.670619 0
0  -0.002468 0.023804 -0.000733  -0.000004 0.000000 1.000000  0.234894 0.662054 0
mount_dovetail_rsr_akr_1913_railed_mount_LOD0
0  -0.002468 0.023804 -0.000733  0.000015 0.000000 1.000000  0.234894 0.662054 0
0  0.002057 0.027951 -0.000733  0.000015 0.000000 1.000000  0.258233 0.636582 0
0  -0.002468 0.041884 -0.000733  0.000015 0.000000 1.000000  0.336690 0.662028 0
mount_dovetail_rsr_akr_1913_railed_mount_LOD0
0  0.002057 0.023804 -0.000733  0.000000 0.000016 1.000000  0.234886 0.636582 0
0  0.002057 0.027951 -0.000733  0.000000 0.000016 1.000000  0.258233 0.636582 0
0  -0.002468 0.023804 -0.000733  0.000000 0.000016 1.000000  0.234894 0.662054 0
mount_dovetail_rsr_akr_1913_railed_mount_LOD0
0  0.002057 0.027951 -0.000733  -0.000001 -0.000005 1.000000  0.258233 0.636582 0
0  0.002057 0.041884 -0.000733  -0.000001 -0.000005 1.000000  0.336679 0.636543 0
0  -0.002468 0.041884 -0.000733  -0.000001 -0.000005 1.000000  0.336690 0.662028 0
mount_dovetail_rsr_akr_1913_railed_mount_LOD0
0  0.002057 0.027951 -0.000733  0.000028 -0.000005 1.000000  0.258233 0.636582 0
0  0.004261 0.027951 -0.000733  0.000028 -0.000005 1.000000  0.258224 0.624188 0
0  0.002057 0.041884 -0.000733  0.000028 -0.000005 1.000000  0.336679 0.636543 0
mount_dovetail_rsr_akr_1913_railed_mount_LOD0
0  -0.002468 0.056679 -0.000733  -0.000012 0.000001 1.000000  0.419997 0.661961 0
0  -0.003992 0.031855 -0.000733  -0.000012 0.000001 1.000000  0.280230 0.670619 0
0  -0.002468 0.041884 -0.000733  -0.000012 0.000001 1.000000  0.336690 0.662028 0
mount_dovetail_rsr_akr_1913_railed_mount_LOD0
0  0.002057 0.041884 -0.000733  0.000071 0.000002 1.000000  0.336679 0.636543 0
0  0.004261 0.027951 -0.000733  0.000071 0.000002 1.000000  0.258224 0.624188 0
0  0.002057 0.056679 -0.000733  0.000071 0.000002 1.000000  0.419984 0.636476 0
mount_dovetail_rsr_akr_1913_railed_mount_LOD0
0  0.004261 0.027951 -0.000733  0.000013 -0.000003 1.000000  0.258224 0.624188 0
0  0.004261 0.075242 -0.000733  0.000013 -0.000003 1.000000  0.524495 0.624002 0
0  0.002057 0.056679 -0.000733  0.000013 -0.000003 1.000000  0.419984 0.636476 0
mount_dovetail_rsr_akr_1913_railed_mount_LOD0
0  0.002057 0.056679 -0.000733  0.000000 -0.000001 1.000000  0.419984 0.636476 0
0  0.004261 0.075242 -0.000733  0.000000 -0.000001 1.000000  0.524495 0.624002 0
0  -0.002468 0.075242 -0.000733  0.000000 -0.000001 1.000000  0.524509 0.661924 0
mount_dovetail_rsr_akr_1913_railed_mount_LOD0
0  -0.002468 0.056679 -0.000733  0.000000 -0.000001 1.000000  0.419997 0.661961 0
0  0.002057 0.056679 -0.000733  0.000000 -0.000001 1.000000  0.419984 0.636476 0
0  -0.002468 0.075242 -0.000733  0.000000 -0.000001 1.000000  0.524509 0.661924 0
mount_dovetail_rsr_akr_1913_railed_mount_LOD0
0  -0.003992 0.088472 -0.000733  0.000009 0.000000 1.000000  0.599013 0.670486 0
0  -0.003992 0.031855 -0.000733  0.000009 0.000000 1.000000  0.280230 0.670619 0
0  -0.002468 0.056679 -0.000733  0.000009 0.000000 1.000000  0.419997 0.661961 0
mount_dovetail_rsr_akr_1913_railed_mount_LOD0
0  -0.002468 0.075242 -0.000733  -0.000018 -0.000001 1.000000  0.524509 0.661924 0
0  -0.003992 0.088472 -0.000733  -0.000018 -0.000001 1.000000  0.599013 0.670486 0
0  -0.002468 0.056679 -0.000733  -0.000018 -0.000001 1.000000  0.419997 0.661961 0
mount_dovetail_rsr_akr_1913_railed_mount_LOD0
0  -0.003058 0.088472 -0.000733  0.000000 0.000001 1.000000  0.599013 0.665216 0
0  -0.003992 0.088472 -0.000733  0.000000 0.000001 1.000000  0.599013 0.670486 0
0  -0.002468 0.075242 -0.000733  0.000000 0.000001 1.000000  0.524509 0.661924 0
mount_dovetail_rsr_akr_1913_railed_mount_LOD0
0  -0.002468 0.090282 -0.000733  -0.000010 0.000000 1.000000  0.609198 0.661897 0
0  -0.003058 0.088472 -0.000733  -0.000010 0.000000 1.000000  0.599013 0.665216 0
0  -0.002468 0.075242 -0.000733  -0.000010 0.000000 1.000000  0.524509 0.661924 0
mount_dovetail_rsr_akr_1913_railed_mount_LOD0
0  -0.003058 0.091813 -0.000733  0.000042 0.048958 0.998801  0.617815 0.665216 0
0  -0.003058 0.088472 -0.000733  0.000328 -0.000110 1.000000  0.599013 0.665216 0
0  -0.002468 0.090282 -0.000733  0.000328 -0.000110 1.000000  0.609198 0.661897 0
mount_dovetail_rsr_akr_1913_railed_mount_LOD0
0  -0.002468 0.015081 0.022636  0.000000 0.195090 -0.980785  0.318143 0.947713 0
0  0.002057 0.015081 0.022636  0.000000 0.195090 -0.980785  0.318143 0.922237 0
0  0.002057 0.013485 0.022318  -0.000023 0.382467 -0.923969  0.327309 0.922237 0
mount_dovetail_rsr_akr_1913_railed_mount_LOD0
0  -0.002468 0.013485 0.022318  -0.000000 0.382467 -0.923969  0.327309 0.947713 0
0  -0.002468 0.015081 0.022636  0.000000 0.195090 -0.980785  0.318143 0.947713 0
0  0.002057 0.013485 0.022318  0.000002 0.382467 -0.923969  0.327309 0.922237 0
mount_dovetail_rsr_akr_1913_railed_mount_LOD0
0  -0.002468 0.013485 0.022318  -0.000003 0.382725 -0.923862  0.327309 0.947713 0
0  0.002057 0.013485 0.022318  0.000000 0.382725 -0.923862  0.327309 0.922237 0
0  0.002057 0.012131 0.021414  -0.000023 0.707011 -0.707202  0.336475 0.922237 0
mount_dovetail_rsr_akr_1913_railed_mount_LOD0
0  -0.002468 0.012131 0.021414  0.000000 0.707011 -0.707202  0.336475 0.947713 0
0  -0.002468 0.013485 0.022318  0.000023 0.382725 -0.923862  0.327309 0.947713 0
0  0.002057 0.012131 0.021414  0.000003 0.707011 -0.707202  0.336475 0.922237 0
mount_dovetail_rsr_akr_1913_railed_mount_LOD0
0  -0.002468 0.012131 0.021414  -0.000002 0.707203 -0.707011  0.336475 0.947713 0
0  0.002057 0.012131 0.021414  0.000000 0.707203 -0.707011  0.336475 0.922237 0
0  0.002057 0.011227 0.020061  -0.000023 0.923863 -0.382724  0.345642 0.922237 0
mount_dovetail_rsr_akr_1913_railed_mount_LOD0
0  -0.002468 0.011227 0.020061  0.000000 0.923863 -0.382724  0.345642 0.947713 0
0  -0.002468 0.012131 0.021414  0.000023 0.707203 -0.707011  0.336475 0.947713 0
0  0.002057 0.011227 0.020061  0.000002 0.923863 -0.382724  0.345642 0.922237 0
mount_dovetail_rsr_akr_1913_railed_mount_LOD0
0  -0.002468 0.011227 0.020061  -0.000003 0.923967 -0.382472  0.345642 0.947713 0
0  0.002057 0.011227 0.020061  0.000000 0.923967 -0.382472  0.345642 0.922237 0
0  0.002057 0.010910 0.018464  -0.000023 1.000000 -0.000142  0.354808 0.922237 0
mount_dovetail_rsr_akr_1913_railed_mount_LOD0
0  -0.002468 0.010910 0.018464  0.000000 1.000000 -0.000142  0.354808 0.947713 0
0  -0.002468 0.011227 0.020061  0.000023 0.923967 -0.382472  0.345642 0.947713 0
0  0.002057 0.010910 0.018464  0.000003 1.000000 -0.000142  0.354808 0.922237 0
mount_dovetail_rsr_akr_1913_railed_mount_LOD0
0  -0.002468 0.010910 0.018464  -0.000003 1.000000 0.000143  0.354808 0.947713 0
0  0.002057 0.010910 0.018464  0.000000 1.000000 0.000143  0.354808 0.922237 0
0  0.002057 0.011227 0.016868  -0.000019 0.935570 0.353142  0.363974 0.922237 0
mount_dovetail_rsr_akr_1913_railed_mount_LOD0
0  -0.002468 0.011227 0.016868  0.000000 0.935570 0.353142  0.363974 0.947713 0
0  -0.002468 0.010910 0.018464  0.000023 1.000000 0.000143  0.354808 0.947713 0
0  0.002057 0.011227 0.016868  0.000002 0.935570 0.353142  0.363974 0.922237 0
mount_dovetail_rsr_akr_1913_railed_mount_LOD0
0  -0.002468 0.011227 0.016868  0.000000 0.935478 0.353385  0.363974 0.947713 0
0  0.002057 0.011227 0.016868  -0.000018 0.935478 0.353385  0.363974 0.922237 0
0  -0.002468 0.019951 0.001842  -0.000000 0.848507 0.529184  0.461793 0.947713 0
mount_dovetail_rsr_akr_1913_railed_mount_LOD0
0  0.002057 0.011227 0.016868  0.000000 0.935478 0.353385  0.363974 0.922237 0
0  0.002057 0.019951 0.001842  -0.000000 0.848507 0.529184  0.461793 0.922237 0
0  -0.002468 0.019951 0.001842  0.000004 0.848507 0.529184  0.461793 0.947713 0
mount_dovetail_rsr_akr_1913_railed_mount_LOD0
0  -0.002468 0.019951 0.001842  -0.000000 0.848499 0.529197  0.461793 0.947713 0
0  0.002057 0.019951 0.001842  0.000000 0.848499 0.529197  0.461793 0.922237 0
0  0.002057 0.020855 0.000489  -0.000023 0.707201 0.707012  0.470959 0.922237 0
mount_dovetail_rsr_akr_1913_railed_mount_LOD0
0  -0.002468 0.020855 0.000489  0.000000 0.707202 0.707011  0.470959 0.947713 0
0  -0.002468 0.019951 0.001842  0.000004 0.848500 0.529195  0.461793 0.947713 0
0  0.002057 0.020855 0.000489  0.000003 0.707202 0.707011  0.470959 0.922237 0
mount_dovetail_rsr_akr_1913_railed_mount_LOD0
0  -0.002468 0.020855 0.000489  -0.000002 0.707011 0.707202  0.470959 0.947713 0
0  0.002057 0.020855 0.000489  0.000000 0.707011 0.707202  0.470959 0.922237 0
0  0.002057 0.022208 -0.000416  -0.000023 0.382725 0.923863  0.480125 0.922237 0
mount_dovetail_rsr_akr_1913_railed_mount_LOD0
0  -0.002468 0.022208 -0.000416  0.000000 0.382724 0.923863  0.480125 0.947713 0
0  -0.002468 0.020855 0.000489  0.000023 0.707010 0.707203  0.470959 0.947713 0
0  0.002057 0.022208 -0.000416  0.000002 0.382724 0.923863  0.480125 0.922237 0
mount_dovetail_rsr_akr_1913_railed_mount_LOD0
0  -0.002468 0.022208 -0.000416  -0.000002 0.382469 0.923968  0.480125 0.947713 0
0  0.002057 0.022208 -0.000416  0.000000 0.382469 0.923968  0.480125 0.922237 0
0  0.002057 0.023804 -0.000733  0.000000 0.195092 0.980785  0.489291 0.922237 0
mount_dovetail_rsr_akr_1913_railed_mount_LOD0
0  -0.002468 0.023804 -0.000733  0.000000 0.195092 0.980785  0.489291 0.947713 0
0  -0.002468 0.022208 -0.000416  0.000023 0.382469 0.923968  0.480125 0.947713 0
0  0.002057 0.023804 -0.000733  0.000000 0.195092 0.980785  0.489291 0.922237 0
mount_dovetail_rsr_akr_1913_railed_mount_LOD0
0  -0.002468 0.033161 0.022636  0.000000 -0.195096 -0.980784  0.493494 0.922240 0
0  -0.002468 0.034758 0.022318  0.000023 -0.382473 -0.923967  0.502659 0.922240 0
0  0.002057 0.033161 0.022636  0.000000 -0.195096 -0.980784  0.493494 0.947718 0
mount_dovetail_rsr_akr_1913_railed_mount_LOD0
0  -0.002468 0.034758 0.022318  -0.000003 -0.382472 -0.923967  0.502659 0.922240 0
0  0.002057 0.034758 0.022318  0.000000 -0.382472 -0.923967  0.502659 0.947718 0
0  0.002057 0.033161 0.022636  0.000000 -0.195095 -0.980784  0.493494 0.947718 0
mount_dovetail_rsr_akr_1913_railed_mount_LOD0
0  -0.002468 0.034758 0.022318  0.000000 -0.382724 -0.923863  0.502659 0.922240 0
0  -0.002468 0.036111 0.021414  0.000023 -0.707011 -0.707203  0.511825 0.922240 0
0  0.002057 0.034758 0.022318  0.000002 -0.382724 -0.923863  0.502659 0.947718 0
mount_dovetail_rsr_akr_1913_railed_mount_LOD0
0  -0.002468 0.036111 0.021414  -0.000002 -0.707011 -0.707203  0.511825 0.922240 0
0  0.002057 0.036111 0.021414  0.000000 -0.707011 -0.707203  0.511825 0.947718 0
0  0.002057 0.034758 0.022318  -0.000023 -0.382724 -0.923863  0.502659 0.947718 0
mount_dovetail_rsr_akr_1913_railed_mount_LOD0
0  -0.002468 0.036111 0.021414  0.000000 -0.707204 -0.707010  0.511825 0.922240 0
0  -0.002468 0.037015 0.020061  0.000004 -0.848501 -0.529193  0.520991 0.922240 0
0  0.002057 0.036111 0.021414  0.000002 -0.707204 -0.707010  0.511825 0.947718 0
mount_dovetail_rsr_akr_1913_railed_mount_LOD0
0  -0.002468 0.037015 0.020061  -0.000000 -0.848476 -0.529234  0.520991 0.922240 0
0  0.002057 0.037015 0.020061  0.000000 -0.848476 -0.529234  0.520991 0.947718 0
0  0.002057 0.036111 0.021414  -0.000023 -0.707204 -0.707010  0.511825 0.947718 0
mount_dovetail_rsr_akr_1913_railed_mount_LOD0
0  0.002057 0.037015 0.020061  0.000000 -0.848488 -0.529214  0.520991 0.947718 0
0  -0.002468 0.037015 0.020061  0.000004 -0.848488 -0.529214  0.520991 0.922240 0
0  0.002057 0.045738 0.005035  0.000000 -0.935482 -0.353374  0.618811 0.947718 0
mount_dovetail_rsr_akr_1913_railed_mount_LOD0
0  -0.002468 0.037015 0.020061  -0.000000 -0.848488 -0.529214  0.520991 0.922240 0
0  -0.002468 0.045738 0.005035  0.000000 -0.935482 -0.353373  0.618811 0.922240 0
0  0.002057 0.045738 0.005035  -0.000019 -0.935482 -0.353373  0.618811 0.947718 0
mount_dovetail_rsr_akr_1913_railed_mount_LOD0
0  -0.002468 0.045738 0.005035  0.000000 -0.935568 -0.353146  0.618811 0.922240 0
0  -0.002468 0.046056 0.003438  0.000023 -1.000000 -0.000147  0.627976 0.922240 0
0  0.002057 0.045738 0.005035  0.000002 -0.935568 -0.353146  0.618811 0.947718 0
mount_dovetail_rsr_akr_1913_railed_mount_LOD0
0  -0.002468 0.046056 0.003438  -0.000003 -1.000000 -0.000140  0.627976 0.922240 0
0  0.002057 0.046056 0.003438  0.000000 -1.000000 -0.000140  0.627976 0.947718 0
0  0.002057 0.045738 0.005035  -0.000019 -0.935571 -0.353139  0.618811 0.947718 0
mount_dovetail_rsr_akr_1913_railed_mount_LOD0
0  -0.002468 0.046056 0.003438  0.000000 -1.000000 0.000141  0.627976 0.922240 0
0  -0.002468 0.045738 0.001842  0.000023 -0.923968 0.382471  0.637143 0.922240 0
0  0.002057 0.046056 0.003438  0.000002 -1.000000 0.000141  0.627976 0.947718 0
mount_dovetail_rsr_akr_1913_railed_mount_LOD0
0  -0.002468 0.045738 0.001842  -0.000002 -0.923965 0.382476  0.637143 0.922240 0
0  0.002057 0.045738 0.001842  0.000000 -0.923965 0.382476  0.637143 0.947718 0
0  0.002057 0.046056 0.003438  -0.000023 -1.000000 0.000147  0.627976 0.947718 0
mount_dovetail_rsr_akr_1913_railed_mount_LOD0
0  -0.002468 0.045738 0.001842  0.000001 -0.923865 0.382719  0.637143 0.922240 0
0  -0.002468 0.044834 0.000489  0.000024 -0.707207 0.707007  0.646308 0.922240 0
0  0.002057 0.045738 0.001842  0.000003 -0.923865 0.382719  0.637143 0.947718 0
mount_dovetail_rsr_akr_1913_railed_mount_LOD0
0  -0.002468 0.044834 0.000489  0.000002 -0.707211 0.707002  0.646308 0.922240 0
0  0.002057 0.044834 0.000489  0.000005 -0.707211 0.707002  0.646308 0.947718 0
0  0.002057 0.045738 0.001842  -0.000018 -0.923867 0.382713  0.637143 0.947718 0
mount_dovetail_rsr_akr_1913_railed_mount_LOD0
0  -0.002468 0.044834 0.000489  0.000004 -0.707009 0.707204  0.646308 0.922240 0
0  -0.002468 0.043481 -0.000416  0.000027 -0.382722 0.923863  0.655460 0.922240 0
0  0.002057 0.044834 0.000489  0.000007 -0.707009 0.707204  0.646308 0.947718 0
mount_dovetail_rsr_akr_1913_railed_mount_LOD0
0  -0.002468 0.043481 -0.000416  -0.000001 -0.382714 0.923867  0.655460 0.922240 0
0  0.002057 0.043481 -0.000416  0.000003 -0.382714 0.923867  0.655460 0.947718 0
0  0.002057 0.044834 0.000489  -0.000021 -0.707003 0.707211  0.646308 0.947718 0
mount_dovetail_rsr_akr_1913_railed_mount_LOD0
0  -0.002468 0.043481 -0.000416  0.000001 -0.382471 0.923968  0.655460 0.922240 0
0  -0.002468 0.041884 -0.000733  0.000001 -0.195094 0.980785  0.664626 0.922240 0
0  0.002057 0.043481 -0.000416  0.000003 -0.382471 0.923968  0.655460 0.947718 0
mount_dovetail_rsr_akr_1913_railed_mount_LOD0
0  -0.002468 0.041884 -0.000733  -0.000001 -0.195088 0.980786  0.664626 0.922240 0
0  0.002057 0.041884 -0.000733  -0.000001 -0.195088 0.980786  0.664626 0.947718 0
0  0.002057 0.043481 -0.000416  -0.000024 -0.382465 0.923970  0.655460 0.947718 0
mount_dovetail_rsr_akr_1913_railed_mount_LOD0
0  0.002057 0.015081 0.022636  1.000000 0.000000 -0.000001  0.490837 0.620549 0
0  0.002057 0.000182 0.022636  1.000000 0.000000 -0.000001  0.490837 0.536662 0
0  0.002057 0.013485 0.022318  1.000000 0.000000 -0.000001  0.492628 0.611563 0
mount_dovetail_rsr_akr_1913_railed_mount_LOD0
0  0.002057 0.000182 0.022636  1.000000 0.000000 0.000001  0.490837 0.536662 0
0  0.002057 0.001778 0.022318  1.000000 0.000000 0.000001  0.492628 0.545648 0
0  0.002057 0.013485 0.022318  1.000000 0.000000 0.000001  0.492628 0.611563 0
mount_dovetail_rsr_akr_1913_railed_mount_LOD0
0  0.002057 0.013485 0.022318  1.000000 0.000000 -0.000000  0.492628 0.611563 0
0  0.002057 0.001778 0.022318  1.000000 0.000000 -0.000000  0.492628 0.545648 0
0  0.002057 0.012131 0.021414  1.000000 0.000000 -0.000000  0.497714 0.603944 0
mount_dovetail_rsr_akr_1913_railed_mount_LOD0
0  0.002057 0.001778 0.022318  1.000000 0.000000 0.000001  0.492628 0.545648 0
0  0.002057 0.003132 0.021414  1.000000 0.000000 0.000001  0.497714 0.553269 0
0  0.002057 0.012131 0.021414  1.000000 0.000000 0.000001  0.497714 0.603944 0
mount_dovetail_rsr_akr_1913_railed_mount_LOD0
0  0.002057 0.012131 0.021414  1.000000 0.000000 0.000000  0.497714 0.603944 0
0  0.002057 0.003132 0.021414  1.000000 0.000000 0.000000  0.497714 0.553269 0
0  0.002057 0.004036 0.020061  1.000000 0.000000 0.000000  0.505336 0.558360 0
mount_dovetail_rsr_akr_1913_railed_mount_LOD0
0  0.002057 0.011227 0.020061  1.000000 0.000000 -0.000000  0.505336 0.598852 0
0  0.002057 0.012131 0.021414  1.000000 0.000000 -0.000000  0.497714 0.603944 0
0  0.002057 0.004036 0.020061  1.000000 0.000000 -0.000000  0.505336 0.558360 0
mount_dovetail_rsr_akr_1913_railed_mount_LOD0
0  0.002057 0.010910 0.018464  1.000000 0.000000 -0.000000  0.514334 0.597064 0
0  0.002057 0.011227 0.020061  1.000000 0.000000 -0.000000  0.505336 0.598852 0
0  0.002057 0.004036 0.020061  1.000000 0.000000 -0.000000  0.505336 0.558360 0
mount_dovetail_rsr_akr_1913_railed_mount_LOD0
0  0.002057 0.011227 0.016868  1.000000 0.000000 0.000000  0.523316 0.598852 0
0  0.002057 0.010910 0.018464  1.000000 0.000000 0.000000  0.514334 0.597064 0
0  0.002057 0.004036 0.020061  1.000000 0.000000 0.000000  0.505336 0.558360 0
mount_dovetail_rsr_akr_1913_railed_mount_LOD0
0  0.002057 0.019951 0.001842  1.000000 0.000001 0.000001  0.607914 0.647967 0
0  0.002057 0.011227 0.016868  1.000000 0.000001 0.000001  0.523316 0.598852 0
0  0.002057 0.004036 0.020061  1.000000 0.000001 0.000001  0.505336 0.558360 0
mount_dovetail_rsr_akr_1913_railed_mount_LOD0
0  0.002057 0.012759 0.005035  1.000000 -0.000001 -0.000001  0.589936 0.607478 0
0  0.002057 0.019951 0.001842  1.000000 -0.000001 -0.000001  0.607914 0.647967 0
0  0.002057 0.004036 0.020061  1.000000 -0.000001 -0.000001  0.505336 0.558360 0
mount_dovetail_rsr_akr_1913_railed_mount_LOD0
0  0.002057 0.013077 0.003438  1.000000 -0.000000 -0.000000  0.598933 0.609265 0
0  0.002057 0.019951 0.001842  1.000000 -0.000000 -0.000000  0.607914 0.647967 0
0  0.002057 0.012759 0.005035  1.000000 -0.000000 -0.000000  0.589936 0.607478 0
mount_dovetail_rsr_akr_1913_railed_mount_LOD0
0  0.002057 0.012759 0.001842  1.000000 -0.000000 0.000000  0.607914 0.607478 0
0  0.002057 0.019951 0.001842  1.000000 -0.000000 0.000000  0.607914 0.647967 0
0  0.002057 0.013077 0.003438  1.000000 -0.000000 0.000000  0.598933 0.609265 0
mount_dovetail_rsr_akr_1913_railed_mount_LOD0
0  0.002057 0.020855 0.000489  1.000000 -0.000000 -0.000000  0.615540 0.653060 0
0  0.002057 0.019951 0.001842  1.000000 -0.000000 -0.000000  0.607914 0.647967 0
0  0.002057 0.012759 0.001842  1.000000 -0.000000 -0.000000  0.607914 0.607478 0
mount_dovetail_rsr_akr_1913_railed_mount_LOD0
0  0.002057 0.011855 0.000489  1.000000 -0.000000 0.000000  0.615540 0.602387 0
0  0.002057 0.020855 0.000489  1.000000 -0.000000 0.000000  0.615540 0.653060 0
0  0.002057 0.012759 0.001842  1.000000 -0.000000 0.000000  0.607914 0.607478 0
mount_dovetail_rsr_akr_1913_railed_mount_LOD0
0  0.002057 0.022208 -0.000416  1.000000 -0.000000 -0.000001  0.620625 0.660678 0
0  0.002057 0.020855 0.000489  1.000000 -0.000000 -0.000001  0.615540 0.653060 0
0  0.002057 0.011855 0.000489  1.000000 -0.000000 -0.000001  0.615540 0.602387 0
mount_dovetail_rsr_akr_1913_railed_mount_LOD0
0  0.002057 0.010502 -0.000416  1.000000 -0.000000 0.000000  0.620625 0.594767 0
0  0.002057 0.022208 -0.000416  1.000000 -0.000000 0.000000  0.620625 0.660678 0
0  0.002057 0.011855 0.000489  1.000000 -0.000000 0.000000  0.615540 0.602387 0
mount_dovetail_rsr_akr_1913_railed_mount_LOD0
0  0.002057 0.010502 -0.000416  1.000000 -0.000000 0.000001  0.620625 0.594767 0
0  0.002057 0.015986 -0.006035  1.000000 -0.000000 0.000001  0.652267 0.625647 0
0  0.002057 0.022208 -0.000416  1.000000 -0.000000 0.000001  0.620625 0.660678 0
mount_dovetail_rsr_akr_1913_railed_mount_LOD0
0  0.002057 0.008905 -0.000733  1.000000 -0.000000 0.000001  0.622416 0.585780 0
0  0.002057 0.015986 -0.006035  1.000000 -0.000000 0.000001  0.652267 0.625647 0
0  0.002057 0.010502 -0.000416  1.000000 -0.000000 0.000001  0.620625 0.594767 0
mount_dovetail_rsr_akr_1913_railed_mount_LOD0
0  0.002057 0.022208 -0.000416  1.000000 0.000000 0.000000  0.620625 0.660678 0
0  0.002057 0.015986 -0.006035  1.000000 0.000000 0.000000  0.652267 0.625647 0
0  0.002057 0.023804 -0.000733  1.000000 0.000000 0.000000  0.622416 0.669664 0
mount_dovetail_rsr_akr_1913_railed_mount_LOD0
0  0.002057 -0.001739 -0.006035  1.000000 -0.000000 0.000001  0.652267 0.525847 0
0  0.002057 0.015986 -0.006035  1.000000 -0.000000 0.000001  0.652267 0.625647 0
0  0.002057 0.008905 -0.000733  1.000000 -0.000000 0.000001  0.622416 0.585780 0
mount_dovetail_rsr_akr_1913_railed_mount_LOD0
0  0.002057 0.008905 -0.000733  1.000000 0.000000 -0.000000  0.622416 0.585780 0
0  0.002057 -0.009660 -0.000733  1.000000 0.000000 -0.000000  0.622416 0.481247 0
0  0.002057 -0.001739 -0.006035  1.000000 0.000000 -0.000000  0.652267 0.525847 0
mount_dovetail_rsr_akr_1913_railed_mount_LOD0
0  0.002057 -0.001739 -0.006035  1.000000 0.000000 -0.000000  0.652267 0.525847 0
0  0.002057 -0.009660 -0.000733  1.000000 0.000000 -0.000000  0.622416 0.481247 0
0  0.002057 -0.003335 -0.006353  1.000000 0.000000 -0.000000  0.654058 0.516861 0
mount_dovetail_rsr_akr_1913_railed_mount_LOD0
0  0.002057 -0.003335 -0.006353  1.000000 0.000000 -0.000000  0.654058 0.516861 0
0  0.002057 -0.009660 -0.000733  1.000000 0.000000 -0.000000  0.622416 0.481247 0
0  0.002057 -0.004689 -0.007257  1.000000 0.000000 -0.000000  0.659144 0.509241 0
mount_dovetail_rsr_akr_1913_railed_mount_LOD0
0  0.002057 -0.004689 -0.007257  1.000000 0.000000 -0.000000  0.659144 0.509241 0
0  0.002057 -0.009660 -0.000733  1.000000 0.000000 -0.000000  0.622416 0.481247 0
0  0.002057 -0.005593 -0.008610  1.000000 0.000000 -0.000000  0.666769 0.504149 0
mount_dovetail_rsr_akr_1913_railed_mount_LOD0
0  0.002057 -0.009660 -0.000733  1.000000 0.000000 -0.000000  0.622416 0.481247 0
0  0.002057 -0.011257 -0.000416  1.000000 0.000000 -0.000000  0.620625 0.472259 0
0  0.002057 -0.005593 -0.008610  1.000000 0.000000 -0.000000  0.666769 0.504149 0
mount_dovetail_rsr_akr_1913_railed_mount_LOD0
0  0.002057 -0.005593 -0.008610  1.000000 0.000000 -0.000000  0.666769 0.504149 0
0  0.002057 -0.011257 -0.000416  1.000000 0.000000 -0.000000  0.620625 0.472259 0
0  0.002057 -0.005910 -0.010206  1.000000 0.000000 -0.000000  0.675750 0.502363 0
mount_dovetail_rsr_akr_1913_railed_mount_LOD0
0  0.002057 -0.011257 -0.000416  1.000000 -0.000001 -0.000000  0.620625 0.472259 0
0  0.002057 -0.012610 0.000489  1.000000 -0.000001 -0.000000  0.615540 0.464641 0
0  0.002057 -0.005910 -0.010206  1.000000 -0.000001 -0.000000  0.675750 0.502363 0
mount_dovetail_rsr_akr_1913_railed_mount_LOD0
0  0.002057 -0.005910 -0.010206  1.000000 0.000005 0.000003  0.675750 0.502363 0
0  0.002057 -0.012610 0.000489  1.000000 0.000005 0.000003  0.615540 0.464641 0
0  0.002057 -0.005593 -0.011803  1.000000 0.000005 0.000003  0.684749 0.504149 0
mount_dovetail_rsr_akr_1913_railed_mount_LOD0
0  0.002057 -0.012610 0.000489  1.000000 0.000018 0.000009  0.615540 0.464641 0
0  0.002057 -0.013514 0.001842  1.000000 0.000018 0.000009  0.607914 0.459551 0
0  0.002057 -0.005593 -0.011803  1.000000 0.000018 0.000009  0.684749 0.504149 0
mount_dovetail_rsr_akr_1913_railed_mount_LOD0
0  0.002057 0.025304 -0.003380  1.000000 -0.000000 0.000001  0.637322 0.678107 0
0  0.002057 0.023804 -0.000733  1.000000 -0.000000 0.000001  0.622416 0.669664 0
0  0.002057 0.015986 -0.006035  1.000000 -0.000000 0.000001  0.652267 0.625647 0
mount_dovetail_rsr_akr_1913_railed_mount_LOD0
0  0.002057 0.025659 -0.004704  1.000000 0.000000 0.000000  0.644774 0.680104 0
0  0.002057 0.025304 -0.003380  1.000000 0.000000 0.000000  0.637322 0.678107 0
0  0.002057 0.015986 -0.006035  1.000000 0.000000 0.000000  0.652267 0.625647 0
mount_dovetail_rsr_akr_1913_railed_mount_LOD0
0  0.002057 0.025659 -0.002057  1.000000 -0.000001 0.000000  0.629868 0.680104 0
0  0.002057 0.023804 -0.000733  1.000000 -0.000001 0.000000  0.622416 0.669664 0
0  0.002057 0.025304 -0.003380  1.000000 -0.000001 0.000000  0.637322 0.678107 0
mount_dovetail_rsr_akr_1913_railed_mount_LOD0
0  0.002057 0.026627 -0.001088  1.000000 -0.000001 0.000001  0.624418 0.685559 0
0  0.002057 0.023804 -0.000733  1.000000 -0.000001 0.000001  0.622416 0.669664 0
0  0.002057 0.025659 -0.002057  1.000000 -0.000001 0.000001  0.629868 0.680104 0
mount_dovetail_rsr_akr_1913_railed_mount_LOD0
0  0.002057 0.027951 -0.000733  1.000000 -0.000000 0.000002  0.622416 0.693010 0
0  0.002057 0.023804 -0.000733  1.000000 -0.000000 0.000002  0.622416 0.669664 0
0  0.002057 0.026627 -0.001088  1.000000 -0.000000 0.000002  0.624418 0.685559 0
mount_dovetail_rsr_akr_1913_railed_mount_LOD0
0  0.002057 0.026627 -0.005673  1.000000 0.000000 0.000000  0.650228 0.685559 0
0  0.002057 0.025659 -0.004704  1.000000 0.000000 0.000000  0.644774 0.680104 0
0  0.002057 0.015986 -0.006035  1.000000 0.000000 0.000000  0.652267 0.625647 0
mount_dovetail_rsr_akr_1913_railed_mount_LOD0
0  0.002057 0.017353 -0.006307  1.000000 0.000000 0.000000  0.653797 0.633338 0
0  0.002057 0.026627 -0.005673  1.000000 0.000000 0.000000  0.650228 0.685559 0
0  0.002057 0.015986 -0.006035  1.000000 0.000000 0.000000  0.652267 0.625647 0
mount_dovetail_rsr_akr_1913_railed_mount_LOD0
0  0.002057 0.026928 -0.006353  1.000000 0.000000 -0.000007  0.654044 0.687246 0
0  0.002057 0.026627 -0.005673  1.000000 0.000000 -0.000007  0.650228 0.685559 0
0  0.002057 0.017353 -0.006307  1.000000 0.000000 -0.000007  0.653797 0.633338 0
mount_dovetail_rsr_akr_1913_railed_mount_LOD0
0  0.002057 0.027951 -0.006033  1.000000 -0.000000 -0.000008  0.652253 0.693010 0
0  0.002057 0.026627 -0.005673  1.000000 -0.000000 -0.000008  0.650228 0.685559 0
0  0.002057 0.026928 -0.006353  1.000000 -0.000000 -0.000008  0.654044 0.687246 0
mount_dovetail_rsr_akr_1913_railed_mount_LOD0
0  0.002057 0.028524 -0.006035  1.000000 0.000005 -0.000026  0.652267 0.696237 0
0  0.002057 0.027951 -0.006033  1.000000 0.000005 -0.000026  0.652253 0.693010 0
0  0.002057 0.026928 -0.006353  1.000000 0.000005 -0.000026  0.654044 0.687246 0
mount_dovetail_rsr_akr_1913_railed_mount_LOD0
0  0.002057 0.026928 -0.006353  1.000000 0.000001 -0.000001  0.654044 0.687246 0
0  0.002057 0.017353 -0.006307  1.000000 0.000001 -0.000001  0.653797 0.633338 0
0  0.002057 0.025574 -0.007257  1.000000 0.000001 -0.000001  0.659144 0.679629 0
mount_dovetail_rsr_akr_1913_railed_mount_LOD0
0  0.002057 0.017353 -0.006307  1.000000 0.000000 -0.000002  0.653797 0.633338 0
0  0.002057 0.018511 -0.007081  1.000000 0.000000 -0.000002  0.658152 0.639860 0
0  0.002057 0.025574 -0.007257  1.000000 0.000000 -0.000002  0.659144 0.679629 0
mount_dovetail_rsr_akr_1913_railed_mount_LOD0
0  0.002057 0.025574 -0.007257  1.000000 0.000000 -0.000000  0.659144 0.679629 0
0  0.002057 0.018511 -0.007081  1.000000 0.000000 -0.000000  0.658152 0.639860 0
0  0.002057 0.024670 -0.008610  1.000000 0.000000 -0.000000  0.666769 0.674538 0
mount_dovetail_rsr_akr_1913_railed_mount_LOD0
0  0.002057 0.018511 -0.007081  1.000000 0.000001 0.000003  0.658152 0.639860 0
0  0.002057 0.019285 -0.008239  1.000000 0.000001 0.000003  0.664677 0.644221 0
0  0.002057 0.024670 -0.008610  1.000000 0.000001 0.000003  0.666769 0.674538 0
mount_dovetail_rsr_akr_1913_railed_mount_LOD0
0  0.002057 0.024670 -0.008610  1.000000 0.000001 -0.000000  0.666769 0.674538 0
0  0.002057 0.019285 -0.008239  1.000000 0.000001 -0.000000  0.664677 0.644221 0
0  0.002057 0.024352 -0.010206  1.000000 0.000001 -0.000000  0.675750 0.672748 0
mount_dovetail_rsr_akr_1913_railed_mount_LOD0
0  0.002057 0.019285 -0.008239  1.000000 0.000000 -0.000001  0.664677 0.644221 0
0  0.002057 0.019557 -0.009606  1.000000 0.000000 -0.000001  0.672366 0.645748 0
0  0.002057 0.024352 -0.010206  1.000000 0.000000 -0.000001  0.675750 0.672748 0
mount_dovetail_rsr_akr_1913_railed_mount_LOD0
0  0.002057 0.019557 -0.009606  1.000000 0.000001 -0.000000  0.672366 0.645748 0
0  0.002057 0.019285 -0.010972  1.000000 0.000001 -0.000000  0.680067 0.644221 0
0  0.002057 0.024352 -0.010206  1.000000 0.000001 -0.000000  0.675750 0.672748 0
mount_dovetail_rsr_akr_1913_railed_mount_LOD0
0  0.002057 0.024352 -0.010206  1.000000 0.000000 0.000001  0.675750 0.672748 0
0  0.002057 0.019285 -0.010972  1.000000 0.000000 0.000001  0.680067 0.644221 0
0  0.002057 0.024352 -0.013177  1.000000 0.000000 0.000001  0.692475 0.672749 0
mount_dovetail_rsr_akr_1913_railed_mount_LOD0
0  0.002057 0.019285 -0.010972  1.000000 -0.000000 0.000000  0.680067 0.644221 0
0  0.002057 0.018511 -0.012131  1.000000 -0.000000 0.000000  0.686591 0.639860 0
0  0.002057 0.024352 -0.013177  1.000000 -0.000000 0.000000  0.692475 0.672749 0
mount_dovetail_rsr_akr_1913_railed_mount_LOD0
0  0.002057 0.018511 -0.012131  1.000000 0.000000 0.000000  0.686591 0.639860 0
0  0.002057 0.017353 -0.012905  1.000000 0.000000 0.000000  0.690945 0.633338 0
0  0.002057 0.024352 -0.013177  1.000000 0.000000 0.000000  0.692475 0.672749 0
mount_dovetail_rsr_akr_1913_railed_mount_LOD0
0  0.002057 0.017353 -0.012905  1.000000 0.000000 0.000006  0.690945 0.633338 0
0  0.002057 0.015986 -0.013177  1.000000 0.000000 0.000006  0.692475 0.625644 0
0  0.002057 0.024352 -0.013177  1.000000 0.000000 0.000006  0.692475 0.672749 0
mount_dovetail_rsr_akr_1913_railed_mount_LOD0
0  0.002057 0.041884 -0.000733  1.000000 -0.000000 0.000001  0.521431 0.096363 0
0  0.002057 0.056679 -0.000733  1.000000 -0.000000 0.000001  0.521431 0.179664 0
0  0.002057 0.043481 -0.000416  1.000000 -0.000000 0.000001  0.519640 0.105351 0
mount_dovetail_rsr_akr_1913_railed_mount_LOD0
0  0.002057 0.056679 -0.000733  1.000000 0.000000 0.000010  0.521431 0.179664 0
0  0.002057 0.055083 -0.000416  1.000000 0.000000 0.000010  0.519653 0.170675 0
0  0.002057 0.043481 -0.000416  1.000000 0.000000 0.000010  0.519640 0.105351 0
mount_dovetail_rsr_akr_1913_railed_mount_LOD0
0  0.002057 0.043481 -0.000416  1.000000 0.000000 -0.000003  0.519640 0.105351 0
0  0.002057 0.055083 -0.000416  1.000000 0.000000 -0.000003  0.519653 0.170675 0
0  0.002057 0.044834 0.000489  1.000000 0.000000 -0.000003  0.514553 0.112972 0
mount_dovetail_rsr_akr_1913_railed_mount_LOD0
0  0.002057 0.055083 -0.000416  1.000000 0.000000 0.000001  0.519653 0.170675 0
0  0.002057 0.053729 0.000489  1.000000 0.000000 0.000001  0.514553 0.163055 0
0  0.002057 0.044834 0.000489  1.000000 0.000000 0.000001  0.514553 0.112972 0
mount_dovetail_rsr_akr_1913_railed_mount_LOD0
0  0.002057 0.044834 0.000489  1.000000 0.000000 -0.000000  0.514553 0.112972 0
0  0.002057 0.053729 0.000489  1.000000 0.000000 -0.000000  0.514553 0.163055 0
0  0.002057 0.045738 0.001842  1.000000 0.000000 -0.000000  0.506931 0.118064 0
mount_dovetail_rsr_akr_1913_railed_mount_LOD0
0  0.002057 0.053729 0.000489  1.000000 0.000000 0.000000  0.514553 0.163055 0
0  0.002057 0.052825 0.001842  1.000000 0.000000 0.000000  0.506931 0.157964 0
0  0.002057 0.045738 0.001842  1.000000 0.000000 0.000000  0.506931 0.118064 0
mount_dovetail_rsr_akr_1913_railed_mount_LOD0
0  0.002057 0.045738 0.001842  1.000000 0.000000 -0.000000  0.506931 0.118064 0
0  0.002057 0.052825 0.001842  1.000000 0.000000 -0.000000  0.506931 0.157964 0
0  0.002057 0.046056 0.003438  1.000000 0.000000 -0.000000  0.497947 0.119851 0
mount_dovetail_rsr_akr_1913_railed_mount_LOD0
0  0.002057 0.046056 0.003438  1.000000 0.000001 0.000000  0.497947 0.119851 0
0  0.002057 0.052825 0.001842  1.000000 0.000001 0.000000  0.506931 0.157964 0
0  0.002057 0.045738 0.005035  1.000000 0.000001 0.000000  0.488952 0.118064 0
mount_dovetail_rsr_akr_1913_railed_mount_LOD0
0  0.002057 0.045738 0.005035  1.000000 0.000001 0.000000  0.488952 0.118064 0
0  0.002057 0.052825 0.001842  1.000000 0.000001 0.000000  0.506931 0.157964 0
0  0.002057 0.037015 0.020061  1.000000 0.000001 0.000000  0.404354 0.068950 0
mount_dovetail_rsr_akr_1913_railed_mount_LOD0
0  0.002057 0.052825 0.001842  1.000000 0.000001 0.000000  0.506931 0.157964 0
0  0.002057 0.044102 0.016868  1.000000 0.000001 0.000000  0.422331 0.108848 0
0  0.002057 0.037015 0.020061  1.000000 0.000001 0.000000  0.404354 0.068950 0
mount_dovetail_rsr_akr_1913_railed_mount_LOD0
0  0.002057 0.044102 0.016868  1.000000 0.000000 0.000000  0.422331 0.108848 0
0  0.002057 0.043784 0.018464  1.000000 0.000000 0.000000  0.413334 0.107060 0
0  0.002057 0.037015 0.020061  1.000000 0.000000 0.000000  0.404354 0.068950 0
mount_dovetail_rsr_akr_1913_railed_mount_LOD0
0  0.002057 0.043784 0.018464  1.000000 0.000000 -0.000000  0.413334 0.107060 0
0  0.002057 0.044102 0.020061  1.000000 0.000000 -0.000000  0.404354 0.108848 0
0  0.002057 0.037015 0.020061  1.000000 0.000000 -0.000000  0.404354 0.068950 0
mount_dovetail_rsr_akr_1913_railed_mount_LOD0
0  0.002057 0.037015 0.020061  1.000000 0.000000 0.000000  0.404354 0.068950 0
0  0.002057 0.044102 0.020061  1.000000 0.000000 0.000000  0.404354 0.108848 0
0  0.002057 0.036111 0.021414  1.000000 0.000000 0.000000  0.396730 0.063857 0
mount_dovetail_rsr_akr_1913_railed_mount_LOD0
0  0.002057 0.044102 0.020061  1.000000 0.000000 -0.000002  0.404354 0.108848 0
0  0.002057 0.045006 0.021414  1.000000 0.000000 -0.000002  0.396730 0.113940 0
0  0.002057 0.036111 0.021414  1.000000 0.000000 -0.000002  0.396730 0.063857 0
mount_dovetail_rsr_akr_1913_railed_mount_LOD0
0  0.002057 0.036111 0.021414  1.000000 0.000000 0.000000  0.396730 0.063857 0
0  0.002057 0.045006 0.021414  1.000000 0.000000 0.000000  0.396730 0.113940 0
0  0.002057 0.046359 0.022318  1.000000 0.000000 0.000000  0.391629 0.121559 0
mount_dovetail_rsr_akr_1913_railed_mount_LOD0
0  0.002057 0.034758 0.022318  1.000000 0.000000 0.000000  0.391629 0.056238 0
0  0.002057 0.036111 0.021414  1.000000 0.000000 0.000000  0.396730 0.063857 0
0  0.002057 0.046359 0.022318  1.000000 0.000000 0.000000  0.391629 0.121559 0
mount_dovetail_rsr_akr_1913_railed_mount_LOD0
0  0.002057 0.034758 0.022318  1.000000 0.000000 0.000000  0.391629 0.056238 0
0  0.002057 0.046359 0.022318  1.000000 0.000000 0.000000  0.391629 0.121559 0
0  0.002057 0.033161 0.022636  1.000000 0.000000 0.000000  0.389853 0.047249 0
mount_dovetail_rsr_akr_1913_railed_mount_LOD0
0  0.002057 0.046359 0.022318  1.000000 -0.000000 -0.000006  0.391629 0.121559 0
0  0.002057 0.047955 0.022636  1.000000 -0.000000 -0.000006  0.389853 0.130548 0
0  0.002057 0.033161 0.022636  1.000000 -0.000000 -0.000006  0.389853 0.047249 0
mount_dovetail_rsr_akr_1913_railed_mount_LOD0
0  0.002057 0.060779 -0.006353  1.000000 -0.000000 -0.000008  0.710614 0.862414 0
0  0.002057 0.062376 -0.006034  1.000000 -0.000000 -0.000008  0.708823 0.871403 0
0  0.002057 0.048819 -0.006035  1.000000 -0.000000 -0.000008  0.708836 0.795074 0
mount_dovetail_rsr_akr_1913_railed_mount_LOD0
0  0.002057 0.050416 -0.006353  1.000000 0.000000 0.000000  0.710614 0.804061 0
0  0.002057 0.060779 -0.006353  1.000000 0.000000 0.000000  0.710614 0.862414 0
0  0.002057 0.048819 -0.006035  1.000000 0.000000 0.000000  0.708836 0.795074 0
mount_dovetail_rsr_akr_1913_railed_mount_LOD0
0  0.002057 0.050416 -0.006353  1.000000 0.000000 0.000000  0.710614 0.804061 0
0  0.002057 0.051769 -0.007257  1.000000 0.000000 0.000000  0.715714 0.811680 0
0  0.002057 0.060779 -0.006353  1.000000 0.000000 0.000000  0.710614 0.862414 0
mount_dovetail_rsr_akr_1913_railed_mount_LOD0
0  0.002057 0.051769 -0.007257  1.000000 0.000000 0.000000  0.715714 0.811680 0
0  0.002057 0.059426 -0.007257  1.000000 0.000000 0.000000  0.715714 0.854797 0
0  0.002057 0.060779 -0.006353  1.000000 0.000000 0.000000  0.710614 0.862414 0
mount_dovetail_rsr_akr_1913_railed_mount_LOD0
0  0.002057 0.058522 -0.008610  1.000000 0.000000 -0.000001  0.723324 0.849705 0
0  0.002057 0.059426 -0.007257  1.000000 0.000000 -0.000001  0.715714 0.854797 0
0  0.002057 0.051769 -0.007257  1.000000 0.000000 -0.000001  0.715714 0.811680 0
mount_dovetail_rsr_akr_1913_railed_mount_LOD0
0  0.002057 0.052673 -0.008610  1.000000 0.000000 0.000000  0.723324 0.816773 0
0  0.002057 0.058522 -0.008610  1.000000 0.000000 0.000000  0.723324 0.849705 0
0  0.002057 0.051769 -0.007257  1.000000 0.000000 0.000000  0.715714 0.811680 0
mount_dovetail_rsr_akr_1913_railed_mount_LOD0
0  0.002057 0.058204 -0.010206  1.000000 0.000000 -0.000000  0.732318 0.847917 0
0  0.002057 0.058522 -0.008610  1.000000 0.000000 -0.000000  0.723324 0.849705 0
0  0.002057 0.052673 -0.008610  1.000000 0.000000 -0.000000  0.723324 0.816773 0
mount_dovetail_rsr_akr_1913_railed_mount_LOD0
0  0.002057 0.052991 -0.010206  1.000000 0.000000 0.000000  0.732318 0.818563 0
0  0.002057 0.058204 -0.010206  1.000000 0.000000 0.000000  0.732318 0.847917 0
0  0.002057 0.052673 -0.008610  1.000000 0.000000 0.000000  0.723324 0.816773 0
mount_dovetail_rsr_akr_1913_railed_mount_LOD0
0  0.002057 0.058204 -0.013177  1.000000 0.000000 0.000001  0.749042 0.847917 0
0  0.002057 0.058204 -0.010206  1.000000 0.000000 0.000001  0.732318 0.847917 0
0  0.002057 0.052991 -0.010206  1.000000 0.000000 0.000001  0.732318 0.818563 0
mount_dovetail_rsr_akr_1913_railed_mount_LOD0
0  0.002057 0.052991 -0.013177  1.000000 0.000001 0.000001  0.749042 0.818563 0
0  0.002057 0.058204 -0.013177  1.000000 0.000001 0.000001  0.749042 0.847917 0
0  0.002057 0.052991 -0.010206  1.000000 0.000001 0.000001  0.732318 0.818563 0
mount_dovetail_rsr_akr_1913_railed_mount_LOD0
0  0.002975 0.091813 -0.023768  0.707675 0.033934 -0.705723  0.627279 0.034187 0
0  0.005498 0.091813 -0.021238  0.713932 0.063549 -0.697325  0.627279 0.054236 0
0  0.002975 0.064095 -0.023768  0.704946 0.094251 -0.702970  0.471543 0.034187 0
mount_dovetail_rsr_akr_1913_railed_mount_LOD0
0  0.005498 0.091813 -0.021238  0.713930 0.063549 -0.697327  0.627279 0.054236 0
0  0.005498 0.064095 -0.021238  0.704934 0.094251 -0.702983  0.471545 0.054236 0
0  0.002975 0.064095 -0.023768  0.704932 0.094298 -0.702979  0.471543 0.034187 0
mount_dovetail_rsr_akr_1913_railed_mount_LOD0
0  0.003601 0.061933 -0.023768  0.680247 0.275387 -0.679284  0.459143 0.036683 0
0  0.002975 0.064095 -0.023768  0.704919 0.094483 -0.702967  0.471543 0.034187 0
0  0.005498 0.064095 -0.021238  0.704925 0.094388 -0.702973  0.471545 0.054236 0
mount_dovetail_rsr_akr_1913_railed_mount_LOD0
0  0.005498 0.061932 -0.021869  0.680300 0.275165 -0.679321  0.459143 0.051767 0
0  0.003601 0.061933 -0.023768  0.680254 0.275396 -0.679272  0.459143 0.036683 0
0  0.005498 0.064095 -0.021238  0.704924 0.094396 -0.702973  0.471545 0.054236 0
mount_dovetail_rsr_akr_1913_railed_mount_LOD0
0  0.004543 0.060315 -0.023768  0.632323 0.448943 -0.631362  0.449319 0.040436 0
0  0.003601 0.061933 -0.023768  0.680224 0.275538 -0.679245  0.459143 0.036683 0
0  0.005498 0.061932 -0.021869  0.680276 0.275308 -0.679287  0.459143 0.051767 0
mount_dovetail_rsr_akr_1913_railed_mount_LOD0
0  0.005498 0.060315 -0.022812  0.632329 0.448946 -0.631353  0.449319 0.048033 0
0  0.004543 0.060315 -0.023768  0.632329 0.448946 -0.631354  0.449319 0.040436 0
0  0.005498 0.061932 -0.021869  0.680270 0.275313 -0.679290  0.459143 0.051767 0
mount_dovetail_rsr_akr_1913_railed_mount_LOD0
0  0.005498 0.059333 -0.023768  0.582476 0.567182 -0.582259  0.442622 0.044241 0
0  0.004543 0.060315 -0.023768  0.632278 0.449082 -0.631307  0.449319 0.040436 0
0  0.005498 0.060315 -0.022812  0.632277 0.449083 -0.631309  0.449319 0.048033 0
mount_dovetail_rsr_akr_1913_railed_mount_LOD0
0  0.005498 0.024352 -0.023768  0.000000 0.967292 -0.253664  0.539714 0.072623 0
0  0.002975 0.024352 -0.023768  0.000000 0.967292 -0.253664  0.539713 0.058423 0
0  0.005498 0.024656 -0.022612  0.000000 0.882368 -0.470561  0.546441 0.072623 0
mount_dovetail_rsr_akr_1913_railed_mount_LOD0
0  0.002975 0.024352 -0.023768  0.000000 0.967293 -0.253663  0.539713 0.058423 0
0  0.002975 0.024656 -0.022612  0.000001 0.882368 -0.470560  0.546440 0.058423 0
0  0.005498 0.024656 -0.022612  0.000004 0.882368 -0.470560  0.546441 0.072623 0
mount_dovetail_rsr_akr_1913_railed_mount_LOD0
0  0.005498 0.024656 -0.022612  0.000000 0.882231 -0.470817  0.546441 0.072623 0
0  0.002975 0.024656 -0.022612  -0.000000 0.882231 -0.470817  0.546440 0.058423 0
0  0.005498 0.025521 -0.021633  0.000000 0.611386 -0.791332  0.553803 0.072623 0
mount_dovetail_rsr_akr_1913_railed_mount_LOD0
0  0.002975 0.024656 -0.022612  0.000000 0.882231 -0.470817  0.546440 0.058423 0
0  0.002975 0.025521 -0.021633  -0.000000 0.611386 -0.791332  0.553801 0.058410 0
0  0.005498 0.025521 -0.021633  0.000000 0.611386 -0.791332  0.553803 0.072623 0
mount_dovetail_rsr_akr_1913_railed_mount_LOD0
0  0.005498 0.025521 -0.021633  0.000000 0.611175 -0.791495  0.553803 0.072623 0
0  0.002975 0.025521 -0.021633  0.000003 0.611175 -0.791495  0.553801 0.058410 0
0  0.005498 0.026816 -0.020978  0.000000 0.303863 -0.952716  0.561972 0.072623 0
mount_dovetail_rsr_akr_1913_railed_mount_LOD0
0  0.002975 0.025521 -0.021633  0.000000 0.611172 -0.791497  0.553801 0.058410 0
0  0.002975 0.026816 -0.020978  -0.000000 0.303860 -0.952717  0.561971 0.058410 0
0  0.005498 0.026816 -0.020978  -0.000003 0.303860 -0.952717  0.561972 0.072623 0
mount_dovetail_rsr_akr_1913_railed_mount_LOD0
0  0.005498 0.026816 -0.020978  0.000000 0.303622 -0.952793  0.561972 0.072623 0
0  0.002975 0.026816 -0.020978  -0.000009 0.303622 -0.952793  0.561971 0.058410 0
0  0.005498 0.028344 -0.020748  -0.000000 0.074675 -0.997208  0.570671 0.072610 0
mount_dovetail_rsr_akr_1913_railed_mount_LOD0
0  0.002975 0.026816 -0.020978  0.000001 0.303622 -0.952793  0.561971 0.058410 0
0  0.002975 0.028344 -0.020748  -0.000000 0.074675 -0.997208  0.570670 0.058410 0
0  0.005498 0.028344 -0.020748  0.000004 0.074675 -0.997208  0.570671 0.072610 0
mount_dovetail_rsr_akr_1913_railed_mount_LOD0
0  0.002975 0.028344 -0.020748  0.000000 0.074619 -0.997212  0.570670 0.058410 0
0  0.002975 0.035596 -0.020748  0.000000 0.000000 -1.000000  0.611504 0.058410 0
0  0.005498 0.028344 -0.020748  0.000002 0.074619 -0.997212  0.570671 0.072610 0
mount_dovetail_rsr_akr_1913_railed_mount_LOD0
0  0.002975 0.035596 -0.020748  0.000000 0.000000 -1.000000  0.611504 0.058410 0
0  0.004251 0.036871 -0.020748  0.000000 0.000000 -1.000000  0.618685 0.065587 0
0  0.005498 0.028344 -0.020748  -0.000007 0.074619 -0.997212  0.570671 0.072610 0
mount_dovetail_rsr_akr_1913_railed_mount_LOD0
0  0.004251 0.036871 -0.020748  0.000005 0.000000 -1.000000  0.618685 0.065587 0
0  0.004733 0.038672 -0.020748  0.000005 0.000000 -1.000000  0.628821 0.068306 0
0  0.005498 0.028344 -0.020748  -0.000001 0.074619 -0.997212  0.570671 0.072610 0
mount_dovetail_rsr_akr_1913_railed_mount_LOD0
0  0.004733 0.038672 -0.020748  0.000000 0.000000 -1.000000  0.628821 0.068306 0
0  0.005498 0.048999 -0.020748  0.000000 -0.074619 -0.997212  0.686967 0.072623 0
0  0.005498 0.028344 -0.020748  -0.000004 0.074619 -0.997212  0.570671 0.072610 0
mount_dovetail_rsr_akr_1913_railed_mount_LOD0
0  0.004251 0.040472 -0.020748  0.000000 0.000000 -1.000000  0.638952 0.065587 0
0  0.005498 0.048999 -0.020748  -0.000004 -0.074619 -0.997212  0.686967 0.072623 0
0  0.004733 0.038672 -0.020748  0.000000 0.000000 -1.000000  0.628821 0.068306 0
mount_dovetail_rsr_akr_1913_railed_mount_LOD0
0  0.002975 0.048999 -0.020748  0.000005 -0.074619 -0.997212  0.686967 0.058410 0
0  0.005498 0.048999 -0.020748  -0.000001 -0.074619 -0.997212  0.686967 0.072623 0
0  0.004251 0.040472 -0.020748  0.000000 0.000000 -1.000000  0.638952 0.065587 0
mount_dovetail_rsr_akr_1913_railed_mount_LOD0
0  0.002975 0.041747 -0.020748  0.000003 0.000000 -1.000000  0.646134 0.058410 0
0  0.002975 0.048999 -0.020748  0.000011 -0.074619 -0.997212  0.686967 0.058410 0
0  0.004251 0.040472 -0.020748  0.000003 0.000000 -1.000000  0.638952 0.065587 0
mount_dovetail_rsr_akr_1913_railed_mount_LOD0
0  0.005498 0.048999 -0.020748  -0.000000 -0.074675 -0.997208  0.686967 0.072623 0
0  0.002975 0.048999 -0.020748  -0.000004 -0.074675 -0.997208  0.686967 0.058410 0
0  0.005498 0.050527 -0.020978  0.000000 -0.303622 -0.952792  0.695663 0.072623 0
mount_dovetail_rsr_akr_1913_railed_mount_LOD0
0  0.002975 0.048999 -0.020748  -0.000000 -0.074673 -0.997208  0.686967 0.058410 0
0  0.002975 0.050527 -0.020978  0.000000 -0.303620 -0.952793  0.695663 0.058410 0
0  0.005498 0.050527 -0.020978  0.000009 -0.303620 -0.952793  0.695663 0.072623 0
mount_dovetail_rsr_akr_1913_railed_mount_LOD0
0  0.005498 0.050527 -0.020978  -0.000000 -0.303860 -0.952717  0.695663 0.072623 0
0  0.002975 0.050527 -0.020978  0.000003 -0.303860 -0.952717  0.695663 0.058410 0
0  0.005498 0.051822 -0.021633  0.000000 -0.611172 -0.791498  0.703833 0.072623 0
mount_dovetail_rsr_akr_1913_railed_mount_LOD0
0  0.002975 0.050527 -0.020978  -0.000000 -0.303860 -0.952717  0.695663 0.058410 0
0  0.002975 0.051822 -0.021633  0.000000 -0.611172 -0.791497  0.703833 0.058410 0
0  0.005498 0.051822 -0.021633  -0.000003 -0.611172 -0.791497  0.703833 0.072623 0
mount_dovetail_rsr_akr_1913_railed_mount_LOD0
0  0.005498 0.051822 -0.021633  -0.000000 -0.611389 -0.791330  0.703833 0.072623 0
0  0.002975 0.051822 -0.021633  0.000000 -0.611389 -0.791330  0.703833 0.058410 0
0  0.005498 0.052688 -0.022612  0.000000 -0.882233 -0.470814  0.711193 0.072623 0
mount_dovetail_rsr_akr_1913_railed_mount_LOD0
0  0.002975 0.051822 -0.021633  -0.000000 -0.611389 -0.791330  0.703833 0.058410 0
0  0.002975 0.052688 -0.022612  0.000000 -0.882232 -0.470814  0.711194 0.058410 0
0  0.005498 0.052688 -0.022612  -0.000000 -0.882232 -0.470814  0.711193 0.072623 0
mount_dovetail_rsr_akr_1913_railed_mount_LOD0
0  0.005498 0.052688 -0.022612  0.000000 -0.882364 -0.470568  0.711193 0.072623 0
0  0.002975 0.052688 -0.022612  -0.000004 -0.882364 -0.470568  0.711194 0.058410 0
0  0.005498 0.052991 -0.023768  0.000000 -0.967290 -0.253672  0.717921 0.072623 0
mount_dovetail_rsr_akr_1913_railed_mount_LOD0
0  0.002975 0.052688 -0.022612  0.000001 -0.882368 -0.470560  0.711194 0.058410 0
0  0.002975 0.052991 -0.023768  0.000000 -0.967292 -0.253663  0.717923 0.058410 0
0  0.005498 0.052991 -0.023768  0.000000 -0.967292 -0.253663  0.717921 0.072623 0
mount_dovetail_rsr_akr_1913_railed_mount_LOD0
0  0.002975 0.041747 -0.022787  0.707097 0.707117 0.000002  0.343979 0.077351 0
0  0.002975 0.041747 -0.020748  0.707097 0.707117 0.000002  0.343979 0.088831 0
0  0.004251 0.040472 -0.022787  0.865991 0.500060 -0.000010  0.333826 0.077351 0
mount_dovetail_rsr_akr_1913_railed_mount_LOD0
0  0.002975 0.041747 -0.020748  0.707096 0.707117 0.000000  0.343979 0.088831 0
0  0.004251 0.040472 -0.020748  0.865990 0.500061 -0.000012  0.333826 0.088831 0
0  0.004251 0.040472 -0.022787  0.865990 0.500061 0.000026  0.333826 0.077351 0
mount_dovetail_rsr_akr_1913_railed_mount_LOD0
0  0.004251 0.040472 -0.022787  0.866151 0.499782 0.000013  0.333826 0.077351 0
0  0.004251 0.040472 -0.020748  0.866151 0.499782 0.000008  0.333826 0.088831 0
0  0.004733 0.038672 -0.022787  1.000000 0.000148 0.000104  0.323332 0.077351 0
mount_dovetail_rsr_akr_1913_railed_mount_LOD0
0  0.004251 0.040472 -0.020748  0.866150 0.499784 -0.000017  0.333826 0.088831 0
0  0.004733 0.038672 -0.020748  1.000000 0.000150 -0.000012  0.323332 0.088831 0
0  0.004733 0.038672 -0.022787  1.000000 0.000150 -0.000007  0.323332 0.077351 0
mount_dovetail_rsr_akr_1913_railed_mount_LOD0
0  0.004733 0.038672 -0.022787  1.000000 -0.000152 0.000012  0.323332 0.077351 0
0  0.004733 0.038672 -0.020748  1.000000 -0.000152 0.000007  0.323332 0.088831 0
0  0.004251 0.036871 -0.022787  0.866149 -0.499785 0.000146  0.312842 0.077351 0
mount_dovetail_rsr_akr_1913_railed_mount_LOD0
0  0.004733 0.038672 -0.020748  1.000000 -0.000152 -0.000017  0.323332 0.088831 0
0  0.004251 0.036871 -0.020748  0.866149 -0.499786 -0.000012  0.312842 0.088831 0
0  0.004251 0.036871 -0.022787  0.866149 -0.499786 -0.000007  0.312842 0.077351 0
mount_dovetail_rsr_akr_1913_railed_mount_LOD0
0  0.004251 0.036871 -0.022787  0.865996 -0.500052 0.000012  0.312842 0.077351 0
0  0.004251 0.036871 -0.020748  0.865996 -0.500052 -0.000026  0.312842 0.088831 0
0  0.002975 0.035596 -0.022787  0.707104 -0.707110 0.000000  0.302688 0.077351 0
mount_dovetail_rsr_akr_1913_railed_mount_LOD0
0  0.004251 0.036871 -0.020748  0.865995 -0.500053 -0.000118  0.312842 0.088831 0
0  0.002975 0.035596 -0.020748  0.707103 -0.707110 0.000000  0.302688 0.088831 0
0  0.002975 0.035596 -0.022787  0.707103 -0.707110 0.000000  0.302688 0.077351 0
mount_dovetail_rsr_akr_1913_railed_mount_LOD0
0  -0.005027 0.092402 0.024722  -0.631637 0.000000 -0.775264  0.003898 0.740049 0
0  -0.006262 0.021220 0.025728  -0.631637 0.000000 -0.775264  0.324528 0.747223 0
0  -0.006262 0.092819 0.025728  -0.631637 0.000000 -0.775264  0.002019 0.747223 0
mount_dovetail_rsr_akr_1913_railed_mount_LOD0
0  -0.002468 0.047955 0.022636  -0.631844 0.000006 -0.775096  0.204100 0.725184 0
0  -0.006262 0.021220 0.025728  -0.631844 0.000006 -0.775096  0.324528 0.747223 0
0  -0.005027 0.092402 0.024722  -0.631844 0.000006 -0.775096  0.003898 0.740049 0
mount_dovetail_rsr_akr_1913_railed_mount_LOD0
0  -0.002468 0.066519 0.022636  -0.631907 -0.000000 -0.775044  0.120485 0.725184 0
0  -0.002468 0.047955 0.022636  -0.631907 -0.000000 -0.775044  0.204100 0.725184 0
0  -0.005027 0.092402 0.024722  -0.631907 -0.000000 -0.775044  0.003898 0.740049 0
mount_dovetail_rsr_akr_1913_railed_mount_LOD0
0  -0.002468 0.033161 0.022636  -0.631821 0.000001 -0.775114  0.270740 0.725184 0
0  -0.006262 0.021220 0.025728  -0.631821 0.000001 -0.775114  0.324528 0.747223 0
0  -0.002468 0.047955 0.022636  -0.631821 0.000001 -0.775114  0.204100 0.725184 0
mount_dovetail_rsr_akr_1913_railed_mount_LOD0
0  -0.002468 0.081559 0.022636  -0.631909 -0.000000 -0.775043  0.052738 0.725184 0
0  -0.002468 0.066519 0.022636  -0.631909 -0.000000 -0.775043  0.120485 0.725184 0
0  -0.005027 0.092402 0.024722  -0.631909 -0.000000 -0.775043  0.003898 0.740049 0
mount_dovetail_rsr_akr_1913_railed_mount_LOD0
0  -0.002468 0.015081 0.022636  -0.631821 0.000001 -0.775114  0.352180 0.725184 0
0  -0.006262 0.021220 0.025728  -0.631821 0.000001 -0.775114  0.324528 0.747223 0
0  -0.002468 0.033161 0.022636  -0.631821 0.000001 -0.775114  0.270740 0.725184 0
mount_dovetail_rsr_akr_1913_railed_mount_LOD0
0  -0.002468 0.088790 0.022637  -0.631546 0.000142 -0.775338  0.020170 0.725184 0
0  -0.002468 0.081559 0.022636  -0.632050 -0.000026 -0.774927  0.052738 0.725184 0
0  -0.005027 0.092402 0.024722  -0.631546 0.000142 -0.775338  0.003898 0.740049 0
mount_dovetail_rsr_akr_1913_railed_mount_LOD0
0  -0.002642 0.089869 0.022779  -0.631729 -0.000073 -0.775189  0.015310 0.726198 0
0  -0.002468 0.088790 0.022637  -0.631729 -0.000073 -0.775189  0.020170 0.725184 0
0  -0.005027 0.092402 0.024722  -0.631729 -0.000073 -0.775189  0.003898 0.740049 0
mount_dovetail_rsr_akr_1913_railed_mount_LOD0
0  -0.003153 0.090875 0.023195  -0.631682 -0.000008 -0.775228  0.010778 0.729169 0
0  -0.002642 0.089869 0.022779  -0.631682 -0.000008 -0.775228  0.015310 0.726198 0
0  -0.005027 0.092402 0.024722  -0.631682 -0.000008 -0.775228  0.003898 0.740049 0
mount_dovetail_rsr_akr_1913_railed_mount_LOD0
0  -0.003967 0.091739 0.023859  -0.631680 -0.000023 -0.775229  0.006886 0.733898 0
0  -0.003153 0.090875 0.023195  -0.631680 -0.000023 -0.775229  0.010778 0.729169 0
0  -0.005027 0.092402 0.024722  -0.631680 -0.000023 -0.775229  0.003898 0.740049 0
mount_dovetail_rsr_akr_1913_railed_mount_LOD0
0  -0.002468 0.000182 0.022636  -0.631822 -0.000001 -0.775114  0.419292 0.725184 0
0  -0.006262 0.021220 0.025728  -0.631822 -0.000001 -0.775114  0.324528 0.747223 0
0  -0.002468 0.015081 0.022636  -0.631822 -0.000001 -0.775114  0.352180 0.725184 0
mount_dovetail_rsr_akr_1913_railed_mount_LOD0
0  -0.002468 -0.018384 0.022636  -0.631822 -0.000000 -0.775113  0.502920 0.725184 0
0  -0.006262 0.021220 0.025728  -0.631822 -0.000000 -0.775113  0.324528 0.747223 0
0  -0.002468 0.000182 0.022636  -0.631822 -0.000000 -0.775113  0.419292 0.725184 0
mount_dovetail_rsr_akr_1913_railed_mount_LOD0
0  -0.005027 -0.049962 0.024722  -0.631859 -0.000006 -0.775083  0.645161 0.740049 0
0  -0.006262 0.021220 0.025728  -0.631859 -0.000006 -0.775083  0.324528 0.747223 0
0  -0.002468 -0.018384 0.022636  -0.631859 -0.000006 -0.775083  0.502920 0.725184 0
mount_dovetail_rsr_akr_1913_railed_mount_LOD0
0  -0.006262 -0.050378 0.025728  -0.631637 0.000000 -0.775264  0.647040 0.747223 0
0  -0.006262 0.021220 0.025728  -0.631637 0.000000 -0.775264  0.324528 0.747223 0
0  -0.005027 -0.049962 0.024722  -0.631637 0.000000 -0.775264  0.645161 0.740049 0
mount_dovetail_rsr_akr_1913_railed_mount_LOD0
0  -0.002468 -0.033482 0.022636  -0.631909 0.000000 -0.775043  0.570927 0.725184 0
0  -0.005027 -0.049962 0.024722  -0.631909 0.000000 -0.775043  0.645161 0.740049 0
0  -0.002468 -0.018384 0.022636  -0.631909 0.000000 -0.775043  0.502920 0.725184 0
mount_dovetail_rsr_akr_1913_railed_mount_LOD0
0  -0.002468 -0.046349 0.022637  -0.631600 -0.000080 -0.775295  0.628888 0.725184 0
0  -0.005027 -0.049962 0.024722  -0.631600 -0.000080 -0.775295  0.645161 0.740049 0
0  -0.002468 -0.033482 0.022636  -0.631600 -0.000080 -0.775295  0.570927 0.725184 0
mount_dovetail_rsr_akr_1913_railed_mount_LOD0
0  -0.002642 -0.047429 0.022779  -0.631729 0.000075 -0.775189  0.633753 0.726189 0
0  -0.005027 -0.049962 0.024722  -0.631729 0.000075 -0.775189  0.645161 0.740049 0
0  -0.002468 -0.046349 0.022637  -0.631729 0.000075 -0.775189  0.628888 0.725184 0
mount_dovetail_rsr_akr_1913_railed_mount_LOD0
0  -0.003967 -0.049298 0.023859  -0.631677 -0.000006 -0.775232  0.642175 0.733887 0
0  -0.005027 -0.049962 0.024722  -0.631677 -0.000006 -0.775232  0.645161 0.740049 0
0  -0.002642 -0.047429 0.022779  -0.631677 -0.000006 -0.775232  0.633753 0.726189 0
mount_dovetail_rsr_akr_1913_railed_mount_LOD0
0  -0.003153 -0.048435 0.023195  -0.631700 0.000018 -0.775213  0.638285 0.729158 0
0  -0.003967 -0.049298 0.023859  -0.631700 0.000018 -0.775213  0.642175 0.733887 0
0  -0.002642 -0.047429 0.022779  -0.631700 0.000018 -0.775213  0.633753 0.726189 0
mount_dovetail_rsr_akr_1913_railed_mount_LOD0
0  -0.002468 -0.031885 0.022318  -1.000000 0.000000 0.000002  0.941759 0.236771 0
0  -0.002468 -0.033482 0.022636  -1.000000 0.000000 0.000002  0.948946 0.238203 0
0  -0.002468 -0.018384 0.022636  -1.000000 0.000000 0.000002  0.880941 0.238203 0
mount_dovetail_rsr_akr_1913_railed_mount_LOD0
0  -0.002468 -0.019980 0.022318  -1.000000 0.000000 -0.000002  0.888128 0.236771 0
0  -0.002468 -0.031885 0.022318  -1.000000 0.000000 -0.000002  0.941759 0.236771 0
0  -0.002468 -0.018384 0.022636  -1.000000 0.000000 -0.000002  0.880941 0.238203 0
mount_dovetail_rsr_akr_1913_railed_mount_LOD0
0  -0.002468 -0.030532 0.021414  -1.000000 0.000000 0.000001  0.935660 0.232700 0
0  -0.002468 -0.031885 0.022318  -1.000000 0.000000 0.000001  0.941759 0.236771 0
0  -0.002468 -0.019980 0.022318  -1.000000 0.000000 0.000001  0.888128 0.236771 0
mount_dovetail_rsr_akr_1913_railed_mount_LOD0
0  -0.002468 -0.021334 0.021414  -1.000000 0.000001 -0.000001  0.894228 0.232700 0
0  -0.002468 -0.030532 0.021414  -1.000000 0.000001 -0.000001  0.935660 0.232700 0
0  -0.002468 -0.019980 0.022318  -1.000000 0.000001 -0.000001  0.888128 0.236771 0
mount_dovetail_rsr_akr_1913_railed_mount_LOD0
0  -0.002468 -0.029628 0.020061  -1.000000 0.000001 -0.000002  0.931592 0.226602 0
0  -0.002468 -0.030532 0.021414  -1.000000 0.000001 -0.000002  0.935660 0.232700 0
0  -0.002468 -0.021334 0.021414  -1.000000 0.000001 -0.000002  0.894228 0.232700 0
mount_dovetail_rsr_akr_1913_railed_mount_LOD0
0  -0.002468 -0.022238 0.020061  -1.000000 0.000000 -0.000000  0.898295 0.226602 0
0  -0.002468 -0.029628 0.020061  -1.000000 0.000000 -0.000000  0.931592 0.226602 0
0  -0.002468 -0.021334 0.021414  -1.000000 0.000000 -0.000000  0.894228 0.232700 0
mount_dovetail_rsr_akr_1913_railed_mount_LOD0
0  -0.002468 -0.022238 0.020061  -1.000000 0.000000 -0.000002  0.898295 0.226602 0
0  -0.002468 -0.022555 0.018464  -1.000000 0.000000 -0.000002  0.899729 0.219417 0
0  -0.002468 -0.029628 0.020061  -1.000000 0.000000 -0.000002  0.931592 0.226602 0
mount_dovetail_rsr_akr_1913_railed_mount_LOD0
0  -0.002468 -0.022555 0.018464  -1.000000 0.000001 0.000002  0.899729 0.219417 0
0  -0.002468 -0.022238 0.016868  -1.000000 0.000001 0.000002  0.898295 0.212218 0
0  -0.002468 -0.029628 0.020061  -1.000000 0.000001 0.000002  0.931592 0.226602 0
mount_dovetail_rsr_akr_1913_railed_mount_LOD0
0  -0.002468 -0.029628 0.020061  -1.000000 0.000000 0.000000  0.931592 0.226602 0
0  -0.002468 -0.022238 0.016868  -1.000000 0.000000 0.000000  0.898295 0.212218 0
0  -0.002468 -0.017556 -0.000733  -1.000000 0.000000 0.000000  0.877208 0.132939 0
mount_dovetail_rsr_akr_1913_railed_mount_LOD0
0  -0.002468 -0.022238 0.016868  -1.000000 -0.000002 -0.000000  0.898295 0.212218 0
0  -0.002468 -0.013514 0.001842  -1.000000 -0.000002 -0.000000  0.858994 0.144539 0
0  -0.002468 -0.017556 -0.000733  -1.000000 -0.000002 -0.000000  0.877208 0.132939 0
mount_dovetail_rsr_akr_1913_railed_mount_LOD0
0  -0.002468 -0.013514 0.001842  -1.000000 -0.000004 0.000004  0.858994 0.144539 0
0  -0.002468 -0.012610 0.000489  -1.000000 -0.000004 0.000004  0.854927 0.138441 0
0  -0.002468 -0.017556 -0.000733  -1.000000 -0.000004 0.000004  0.877208 0.132939 0
mount_dovetail_rsr_akr_1913_railed_mount_LOD0
0  -0.002468 -0.012610 0.000489  -1.000000 -0.000002 -0.000004  0.854927 0.138441 0
0  -0.002468 -0.011257 -0.000416  -1.000000 -0.000002 -0.000004  0.848829 0.134373 0
0  -0.002468 -0.017556 -0.000733  -1.000000 -0.000002 -0.000004  0.877208 0.132939 0
mount_dovetail_rsr_akr_1913_railed_mount_LOD0
0  -0.002468 -0.011257 -0.000416  -1.000000 -0.000002 -0.000011  0.848829 0.134373 0
0  -0.002468 -0.009660 -0.000733  -1.000000 -0.000002 -0.000011  0.841641 0.132939 0
0  -0.002468 -0.017556 -0.000733  -1.000000 -0.000002 -0.000011  0.877208 0.132939 0
mount_dovetail_rsr_akr_1913_railed_mount_LOD0
0  -0.002468 0.001778 0.022318  -1.000000 -0.000001 0.000018  1.871079 0.232938 0
0  -0.002468 0.000182 0.022636  -1.000000 -0.000001 0.000018  1.878270 0.234371 0
0  -0.002468 0.015081 0.022636  -1.000000 -0.000001 0.000018  1.811392 0.234371 0
mount_dovetail_rsr_akr_1913_railed_mount_LOD0
0  -0.002468 0.013485 0.022318  -1.000000 -0.000000 -0.000005  1.818589 0.232938 0
0  -0.002468 0.001778 0.022318  -1.000000 -0.000000 -0.000005  1.871079 0.232938 0
0  -0.002468 0.015081 0.022636  -1.000000 -0.000000 -0.000005  1.811392 0.234371 0
mount_dovetail_rsr_akr_1913_railed_mount_LOD0
0  -0.002468 0.003132 0.021414  -1.000000 -0.000000 -0.000000  1.864986 0.228867 0
0  -0.002468 0.001778 0.022318  -1.000000 -0.000000 -0.000000  1.871079 0.232938 0
0  -0.002468 0.013485 0.022318  -1.000000 -0.000000 -0.000000  1.818589 0.232938 0
mount_dovetail_rsr_akr_1913_railed_mount_LOD0
0  -0.002468 0.012131 0.021414  -1.000000 -0.000000 0.000001  1.824678 0.228867 0
0  -0.002468 0.003132 0.021414  -1.000000 -0.000000 0.000001  1.864986 0.228867 0
0  -0.002468 0.013485 0.022318  -1.000000 -0.000000 0.000001  1.818589 0.232938 0
mount_dovetail_rsr_akr_1913_railed_mount_LOD0
0  -0.002468 0.004036 0.020061  -1.000000 -0.000000 -0.000002  1.860906 0.222770 0
0  -0.002468 0.003132 0.021414  -1.000000 -0.000000 -0.000002  1.864986 0.228867 0
0  -0.002468 0.012131 0.021414  -1.000000 -0.000000 -0.000002  1.824678 0.228867 0
mount_dovetail_rsr_akr_1913_railed_mount_LOD0
0  -0.002468 0.011227 0.020061  -1.000000 -0.000001 0.000002  1.828756 0.222769 0
0  -0.002468 0.004036 0.020061  -1.000000 -0.000001 0.000002  1.860906 0.222770 0
0  -0.002468 0.012131 0.021414  -1.000000 -0.000001 0.000002  1.824678 0.228867 0
mount_dovetail_rsr_akr_1913_railed_mount_LOD0
0  -0.002468 0.010910 0.018464  -1.000000 -0.000001 0.000000  1.830191 0.215583 0
0  -0.002468 0.004036 0.020061  -1.000000 -0.000001 0.000000  1.860906 0.222770 0
0  -0.002468 0.011227 0.020061  -1.000000 -0.000001 0.000000  1.828756 0.222769 0
mount_dovetail_rsr_akr_1913_railed_mount_LOD0
0  -0.002468 0.011227 0.016868  -1.000000 -0.000001 -0.000000  1.828756 0.208397 0
0  -0.002468 0.004036 0.020061  -1.000000 -0.000001 -0.000000  1.860906 0.222770 0
0  -0.002468 0.010910 0.018464  -1.000000 -0.000001 -0.000000  1.830191 0.215583 0
mount_dovetail_rsr_akr_1913_railed_mount_LOD0
0  -0.002468 0.012759 0.005035  -1.000000 -0.000001 -0.000001  1.821617 0.155091 0
0  -0.002468 0.004036 0.020061  -1.000000 -0.000001 -0.000001  1.860906 0.222770 0
0  -0.002468 0.011227 0.016868  -1.000000 -0.000001 -0.000001  1.828756 0.208397 0
mount_dovetail_rsr_akr_1913_railed_mount_LOD0
0  -0.002468 0.019951 0.001842  -1.000000 -0.000001 -0.000001  1.789466 0.140707 0
0  -0.002468 0.012759 0.005035  -1.000000 -0.000001 -0.000001  1.821617 0.155091 0
0  -0.002468 0.011227 0.016868  -1.000000 -0.000001 -0.000001  1.828756 0.208397 0
mount_dovetail_rsr_akr_1913_railed_mount_LOD0
0  -0.002468 0.013077 0.003438  -1.000000 -0.000001 -0.000000  1.820195 0.147899 0
0  -0.002468 0.012759 0.005035  -1.000000 -0.000001 -0.000000  1.821617 0.155091 0
0  -0.002468 0.019951 0.001842  -1.000000 -0.000001 -0.000000  1.789466 0.140707 0
mount_dovetail_rsr_akr_1913_railed_mount_LOD0
0  -0.002468 0.012759 0.001842  -1.000000 -0.000000 0.000000  1.821617 0.140713 0
0  -0.002468 0.013077 0.003438  -1.000000 -0.000000 0.000000  1.820195 0.147899 0
0  -0.002468 0.019951 0.001842  -1.000000 -0.000000 0.000000  1.789466 0.140707 0
mount_dovetail_rsr_akr_1913_railed_mount_LOD0
0  -0.002468 0.011855 0.000489  -1.000000 -0.000000 0.000000  1.825698 0.134615 0
0  -0.002468 0.012759 0.001842  -1.000000 -0.000000 0.000000  1.821617 0.140713 0
0  -0.002468 0.019951 0.001842  -1.000000 -0.000000 0.000000  1.789466 0.140707 0
mount_dovetail_rsr_akr_1913_railed_mount_LOD0
0  -0.002468 0.020855 0.000489  -1.000000 -0.000000 -0.000000  1.785386 0.134615 0
0  -0.002468 0.011855 0.000489  -1.000000 -0.000000 -0.000000  1.825698 0.134615 0
0  -0.002468 0.019951 0.001842  -1.000000 -0.000000 -0.000000  1.789466 0.140707 0
mount_dovetail_rsr_akr_1913_railed_mount_LOD0
0  -0.002468 0.010502 -0.000416  -1.000000 -0.000000 0.000004  1.831789 0.130546 0
0  -0.002468 0.011855 0.000489  -1.000000 -0.000000 0.000004  1.825698 0.134615 0
0  -0.002468 0.020855 0.000489  -1.000000 -0.000000 0.000004  1.785386 0.134615 0
mount_dovetail_rsr_akr_1913_railed_mount_LOD0
0  -0.002468 0.022208 -0.000416  -1.000000 0.000000 0.000000  1.779294 0.130546 0
0  -0.002468 0.010502 -0.000416  -1.000000 0.000000 0.000000  1.831789 0.130546 0
0  -0.002468 0.020855 0.000489  -1.000000 0.000000 0.000000  1.785386 0.134615 0
mount_dovetail_rsr_akr_1913_railed_mount_LOD0
0  -0.002468 0.008905 -0.000733  -1.000000 0.000000 -0.000010  1.838981 0.129113 0
0  -0.002468 0.010502 -0.000416  -1.000000 0.000000 -0.000010  1.831789 0.130546 0
0  -0.002468 0.022208 -0.000416  -1.000000 0.000000 -0.000010  1.779294 0.130546 0
mount_dovetail_rsr_akr_1913_railed_mount_LOD0
0  -0.002468 0.023804 -0.000733  -1.000000 -0.000000 -0.000001  1.772103 0.129113 0
0  -0.002468 0.008905 -0.000733  -1.000000 -0.000000 -0.000001  1.838981 0.129113 0
0  -0.002468 0.022208 -0.000416  -1.000000 -0.000000 -0.000001  1.779294 0.130546 0
mount_dovetail_rsr_akr_1913_railed_mount_LOD0
0  -0.002468 0.034758 0.022318  -1.000000 0.000001 -0.000005  0.871079 0.232938 0
0  -0.002468 0.033161 0.022636  -1.000000 0.000001 -0.000005  0.878270 0.234371 0
0  -0.002468 0.047955 0.022636  -1.000000 0.000001 -0.000005  0.811392 0.234371 0
mount_dovetail_rsr_akr_1913_railed_mount_LOD0
0  -0.002468 0.046359 0.022318  -1.000000 0.000000 0.000028  0.818588 0.232939 0
0  -0.002468 0.034758 0.022318  -1.000000 0.000000 0.000028  0.871079 0.232938 0
0  -0.002468 0.047955 0.022636  -1.000000 0.000000 0.000028  0.811392 0.234371 0
mount_dovetail_rsr_akr_1913_railed_mount_LOD0
0  -0.002468 0.036111 0.021414  -1.000000 0.000000 0.000000  0.864986 0.228867 0
0  -0.002468 0.034758 0.022318  -1.000000 0.000000 0.000000  0.871079 0.232938 0
0  -0.002468 0.046359 0.022318  -1.000000 0.000000 0.000000  0.818588 0.232939 0
mount_dovetail_rsr_akr_1913_railed_mount_LOD0
0  -0.002468 0.045006 0.021414  -1.000000 0.000000 0.000000  0.824675 0.228867 0
0  -0.002468 0.036111 0.021414  -1.000000 0.000000 0.000000  0.864986 0.228867 0
0  -0.002468 0.046359 0.022318  -1.000000 0.000000 0.000000  0.818588 0.232939 0
mount_dovetail_rsr_akr_1913_railed_mount_LOD0
0  -0.002468 0.037015 0.020061  -1.000000 0.000000 0.000000  0.860906 0.222770 0
0  -0.002468 0.036111 0.021414  -1.000000 0.000000 0.000000  0.864986 0.228867 0
0  -0.002468 0.045006 0.021414  -1.000000 0.000000 0.000000  0.824675 0.228867 0
mount_dovetail_rsr_akr_1913_railed_mount_LOD0
0  -0.002468 0.044102 0.020061  -1.000000 0.000000 0.000000  0.828756 0.222771 0
0  -0.002468 0.037015 0.020061  -1.000000 0.000000 0.000000  0.860906 0.222770 0
0  -0.002468 0.045006 0.021414  -1.000000 0.000000 0.000000  0.824675 0.228867 0
mount_dovetail_rsr_akr_1913_railed_mount_LOD0
0  -0.002468 0.043784 0.018464  -1.000000 0.000000 0.000000  0.830178 0.215584 0
0  -0.002468 0.037015 0.020061  -1.000000 0.000000 0.000000  0.860906 0.222770 0
0  -0.002468 0.044102 0.020061  -1.000000 0.000000 0.000000  0.828756 0.222771 0
mount_dovetail_rsr_akr_1913_railed_mount_LOD0
0  -0.002468 0.044102 0.016868  -1.000000 0.000000 0.000002  0.828756 0.208387 0
0  -0.002468 0.037015 0.020061  -1.000000 0.000000 0.000002  0.860906 0.222770 0
0  -0.002468 0.043784 0.018464  -1.000000 0.000000 0.000002  0.830178 0.215584 0
mount_dovetail_rsr_akr_1913_railed_mount_LOD0
0  -0.002468 0.037015 0.020061  -1.000000 -0.000000 -0.000000  0.860906 0.222770 0
0  -0.002468 0.044102 0.016868  -1.000000 -0.000000 -0.000000  0.828756 0.208387 0
0  -0.002468 0.045738 0.005035  -1.000000 -0.000000 -0.000000  0.821617 0.155091 0
mount_dovetail_rsr_akr_1913_railed_mount_LOD0
0  -0.002468 0.044102 0.016868  -1.000000 0.000000 0.000000  0.828756 0.208387 0
0  -0.002468 0.052825 0.001842  -1.000000 0.000000 0.000000  0.789466 0.140707 0
0  -0.002468 0.045738 0.005035  -1.000000 0.000000 0.000000  0.821617 0.155091 0
mount_dovetail_rsr_akr_1913_railed_mount_LOD0
0  -0.002468 0.045738 0.005035  -1.000000 0.000000 0.000000  0.821617 0.155091 0
0  -0.002468 0.052825 0.001842  -1.000000 0.000000 0.000000  0.789466 0.140707 0
0  -0.002468 0.046056 0.003438  -1.000000 0.000000 0.000000  0.820195 0.147899 0
mount_dovetail_rsr_akr_1913_railed_mount_LOD0
0  -0.002468 0.046056 0.003438  -1.000000 -0.000000 0.000000  0.820195 0.147899 0
0  -0.002468 0.052825 0.001842  -1.000000 -0.000000 0.000000  0.789466 0.140707 0
0  -0.002468 0.045738 0.001842  -1.000000 -0.000000 0.000000  0.821617 0.140713 0
mount_dovetail_rsr_akr_1913_railed_mount_LOD0
0  -0.002468 0.045738 0.001842  -1.000000 0.000000 0.000000  0.821617 0.140713 0
0  -0.002468 0.052825 0.001842  -1.000000 0.000000 0.000000  0.789466 0.140707 0
0  -0.002468 0.044834 0.000489  -1.000000 0.000000 0.000000  0.825698 0.134615 0
mount_dovetail_rsr_akr_1913_railed_mount_LOD0
0  -0.002468 0.052825 0.001842  -1.000000 0.000000 0.000000  0.789466 0.140707 0
0  -0.002468 0.053729 0.000489  -1.000000 0.000000 0.000000  0.785386 0.134615 0
0  -0.002468 0.044834 0.000489  -1.000000 0.000000 0.000000  0.825698 0.134615 0
mount_dovetail_rsr_akr_1913_railed_mount_LOD0
0  -0.002468 0.044834 0.000489  -1.000000 0.000000 0.000000  0.825698 0.134615 0
0  -0.002468 0.053729 0.000489  -1.000000 0.000000 0.000000  0.785386 0.134615 0
0  -0.002468 0.043481 -0.000416  -1.000000 0.000000 0.000000  0.831789 0.130546 0
mount_dovetail_rsr_akr_1913_railed_mount_LOD0
0  -0.002468 0.053729 0.000489  -1.000000 0.000000 0.000000  0.785386 0.134615 0
0  -0.002468 0.055082 -0.000416  -1.000000 0.000000 0.000000  0.779294 0.130546 0
0  -0.002468 0.043481 -0.000416  -1.000000 0.000000 0.000000  0.831789 0.130546 0
mount_dovetail_rsr_akr_1913_railed_mount_LOD0
0  -0.002468 0.043481 -0.000416  -1.000000 0.000000 0.000000  0.831789 0.130546 0
0  -0.002468 0.055082 -0.000416  -1.000000 0.000000 0.000000  0.779294 0.130546 0
0  -0.002468 0.041884 -0.000733  -1.000000 0.000000 0.000000  0.838981 0.129113 0
mount_dovetail_rsr_akr_1913_railed_mount_LOD0
0  -0.002468 0.055082 -0.000416  -1.000000 0.000001 -0.000028  0.779294 0.130546 0
0  -0.002468 0.056679 -0.000733  -1.000000 0.000001 -0.000028  0.772103 0.129113 0
0  -0.002468 0.041884 -0.000733  -1.000000 0.000001 -0.000028  0.838981 0.129113 0
mount_dovetail_rsr_akr_1913_railed_mount_LOD0
0  -0.002468 0.068115 0.022318  -1.000000 -0.000000 -0.000001  0.802676 0.199300 0
0  -0.002468 0.066519 0.022636  -1.000000 -0.000000 -0.000001  0.809870 0.200720 0
0  -0.002468 0.081559 0.022636  -1.000000 -0.000000 -0.000001  0.742122 0.200720 0
mount_dovetail_rsr_akr_1913_railed_mount_LOD0
0  -0.002468 0.079963 0.022318  -1.000000 -0.000000 0.000001  0.749310 0.199300 0
0  -0.002468 0.068115 0.022318  -1.000000 -0.000000 0.000001  0.802676 0.199300 0
0  -0.002468 0.081559 0.022636  -1.000000 -0.000000 0.000001  0.742122 0.200720 0
mount_dovetail_rsr_akr_1913_railed_mount_LOD0
0  -0.002468 0.069469 0.021414  -1.000000 -0.000000 -0.000000  0.796583 0.195218 0
0  -0.002468 0.068115 0.022318  -1.000000 -0.000000 -0.000000  0.802676 0.199300 0
0  -0.002468 0.079963 0.022318  -1.000000 -0.000000 -0.000000  0.749310 0.199300 0
mount_dovetail_rsr_akr_1913_railed_mount_LOD0
0  -0.002468 0.078610 0.021414  -1.000000 -0.000000 0.000000  0.755409 0.195218 0
0  -0.002468 0.069469 0.021414  -1.000000 -0.000000 0.000000  0.796583 0.195218 0
0  -0.002468 0.079963 0.022318  -1.000000 -0.000000 0.000000  0.749310 0.199300 0
mount_dovetail_rsr_akr_1913_railed_mount_LOD0
0  -0.002468 0.070373 0.020061  -1.000000 -0.000000 -0.000000  0.792508 0.189122 0
0  -0.002468 0.069469 0.021414  -1.000000 -0.000000 -0.000000  0.796583 0.195218 0
0  -0.002468 0.078610 0.021414  -1.000000 -0.000000 -0.000000  0.755409 0.195218 0
mount_dovetail_rsr_akr_1913_railed_mount_LOD0
0  -0.002468 0.077705 0.020061  -1.000000 -0.000000 0.000000  0.759480 0.189122 0
0  -0.002468 0.070373 0.020061  -1.000000 -0.000000 0.000000  0.792508 0.189122 0
0  -0.002468 0.078610 0.021414  -1.000000 -0.000000 0.000000  0.755409 0.195218 0
mount_dovetail_rsr_akr_1913_railed_mount_LOD0
0  -0.002468 0.077388 0.018464  -1.000000 -0.000000 0.000000  0.760912 0.181934 0
0  -0.002468 0.070373 0.020061  -1.000000 -0.000000 0.000000  0.792508 0.189122 0
0  -0.002468 0.077705 0.020061  -1.000000 -0.000000 0.000000  0.759480 0.189122 0
mount_dovetail_rsr_akr_1913_railed_mount_LOD0
0  -0.002468 0.077705 0.016868  -1.000000 -0.000000 -0.000000  0.759480 0.174738 0
0  -0.002468 0.070373 0.020061  -1.000000 -0.000000 -0.000000  0.792508 0.189122 0
0  -0.002468 0.077388 0.018464  -1.000000 -0.000000 -0.000000  0.760912 0.181934 0
mount_dovetail_rsr_akr_1913_railed_mount_LOD0
0  -0.002468 0.070373 0.020061  -1.000000 -0.000000 -0.000000  0.792508 0.189122 0
0  -0.002468 0.077705 0.016868  -1.000000 -0.000000 -0.000000  0.759480 0.174738 0
0  -0.002468 0.079096 0.005035  -1.000000 -0.000000 -0.000000  0.753215 0.121443 0
mount_dovetail_rsr_akr_1913_railed_mount_LOD0
0  -0.002468 0.077705 0.016868  -1.000000 -0.000001 -0.000001  0.759480 0.174738 0
0  -0.002468 0.086429 0.001842  -1.000000 -0.000001 -0.000001  0.720188 0.107058 0
0  -0.002468 0.079096 0.005035  -1.000000 -0.000001 -0.000001  0.753215 0.121443 0
mount_dovetail_rsr_akr_1913_railed_mount_LOD0
0  -0.002468 0.079096 0.005035  -1.000000 -0.000001 -0.000000  0.753215 0.121443 0
0  -0.002468 0.086429 0.001842  -1.000000 -0.000001 -0.000000  0.720188 0.107058 0
0  -0.002468 0.079414 0.003438  -1.000000 -0.000001 -0.000000  0.751784 0.114245 0
mount_dovetail_rsr_akr_1913_railed_mount_LOD0
0  -0.002468 0.079414 0.003438  -1.000000 -0.000001 0.000000  0.751784 0.114245 0
0  -0.002468 0.086429 0.001842  -1.000000 -0.000001 0.000000  0.720188 0.107058 0
0  -0.002468 0.079096 0.001842  -1.000000 -0.000001 0.000000  0.753215 0.107058 0
mount_dovetail_rsr_akr_1913_railed_mount_LOD0
0  -0.002468 0.079096 0.001842  -1.000000 -0.000001 0.000001  0.753215 0.107058 0
0  -0.002468 0.086429 0.001842  -1.000000 -0.000001 0.000001  0.720188 0.107058 0
0  -0.002468 0.078192 0.000489  -1.000000 -0.000001 0.000001  0.757287 0.100960 0
mount_dovetail_rsr_akr_1913_railed_mount_LOD0
0  -0.002468 0.086429 0.001842  -1.000000 -0.000001 -0.000001  0.720188 0.107058 0
0  -0.002468 0.087333 0.000489  -1.000000 -0.000001 -0.000001  0.716112 0.100960 0
0  -0.002468 0.078192 0.000489  -1.000000 -0.000001 -0.000001  0.757287 0.100960 0
mount_dovetail_rsr_akr_1913_railed_mount_LOD0
0  -0.002468 0.078192 0.000489  -1.000000 -0.000001 0.000001  0.757287 0.100960 0
0  -0.002468 0.087333 0.000489  -1.000000 -0.000001 0.000001  0.716112 0.100960 0
0  -0.002468 0.076839 -0.000416  -1.000000 -0.000001 0.000001  0.763382 0.096880 0
mount_dovetail_rsr_akr_1913_railed_mount_LOD0
0  -0.002468 0.087333 0.000489  -1.000000 -0.000000 -0.000004  0.716112 0.100960 0
0  -0.002468 0.088686 -0.000416  -1.000000 -0.000000 -0.000004  0.710017 0.096880 0
0  -0.002468 0.076839 -0.000416  -1.000000 -0.000000 -0.000004  0.763382 0.096880 0
mount_dovetail_rsr_akr_1913_railed_mount_LOD0
0  -0.002468 0.076839 -0.000416  -1.000000 -0.000000 0.000002  0.763382 0.096880 0
0  -0.002468 0.088686 -0.000416  -1.000000 -0.000000 0.000002  0.710017 0.096880 0
0  -0.002468 0.075242 -0.000733  -1.000000 -0.000000 0.000002  0.770576 0.095458 0
mount_dovetail_rsr_akr_1913_railed_mount_LOD0
0  -0.002468 0.088686 -0.000416  -1.000000 -0.000000 -0.000002  0.710017 0.096880 0
0  -0.002468 0.090282 -0.000733  -1.000000 -0.000000 -0.000002  0.702826 0.095458 0
0  -0.002468 0.075242 -0.000733  -1.000000 -0.000000 -0.000002  0.770576 0.095458 0
mount_dovetail_rsr_akr_1913_railed_mount_LOD0
0  -0.006262 0.078797 0.030980  -1.000000 0.000007 -0.000009  0.065793 0.775095 0
0  -0.006262 0.083556 0.030980  -1.000000 0.000007 -0.000009  0.044354 0.775095 0
0  -0.006262 0.078797 0.028035  -1.000000 0.000007 -0.000009  0.065792 0.761834 0
mount_dovetail_rsr_akr_1913_railed_mount_LOD0
0  -0.006262 0.083556 0.030980  -1.000000 -0.000002 0.000004  0.044354 0.775095 0
0  -0.006262 0.083557 0.028035  -1.000000 -0.000002 0.000004  0.044354 0.761834 0
0  -0.006262 0.078797 0.028035  -1.000000 -0.000002 0.000004  0.065792 0.761834 0
mount_dovetail_rsr_akr_1913_railed_mount_LOD0
0  -0.006262 0.083557 0.028035  -1.000000 -0.000001 -0.000016  0.044354 0.761834 0
0  -0.006262 0.092819 0.025728  -1.000000 -0.000001 -0.000016  0.002634 0.751446 0
0  -0.006262 0.078797 0.028035  -1.000000 -0.000001 -0.000016  0.065792 0.761834 0
mount_dovetail_rsr_akr_1913_railed_mount_LOD0
0  -0.006262 0.088790 0.028035  -1.000000 0.000001 -0.000005  0.020797 0.761834 0
0  -0.006262 0.092819 0.025728  -1.000000 0.000001 -0.000005  0.002634 0.751446 0
0  -0.006262 0.083557 0.028035  -1.000000 0.000001 -0.000005  0.044354 0.761834 0
mount_dovetail_rsr_akr_1913_railed_mount_LOD0
0  -0.006262 0.078797 0.028035  -1.000000 0.000001 -0.000003  0.065792 0.761834 0
0  -0.006262 0.092819 0.025728  -1.000000 0.000001 -0.000003  0.002634 0.751446 0
0  -0.006262 0.073564 0.028035  -1.000000 0.000001 -0.000003  0.089363 0.761834 0
mount_dovetail_rsr_akr_1913_railed_mount_LOD0
0  -0.006262 0.092961 0.026808  -1.000000 0.000004 -0.000000  0.002002 0.756321 0
0  -0.006262 0.092819 0.025728  -1.000000 0.000004 -0.000000  0.002634 0.751446 0
0  -0.006262 0.088790 0.028035  -1.000000 0.000004 -0.000000  0.020797 0.761834 0
mount_dovetail_rsr_akr_1913_railed_mount_LOD0
0  -0.006262 0.092819 0.027888  -1.000000 0.000004 0.000001  0.002644 0.761195 0
0  -0.006262 0.092961 0.026808  -1.000000 0.000004 0.000001  0.002002 0.756321 0
0  -0.006262 0.088790 0.028035  -1.000000 0.000004 0.000001  0.020797 0.761834 0
mount_dovetail_rsr_akr_1913_railed_mount_LOD0
0  -0.006262 0.092402 0.028894  -1.000000 0.000004 0.000001  0.004528 0.765724 0
0  -0.006262 0.092819 0.027888  -1.000000 0.000004 0.000001  0.002644 0.761195 0
0  -0.006262 0.088790 0.028035  -1.000000 0.000004 0.000001  0.020797 0.761834 0
mount_dovetail_rsr_akr_1913_railed_mount_LOD0
0  -0.006262 0.091739 0.029758  -1.000000 0.000004 0.000001  0.007520 0.769605 0
0  -0.006262 0.092402 0.028894  -1.000000 0.000004 0.000001  0.004528 0.765724 0
0  -0.006262 0.088790 0.028035  -1.000000 0.000004 0.000001  0.020797 0.761834 0
mount_dovetail_rsr_akr_1913_railed_mount_LOD0
0  -0.006262 0.090875 0.030421  -1.000000 0.000002 0.000004  0.011411 0.772585 0
0  -0.006262 0.091739 0.029758  -1.000000 0.000002 0.000004  0.007520 0.769605 0
0  -0.006262 0.088790 0.028035  -1.000000 0.000002 0.000004  0.020797 0.761834 0
mount_dovetail_rsr_akr_1913_railed_mount_LOD0
0  -0.006262 0.089869 0.030838  -1.000000 0.000004 0.000002  0.015942 0.774457 0
0  -0.006262 0.090875 0.030421  -1.000000 0.000004 0.000002  0.011411 0.772585 0
0  -0.006262 0.088790 0.028035  -1.000000 0.000004 0.000002  0.020797 0.761834 0
mount_dovetail_rsr_akr_1913_railed_mount_LOD0
0  -0.006262 0.088790 0.030980  -1.000000 0.000013 -0.000001  0.020797 0.775095 0
0  -0.006262 0.089869 0.030838  -1.000000 0.000013 -0.000001  0.015942 0.774457 0
0  -0.006262 0.088790 0.028035  -1.000000 0.000013 -0.000001  0.020797 0.761834 0
mount_dovetail_rsr_akr_1913_railed_mount_LOD0
0  -0.006262 0.073564 0.028035  -1.000000 -0.000000 -0.000012  0.089363 0.761834 0
0  -0.006262 0.092819 0.025728  -1.000000 -0.000000 -0.000012  0.002634 0.751446 0
0  -0.006262 0.068804 0.028035  -1.000000 -0.000000 -0.000012  0.110806 0.761834 0
mount_dovetail_rsr_akr_1913_railed_mount_LOD0
0  -0.006262 0.073564 0.030980  -1.000000 -0.000001 0.000003  0.089362 0.775095 0
0  -0.006262 0.073564 0.028035  -1.000000 -0.000001 0.000003  0.089363 0.761834 0
0  -0.006262 0.068804 0.028035  -1.000000 -0.000001 0.000003  0.110806 0.761834 0
mount_dovetail_rsr_akr_1913_railed_mount_LOD0
0  -0.006262 0.068804 0.030980  -1.000000 0.000007 -0.000009  0.110806 0.775095 0
0  -0.006262 0.073564 0.030980  -1.000000 0.000007 -0.000009  0.089362 0.775095 0
0  -0.006262 0.068804 0.028035  -1.000000 0.000007 -0.000009  0.110806 0.761834 0
mount_dovetail_rsr_akr_1913_railed_mount_LOD0
0  -0.006262 0.068804 0.028035  -1.000000 0.000000 -0.000004  0.110806 0.761834 0
0  -0.006262 0.092819 0.025728  -1.000000 0.000000 -0.000004  0.002634 0.751446 0
0  -0.006262 0.063571 0.028035  -1.000000 0.000000 -0.000004  0.134379 0.761834 0
mount_dovetail_rsr_akr_1913_railed_mount_LOD0
0  -0.006262 0.063571 0.028035  -1.000000 -0.000001 -0.000018  0.134379 0.761834 0
0  -0.006262 0.092819 0.025728  -1.000000 -0.000001 -0.000018  0.002634 0.751446 0
0  -0.006262 0.058811 0.028035  -1.000000 -0.000001 -0.000018  0.155823 0.761834 0
mount_dovetail_rsr_akr_1913_railed_mount_LOD0
0  -0.006262 0.063571 0.030980  -1.000000 -0.000001 0.000003  0.134379 0.775095 0
0  -0.006262 0.063571 0.028035  -1.000000 -0.000001 0.000003  0.134379 0.761834 0
0  -0.006262 0.058811 0.028035  -1.000000 -0.000001 0.000003  0.155823 0.761834 0
mount_dovetail_rsr_akr_1913_railed_mount_LOD0
0  -0.006262 0.058811 0.030980  -1.000000 0.000007 -0.000009  0.155823 0.775095 0
0  -0.006262 0.063571 0.030980  -1.000000 0.000007 -0.000009  0.134379 0.775095 0
0  -0.006262 0.058811 0.028035  -1.000000 0.000007 -0.000009  0.155823 0.761834 0
mount_dovetail_rsr_akr_1913_railed_mount_LOD0
0  -0.006262 0.058811 0.028035  -1.000000 0.000001 0.000008  0.155823 0.761834 0
0  -0.006262 0.092819 0.025728  -1.000000 0.000001 0.000008  0.002634 0.751446 0
0  -0.006262 0.053578 0.028035  -1.000000 0.000001 0.000008  0.179413 0.761834 0
mount_dovetail_rsr_akr_1913_railed_mount_LOD0
0  -0.006262 0.092819 0.025728  -1.000000 0.000000 -0.000009  0.002634 0.751446 0
0  -0.006262 0.021220 0.025728  -1.000000 0.000000 -0.000009  0.325177 0.751446 0
0  -0.006262 0.053578 0.028035  -1.000000 0.000000 -0.000009  0.179413 0.761834 0
mount_dovetail_rsr_akr_1913_railed_mount_LOD0
0  -0.006262 0.053578 0.028035  -1.000000 -0.000001 0.000006  0.179413 0.761834 0
0  -0.006262 0.021220 0.025728  -1.000000 -0.000001 0.000006  0.325177 0.751446 0
0  -0.006262 0.048818 0.028035  -1.000000 -0.000001 0.000006  0.200855 0.761834 0
mount_dovetail_rsr_akr_1913_railed_mount_LOD0
0  -0.006262 0.053578 0.030980  -1.000000 -0.000001 0.000004  0.179413 0.775095 0
0  -0.006262 0.053578 0.028035  -1.000000 -0.000001 0.000004  0.179413 0.761834 0
0  -0.006262 0.048818 0.028035  -1.000000 -0.000001 0.000004  0.200855 0.761834 0
mount_dovetail_rsr_akr_1913_railed_mount_LOD0
0  -0.006262 0.048818 0.030980  -1.000000 0.000007 -0.000009  0.200855 0.775095 0
0  -0.006262 0.053578 0.030980  -1.000000 0.000007 -0.000009  0.179413 0.775095 0
0  -0.006262 0.048818 0.028035  -1.000000 0.000007 -0.000009  0.200855 0.761834 0
mount_dovetail_rsr_akr_1913_railed_mount_LOD0
0  -0.006262 0.048818 0.028035  -1.000000 0.000001 -0.000015  0.200855 0.761834 0
0  -0.006262 0.021220 0.025728  -1.000000 0.000001 -0.000015  0.325177 0.751446 0
0  -0.006262 0.043585 0.028035  -1.000000 0.000001 -0.000015  0.224432 0.761834 0
mount_dovetail_rsr_akr_1913_railed_mount_LOD0
0  -0.006262 0.043585 0.028035  -1.000000 -0.000001 -0.000003  0.224432 0.761834 0
0  -0.006262 0.021220 0.025728  -1.000000 -0.000001 -0.000003  0.325177 0.751446 0
0  -0.006262 0.038826 0.028035  -1.000000 -0.000001 -0.000003  0.245872 0.761834 0
mount_dovetail_rsr_akr_1913_railed_mount_LOD0
0  -0.006262 0.043585 0.030980  -1.000000 -0.000001 0.000003  0.224432 0.775095 0
0  -0.006262 0.043585 0.028035  -1.000000 -0.000001 0.000003  0.224432 0.761834 0
0  -0.006262 0.038826 0.028035  -1.000000 -0.000001 0.000003  0.245872 0.761834 0
mount_dovetail_rsr_akr_1913_railed_mount_LOD0
0  -0.006262 0.038825 0.030980  -1.000000 0.000007 -0.000009  0.245872 0.775095 0
0  -0.006262 0.043585 0.030980  -1.000000 0.000007 -0.000009  0.224432 0.775095 0
0  -0.006262 0.038826 0.028035  -1.000000 0.000007 -0.000009  0.245872 0.761834 0
mount_dovetail_rsr_akr_1913_railed_mount_LOD0
0  -0.006262 0.038826 0.028035  -1.000000 0.000001 -0.000011  0.245872 0.761834 0
0  -0.006262 0.021220 0.025728  -1.000000 0.000001 -0.000011  0.325177 0.751446 0
0  -0.006262 0.033593 0.028035  -1.000000 0.000001 -0.000011  0.269441 0.761834 0
mount_dovetail_rsr_akr_1913_railed_mount_LOD0
0  -0.006262 0.033593 0.028035  -1.000000 -0.000001 -0.000004  0.269441 0.761834 0
0  -0.006262 0.021220 0.025728  -1.000000 -0.000001 -0.000004  0.325177 0.751446 0
0  -0.006262 0.028833 0.028035  -1.000000 -0.000001 -0.000004  0.290883 0.761834 0
mount_dovetail_rsr_akr_1913_railed_mount_LOD0
0  -0.006262 0.033592 0.030980  -1.000000 -0.000001 0.000003  0.269441 0.775095 0
0  -0.006262 0.033593 0.028035  -1.000000 -0.000001 0.000003  0.269441 0.761834 0
0  -0.006262 0.028833 0.028035  -1.000000 -0.000001 0.000003  0.290883 0.761834 0
mount_dovetail_rsr_akr_1913_railed_mount_LOD0
0  -0.006262 0.028833 0.030980  -1.000000 0.000007 -0.000009  0.290883 0.775095 0
0  -0.006262 0.033592 0.030980  -1.000000 0.000007 -0.000009  0.269441 0.775095 0
0  -0.006262 0.028833 0.028035  -1.000000 0.000007 -0.000009  0.290883 0.761834 0
mount_dovetail_rsr_akr_1913_railed_mount_LOD0
0  -0.006262 0.028833 0.028035  -1.000000 0.000001 -0.000010  0.290883 0.761834 0
0  -0.006262 0.021220 0.025728  -1.000000 0.000001 -0.000010  0.325177 0.751446 0
0  -0.006262 0.023600 0.028035  -1.000000 0.000001 -0.000010  0.314458 0.761834 0
mount_dovetail_rsr_akr_1913_railed_mount_LOD0
0  -0.006262 0.023600 0.028035  -1.000000 -0.000001 -0.000008  0.314458 0.761834 0
0  -0.006262 0.021220 0.025728  -1.000000 -0.000001 -0.000008  0.325177 0.751446 0
0  -0.006262 0.018840 0.028035  -1.000000 -0.000001 -0.000008  0.335900 0.761834 0
mount_dovetail_rsr_akr_1913_railed_mount_LOD0
0  -0.006262 0.023600 0.030980  -1.000000 -0.000001 0.000004  0.314458 0.775095 0
0  -0.006262 0.023600 0.028035  -1.000000 -0.000001 0.000004  0.314458 0.761834 0
0  -0.006262 0.018840 0.028035  -1.000000 -0.000001 0.000004  0.335900 0.761834 0
mount_dovetail_rsr_akr_1913_railed_mount_LOD0
0  -0.006262 0.018840 0.030980  -1.000000 0.000007 -0.000009  0.335900 0.775095 0
0  -0.006262 0.023600 0.030980  -1.000000 0.000007 -0.000009  0.314458 0.775095 0
0  -0.006262 0.018840 0.028035  -1.000000 0.000007 -0.000009  0.335900 0.761834 0
mount_dovetail_rsr_akr_1913_railed_mount_LOD0
0  -0.006262 0.018840 0.028035  -1.000000 0.000001 -0.000006  0.335900 0.761834 0
0  -0.006262 0.021220 0.025728  -1.000000 0.000001 -0.000006  0.325177 0.751446 0
0  -0.006262 0.013607 0.028035  -1.000000 0.000001 -0.000006  0.359472 0.761834 0
mount_dovetail_rsr_akr_1913_railed_mount_LOD0
0  -0.006262 0.013607 0.028035  -1.000000 -0.000001 -0.000010  0.359472 0.761834 0
0  -0.006262 0.021220 0.025728  -1.000000 -0.000001 -0.000010  0.325177 0.751446 0
0  -0.006262 0.008847 0.028035  -1.000000 -0.000001 -0.000010  0.380912 0.761834 0
mount_dovetail_rsr_akr_1913_railed_mount_LOD0
0  -0.006262 0.013607 0.030980  -1.000000 -0.000001 0.000003  0.359472 0.775095 0
0  -0.006262 0.013607 0.028035  -1.000000 -0.000001 0.000003  0.359472 0.761834 0
0  -0.006262 0.008847 0.028035  -1.000000 -0.000001 0.000003  0.380912 0.761834 0
mount_dovetail_rsr_akr_1913_railed_mount_LOD0
0  -0.006262 0.008847 0.030980  -1.000000 0.000007 -0.000009  0.380912 0.775095 0
0  -0.006262 0.013607 0.030980  -1.000000 0.000007 -0.000009  0.359472 0.775095 0
0  -0.006262 0.008847 0.028035  -1.000000 0.000007 -0.000009  0.380912 0.761834 0
mount_dovetail_rsr_akr_1913_railed_mount_LOD0
0  -0.006262 0.008847 0.028035  -1.000000 0.000002 0.000001  0.380912 0.761834 0
0  -0.006262 0.021220 0.025728  -1.000000 0.000002 0.000001  0.325177 0.751446 0
0  -0.006262 0.003614 0.028035  -1.000000 0.000002 0.000001  0.404484 0.761834 0
mount_dovetail_rsr_akr_1913_railed_mount_LOD0
0  -0.006262 0.003614 0.028035  -1.000000 -0.000002 -0.000022  0.404484 0.761834 0
0  -0.006262 0.021220 0.025728  -1.000000 -0.000002 -0.000022  0.325177 0.751446 0
0  -0.006262 -0.001145 0.028035  -1.000000 -0.000002 -0.000022  0.425924 0.761834 0
mount_dovetail_rsr_akr_1913_railed_mount_LOD0
0  -0.006262 0.003614 0.030980  -1.000000 -0.000002 0.000004  0.404484 0.775095 0
0  -0.006262 0.003614 0.028035  -1.000000 -0.000002 0.000004  0.404484 0.761834 0
0  -0.006262 -0.001145 0.028035  -1.000000 -0.000002 0.000004  0.425924 0.761834 0
mount_dovetail_rsr_akr_1913_railed_mount_LOD0
0  -0.006262 -0.001146 0.030980  -1.000000 0.000006 -0.000009  0.425924 0.775095 0
0  -0.006262 0.003614 0.030980  -1.000000 0.000006 -0.000009  0.404484 0.775095 0
0  -0.006262 -0.001145 0.028035  -1.000000 0.000006 -0.000009  0.425924 0.761834 0
mount_dovetail_rsr_akr_1913_railed_mount_LOD0
0  -0.006262 -0.001145 0.028035  -1.000000 0.000001 0.000002  0.425924 0.761834 0
0  -0.006262 0.021220 0.025728  -1.000000 0.000001 0.000002  0.325177 0.751446 0
0  -0.006262 -0.006378 0.028035  -1.000000 0.000001 0.000002  0.449503 0.761834 0
mount_dovetail_rsr_akr_1913_railed_mount_LOD0
0  -0.006262 -0.006378 0.028035  -1.000000 -0.000001 -0.000020  0.449503 0.761834 0
0  -0.006262 0.021220 0.025728  -1.000000 -0.000001 -0.000020  0.325177 0.751446 0
0  -0.006262 -0.011138 0.028035  -1.000000 -0.000001 -0.000020  0.470946 0.761834 0
mount_dovetail_rsr_akr_1913_railed_mount_LOD0
0  -0.006262 -0.011138 0.028035  -1.000000 0.000000 -0.000008  0.470946 0.761834 0
0  -0.006262 0.021220 0.025728  -1.000000 0.000000 -0.000008  0.325177 0.751446 0
0  -0.006262 -0.050378 0.025728  -1.000000 0.000000 -0.000008  0.647746 0.751446 0
mount_dovetail_rsr_akr_1913_railed_mount_LOD0
0  -0.006262 -0.016371 0.028035  -1.000000 0.000001 -0.000022  0.494551 0.761834 0
0  -0.006262 -0.011138 0.028035  -1.000000 0.000001 -0.000022  0.470946 0.761834 0
0  -0.006262 -0.050378 0.025728  -1.000000 0.000001 -0.000022  0.647746 0.751446 0
mount_dovetail_rsr_akr_1913_railed_mount_LOD0
0  -0.006262 -0.006379 0.030980  -1.000000 -0.000001 0.000004  0.449503 0.775095 0
0  -0.006262 -0.006378 0.028035  -1.000000 -0.000001 0.000004  0.449503 0.761834 0
0  -0.006262 -0.011138 0.028035  -1.000000 -0.000001 0.000004  0.470946 0.761834 0
mount_dovetail_rsr_akr_1913_railed_mount_LOD0
0  -0.006262 -0.011138 0.030980  -1.000000 0.000007 -0.000009  0.470946 0.775095 0
0  -0.006262 -0.006379 0.030980  -1.000000 0.000007 -0.000009  0.449503 0.775095 0
0  -0.006262 -0.011138 0.028035  -1.000000 0.000007 -0.000009  0.470946 0.761834 0
mount_dovetail_rsr_akr_1913_railed_mount_LOD0
0  -0.006262 -0.021131 0.028035  -1.000000 -0.000001 0.000003  0.515995 0.761834 0
0  -0.006262 -0.016371 0.028035  -1.000000 -0.000001 0.000003  0.494551 0.761834 0
0  -0.006262 -0.050378 0.025728  -1.000000 -0.000001 0.000003  0.647746 0.751446 0
mount_dovetail_rsr_akr_1913_railed_mount_LOD0
0  -0.006262 -0.016372 0.030980  -1.000000 -0.000001 0.000004  0.494551 0.775095 0
0  -0.006262 -0.016371 0.028035  -1.000000 -0.000001 0.000004  0.494551 0.761834 0
0  -0.006262 -0.021131 0.028035  -1.000000 -0.000001 0.000004  0.515995 0.761834 0
mount_dovetail_rsr_akr_1913_railed_mount_LOD0
0  -0.006262 -0.021131 0.030980  -1.000000 0.000007 -0.000008  0.515995 0.775095 0
0  -0.006262 -0.016372 0.030980  -1.000000 0.000007 -0.000008  0.494551 0.775095 0
0  -0.006262 -0.021131 0.028035  -1.000000 0.000007 -0.000008  0.515995 0.761834 0
mount_dovetail_rsr_akr_1913_railed_mount_LOD0
0  -0.006262 -0.026363 0.028035  -1.000000 0.000001 -0.000020  0.539574 0.761834 0
0  -0.006262 -0.021131 0.028035  -1.000000 0.000001 -0.000020  0.515995 0.761834 0
0  -0.006262 -0.050378 0.025728  -1.000000 0.000001 -0.000020  0.647746 0.751446 0
mount_dovetail_rsr_akr_1913_railed_mount_LOD0
0  -0.006262 -0.031123 0.028035  -1.000000 -0.000001 0.000003  0.561017 0.761834 0
0  -0.006262 -0.026363 0.028035  -1.000000 -0.000001 0.000003  0.539574 0.761834 0
0  -0.006262 -0.050378 0.025728  -1.000000 -0.000001 0.000003  0.647746 0.751446 0
mount_dovetail_rsr_akr_1913_railed_mount_LOD0
0  -0.006262 -0.026364 0.030980  -1.000000 -0.000001 0.000004  0.539574 0.775095 0
0  -0.006262 -0.026363 0.028035  -1.000000 -0.000001 0.000004  0.539574 0.761834 0
0  -0.006262 -0.031123 0.028035  -1.000000 -0.000001 0.000004  0.561017 0.761834 0
mount_dovetail_rsr_akr_1913_railed_mount_LOD0
0  -0.006262 -0.031124 0.030980  -1.000000 0.000006 -0.000009  0.561017 0.775095 0
0  -0.006262 -0.026364 0.030980  -1.000000 0.000006 -0.000009  0.539574 0.775095 0
0  -0.006262 -0.031123 0.028035  -1.000000 0.000006 -0.000009  0.561017 0.761834 0
mount_dovetail_rsr_akr_1913_railed_mount_LOD0
0  -0.006262 -0.036356 0.028035  -1.000000 0.000001 -0.000016  0.584587 0.761834 0
0  -0.006262 -0.031123 0.028035  -1.000000 0.000001 -0.000016  0.561017 0.761834 0
0  -0.006262 -0.050378 0.025728  -1.000000 0.000001 -0.000016  0.647746 0.751446 0
mount_dovetail_rsr_akr_1913_railed_mount_LOD0
0  -0.006262 -0.041116 0.028035  -1.000000 -0.000001 -0.000005  0.606028 0.761834 0
0  -0.006262 -0.036356 0.028035  -1.000000 -0.000001 -0.000005  0.584587 0.761834 0
0  -0.006262 -0.050378 0.025728  -1.000000 -0.000001 -0.000005  0.647746 0.751446 0
mount_dovetail_rsr_akr_1913_railed_mount_LOD0
0  -0.006262 -0.046349 0.028035  -1.000000 0.000001 -0.000011  0.629621 0.761834 0
0  -0.006262 -0.041116 0.028035  -1.000000 0.000001 -0.000011  0.606028 0.761834 0
0  -0.006262 -0.050378 0.025728  -1.000000 0.000001 -0.000011  0.647746 0.751446 0
mount_dovetail_rsr_akr_1913_railed_mount_LOD0
0  -0.006262 -0.036356 0.030980  -1.000000 -0.000001 0.000004  0.584587 0.775095 0
0  -0.006262 -0.036356 0.028035  -1.000000 -0.000001 0.000004  0.584587 0.761834 0
0  -0.006262 -0.041116 0.028035  -1.000000 -0.000001 0.000004  0.606028 0.761834 0
mount_dovetail_rsr_akr_1913_railed_mount_LOD0
0  -0.006262 -0.041116 0.030980  -1.000000 0.000007 -0.000009  0.606028 0.775095 0
0  -0.006262 -0.036356 0.030980  -1.000000 0.000007 -0.000009  0.584587 0.775095 0
0  -0.006262 -0.041116 0.028035  -1.000000 0.000007 -0.000009  0.606028 0.761834 0
mount_dovetail_rsr_akr_1913_railed_mount_LOD0
0  -0.006262 -0.050520 0.026808  -1.000000 -0.000005 -0.000001  0.648402 0.756310 0
0  -0.006262 -0.046349 0.028035  -1.000000 -0.000005 -0.000001  0.629621 0.761834 0
0  -0.006262 -0.050378 0.025728  -1.000000 -0.000005 -0.000001  0.647746 0.751446 0
mount_dovetail_rsr_akr_1913_railed_mount_LOD0
0  -0.006262 -0.050378 0.027888  -1.000000 -0.000006 0.000001  0.647773 0.761174 0
0  -0.006262 -0.046349 0.028035  -1.000000 -0.000006 0.000001  0.629621 0.761834 0
0  -0.006262 -0.050520 0.026808  -1.000000 -0.000006 0.000001  0.648402 0.756310 0
mount_dovetail_rsr_akr_1913_railed_mount_LOD0
0  -0.006262 -0.049962 0.028894  -1.000000 -0.000006 0.000002  0.645896 0.765703 0
0  -0.006262 -0.046349 0.028035  -1.000000 -0.000006 0.000002  0.629621 0.761834 0
0  -0.006262 -0.050378 0.027888  -1.000000 -0.000006 0.000002  0.647773 0.761174 0
mount_dovetail_rsr_akr_1913_railed_mount_LOD0
0  -0.006262 -0.049298 0.029758  -1.000000 -0.000005 0.000004  0.642906 0.769595 0
0  -0.006262 -0.046349 0.028035  -1.000000 -0.000005 0.000004  0.629621 0.761834 0
0  -0.006262 -0.049962 0.028894  -1.000000 -0.000005 0.000004  0.645896 0.765703 0
mount_dovetail_rsr_akr_1913_railed_mount_LOD0
0  -0.006262 -0.048435 0.030421  -1.000000 -0.000004 0.000005  0.639016 0.772585 0
0  -0.006262 -0.046349 0.028035  -1.000000 -0.000004 0.000005  0.629621 0.761834 0
0  -0.006262 -0.049298 0.029758  -1.000000 -0.000004 0.000005  0.642906 0.769595 0
mount_dovetail_rsr_akr_1913_railed_mount_LOD0
0  -0.006262 -0.047429 0.030838  -1.000000 -0.000004 0.000006  0.634486 0.774457 0
0  -0.006262 -0.046349 0.028035  -1.000000 -0.000004 0.000006  0.629621 0.761834 0
0  -0.006262 -0.048435 0.030421  -1.000000 -0.000004 0.000006  0.639016 0.772585 0
mount_dovetail_rsr_akr_1913_railed_mount_LOD0
0  -0.006262 -0.046349 0.030980  -1.000000 -0.000005 0.000006  0.629621 0.775095 0
0  -0.006262 -0.046349 0.028035  -1.000000 -0.000005 0.000006  0.629621 0.761834 0
0  -0.006262 -0.047429 0.030838  -1.000000 -0.000005 0.000006  0.634486 0.774457 0
mount_dovetail_rsr_akr_1913_railed_mount_LOD0
0  -0.002468 -0.016017 -0.003384  -1.000000 0.000000 0.000007  0.983878 0.895135 0
0  -0.002468 -0.003895 -0.003384  -1.000000 0.000000 0.000007  0.983878 0.840533 0
0  -0.002468 -0.001739 -0.006035  -1.000000 0.000000 0.000007  0.995823 0.830825 0
mount_dovetail_rsr_akr_1913_railed_mount_LOD0
0  -0.002468 -0.014478 -0.006035  -1.000000 -0.000001 -0.000001  0.995823 0.888200 0
0  -0.002468 -0.016017 -0.003384  -1.000000 -0.000001 -0.000001  0.983878 0.895135 0
0  -0.002468 -0.001739 -0.006035  -1.000000 -0.000001 -0.000001  0.995823 0.830825 0
mount_dovetail_rsr_akr_1913_railed_mount_LOD0
0  -0.002468 0.085572 -0.006035  0.000000 1.000000 0.000000  0.602333 0.522808 0
0  -0.003992 0.085572 -0.006034  0.000000 1.000000 0.000000  0.610922 0.522808 0
0  -0.002468 0.085572 -0.003334  -0.000000 0.923967 -0.382473  0.602333 0.507602 0
mount_dovetail_rsr_akr_1913_railed_mount_LOD0
0  -0.003992 0.085572 -0.006034  0.000000 1.000000 0.000000  0.610922 0.522808 0
0  -0.003992 0.085572 -0.003334  -0.000001 0.923967 -0.382473  0.610922 0.507602 0
0  -0.002468 0.085572 -0.003334  0.000012 0.923967 -0.382473  0.602333 0.507602 0
mount_dovetail_rsr_akr_1913_railed_mount_LOD0
0  -0.002468 0.085572 -0.003334  0.000003 0.923863 -0.382724  0.602333 0.507602 0
0  -0.003992 0.085572 -0.003334  -0.000035 0.923862 -0.382725  0.610922 0.507602 0
0  -0.002468 0.086565 -0.002341  0.000001 0.382710 -0.923869  0.602333 0.499704 0
mount_dovetail_rsr_akr_1913_railed_mount_LOD0
0  -0.003992 0.085572 -0.003334  0.000001 0.923866 -0.382715  0.610922 0.507602 0
0  -0.003992 0.086565 -0.002341  0.000003 0.382718 -0.923865  0.610922 0.499704 0
0  -0.002468 0.086565 -0.002341  0.000039 0.382718 -0.923865  0.602333 0.499704 0
mount_dovetail_rsr_akr_1913_railed_mount_LOD0
0  -0.003992 0.086565 -0.002341  0.000004 0.382473 -0.923967  0.610922 0.499704 0
0  -0.003992 0.088472 -0.002341  0.000003 -0.000000 -1.000000  0.610922 0.488956 0
0  -0.002468 0.086565 -0.002341  -0.000016 0.382473 -0.923967  0.602333 0.499704 0
mount_dovetail_rsr_akr_1913_railed_mount_LOD0
0  -0.003992 0.088472 -0.002341  0.000000 -0.000002 -1.000000  0.610922 0.488956 0
0  -0.003058 0.088472 -0.002341  0.000000 -0.000002 -1.000000  0.605666 0.488956 0
0  -0.002468 0.086565 -0.002341  0.000003 0.382471 -0.923968  0.602333 0.499704 0
mount_dovetail_rsr_akr_1913_railed_mount_LOD0
0  -0.002468 0.086565 -0.002341  -0.000049 0.382473 -0.923967  0.602333 0.499704 0
0  -0.003058 0.088472 -0.002341  0.000007 0.000000 -1.000000  0.605666 0.488956 0
0  -0.002468 0.092502 -0.002341  0.000007 0.000000 -1.000000  0.602333 0.466271 0
mount_dovetail_rsr_akr_1913_railed_mount_LOD0
0  -0.003058 0.088472 -0.002341  0.000008 0.000000 -1.000000  0.605666 0.488956 0
0  -0.003058 0.092502 -0.002341  0.000008 0.000000 -1.000000  0.605654 0.466271 0
0  -0.002468 0.092502 -0.002341  0.000008 0.000000 -1.000000  0.602333 0.466271 0
mount_dovetail_rsr_akr_1913_railed_mount_LOD0
0  -0.003992 0.050416 -0.003384  0.000211 -0.230131 -0.973160  0.104313 0.721167 0
0  -0.003992 0.055709 -0.006034  -0.000212 -0.447462 -0.894303  0.077643 0.721167 0
0  -0.002468 0.055711 -0.006035  -0.000212 -0.447462 -0.894303  0.077643 0.714295 0
mount_dovetail_rsr_akr_1913_railed_mount_LOD0
0  -0.002468 0.050416 -0.003384  0.000068 -0.230124 -0.973161  0.104313 0.714295 0
0  -0.003992 0.050416 -0.003384  0.000080 -0.230124 -0.973161  0.104313 0.721167 0
0  -0.002468 0.055711 -0.006035  0.000003 -0.447603 -0.894233  0.077643 0.714295 0
mount_dovetail_rsr_akr_1913_railed_mount_LOD0
0  -0.003992 0.026928 -0.003384  0.000003 0.229852 -0.973226  0.210113 0.721167 0
0  -0.003992 0.050416 -0.003384  0.000058 -0.229852 -0.973225  0.104313 0.721167 0
0  -0.002468 0.050416 -0.003384  0.000051 -0.229852 -0.973225  0.104313 0.714295 0
mount_dovetail_rsr_akr_1913_railed_mount_LOD0
0  -0.002468 0.026928 -0.003384  -0.000009 0.229852 -0.973226  0.210113 0.714295 0
0  -0.003992 0.026928 -0.003384  -0.000012 0.229852 -0.973226  0.210113 0.721167 0
0  -0.002468 0.050416 -0.003384  0.000002 -0.229852 -0.973225  0.104313 0.714295 0
mount_dovetail_rsr_akr_1913_railed_mount_LOD0
0  -0.003992 0.021633 -0.006034  0.000002 0.447628 -0.894220  0.236784 0.721167 0
0  -0.003992 0.026928 -0.003384  0.000002 0.230151 -0.973155  0.210113 0.721167 0
0  -0.002468 0.026928 -0.003384  -0.000011 0.230151 -0.973155  0.210113 0.714295 0
mount_dovetail_rsr_akr_1913_railed_mount_LOD0
0  -0.002468 0.021632 -0.006035  -0.000064 0.447643 -0.894212  0.236784 0.714295 0
0  -0.003992 0.021633 -0.006034  -0.000064 0.447643 -0.894212  0.236784 0.721167 0
0  -0.002468 0.026928 -0.003384  -0.000063 0.230121 -0.973162  0.210113 0.714295 0
mount_dovetail_rsr_akr_1913_railed_mount_LOD0
0  -0.003992 -0.003895 -0.003384  -0.000099 -0.429552 -0.903042  0.866055 0.689185 0
0  -0.003992 -0.001739 -0.006035  -0.000108 -0.775782 -0.631001  0.866055 0.704577 0
0  -0.002468 -0.001739 -0.006035  -0.000108 -0.775782 -0.631001  0.859193 0.704577 0
mount_dovetail_rsr_akr_1913_railed_mount_LOD0
0  -0.002468 -0.003895 -0.003384  -0.000021 -0.429552 -0.903042  0.859193 0.689185 0
0  -0.003992 -0.003895 -0.003384  -0.000035 -0.429552 -0.903042  0.866055 0.689185 0
0  -0.002468 -0.001739 -0.006035  0.000002 -0.775813 -0.630963  0.859193 0.704577 0
mount_dovetail_rsr_akr_1913_railed_mount_LOD0
0  -0.003992 -0.016017 -0.003384  0.000004 0.000000 -1.000000  0.866055 0.634585 0
0  -0.003992 -0.003895 -0.003384  0.000003 -0.429516 -0.903059  0.866055 0.689185 0
0  -0.002468 -0.003895 -0.003384  -0.000025 -0.429516 -0.903059  0.859193 0.689185 0
mount_dovetail_rsr_akr_1913_railed_mount_LOD0
0  -0.002468 -0.016017 -0.003384  0.000004 -0.000000 -1.000000  0.859193 0.634585 0
0  -0.003992 -0.016017 -0.003384  0.000004 -0.000000 -1.000000  0.866055 0.634585 0
0  -0.002468 -0.003895 -0.003384  0.000003 -0.429516 -0.903059  0.859193 0.689185 0
mount_dovetail_rsr_akr_1913_railed_mount_LOD0
0  -0.003992 -0.017556 -0.000733  0.000002 -0.864824 -0.502075  0.169418 0.580621 0
0  -0.003992 -0.016017 -0.003384  0.000002 -0.864824 -0.502075  0.152159 0.580609 0
0  -0.002468 -0.016017 -0.003384  0.000002 -0.864824 -0.502075  0.152159 0.589193 0
mount_dovetail_rsr_akr_1913_railed_mount_LOD0
0  -0.002468 -0.017556 -0.000733  0.000002 -0.864824 -0.502075  0.169418 0.589203 0
0  -0.003992 -0.017556 -0.000733  0.000002 -0.864824 -0.502075  0.169418 0.580621 0
0  -0.002468 -0.016017 -0.003384  0.000002 -0.864824 -0.502075  0.152159 0.589193 0
mount_dovetail_rsr_akr_1913_railed_mount_LOD0
0  -0.002468 -0.016017 -0.003384  -0.000002 -0.864824 -0.502075  0.152159 0.589193 0
0  0.000345 -0.014478 -0.006035  0.002755 -0.864641 -0.502383  0.134886 0.605018 0
0  -0.002468 -0.017556 -0.000733  -0.000002 -0.864824 -0.502075  0.169418 0.589203 0
mount_dovetail_rsr_akr_1913_railed_mount_LOD0
0  -0.002468 -0.014478 -0.006035  0.000000 -0.864825 -0.502074  0.134899 0.589183 0
0  0.000345 -0.014478 -0.006035  0.002757 -0.864640 -0.502385  0.134886 0.605018 0
0  -0.002468 -0.016017 -0.003384  0.000000 -0.864825 -0.502074  0.152159 0.589193 0
mount_dovetail_rsr_akr_1913_railed_mount_LOD0
0  -0.003992 0.086565 -0.002341  -1.000000 0.000002 -0.000003  0.010649 0.157370 0
0  -0.003992 0.088472 -0.000733  -1.000000 0.000002 -0.000003  0.002057 0.164609 0
0  -0.003992 0.088472 -0.002341  -1.000000 0.000002 -0.000003  0.002056 0.157370 0
mount_dovetail_rsr_akr_1913_railed_mount_LOD0
0  -0.003992 0.031855 -0.000733  -1.000000 0.000000 0.000000  0.257086 0.164609 0
0  -0.003992 0.088472 -0.000733  -1.000000 0.000000 0.000000  0.002057 0.164609 0
0  -0.003992 0.086565 -0.002341  -1.000000 0.000000 0.000000  0.010649 0.157370 0
mount_dovetail_rsr_akr_1913_railed_mount_LOD0
0  -0.003992 0.050416 -0.003384  -1.000000 -0.000000 -0.000002  0.173478 0.152674 0
0  -0.003992 0.031855 -0.000733  -1.000000 -0.000000 -0.000002  0.257086 0.164609 0
0  -0.003992 0.086565 -0.002341  -1.000000 -0.000000 -0.000002  0.010649 0.157370 0
mount_dovetail_rsr_akr_1913_railed_mount_LOD0
0  -0.003992 0.085572 -0.003334  -1.000000 0.000000 -0.000003  0.015122 0.152893 0
0  -0.003992 0.050416 -0.003384  -1.000000 0.000000 -0.000003  0.173478 0.152674 0
0  -0.003992 0.086565 -0.002341  -1.000000 0.000000 -0.000003  0.010649 0.157370 0
mount_dovetail_rsr_akr_1913_railed_mount_LOD0
0  -0.003992 0.055709 -0.006034  -1.000000 -0.000000 0.000005  0.149636 0.140738 0
0  -0.003992 0.050416 -0.003384  -1.000000 -0.000000 0.000005  0.173478 0.152674 0
0  -0.003992 0.085572 -0.003334  -1.000000 -0.000000 0.000005  0.015122 0.152893 0
mount_dovetail_rsr_akr_1913_railed_mount_LOD0
0  -0.003992 0.085572 -0.006034  -1.000000 0.000000 0.000002  0.015122 0.140738 0
0  -0.003992 0.055709 -0.006034  -1.000000 0.000000 0.000002  0.149636 0.140738 0
0  -0.003992 0.085572 -0.003334  -1.000000 0.000000 0.000002  0.015122 0.152893 0
mount_dovetail_rsr_akr_1913_railed_mount_LOD0
0  -0.003992 0.026928 -0.003384  -1.000000 -0.000000 -0.000001  0.279275 0.152674 0
0  -0.003992 0.031855 -0.000733  -1.000000 -0.000000 -0.000001  0.257086 0.164609 0
0  -0.003992 0.050416 -0.003384  -1.000000 -0.000000 -0.000001  0.173478 0.152674 0
mount_dovetail_rsr_akr_1913_railed_mount_LOD0
0  -0.003992 -0.017556 -0.000733  -1.000000 0.000000 -0.000001  0.479654 0.164609 0
0  -0.003992 0.031855 -0.000733  -1.000000 0.000000 -0.000001  0.257086 0.164609 0
0  -0.003992 0.026928 -0.003384  -1.000000 0.000000 -0.000001  0.279275 0.152674 0
mount_dovetail_rsr_akr_1913_railed_mount_LOD0
0  -0.003992 -0.003895 -0.003384  -1.000000 0.000000 0.000001  0.418116 0.152674 0
0  -0.003992 -0.017556 -0.000733  -1.000000 0.000000 0.000001  0.479654 0.164609 0
0  -0.003992 0.026928 -0.003384  -1.000000 0.000000 0.000001  0.279275 0.152674 0
mount_dovetail_rsr_akr_1913_railed_mount_LOD0
0  -0.003992 -0.016017 -0.003384  -1.000000 0.000000 0.000000  0.472719 0.152674 0
0  -0.003992 -0.017556 -0.000733  -1.000000 0.000000 0.000000  0.479654 0.164609 0
0  -0.003992 -0.003895 -0.003384  -1.000000 0.000000 0.000000  0.418116 0.152674 0
mount_dovetail_rsr_akr_1913_railed_mount_LOD0
0  -0.003992 -0.001739 -0.006035  -1.000000 0.000000 0.000005  0.408407 0.140738 0
0  -0.003992 -0.003895 -0.003384  -1.000000 0.000000 0.000005  0.418116 0.152674 0
0  -0.003992 0.026928 -0.003384  -1.000000 0.000000 0.000005  0.279275 0.152674 0
mount_dovetail_rsr_akr_1913_railed_mount_LOD0
0  -0.003992 0.021633 -0.006034  -1.000000 0.000000 0.000001  0.303124 0.140738 0
0  -0.003992 -0.001739 -0.006035  -1.000000 0.000000 0.000001  0.408407 0.140738 0
0  -0.003992 0.026928 -0.003384  -1.000000 0.000000 0.000001  0.279275 0.152674 0
mount_dovetail_rsr_akr_1913_railed_mount_LOD0
0  -0.003058 0.088472 -0.000733  0.000000 1.000000 0.000010  0.786181 0.380784 0
0  -0.003058 0.088472 -0.002341  0.000000 1.000000 0.000010  0.786181 0.371724 0
0  -0.003992 0.088472 -0.002341  0.000000 1.000000 0.000010  0.791437 0.371724 0
mount_dovetail_rsr_akr_1913_railed_mount_LOD0
0  -0.003992 0.088472 -0.000733  0.000000 1.000000 -0.000010  0.791437 0.380784 0
0  -0.003058 0.088472 -0.000733  0.000000 1.000000 -0.000010  0.786181 0.380784 0
0  -0.003992 0.088472 -0.002341  0.000000 1.000000 -0.000010  0.791437 0.371724 0
mount_dovetail_rsr_akr_1913_railed_mount_LOD0
0  -0.003058 0.096868 -0.017066  0.000000 0.382134 -0.924107  0.288457 0.416653 0
0  -0.003058 0.098515 -0.015424  0.000001 0.706219 -0.707993  0.301553 0.416653 0
0  0.000344 0.098515 -0.015424  0.000001 0.706219 -0.707993  0.301553 0.435822 0
mount_dovetail_rsr_akr_1913_railed_mount_LOD0
0  0.000344 0.096868 -0.017066  -0.000018 0.382132 -0.924108  0.288457 0.435822 0
0  -0.003058 0.096868 -0.017066  -0.000010 0.382132 -0.924108  0.288457 0.416653 0
0  0.000344 0.098515 -0.015424  0.000001 0.706218 -0.707995  0.301553 0.435822 0
mount_dovetail_rsr_akr_1913_railed_mount_LOD0
0  -0.003058 0.094148 -0.017066  0.000032 -0.381897 -0.924205  0.273146 0.416653 0
0  -0.003058 0.096868 -0.017066  0.000021 0.381897 -0.924205  0.288457 0.416653 0
0  0.000344 0.096868 -0.017066  -0.000017 0.381897 -0.924205  0.288457 0.435822 0
mount_dovetail_rsr_akr_1913_railed_mount_LOD0
0  0.000344 0.094148 -0.017066  -0.000018 -0.381897 -0.924205  0.273146 0.435822 0
0  -0.003058 0.094148 -0.017066  0.000020 -0.381897 -0.924205  0.273146 0.416653 0
0  0.000344 0.096868 -0.017066  -0.000029 0.381897 -0.924205  0.288457 0.435822 0
mount_dovetail_rsr_akr_1913_railed_mount_LOD0
0  -0.003059 0.092502 -0.015424  0.000001 -0.706229 -0.707983  0.260049 0.416653 0
0  -0.003058 0.094148 -0.017066  0.000021 -0.382147 -0.924101  0.273146 0.416653 0
0  0.000344 0.094148 -0.017066  0.000013 -0.382147 -0.924102  0.273146 0.435822 0
mount_dovetail_rsr_akr_1913_railed_mount_LOD0
0  0.000344 0.092502 -0.015424  0.000001 -0.706223 -0.707990  0.260049 0.435822 0
0  -0.003059 0.092502 -0.015424  0.000001 -0.706223 -0.707990  0.260049 0.416653 0
0  0.000344 0.094148 -0.017066  0.000004 -0.382137 -0.924106  0.273146 0.435822 0
mount_dovetail_rsr_akr_1913_railed_mount_LOD0
0  0.002057 0.015986 -0.006035  0.000000 -0.195087 -0.980786  0.389568 0.178560 0
0  0.000345 0.015986 -0.006035  0.000000 -0.195087 -0.980786  0.389568 0.168916 0
0  0.000345 0.017353 -0.006307  -0.000006 -0.382465 -0.923970  0.397412 0.168916 0
mount_dovetail_rsr_akr_1913_railed_mount_LOD0
0  0.002057 0.017353 -0.006307  0.000000 -0.382465 -0.923970  0.397412 0.178560 0
0  0.002057 0.015986 -0.006035  0.000000 -0.195088 -0.980786  0.389568 0.178560 0
0  0.000345 0.017353 -0.006307  -0.000013 -0.382465 -0.923970  0.397412 0.168916 0
mount_dovetail_rsr_akr_1913_railed_mount_LOD0
0  0.002057 0.017353 -0.006307  0.000012 -0.382726 -0.923862  0.397412 0.178560 0
0  0.000345 0.017353 -0.006307  0.000000 -0.382726 -0.923862  0.397412 0.168916 0
0  0.000345 0.018511 -0.007081  -0.000006 -0.707013 -0.707201  0.405256 0.168916 0
mount_dovetail_rsr_akr_1913_railed_mount_LOD0
0  0.002057 0.018511 -0.007081  0.000000 -0.707015 -0.707199  0.405256 0.178560 0
0  0.002057 0.017353 -0.006307  0.000006 -0.382730 -0.923860  0.397412 0.178560 0
0  0.000345 0.018511 -0.007081  -0.000012 -0.707015 -0.707199  0.405256 0.168916 0
mount_dovetail_rsr_akr_1913_railed_mount_LOD0
0  0.002057 0.018511 -0.007081  0.000013 -0.707199 -0.707014  0.405256 0.178560 0
0  0.000345 0.018511 -0.007081  0.000000 -0.707199 -0.707014  0.405256 0.168916 0
0  0.000345 0.019285 -0.008239  -0.000006 -0.923861 -0.382729  0.413103 0.168916 0
mount_dovetail_rsr_akr_1913_railed_mount_LOD0
0  0.002057 0.019285 -0.008239  -0.000005 -0.923864 -0.382721  0.413103 0.178560 0
0  0.002057 0.018511 -0.007081  0.000002 -0.707205 -0.707009  0.405256 0.178560 0
0  0.000345 0.019285 -0.008239  -0.000017 -0.923864 -0.382721  0.413103 0.168916 0
mount_dovetail_rsr_akr_1913_railed_mount_LOD0
0  0.002057 0.019285 -0.008239  0.000007 -0.923971 -0.382462  0.413103 0.178560 0
0  0.000345 0.019285 -0.008239  -0.000005 -0.923971 -0.382463  0.413103 0.168916 0
0  0.000345 0.019557 -0.009606  -0.000011 -1.000000 -0.000132  0.420947 0.168916 0
mount_dovetail_rsr_akr_1913_railed_mount_LOD0
0  0.002057 0.019557 -0.009606  0.000000 -1.000000 -0.000139  0.420947 0.178560 0
0  0.002057 0.019285 -0.008239  0.000006 -0.923969 -0.382468  0.413103 0.178560 0
0  0.000345 0.019557 -0.009606  -0.000013 -1.000000 -0.000139  0.420947 0.168916 0
mount_dovetail_rsr_akr_1913_railed_mount_LOD0
0  0.002057 0.019557 -0.009606  0.000013 -1.000000 0.000135  0.420947 0.178560 0
0  0.000345 0.019557 -0.009606  0.000000 -1.000000 0.000135  0.420947 0.168916 0
0  0.000345 0.019285 -0.010972  -0.000006 -0.923970 0.382465  0.428793 0.168916 0
mount_dovetail_rsr_akr_1913_railed_mount_LOD0
0  0.002057 0.019285 -0.010972  0.000000 -0.923972 0.382460  0.428793 0.178560 0
0  0.002057 0.019557 -0.009606  0.000006 -1.000000 0.000130  0.420947 0.178560 0
0  0.000345 0.019285 -0.010972  -0.000013 -0.923972 0.382460  0.428793 0.168916 0
mount_dovetail_rsr_akr_1913_railed_mount_LOD0
0  0.002057 0.019285 -0.010972  0.000013 -0.923862 0.382725  0.428793 0.178560 0
0  0.000345 0.019285 -0.010972  0.000000 -0.923862 0.382725  0.428793 0.168916 0
0  0.000345 0.018511 -0.012131  -0.000006 -0.707202 0.707011  0.436639 0.168916 0
mount_dovetail_rsr_akr_1913_railed_mount_LOD0
0  0.002057 0.018511 -0.012131  0.000000 -0.707201 0.707013  0.436639 0.178560 0
0  0.002057 0.019285 -0.010972  0.000006 -0.923862 0.382727  0.428793 0.178560 0
0  0.000345 0.018511 -0.012131  -0.000013 -0.707201 0.707013  0.436639 0.168916 0
mount_dovetail_rsr_akr_1913_railed_mount_LOD0
0  0.002057 0.018511 -0.012131  0.000012 -0.707012 0.707202  0.436639 0.178560 0
0  0.000345 0.018511 -0.012131  0.000000 -0.707012 0.707202  0.436639 0.168916 0
0  0.000345 0.017353 -0.012905  -0.000006 -0.382947 0.923770  0.444483 0.168916 0
mount_dovetail_rsr_akr_1913_railed_mount_LOD0
0  0.002057 0.017353 -0.012905  0.000000 -0.382946 0.923771  0.444483 0.178560 0
0  0.002057 0.018511 -0.012131  0.000006 -0.707011 0.707202  0.436639 0.178560 0
0  0.000345 0.017353 -0.012905  -0.000012 -0.382946 0.923771  0.444483 0.168916 0
mount_dovetail_rsr_akr_1913_railed_mount_LOD0
0  0.002057 0.017353 -0.012905  0.000014 -0.382685 0.923879  0.444483 0.178560 0
0  0.000345 0.017353 -0.012905  0.000000 -0.382685 0.923879  0.444483 0.168916 0
0  0.000345 0.015986 -0.013177  0.000000 -0.195180 0.980767  0.452329 0.168916 0
mount_dovetail_rsr_akr_1913_railed_mount_LOD0
0  0.002057 0.015986 -0.013177  0.000000 -0.195180 0.980768  0.452329 0.178560 0
0  0.002057 0.017353 -0.012905  0.000006 -0.382684 0.923879  0.444483 0.178560 0
0  0.000345 0.015986 -0.013177  0.000000 -0.195180 0.980768  0.452329 0.168916 0
mount_dovetail_rsr_akr_1913_railed_mount_LOD0
0  0.000344 0.048819 -0.006035  -1.000000 0.000001 0.000003  0.873570 0.066627 0
0  0.000345 0.062376 -0.006034  -1.000000 0.000001 0.000003  0.934634 0.066618 0
0  0.000344 0.050416 -0.006353  -1.000000 0.000001 0.000003  0.880761 0.068061 0
mount_dovetail_rsr_akr_1913_railed_mount_LOD0
0  0.000345 0.062376 -0.006034  -1.000000 -0.000000 0.000031  0.934634 0.066618 0
0  0.000344 0.060779 -0.006353  -1.000000 -0.000000 0.000031  0.927443 0.068061 0
0  0.000344 0.050416 -0.006353  -1.000000 -0.000000 0.000031  0.880761 0.068061 0
mount_dovetail_rsr_akr_1913_railed_mount_LOD0
0  0.000344 0.050416 -0.006353  -1.000000 -0.000000 -0.000000  0.880761 0.068061 0
0  0.000344 0.060779 -0.006353  -1.000000 -0.000000 -0.000000  0.927443 0.068061 0
0  0.000344 0.051769 -0.007257  -1.000000 -0.000000 -0.000000  0.886856 0.072131 0
mount_dovetail_rsr_akr_1913_railed_mount_LOD0
0  0.000344 0.060779 -0.006353  -1.000000 -0.000000 0.000000  0.927443 0.068061 0
0  0.000344 0.059426 -0.007257  -1.000000 -0.000000 0.000000  0.921347 0.072131 0
0  0.000344 0.051769 -0.007257  -1.000000 -0.000000 0.000000  0.886856 0.072131 0
mount_dovetail_rsr_akr_1913_railed_mount_LOD0
0  0.000344 0.051769 -0.007257  -1.000000 -0.000000 -0.000000  0.886856 0.072131 0
0  0.000344 0.059426 -0.007257  -1.000000 -0.000000 -0.000000  0.921347 0.072131 0
0  0.000344 0.052673 -0.008610  -1.000000 -0.000000 -0.000000  0.890927 0.078228 0
mount_dovetail_rsr_akr_1913_railed_mount_LOD0
0  0.000344 0.059426 -0.007257  -1.000000 -0.000001 0.000004  0.921347 0.072131 0
0  0.000344 0.058522 -0.008610  -1.000000 -0.000001 0.000004  0.917273 0.078228 0
0  0.000344 0.052673 -0.008610  -1.000000 -0.000001 0.000004  0.890927 0.078228 0
mount_dovetail_rsr_akr_1913_railed_mount_LOD0
0  0.000344 0.052673 -0.008610  -1.000000 -0.000001 -0.000000  0.890927 0.078228 0
0  0.000344 0.058522 -0.008610  -1.000000 -0.000001 -0.000000  0.917273 0.078228 0
0  0.000344 0.052991 -0.010206  -1.000000 -0.000001 -0.000000  0.892359 0.085415 0
mount_dovetail_rsr_akr_1913_railed_mount_LOD0
0  0.000344 0.058522 -0.008610  -1.000000 -0.000001 0.000000  0.917273 0.078228 0
0  0.000344 0.058204 -0.010206  -1.000000 -0.000001 0.000000  0.915844 0.085415 0
0  0.000344 0.052991 -0.010206  -1.000000 -0.000001 0.000000  0.892359 0.085415 0
mount_dovetail_rsr_akr_1913_railed_mount_LOD0
0  0.000344 0.052991 -0.010206  -1.000000 -0.000001 -0.000002  0.892359 0.085415 0
0  0.000344 0.058204 -0.010206  -1.000000 -0.000001 -0.000002  0.915844 0.085415 0
0  0.000345 0.052991 -0.017446  -1.000000 -0.000001 -0.000002  0.892359 0.118032 0
mount_dovetail_rsr_akr_1913_railed_mount_LOD0
0  0.000344 0.058204 -0.010206  -1.000000 0.000001 -0.000004  0.915844 0.085415 0
0  0.000345 0.058204 -0.015424  -1.000000 0.000001 -0.000004  0.915844 0.108920 0
0  0.000345 0.052991 -0.017446  -1.000000 0.000001 -0.000004  0.892359 0.118032 0
mount_dovetail_rsr_akr_1913_railed_mount_LOD0
0  0.000345 0.058204 -0.015424  -1.000000 0.000000 0.000000  0.915844 0.108920 0
0  0.000345 0.058522 -0.017020  -1.000000 0.000000 0.000000  0.917273 0.116107 0
0  0.000345 0.052991 -0.017446  -1.000000 0.000000 0.000000  0.892359 0.118032 0
mount_dovetail_rsr_akr_1913_railed_mount_LOD0
0  0.000345 0.058522 -0.017020  -1.000000 0.000000 -0.000005  0.917273 0.116107 0
0  0.000345 0.058807 -0.017446  -1.000000 0.000000 -0.000005  0.918558 0.118032 0
0  0.000345 0.052991 -0.017446  -1.000000 0.000000 -0.000005  0.892359 0.118032 0
mount_dovetail_rsr_akr_1913_railed_mount_LOD0
0  0.000345 0.015986 -0.006035  -1.000000 -0.000001 -0.000007  0.784741 0.304446 0
0  0.000344 0.028524 -0.006035  -1.000000 -0.000001 -0.000007  0.841216 0.304457 0
0  0.000345 0.017353 -0.006307  -1.000000 -0.000001 -0.000007  0.790892 0.305669 0
mount_dovetail_rsr_akr_1913_railed_mount_LOD0
0  0.000344 0.028524 -0.006035  -1.000000 -0.000002 0.000009  0.841216 0.304457 0
0  0.000344 0.026928 -0.006353  -1.000000 -0.000002 0.000009  0.834020 0.305878 0
0  0.000345 0.017353 -0.006307  -1.000000 -0.000002 0.000009  0.790892 0.305669 0
mount_dovetail_rsr_akr_1913_railed_mount_LOD0
0  0.000345 0.017353 -0.006307  -1.000000 -0.000002 -0.000003  0.790892 0.305669 0
0  0.000344 0.026928 -0.006353  -1.000000 -0.000002 -0.000003  0.834020 0.305878 0
0  0.000345 0.018511 -0.007081  -1.000000 -0.000002 -0.000003  0.796112 0.309163 0
mount_dovetail_rsr_akr_1913_railed_mount_LOD0
0  0.000344 0.026928 -0.006353  -1.000000 -0.000002 0.000003  0.834020 0.305878 0
0  0.000344 0.025574 -0.007257  -1.000000 -0.000002 0.000003  0.827920 0.309960 0
0  0.000345 0.018511 -0.007081  -1.000000 -0.000002 0.000003  0.796112 0.309163 0
mount_dovetail_rsr_akr_1913_railed_mount_LOD0
0  0.000345 0.018511 -0.007081  -1.000000 -0.000002 -0.000002  0.796112 0.309163 0
0  0.000344 0.025574 -0.007257  -1.000000 -0.000002 -0.000002  0.827920 0.309960 0
0  0.000345 0.019285 -0.008239  -1.000000 -0.000002 -0.000002  0.799594 0.314384 0
mount_dovetail_rsr_akr_1913_railed_mount_LOD0
0  0.000344 0.025574 -0.007257  -1.000000 -0.000003 0.000002  0.827920 0.309960 0
0  0.000344 0.024670 -0.008610  -1.000000 -0.000003 0.000002  0.823853 0.316056 0
0  0.000345 0.019285 -0.008239  -1.000000 -0.000003 0.000002  0.799594 0.314384 0
mount_dovetail_rsr_akr_1913_railed_mount_LOD0
0  0.000345 0.019285 -0.008239  -1.000000 -0.000003 -0.000001  0.799594 0.314384 0
0  0.000344 0.024670 -0.008610  -1.000000 -0.000003 -0.000001  0.823853 0.316056 0
0  0.000345 0.019557 -0.009606  -1.000000 -0.000003 -0.000001  0.800817 0.320535 0
mount_dovetail_rsr_akr_1913_railed_mount_LOD0
0  0.000344 0.024670 -0.008610  -1.000000 -0.000003 0.000001  0.823853 0.316056 0
0  0.000344 0.024352 -0.010206  -1.000000 -0.000003 0.000001  0.822418 0.323244 0
0  0.000345 0.019557 -0.009606  -1.000000 -0.000003 0.000001  0.800817 0.320535 0
mount_dovetail_rsr_akr_1913_railed_mount_LOD0
0  0.000345 0.019557 -0.009606  -1.000000 -0.000003 0.000001  0.800817 0.320535 0
0  0.000344 0.024352 -0.010206  -1.000000 -0.000003 0.000001  0.822418 0.323244 0
0  0.000345 0.019285 -0.010972  -1.000000 -0.000003 0.000001  0.799594 0.326696 0
mount_dovetail_rsr_akr_1913_railed_mount_LOD0
0  0.000345 0.019285 -0.010972  -1.000000 -0.000004 0.000002  0.799594 0.326696 0
0  0.000344 0.024352 -0.010206  -1.000000 -0.000004 0.000002  0.822418 0.323244 0
0  0.000345 0.018511 -0.012131  -1.000000 -0.000004 0.000002  0.796112 0.331916 0
mount_dovetail_rsr_akr_1913_railed_mount_LOD0
0  0.000344 0.024352 -0.010206  -1.000000 -0.000002 -0.000001  0.822418 0.323244 0
0  0.000345 0.024352 -0.017446  -1.000000 -0.000002 -0.000001  0.822418 0.355859 0
0  0.000345 0.018511 -0.012131  -1.000000 -0.000002 -0.000001  0.796112 0.331916 0
mount_dovetail_rsr_akr_1913_railed_mount_LOD0
0  0.000345 0.018511 -0.012131  -1.000000 -0.000001 0.000001  0.796112 0.331916 0
0  0.000345 0.024352 -0.017446  -1.000000 -0.000001 0.000001  0.822418 0.355859 0
0  0.000345 0.017708 -0.017446  -1.000000 -0.000001 0.000001  0.792491 0.355859 0
mount_dovetail_rsr_akr_1913_railed_mount_LOD0
0  0.000345 0.017353 -0.012905  -1.000000 -0.000000 0.000001  0.790892 0.335399 0
0  0.000345 0.018511 -0.012131  -1.000000 -0.000000 0.000001  0.796112 0.331916 0
0  0.000345 0.017708 -0.017446  -1.000000 -0.000000 0.000001  0.792491 0.355859 0
mount_dovetail_rsr_akr_1913_railed_mount_LOD0
0  0.000345 0.015986 -0.013177  -1.000000 -0.000000 0.000001  0.784741 0.336623 0
0  0.000345 0.017353 -0.012905  -1.000000 -0.000000 0.000001  0.790892 0.335399 0
0  0.000345 0.017708 -0.017446  -1.000000 -0.000000 0.000001  0.792491 0.355859 0
mount_dovetail_rsr_akr_1913_railed_mount_LOD0
0  0.000345 0.009055 -0.013177  -1.000000 0.000000 0.000001  0.753516 0.336623 0
0  0.000345 0.015986 -0.013177  -1.000000 0.000000 0.000001  0.784741 0.336623 0
0  0.000345 0.017708 -0.017446  -1.000000 0.000000 0.000001  0.792491 0.355859 0
mount_dovetail_rsr_akr_1913_railed_mount_LOD0
0  0.000345 0.009055 -0.015424  -1.000000 -0.000000 0.000000  0.753516 0.346747 0
0  0.000345 0.009055 -0.013177  -1.000000 -0.000000 0.000000  0.753516 0.336623 0
0  0.000345 0.017708 -0.017446  -1.000000 -0.000000 0.000000  0.792491 0.355859 0
mount_dovetail_rsr_akr_1913_railed_mount_LOD0
0  0.000345 0.008737 -0.017020  -1.000000 -0.000000 0.000000  0.752083 0.353935 0
0  0.000345 0.009055 -0.015424  -1.000000 -0.000000 0.000000  0.753516 0.346747 0
0  0.000345 0.017708 -0.017446  -1.000000 -0.000000 0.000000  0.792491 0.355859 0
mount_dovetail_rsr_akr_1913_railed_mount_LOD0
0  0.000345 0.008737 -0.017020  -1.000000 -0.000000 -0.000002  0.752083 0.353935 0
0  0.000345 0.017708 -0.017446  -1.000000 -0.000000 -0.000002  0.792491 0.355859 0
0  0.000345 0.007833 -0.018373  -1.000000 -0.000000 -0.000002  0.748013 0.360033 0
mount_dovetail_rsr_akr_1913_railed_mount_LOD0
0  0.000345 0.017708 -0.017446  -1.000000 -0.000001 0.000001  0.792491 0.355859 0
0  0.000345 0.014968 -0.019595  -1.000000 -0.000001 0.000001  0.780148 0.365534 0
0  0.000345 0.007833 -0.018373  -1.000000 -0.000001 0.000001  0.748013 0.360033 0
mount_dovetail_rsr_akr_1913_railed_mount_LOD0
0  0.000345 0.007833 -0.018373  -1.000000 -0.000001 -0.000003  0.748013 0.360033 0
0  0.000345 0.014968 -0.019595  -1.000000 -0.000001 -0.000003  0.780148 0.365534 0
0  0.000345 0.006480 -0.019278  -1.000000 -0.000001 -0.000003  0.741916 0.364102 0
mount_dovetail_rsr_akr_1913_railed_mount_LOD0
0  0.000345 0.014968 -0.019595  -1.000000 -0.000001 0.000001  0.780148 0.365534 0
0  0.000345 0.014968 -0.023768  -1.000000 -0.000001 0.000001  0.780148 0.384333 0
0  0.000345 0.006480 -0.019278  -1.000000 -0.000001 0.000001  0.741916 0.364102 0
mount_dovetail_rsr_akr_1913_railed_mount_LOD0
0  0.000345 0.006480 -0.019278  -1.000000 -0.000001 -0.000000  0.741916 0.364102 0
0  0.000345 0.014968 -0.023768  -1.000000 -0.000001 -0.000000  0.780148 0.384333 0
0  0.000345 0.004883 -0.019595  -1.000000 -0.000001 -0.000000  0.734727 0.365534 0
mount_dovetail_rsr_akr_1913_railed_mount_LOD0
0  0.000345 0.004883 -0.019595  -1.000000 0.000000 0.000003  0.734727 0.365534 0
0  0.000345 0.014968 -0.023768  -1.000000 0.000000 0.000003  0.780148 0.384333 0
0  0.000345 0.001290 -0.019595  -1.000000 0.000000 0.000003  0.718536 0.365534 0
mount_dovetail_rsr_akr_1913_railed_mount_LOD0
0  0.000345 0.014968 -0.023768  -1.000000 0.000000 0.000003  0.780148 0.384333 0
0  0.000345 -0.000393 -0.023768  -1.000000 0.000000 0.000003  0.710951 0.384333 0
0  0.000345 0.001290 -0.019595  -1.000000 0.000000 0.000003  0.718536 0.365534 0
mount_dovetail_rsr_akr_1913_railed_mount_LOD0
0  0.000345 0.001290 -0.019595  -1.000000 -0.000001 0.000004  0.718536 0.365534 0
0  0.000345 -0.000393 -0.023768  -1.000000 -0.000001 0.000004  0.710951 0.384333 0
0  0.000345 -0.001701 -0.023639  -1.000000 -0.000001 0.000004  0.705062 0.383747 0
mount_dovetail_rsr_akr_1913_railed_mount_LOD0
0  0.000345 -0.000306 -0.019278  -1.000000 0.000004 -0.000000  0.711350 0.364102 0
0  0.000345 0.001290 -0.019595  -1.000000 0.000004 -0.000000  0.718536 0.365534 0
0  0.000345 -0.001701 -0.023639  -1.000000 0.000004 -0.000000  0.705062 0.383747 0
mount_dovetail_rsr_akr_1913_railed_mount_LOD0
0  0.000345 -0.002958 -0.023258  -1.000000 -0.000000 0.000002  0.699404 0.382032 0
0  0.000345 -0.000306 -0.019278  -1.000000 -0.000000 0.000002  0.711350 0.364102 0
0  0.000345 -0.001701 -0.023639  -1.000000 -0.000000 0.000002  0.705062 0.383747 0
mount_dovetail_rsr_akr_1913_railed_mount_LOD0
0  0.000345 -0.001659 -0.018373  -1.000000 0.000002 0.000000  0.705251 0.360033 0
0  0.000345 -0.000306 -0.019278  -1.000000 0.000002 0.000000  0.711350 0.364102 0
0  0.000345 -0.002958 -0.023258  -1.000000 0.000002 0.000000  0.699404 0.382032 0
mount_dovetail_rsr_akr_1913_railed_mount_LOD0
0  0.000345 -0.004117 -0.022639  -1.000000 0.000000 0.000000  0.694185 0.379249 0
0  0.000345 -0.001659 -0.018373  -1.000000 0.000000 0.000000  0.705251 0.360033 0
0  0.000345 -0.002958 -0.023258  -1.000000 0.000000 0.000000  0.699404 0.382032 0
mount_dovetail_rsr_akr_1913_railed_mount_LOD0
0  0.000345 -0.005132 -0.021805  -1.000000 0.000000 0.000000  0.689613 0.375494 0
0  0.000345 -0.001659 -0.018373  -1.000000 0.000000 0.000000  0.705251 0.360033 0
0  0.000345 -0.004117 -0.022639  -1.000000 0.000000 0.000000  0.694185 0.379249 0
mount_dovetail_rsr_akr_1913_railed_mount_LOD0
0  0.000345 -0.002564 -0.017020  -1.000000 0.000000 0.000000  0.701183 0.353935 0
0  0.000345 -0.001659 -0.018373  -1.000000 0.000000 0.000000  0.705251 0.360033 0
0  0.000345 -0.005132 -0.021805  -1.000000 0.000000 0.000000  0.689613 0.375494 0
mount_dovetail_rsr_akr_1913_railed_mount_LOD0
0  0.000345 -0.005905 -0.020756  -1.000000 0.000000 0.000000  0.686129 0.370766 0
0  0.000345 -0.002564 -0.017020  -1.000000 0.000000 0.000000  0.701183 0.353935 0
0  0.000345 -0.005132 -0.021805  -1.000000 0.000000 0.000000  0.689613 0.375494 0
mount_dovetail_rsr_akr_1913_railed_mount_LOD0
0  0.000345 -0.005593 -0.011803  -1.000000 0.000002 -0.000001  0.687530 0.330442 0
0  0.000345 -0.002564 -0.017020  -1.000000 0.000002 -0.000001  0.701183 0.353935 0
0  0.000345 -0.005905 -0.020756  -1.000000 0.000002 -0.000001  0.686129 0.370766 0
mount_dovetail_rsr_akr_1913_railed_mount_LOD0
0  0.000345 -0.005593 -0.011803  -1.000000 0.000028 -0.000002  0.687530 0.330442 0
0  0.000345 -0.005905 -0.020756  -1.000000 0.000028 -0.000002  0.686129 0.370766 0
0  0.000344 -0.005910 -0.010206  -1.000000 0.000028 -0.000002  0.686110 0.323244 0
mount_dovetail_rsr_akr_1913_railed_mount_LOD0
0  0.000345 -0.005905 -0.020756  -1.000000 -0.000002 -0.000002  0.686129 0.370766 0
0  0.000345 -0.014478 -0.006035  -1.000000 -0.000002 -0.000002  0.647508 0.304457 0
0  0.000344 -0.005910 -0.010206  -1.000000 -0.000002 -0.000002  0.686110 0.323244 0
mount_dovetail_rsr_akr_1913_railed_mount_LOD0
0  0.000344 -0.005910 -0.010206  -1.000000 -0.000001 0.000000  0.686110 0.323244 0
0  0.000345 -0.014478 -0.006035  -1.000000 -0.000001 0.000000  0.647508 0.304457 0
0  0.000344 -0.005593 -0.008610  -1.000000 -0.000001 0.000000  0.687530 0.316047 0
mount_dovetail_rsr_akr_1913_railed_mount_LOD0
0  0.000344 -0.005593 -0.008610  -1.000000 -0.000001 0.000001  0.687530 0.316047 0
0  0.000345 -0.014478 -0.006035  -1.000000 -0.000001 0.000001  0.647508 0.304457 0
0  0.000344 -0.004689 -0.007257  -1.000000 -0.000001 0.000001  0.691610 0.309960 0
mount_dovetail_rsr_akr_1913_railed_mount_LOD0
0  0.000344 -0.004689 -0.007257  -1.000000 -0.000001 0.000002  0.691610 0.309960 0
0  0.000345 -0.014478 -0.006035  -1.000000 -0.000001 0.000002  0.647508 0.304457 0
0  0.000344 -0.003335 -0.006353  -1.000000 -0.000001 0.000002  0.697709 0.305878 0
mount_dovetail_rsr_akr_1913_railed_mount_LOD0
0  0.000344 -0.003335 -0.006353  -1.000000 -0.000001 0.000005  0.697709 0.305878 0
0  0.000345 -0.014478 -0.006035  -1.000000 -0.000001 0.000005  0.647508 0.304457 0
0  0.000344 -0.001739 -0.006035  -1.000000 -0.000001 0.000005  0.704895 0.304457 0
mount_dovetail_rsr_akr_1913_railed_mount_LOD0
0  -0.002468 0.021632 -0.006035  -1.000000 0.000000 0.000002  0.865300 0.299943 0
0  -0.002468 0.026928 -0.003384  -1.000000 0.000000 0.000002  0.877245 0.323790 0
0  -0.002468 0.050416 -0.003384  -1.000000 0.000000 0.000002  0.877245 0.429591 0
mount_dovetail_rsr_akr_1913_railed_mount_LOD0
0  -0.002468 0.055711 -0.006035  -1.000000 -0.000000 0.000005  0.865300 0.453442 0
0  -0.002468 0.021632 -0.006035  -1.000000 -0.000000 0.000005  0.865300 0.299943 0
0  -0.002468 0.050416 -0.003384  -1.000000 -0.000000 0.000005  0.877245 0.429591 0
mount_dovetail_rsr_akr_1913_railed_mount_LOD0
0  -0.001824 0.062375 -0.020931  0.000000 1.000000 -0.000131  0.733192 0.353615 0
0  -0.001824 0.062375 -0.019595  0.000000 1.000000 -0.000131  0.733192 0.361133 0
0  0.000345 0.062375 -0.019595  0.000000 1.000000 -0.000131  0.720978 0.361133 0
mount_dovetail_rsr_akr_1913_railed_mount_LOD0
0  0.000345 0.062375 -0.023768  -0.000012 1.000000 -0.000100  0.720978 0.337650 0
0  -0.001824 0.062375 -0.020931  -0.000012 1.000000 -0.000100  0.733192 0.353615 0
0  0.000345 0.062375 -0.019595  -0.000012 1.000000 -0.000100  0.720978 0.361133 0
mount_dovetail_rsr_akr_1913_railed_mount_LOD0
0  -0.003992 0.062375 -0.020931  0.000000 1.000000 -0.000099  0.745402 0.353615 0
0  -0.001824 0.062375 -0.020931  0.000000 1.000000 -0.000099  0.733192 0.353615 0
0  0.000345 0.062375 -0.023768  0.000000 1.000000 -0.000099  0.720978 0.337650 0
mount_dovetail_rsr_akr_1913_railed_mount_LOD0
0  -0.003992 0.062375 -0.023768  0.000000 1.000000 -0.000085  0.745402 0.337650 0
0  -0.003992 0.062375 -0.020931  0.000000 1.000000 -0.000085  0.745402 0.353615 0
0  0.000345 0.062375 -0.023768  0.000000 1.000000 -0.000085  0.720978 0.337650 0
mount_dovetail_rsr_akr_1913_railed_mount_LOD0
0  -0.003992 0.014968 -0.020931  0.000000 -1.000000 0.000000  0.112492 0.944173 0
0  -0.003992 0.014968 -0.023768  0.000000 -1.000000 0.000000  0.096525 0.944173 0
0  0.000345 0.014968 -0.023768  0.000000 -1.000000 0.000000  0.096512 0.919746 0
mount_dovetail_rsr_akr_1913_railed_mount_LOD0
0  -0.001824 0.014968 -0.020931  0.000000 -1.000000 0.000000  0.112492 0.931959 0
0  -0.003992 0.014968 -0.020931  0.000000 -1.000000 0.000000  0.112492 0.944173 0
0  0.000345 0.014968 -0.023768  0.000000 -1.000000 0.000000  0.096512 0.919746 0
mount_dovetail_rsr_akr_1913_railed_mount_LOD0
0  -0.001824 0.014968 -0.019595  0.000000 -1.000000 0.000000  0.120008 0.931959 0
0  -0.001824 0.014968 -0.020931  0.000000 -1.000000 0.000000  0.112492 0.931959 0
0  0.000345 0.014968 -0.023768  0.000000 -1.000000 0.000000  0.096512 0.919746 0
mount_dovetail_rsr_akr_1913_railed_mount_LOD0
0  0.000345 0.014968 -0.019595  0.000000 -1.000000 0.000001  0.120008 0.919746 0
0  -0.001824 0.014968 -0.019595  0.000000 -1.000000 0.000001  0.120008 0.931959 0
0  0.000345 0.014968 -0.023768  0.000000 -1.000000 0.000001  0.096512 0.919746 0
mount_dovetail_rsr_akr_1913_railed_mount_LOD0
0  -0.001824 0.017708 -0.017446  0.000000 -0.617148 0.786847  0.211922 0.572887 0
0  -0.001824 0.014968 -0.019595  0.000000 -0.617148 0.786847  0.231536 0.572887 0
0  0.000345 0.014968 -0.019595  0.000000 -0.617148 0.786847  0.231536 0.585085 0
mount_dovetail_rsr_akr_1913_railed_mount_LOD0
0  0.000345 0.017708 -0.017446  0.000000 -0.617148 0.786848  0.211922 0.585085 0
0  -0.001824 0.017708 -0.017446  0.000000 -0.617148 0.786848  0.211922 0.572887 0
0  0.000345 0.014968 -0.019595  0.000000 -0.617148 0.786848  0.231536 0.585085 0
mount_dovetail_rsr_akr_1913_railed_mount_LOD0
0  -0.001824 0.017708 -0.017446  0.000000 -0.000001 1.000000  0.211922 0.572887 0
0  0.000345 0.017708 -0.017446  0.000000 -0.000001 1.000000  0.211922 0.585085 0
0  0.000345 0.024352 -0.017446  0.000000 -0.000001 1.000000  0.174514 0.585085 0
mount_dovetail_rsr_akr_1913_railed_mount_LOD0
0  -0.001824 0.024352 -0.017446  0.000000 -0.000001 1.000000  0.174514 0.572887 0
0  -0.001824 0.017708 -0.017446  0.000000 -0.000001 1.000000  0.211922 0.572887 0
0  0.000345 0.024352 -0.017446  0.000000 -0.000001 1.000000  0.174514 0.585085 0
mount_dovetail_rsr_akr_1913_railed_mount_LOD0
0  0.002975 0.090282 -0.000733  0.000000 -0.000237 1.000000  0.827827 0.432491 0
0  0.002975 0.091813 -0.000733  -0.000001 0.048929 0.998802  0.814904 0.432491 0
0  -0.002468 0.090282 -0.000733  0.000000 -0.000237 1.000000  0.827827 0.478655 0
mount_dovetail_rsr_akr_1913_railed_mount_LOD0
0  0.002975 0.091813 -0.000733  -0.000004 0.048929 0.998802  0.814904 0.432491 0
0  -0.003058 0.091813 -0.000733  0.000038 0.048976 0.998800  0.814885 0.483534 0
0  -0.002468 0.090282 -0.000733  0.000000 -0.000237 1.000000  0.827827 0.478655 0
mount_dovetail_rsr_akr_1913_railed_mount_LOD0
0  -0.003058 0.093121 -0.000862  -0.000002 0.194923 0.980819  0.803784 0.483534 0
0  -0.003058 0.091813 -0.000733  0.000037 0.048988 0.998799  0.814885 0.483534 0
0  0.002975 0.091813 -0.000733  -0.000003 0.048940 0.998802  0.814904 0.432491 0
mount_dovetail_rsr_akr_1913_railed_mount_LOD0
0  0.002975 0.093121 -0.000862  -0.000005 0.194925 0.980818  0.803803 0.432491 0
0  -0.003058 0.093121 -0.000862  0.000005 0.194925 0.980818  0.803784 0.483534 0
0  0.002975 0.091813 -0.000733  0.000000 0.048943 0.998802  0.814904 0.432491 0
mount_dovetail_rsr_akr_1913_railed_mount_LOD0
0  -0.003058 0.094378 -0.001243  -0.000002 0.382494 0.923958  0.792680 0.483534 0
0  -0.003058 0.093121 -0.000862  0.000004 0.195165 0.980770  0.803784 0.483534 0
0  0.002975 0.093121 -0.000862  -0.000006 0.195165 0.980770  0.803803 0.432491 0
mount_dovetail_rsr_akr_1913_railed_mount_LOD0
0  0.002975 0.094378 -0.001243  -0.000006 0.382496 0.923957  0.792720 0.432491 0
0  -0.003058 0.094378 -0.001243  0.000005 0.382496 0.923957  0.792680 0.483534 0
0  0.002975 0.093121 -0.000862  0.000045 0.195167 0.980770  0.803803 0.432491 0
mount_dovetail_rsr_akr_1913_railed_mount_LOD0
0  -0.003058 0.095536 -0.001862  -0.000002 0.555504 0.831514  0.781579 0.483534 0
0  -0.003058 0.094378 -0.001243  0.000004 0.382738 0.923857  0.792680 0.483534 0
0  0.002975 0.094378 -0.001243  -0.000006 0.382738 0.923857  0.792720 0.432491 0
mount_dovetail_rsr_akr_1913_railed_mount_LOD0
0  0.002975 0.095536 -0.001862  -0.000005 0.555501 0.831516  0.781619 0.432491 0
0  -0.003058 0.095536 -0.001862  0.000005 0.555501 0.831516  0.781579 0.483534 0
0  0.002975 0.094378 -0.001243  0.000045 0.382733 0.923859  0.792720 0.432491 0
mount_dovetail_rsr_akr_1913_railed_mount_LOD0
0  -0.003058 0.096552 -0.002696  -0.000002 0.707039 0.707175  0.770501 0.483534 0
0  -0.003058 0.095536 -0.001862  0.000004 0.555724 0.831367  0.781579 0.483534 0
0  0.002975 0.095536 -0.001862  -0.000006 0.555724 0.831367  0.781619 0.432491 0
mount_dovetail_rsr_akr_1913_railed_mount_LOD0
0  0.002975 0.096552 -0.002696  -0.000005 0.707094 0.707120  0.770539 0.432491 0
0  -0.003058 0.096552 -0.002696  0.000005 0.707094 0.707120  0.770501 0.483534 0
0  0.002975 0.095536 -0.001862  0.000002 0.555709 0.831377  0.781619 0.432491 0
mount_dovetail_rsr_akr_1913_railed_mount_LOD0
0  -0.003058 0.097385 -0.003711  -0.000046 0.831376 0.555710  0.759398 0.483534 0
0  -0.003058 0.096552 -0.002696  0.000005 0.707187 0.707027  0.770501 0.483534 0
0  0.002975 0.096552 -0.002696  -0.000005 0.707187 0.707027  0.770539 0.432491 0
mount_dovetail_rsr_akr_1913_railed_mount_LOD0
0  0.002975 0.097385 -0.003711  -0.000005 0.831375 0.555712  0.759458 0.432491 0
0  -0.003058 0.097385 -0.003711  0.000005 0.831375 0.555712  0.759398 0.483534 0
0  0.002975 0.096552 -0.002696  0.000001 0.707186 0.707028  0.770539 0.432491 0
mount_dovetail_rsr_akr_1913_railed_mount_LOD0
0  -0.003058 0.098005 -0.004870  -0.000002 0.923854 0.382745  0.748296 0.483534 0
0  -0.003058 0.097385 -0.003711  0.000004 0.831509 0.555511  0.759398 0.483534 0
0  0.002975 0.097385 -0.003711  -0.000006 0.831509 0.555511  0.759458 0.432491 0
mount_dovetail_rsr_akr_1913_railed_mount_LOD0
0  0.002975 0.098005 -0.004870  -0.000005 0.923877 0.382689  0.748356 0.432491 0
0  -0.003058 0.098005 -0.004870  0.000005 0.923877 0.382689  0.748296 0.483534 0
0  0.002975 0.097385 -0.003711  0.000001 0.831516 0.555500  0.759458 0.432491 0
mount_dovetail_rsr_akr_1913_railed_mount_LOD0
0  -0.003058 0.098386 -0.006127  -0.000002 0.980772 0.195158  0.737195 0.483534 0
0  -0.003058 0.098005 -0.004870  0.000005 0.923961 0.382487  0.748296 0.483534 0
0  0.002975 0.098005 -0.004870  -0.000006 0.923961 0.382487  0.748356 0.432491 0
mount_dovetail_rsr_akr_1913_railed_mount_LOD0
0  0.002975 0.098386 -0.006127  -0.000005 0.980769 0.195172  0.737272 0.432491 0
0  -0.003058 0.098386 -0.006127  0.000005 0.980769 0.195172  0.737195 0.483534 0
0  0.002975 0.098005 -0.004870  0.000001 0.923955 0.382500  0.748356 0.432491 0
mount_dovetail_rsr_akr_1913_railed_mount_LOD0
0  -0.003058 0.098515 -0.007434  -0.000001 0.998795 0.049080  0.726095 0.483534 0
0  -0.003058 0.098386 -0.006127  0.000005 0.980819 0.194919  0.737195 0.483534 0
0  0.002975 0.098386 -0.006127  -0.000006 0.980819 0.194919  0.737272 0.432491 0
mount_dovetail_rsr_akr_1913_railed_mount_LOD0
0  0.002975 0.098515 -0.007434  -0.000002 0.998795 0.049080  0.726191 0.432491 0
0  -0.003058 0.098515 -0.007434  0.000003 0.998795 0.049080  0.726095 0.483534 0
0  0.002975 0.098386 -0.006127  0.000001 0.980819 0.194919  0.737272 0.432491 0
mount_dovetail_rsr_akr_1913_railed_mount_LOD0
0  -0.003058 0.098515 -0.015424  0.000000 1.000000 0.000000  0.658634 0.483534 0
0  -0.003058 0.098515 -0.007434  0.000002 0.998795 0.049069  0.726095 0.483534 0
0  0.002975 0.098515 -0.007434  0.000000 0.998795 0.049069  0.726191 0.432491 0
mount_dovetail_rsr_akr_1913_railed_mount_LOD0
0  0.000344 0.098515 -0.015424  0.000000 1.000000 0.000000  0.658634 0.454601 0
0  -0.003058 0.098515 -0.015424  0.000000 1.000000 0.000000  0.658634 0.483534 0
0  0.002975 0.098515 -0.007434  0.000003 0.998795 0.049069  0.726191 0.432491 0
mount_dovetail_rsr_akr_1913_railed_mount_LOD0
0  0.000345 0.098515 -0.017066  -0.000004 0.998795 -0.049069  0.644797 0.454601 0
0  0.000344 0.098515 -0.015424  0.000000 1.000000 0.000000  0.658634 0.454601 0
0  0.002975 0.098515 -0.007434  -0.000002 0.998795 0.049069  0.726191 0.432491 0
mount_dovetail_rsr_akr_1913_railed_mount_LOD0
0  0.002975 0.098515 -0.017066  -0.000002 0.998795 -0.049069  0.644836 0.432491 0
0  0.000345 0.098515 -0.017066  -0.000003 0.998795 -0.049069  0.644797 0.454601 0
0  0.002975 0.098515 -0.007434  0.000004 0.998795 0.049069  0.726191 0.432491 0
mount_dovetail_rsr_akr_1913_railed_mount_LOD0
0  0.000345 0.098386 -0.018374  0.000035 0.980818 -0.194924  0.633697 0.454601 0
0  0.000345 0.098515 -0.017066  0.000002 0.998795 -0.049085  0.644797 0.454601 0
0  0.002975 0.098515 -0.017066  0.000003 0.998795 -0.049085  0.644836 0.432491 0
mount_dovetail_rsr_akr_1913_railed_mount_LOD0
0  0.002975 0.098386 -0.018374  -0.000005 0.980818 -0.194924  0.633756 0.432491 0
0  0.000345 0.098386 -0.018374  -0.000006 0.980818 -0.194924  0.633697 0.454601 0
0  0.002975 0.098515 -0.017066  -0.000002 0.998795 -0.049085  0.644836 0.432491 0
mount_dovetail_rsr_akr_1913_railed_mount_LOD0
0  0.000345 0.098005 -0.019631  0.000004 0.923960 -0.382490  0.622593 0.454601 0
0  0.000345 0.098386 -0.018374  0.000005 0.980771 -0.195161  0.633697 0.454601 0
0  0.002975 0.098386 -0.018374  0.000005 0.980771 -0.195161  0.633756 0.432491 0
mount_dovetail_rsr_akr_1913_railed_mount_LOD0
0  0.002975 0.098005 -0.019631  -0.000005 0.923953 -0.382505  0.622653 0.432491 0
0  0.000345 0.098005 -0.019631  -0.000005 0.923953 -0.382505  0.622593 0.454601 0
0  0.002975 0.098386 -0.018374  -0.000004 0.980768 -0.195178  0.633756 0.432491 0
mount_dovetail_rsr_akr_1913_railed_mount_LOD0
0  0.000345 0.097385 -0.020790  0.000004 0.831516 -0.555500  0.611514 0.454601 0
0  0.000345 0.098005 -0.019631  0.000005 0.923877 -0.382689  0.622593 0.454601 0
0  0.002975 0.098005 -0.019631  0.000006 0.923877 -0.382689  0.622653 0.432491 0
mount_dovetail_rsr_akr_1913_railed_mount_LOD0
0  0.002975 0.097385 -0.020790  -0.000005 0.831508 -0.555513  0.611554 0.432491 0
0  0.000345 0.097385 -0.020790  -0.000005 0.831508 -0.555513  0.611514 0.454601 0
0  0.002975 0.098005 -0.019631  -0.000004 0.923853 -0.382748  0.622653 0.432491 0
mount_dovetail_rsr_akr_1913_railed_mount_LOD0
0  0.000345 0.096552 -0.021805  0.000005 0.707193 -0.707021  0.600412 0.454601 0
0  0.000345 0.097385 -0.020790  0.000005 0.831381 -0.555703  0.611514 0.454601 0
0  0.002975 0.097385 -0.020790  0.000005 0.831381 -0.555703  0.611554 0.432491 0
mount_dovetail_rsr_akr_1913_railed_mount_LOD0
0  0.002975 0.096552 -0.021805  -0.000005 0.707193 -0.707021  0.600453 0.432491 0
0  0.000345 0.096552 -0.021805  -0.000005 0.707193 -0.707021  0.600412 0.454601 0
0  0.002975 0.097385 -0.020790  -0.000004 0.831381 -0.555703  0.611554 0.432491 0
mount_dovetail_rsr_akr_1913_railed_mount_LOD0
0  0.000345 0.095536 -0.022639  0.000004 0.555698 -0.831384  0.589331 0.454601 0
0  0.000345 0.096552 -0.021805  0.000005 0.707017 -0.707197  0.600412 0.454601 0
0  0.002975 0.096552 -0.021805  0.000006 0.707017 -0.707197  0.600453 0.432491 0
mount_dovetail_rsr_akr_1913_railed_mount_LOD0
0  0.002975 0.095536 -0.022639  -0.000005 0.555717 -0.831372  0.589349 0.432491 0
0  0.000345 0.095536 -0.022639  -0.000006 0.555717 -0.831372  0.589331 0.454601 0
0  0.002975 0.096552 -0.021805  -0.000004 0.707032 -0.707181  0.600453 0.432491 0
mount_dovetail_rsr_akr_1913_railed_mount_LOD0
0  0.000345 0.094378 -0.023258  0.000005 0.382695 -0.923875  0.578229 0.454601 0
0  0.000345 0.095536 -0.022639  0.000005 0.555506 -0.831513  0.589331 0.454601 0
0  0.002975 0.095536 -0.022639  0.000005 0.555506 -0.831513  0.589349 0.432491 0
mount_dovetail_rsr_akr_1913_railed_mount_LOD0
0  0.002975 0.094378 -0.023258  -0.000005 0.382702 -0.923872  0.578251 0.432491 0
0  0.000345 0.094378 -0.023258  -0.000005 0.382702 -0.923872  0.578229 0.454601 0
0  0.002975 0.095536 -0.022639  -0.000004 0.555513 -0.831508  0.589349 0.432491 0
mount_dovetail_rsr_akr_1913_railed_mount_LOD0
0  0.000345 0.093121 -0.023639  0.000004 0.195158 -0.980772  0.567130 0.454601 0
0  0.000345 0.094378 -0.023258  0.000005 0.382487 -0.923961  0.578229 0.454601 0
0  0.002975 0.094378 -0.023258  0.000006 0.382487 -0.923961  0.578251 0.432491 0
mount_dovetail_rsr_akr_1913_railed_mount_LOD0
0  0.002975 0.093121 -0.023639  -0.000011 0.195166 -0.980770  0.567147 0.432491 0
0  0.000345 0.093121 -0.023639  -0.000012 0.195166 -0.980770  0.567130 0.454601 0
0  0.002975 0.094378 -0.023258  -0.000010 0.382494 -0.923958  0.578251 0.432491 0
mount_dovetail_rsr_akr_1913_railed_mount_LOD0
0  0.000345 0.091813 -0.023768  0.000015 0.049096 -0.998794  0.556048 0.454601 0
0  0.000345 0.093121 -0.023639  0.000001 0.194935 -0.980816  0.567130 0.454601 0
0  0.002975 0.093121 -0.023639  0.000002 0.194935 -0.980816  0.567147 0.432491 0
mount_dovetail_rsr_akr_1913_railed_mount_LOD0
0  0.002975 0.091813 -0.023768  -0.000004 0.049087 -0.998794  0.556068 0.432491 0
0  0.000345 0.091813 -0.023768  -0.000004 0.049087 -0.998795  0.556048 0.454601 0
0  0.002975 0.093121 -0.023639  -0.000007 0.194926 -0.980818  0.567147 0.432491 0
mount_dovetail_rsr_akr_1913_railed_mount_LOD0
0  0.002975 0.035596 -0.020748  1.000000 -0.000002 0.000000  0.721495 0.705088 0
0  0.002975 0.028344 -0.020748  1.000000 -0.000002 0.000000  0.721495 0.664255 0
0  0.002975 0.035596 -0.022787  1.000000 -0.000002 0.000000  0.732975 0.705085 0
mount_dovetail_rsr_akr_1913_railed_mount_LOD0
0  0.002975 0.028344 -0.020748  1.000000 -0.000001 0.000002  0.721495 0.664255 0
0  0.002975 0.024352 -0.023768  1.000000 -0.000001 0.000002  0.738494 0.641776 0
0  0.002975 0.035596 -0.022787  1.000000 -0.000001 0.000002  0.732975 0.705085 0
mount_dovetail_rsr_akr_1913_railed_mount_LOD0
0  0.002975 0.026816 -0.020978  1.000000 -0.000004 0.000006  0.722788 0.655654 0
0  0.002975 0.024352 -0.023768  1.000000 -0.000004 0.000006  0.738494 0.641776 0
0  0.002975 0.028344 -0.020748  1.000000 -0.000004 0.000006  0.721495 0.664255 0
mount_dovetail_rsr_akr_1913_railed_mount_LOD0
0  0.002975 0.024656 -0.022612  1.000000 -0.000005 0.000008  0.731992 0.643486 0
0  0.002975 0.024352 -0.023768  1.000000 -0.000005 0.000008  0.738494 0.641776 0
0  0.002975 0.026816 -0.020978  1.000000 -0.000005 0.000008  0.722788 0.655654 0
mount_dovetail_rsr_akr_1913_railed_mount_LOD0
0  0.002975 0.025521 -0.021633  1.000000 0.000000 0.000000  0.726474 0.648360 0
0  0.002975 0.024656 -0.022612  1.000000 0.000000 0.000000  0.731992 0.643486 0
0  0.002975 0.026816 -0.020978  1.000000 0.000000 0.000000  0.722788 0.655654 0
mount_dovetail_rsr_akr_1913_railed_mount_LOD0
0  0.002975 0.035596 -0.022787  1.000000 0.000000 -0.000013  0.732975 0.705085 0
0  0.002975 0.024352 -0.023768  1.000000 0.000000 -0.000013  0.738494 0.641776 0
0  0.002975 0.052991 -0.023768  1.000000 0.000000 -0.000013  0.738494 0.803023 0
mount_dovetail_rsr_akr_1913_railed_mount_LOD0
0  0.002975 0.041747 -0.022787  1.000000 -0.000001 -0.000023  0.732975 0.739717 0
0  0.002975 0.035596 -0.022787  1.000000 -0.000001 -0.000023  0.732975 0.705085 0
0  0.002975 0.052991 -0.023768  1.000000 -0.000001 -0.000023  0.738494 0.803023 0
mount_dovetail_rsr_akr_1913_railed_mount_LOD0
0  0.002975 0.041747 -0.020748  1.000000 0.000002 0.000001  0.721495 0.739714 0
0  0.002975 0.041747 -0.022787  1.000000 0.000002 0.000001  0.732975 0.739717 0
0  0.002975 0.052991 -0.023768  1.000000 0.000002 0.000001  0.738494 0.803023 0
mount_dovetail_rsr_akr_1913_railed_mount_LOD0
0  0.002975 0.048999 -0.020748  1.000000 0.000002 0.000003  0.721495 0.780546 0
0  0.002975 0.041747 -0.020748  1.000000 0.000002 0.000003  0.721495 0.739714 0
0  0.002975 0.052991 -0.023768  1.000000 0.000002 0.000003  0.738494 0.803023 0
mount_dovetail_rsr_akr_1913_railed_mount_LOD0
0  0.002975 0.050527 -0.020978  1.000000 0.000001 0.000002  0.722788 0.789149 0
0  0.002975 0.048999 -0.020748  1.000000 0.000001 0.000002  0.721495 0.780546 0
0  0.002975 0.052991 -0.023768  1.000000 0.000001 0.000002  0.738494 0.803023 0
mount_dovetail_rsr_akr_1913_railed_mount_LOD0
0  0.002975 0.051822 -0.021633  1.000000 0.000005 0.000004  0.726474 0.796442 0
0  0.002975 0.050527 -0.020978  1.000000 0.000005 0.000004  0.722788 0.789149 0
0  0.002975 0.052991 -0.023768  1.000000 0.000005 0.000004  0.738494 0.803023 0
mount_dovetail_rsr_akr_1913_railed_mount_LOD0
0  0.002975 0.052688 -0.022612  1.000000 0.000008 0.000006  0.731992 0.801316 0
0  0.002975 0.051822 -0.021633  1.000000 0.000008 0.000006  0.726474 0.796442 0
0  0.002975 0.052991 -0.023768  1.000000 0.000008 0.000006  0.738494 0.803023 0
mount_dovetail_rsr_akr_1913_railed_mount_LOD0
0  -0.003992 0.062375 -0.020931  -1.000000 0.000000 0.000003  0.464964 0.203319 0
0  -0.003992 0.062375 -0.023768  -1.000000 0.000000 0.000003  0.464964 0.190537 0
0  -0.003992 0.014968 -0.023768  -1.000000 0.000000 0.000003  0.678498 0.190537 0
mount_dovetail_rsr_akr_1913_railed_mount_LOD0
0  -0.003992 0.014968 -0.020931  -1.000000 0.000000 0.000000  0.678498 0.203319 0
0  -0.003992 0.062375 -0.020931  -1.000000 0.000000 0.000000  0.464964 0.203319 0
0  -0.003992 0.014968 -0.023768  -1.000000 0.000000 0.000000  0.678498 0.190537 0
mount_dovetail_rsr_akr_1913_railed_mount_LOD0
0  0.001133 0.025743 -0.018837  0.000000 0.707110 0.707103  0.549597 0.519084 0
0  -0.001824 0.025743 -0.018837  0.000000 0.707110 0.707103  0.532953 0.519084 0
0  -0.001824 0.024352 -0.017446  0.000000 0.707110 0.707103  0.532953 0.508014 0
mount_dovetail_rsr_akr_1913_railed_mount_LOD0
0  0.000345 0.024352 -0.017446  0.000003 0.707106 0.707108  0.545165 0.508014 0
0  0.001133 0.025743 -0.018837  0.000003 0.707106 0.707108  0.549597 0.519084 0
0  -0.001824 0.024352 -0.017446  0.000003 0.707106 0.707108  0.532953 0.508014 0
mount_dovetail_rsr_akr_1913_railed_mount_LOD0
0  0.001133 0.024352 -0.017446  0.000000 0.707108 0.707105  0.549597 0.508014 0
0  0.001133 0.025743 -0.018837  0.000000 0.707108 0.707105  0.549597 0.519084 0
0  0.000345 0.024352 -0.017446  0.000000 0.707108 0.707105  0.545165 0.508014 0
mount_dovetail_rsr_akr_1913_railed_mount_LOD0
0  0.000345 0.052991 -0.017446  -0.000008 -0.707103 0.707111  0.541442 0.623301 0
0  -0.001824 0.052991 -0.017446  -0.000008 -0.707103 0.707111  0.541442 0.635514 0
0  -0.001824 0.051600 -0.018837  -0.000008 -0.707103 0.707111  0.530371 0.635514 0
mount_dovetail_rsr_akr_1913_railed_mount_LOD0
0  0.001133 0.051600 -0.018837  0.000000 -0.707105 0.707108  0.530371 0.618854 0
0  0.000345 0.052991 -0.017446  0.000000 -0.707105 0.707108  0.541442 0.623301 0
0  -0.001824 0.051600 -0.018837  0.000000 -0.707105 0.707108  0.530371 0.635514 0
mount_dovetail_rsr_akr_1913_railed_mount_LOD0
0  0.001133 0.052991 -0.017446  0.000000 -0.707105 0.707109  0.541442 0.618854 0
0  0.000345 0.052991 -0.017446  0.000000 -0.707105 0.707109  0.541442 0.623301 0
0  0.001133 0.051600 -0.018837  0.000000 -0.707105 0.707109  0.530371 0.618854 0
mount_dovetail_rsr_akr_1913_railed_mount_LOD0
0  0.000345 0.052991 -0.017446  0.000000 0.000000 1.000000  0.656634 0.759076 0
0  0.000345 0.058807 -0.017446  0.000000 0.000000 1.000000  0.656634 0.726331 0
0  -0.001824 0.058806 -0.017446  0.000000 0.000000 1.000000  0.668832 0.726331 0
mount_dovetail_rsr_akr_1913_railed_mount_LOD0
0  -0.001824 0.052991 -0.017446  0.000000 0.000000 1.000000  0.668832 0.759076 0
0  0.000345 0.052991 -0.017446  0.000000 0.000000 1.000000  0.656634 0.759076 0
0  -0.001824 0.058806 -0.017446  0.000000 0.000000 1.000000  0.668832 0.726331 0
mount_dovetail_rsr_akr_1913_railed_mount_LOD0
0  -0.001824 0.025743 -0.018837  -1.000000 0.000000 -0.000002  0.698786 0.180315 0
0  -0.001824 0.027136 -0.017446  -1.000000 0.000000 -0.000002  0.692510 0.186579 0
0  -0.001824 0.050211 -0.017446  -1.000000 0.000000 -0.000002  0.588576 0.186579 0
mount_dovetail_rsr_akr_1913_railed_mount_LOD0
0  -0.001824 0.051600 -0.018837  -1.000000 0.000000 -0.000005  0.582310 0.180315 0
0  -0.001824 0.025743 -0.018837  -1.000000 0.000000 -0.000005  0.698786 0.180315 0
0  -0.001824 0.050211 -0.017446  -1.000000 0.000000 -0.000005  0.588576 0.186579 0
mount_dovetail_rsr_akr_1913_railed_mount_LOD0
0  -0.001824 0.014968 -0.020931  -1.000000 0.000000 0.000002  0.747313 0.170889 0
0  -0.001824 0.025743 -0.018837  -1.000000 0.000000 0.000002  0.698786 0.180315 0
0  -0.001824 0.051600 -0.018837  -1.000000 0.000000 0.000002  0.582310 0.180315 0
mount_dovetail_rsr_akr_1913_railed_mount_LOD0
0  -0.001824 0.014968 -0.019595  -1.000000 0.000000 0.000000  0.747313 0.176903 0
0  -0.001824 0.025743 -0.018837  -1.000000 0.000000 0.000000  0.698786 0.180315 0
0  -0.001824 0.014968 -0.020931  -1.000000 0.000000 0.000000  0.747313 0.170889 0
mount_dovetail_rsr_akr_1913_railed_mount_LOD0
0  -0.001824 0.024352 -0.017446  -1.000000 0.000001 -0.000003  0.705040 0.186579 0
0  -0.001824 0.025743 -0.018837  -1.000000 0.000001 -0.000003  0.698786 0.180315 0
0  -0.001824 0.014968 -0.019595  -1.000000 0.000001 -0.000003  0.747313 0.176903 0
mount_dovetail_rsr_akr_1913_railed_mount_LOD0
0  -0.001824 0.017708 -0.017446  -1.000000 -0.000000 0.000001  0.734978 0.186579 0
0  -0.001824 0.024352 -0.017446  -1.000000 -0.000000 0.000001  0.705040 0.186579 0
0  -0.001824 0.014968 -0.019595  -1.000000 -0.000000 0.000001  0.747313 0.176903 0
mount_dovetail_rsr_akr_1913_railed_mount_LOD0
0  -0.001824 0.062375 -0.020931  -1.000000 0.000000 -0.000000  0.533779 0.170889 0
0  -0.001824 0.014968 -0.020931  -1.000000 0.000000 -0.000000  0.747313 0.170889 0
0  -0.001824 0.051600 -0.018837  -1.000000 0.000000 -0.000000  0.582310 0.180315 0
mount_dovetail_rsr_akr_1913_railed_mount_LOD0
0  -0.001824 0.060779 -0.019278  -1.000000 0.000000 0.000000  0.540966 0.178325 0
0  -0.001824 0.062375 -0.020931  -1.000000 0.000000 0.000000  0.533779 0.170889 0
0  -0.001824 0.051600 -0.018837  -1.000000 0.000000 0.000000  0.582310 0.180315 0
mount_dovetail_rsr_akr_1913_railed_mount_LOD0
0  -0.001824 0.062375 -0.019595  -1.000000 0.000001 0.000001  0.533779 0.176903 0
0  -0.001824 0.062375 -0.020931  -1.000000 0.000001 0.000001  0.533779 0.170889 0
0  -0.001824 0.060779 -0.019278  -1.000000 0.000001 0.000001  0.540966 0.178325 0
mount_dovetail_rsr_akr_1913_railed_mount_LOD0
0  -0.001824 0.059426 -0.018373  -1.000000 0.000000 -0.000005  0.547061 0.182407 0
0  -0.001824 0.060779 -0.019278  -1.000000 0.000000 -0.000005  0.540966 0.178325 0
0  -0.001824 0.051600 -0.018837  -1.000000 0.000000 -0.000005  0.582310 0.180315 0
mount_dovetail_rsr_akr_1913_railed_mount_LOD0
0  -0.001824 0.058806 -0.017446  -1.000000 0.000000 -0.000007  0.549853 0.186579 0
0  -0.001824 0.059426 -0.018373  -1.000000 0.000000 -0.000007  0.547061 0.182407 0
0  -0.001824 0.051600 -0.018837  -1.000000 0.000000 -0.000007  0.582310 0.180315 0
mount_dovetail_rsr_akr_1913_railed_mount_LOD0
0  -0.001824 0.052991 -0.017446  -1.000000 -0.000000 -0.000005  0.576048 0.186579 0
0  -0.001824 0.058806 -0.017446  -1.000000 -0.000000 -0.000005  0.549853 0.186579 0
0  -0.001824 0.051600 -0.018837  -1.000000 -0.000000 -0.000005  0.582310 0.180315 0
mount_dovetail_rsr_akr_1913_railed_mount_LOD0
0  -0.003992 0.014968 -0.020931  0.000000 0.000000 1.000000  0.585515 0.300296 0
0  -0.001824 0.014968 -0.020931  0.000000 0.000000 1.000000  0.585515 0.288084 0
0  -0.001824 0.062375 -0.020931  0.000000 0.000000 1.000000  0.852438 0.288084 0
mount_dovetail_rsr_akr_1913_railed_mount_LOD0
0  -0.003992 0.062375 -0.020931  0.000000 0.000000 1.000000  0.852438 0.300296 0
0  -0.003992 0.014968 -0.020931  0.000000 0.000000 1.000000  0.585515 0.300296 0
0  -0.001824 0.062375 -0.020931  0.000000 0.000000 1.000000  0.852438 0.288084 0
mount_dovetail_rsr_akr_1913_railed_mount_LOD0
0  0.001133 0.027136 -0.017446  0.000000 0.000000 1.000000  0.182771 0.168396 0
0  0.001133 0.050211 -0.017446  0.000000 0.000000 1.000000  0.286704 0.168396 0
0  -0.001824 0.050211 -0.017446  0.000000 0.000000 1.000000  0.286704 0.181712 0
mount_dovetail_rsr_akr_1913_railed_mount_LOD0
0  -0.001824 0.027136 -0.017446  0.000000 0.000000 1.000000  0.182771 0.181712 0
0  0.001133 0.027136 -0.017446  0.000000 0.000000 1.000000  0.182771 0.168396 0
0  -0.001824 0.050211 -0.017446  0.000000 0.000000 1.000000  0.286704 0.181712 0
mount_dovetail_rsr_akr_1913_railed_mount_LOD0
0  0.001133 0.050211 -0.017446  0.000000 0.707369 0.706844  0.522179 0.607685 0
0  0.001133 0.051600 -0.018837  0.000000 0.707369 0.706844  0.522179 0.618754 0
0  -0.001824 0.051600 -0.018837  0.000000 0.707369 0.706844  0.505533 0.618754 0
mount_dovetail_rsr_akr_1913_railed_mount_LOD0
0  -0.001824 0.050211 -0.017446  0.000000 0.707372 0.706841  0.505533 0.607685 0
0  0.001133 0.050211 -0.017446  0.000000 0.707372 0.706841  0.522179 0.607685 0
0  -0.001824 0.051600 -0.018837  0.000000 0.707372 0.706841  0.505533 0.618754 0
mount_dovetail_rsr_akr_1913_railed_mount_LOD0
0  0.001133 0.025743 -0.018837  0.000000 -0.706437 0.707775  0.626359 0.351918 0
0  0.001133 0.027136 -0.017446  0.000000 -0.706437 0.707775  0.637438 0.351918 0
0  -0.001824 0.027136 -0.017446  0.000000 -0.706437 0.707775  0.637438 0.368562 0
mount_dovetail_rsr_akr_1913_railed_mount_LOD0
0  -0.001824 0.025743 -0.018837  0.000000 -0.706439 0.707774  0.626359 0.368562 0
0  0.001133 0.025743 -0.018837  0.000000 -0.706439 0.707774  0.626359 0.351918 0
0  -0.001824 0.027136 -0.017446  0.000000 -0.706439 0.707774  0.637438 0.368562 0
mount_dovetail_rsr_akr_1913_railed_mount_LOD0
0  -0.000275 0.081177 0.030980  -1.000000 -0.000152 0.000000  1.184309 0.326929 0
0  -0.000680 0.082417 0.030980  -0.808668 -0.588265 -0.000035  1.176963 0.326929 0
0  -0.000275 0.081177 0.028035  -1.000000 -0.000152 -0.000024  1.184309 0.310351 0
mount_dovetail_rsr_akr_1913_railed_mount_LOD0
0  -0.000680 0.082417 0.030980  -0.808668 -0.588265 0.000024  1.176963 0.326929 0
0  -0.000680 0.082417 0.028035  -0.808668 -0.588265 0.000000  1.176963 0.310351 0
0  -0.000275 0.081177 0.028035  -1.000000 -0.000152 0.000035  1.184309 0.310351 0
mount_dovetail_rsr_akr_1913_railed_mount_LOD0
0  -0.000680 0.082417 0.030980  -0.808497 -0.588501 0.000000  1.176963 0.326929 0
0  -0.001735 0.083184 0.030980  -0.309169 -0.951007 -0.000035  1.169620 0.326929 0
0  -0.000680 0.082417 0.028035  -0.808497 -0.588501 0.000024  1.176963 0.310351 0
mount_dovetail_rsr_akr_1913_railed_mount_LOD0
0  -0.001735 0.083184 0.030980  -0.309170 -0.951007 -0.000024  1.169620 0.326929 0
0  -0.001735 0.083184 0.028035  -0.309170 -0.951007 0.000000  1.169620 0.310351 0
0  -0.000680 0.082417 0.028035  -0.808497 -0.588501 0.000035  1.176963 0.310351 0
mount_dovetail_rsr_akr_1913_railed_mount_LOD0
0  -0.001735 0.083184 0.030980  -0.308908 -0.951092 0.000000  1.169620 0.326929 0
0  -0.003039 0.083184 0.030980  0.308908 -0.951092 -0.000035  1.162276 0.326929 0
0  -0.001735 0.083184 0.028035  -0.308908 -0.951092 0.000024  1.169620 0.310351 0
mount_dovetail_rsr_akr_1913_railed_mount_LOD0
0  -0.003039 0.083184 0.030980  0.308908 -0.951092 -0.000024  1.162276 0.326929 0
0  -0.003039 0.083184 0.028035  0.308908 -0.951092 0.000000  1.162276 0.310351 0
0  -0.001735 0.083184 0.028035  -0.308908 -0.951092 0.000035  1.169620 0.310351 0
mount_dovetail_rsr_akr_1913_railed_mount_LOD0
0  -0.003039 0.083184 0.030980  0.309171 -0.951007 0.000000  1.162276 0.326929 0
0  -0.004094 0.082417 0.030980  0.808497 -0.588500 -0.000035  1.154934 0.326929 0
0  -0.003039 0.083184 0.028035  0.309171 -0.951007 0.000024  1.162276 0.310351 0
mount_dovetail_rsr_akr_1913_railed_mount_LOD0
0  -0.004094 0.082417 0.030980  0.808497 -0.588500 -0.000024  1.154934 0.326929 0
0  -0.004094 0.082417 0.028035  0.808497 -0.588500 0.000000  1.154934 0.310351 0
0  -0.003039 0.083184 0.028035  0.309171 -0.951007 0.000035  1.162276 0.310351 0
mount_dovetail_rsr_akr_1913_railed_mount_LOD0
0  -0.004094 0.082417 0.030980  0.808670 -0.588263 0.000000  1.154934 0.326929 0
0  -0.004499 0.081177 0.030980  1.000000 -0.000149 -0.000035  1.147586 0.326929 0
0  -0.004094 0.082417 0.028035  0.808670 -0.588263 -0.000024  1.154934 0.310351 0
mount_dovetail_rsr_akr_1913_railed_mount_LOD0
0  -0.004499 0.081177 0.030980  1.000000 -0.000150 0.000024  1.147586 0.326929 0
0  -0.004499 0.081177 0.028035  1.000000 -0.000150 0.000000  1.147586 0.310351 0
0  -0.004094 0.082417 0.028035  0.808669 -0.588263 0.000035  1.154934 0.310351 0
mount_dovetail_rsr_akr_1913_railed_mount_LOD0
0  -0.004499 0.081177 0.030980  1.000000 0.000152 0.000000  1.147586 0.326929 0
0  -0.004094 0.079936 0.030980  0.808668 0.588265 -0.000035  1.140241 0.326929 0
0  -0.004499 0.081177 0.028035  1.000000 0.000152 -0.000024  1.147586 0.310351 0
mount_dovetail_rsr_akr_1913_railed_mount_LOD0
0  -0.004094 0.079936 0.030980  0.808669 0.588264 0.000023  1.140241 0.326929 0
0  -0.004094 0.079936 0.028035  0.808669 0.588264 0.000000  1.140241 0.310351 0
0  -0.004499 0.081177 0.028035  1.000000 0.000151 0.000035  1.147586 0.310351 0
mount_dovetail_rsr_akr_1913_railed_mount_LOD0
0  -0.004094 0.079936 0.030980  0.808500 0.588496 0.000000  1.140241 0.326929 0
0  -0.003039 0.079170 0.030980  0.309175 0.951005 -0.000035  1.132897 0.326929 0
0  -0.004094 0.079936 0.028035  0.808500 0.588496 0.000024  1.140241 0.310351 0
mount_dovetail_rsr_akr_1913_railed_mount_LOD0
0  -0.003039 0.079170 0.030980  0.309175 0.951005 -0.000024  1.132897 0.326929 0
0  -0.003039 0.079170 0.028035  0.309175 0.951005 0.000000  1.132897 0.310351 0
0  -0.004094 0.079936 0.028035  0.808500 0.588496 0.000035  1.140241 0.310351 0
mount_dovetail_rsr_akr_1913_railed_mount_LOD0
0  -0.003039 0.079170 0.030980  0.308908 0.951092 0.000000  1.132897 0.326929 0
0  -0.001735 0.079170 0.030980  -0.308908 0.951092 -0.000035  1.125553 0.326929 0
0  -0.003039 0.079170 0.028035  0.308908 0.951092 0.000024  1.132897 0.310351 0
mount_dovetail_rsr_akr_1913_railed_mount_LOD0
0  -0.001735 0.079170 0.030980  -0.308908 0.951092 -0.000024  1.125553 0.326929 0
0  -0.001735 0.079170 0.028035  -0.308908 0.951092 0.000000  1.125553 0.310351 0
0  -0.003039 0.079170 0.028035  0.308908 0.951092 0.000035  1.132897 0.310351 0
mount_dovetail_rsr_akr_1913_railed_mount_LOD0
0  -0.001735 0.079170 0.030980  -0.309174 0.951006 0.000000  1.125553 0.326929 0
0  -0.000680 0.079936 0.030980  -0.808499 0.588497 -0.000035  1.118211 0.326929 0
0  -0.001735 0.079170 0.028035  -0.309174 0.951005 0.000024  1.125553 0.310351 0
mount_dovetail_rsr_akr_1913_railed_mount_LOD0
0  -0.000680 0.079936 0.030980  -0.808499 0.588497 -0.000024  1.118211 0.326929 0
0  -0.000680 0.079936 0.028035  -0.808499 0.588497 0.000000  1.118211 0.310351 0
0  -0.001735 0.079170 0.028035  -0.309174 0.951006 0.000035  1.125553 0.310351 0
mount_dovetail_rsr_akr_1913_railed_mount_LOD0
0  -0.000680 0.079936 0.030980  -0.808667 0.588266 0.000000  1.118211 0.326929 0
0  -0.000275 0.081177 0.030980  -1.000000 0.000154 -0.000035  1.110863 0.326929 0
0  -0.000680 0.079936 0.028035  -0.808667 0.588266 -0.000023  1.118211 0.310351 0
mount_dovetail_rsr_akr_1913_railed_mount_LOD0
0  -0.000275 0.081177 0.030980  -1.000000 0.000154 0.000024  1.110863 0.326929 0
0  -0.000275 0.081177 0.028035  -1.000000 0.000154 0.000000  1.110863 0.310351 0
0  -0.000680 0.079936 0.028035  -0.808667 0.588266 0.000035  1.118211 0.310351 0
mount_dovetail_rsr_akr_1913_railed_mount_LOD0
0  -0.000680 0.079936 0.028035  -0.000007 0.000000 1.000000  1.115043 0.475015 0
0  -0.000275 0.081177 0.028035  -0.000007 0.000000 1.000000  1.122024 0.472725 0
0  -0.000680 0.082417 0.028035  -0.000007 0.000000 1.000000  1.129013 0.474987 0
mount_dovetail_rsr_akr_1913_railed_mount_LOD0
0  -0.001735 0.079170 0.028035  0.000006 0.000000 1.000000  1.110737 0.480958 0
0  -0.000680 0.079936 0.028035  0.000006 0.000000 1.000000  1.115043 0.475015 0
0  -0.000680 0.082417 0.028035  0.000006 0.000000 1.000000  1.129013 0.474987 0
mount_dovetail_rsr_akr_1913_railed_mount_LOD0
0  -0.001735 0.083184 0.028035  0.000000 0.000000 1.000000  1.133338 0.480917 0
0  -0.001735 0.079170 0.028035  0.000000 0.000000 1.000000  1.110737 0.480958 0
0  -0.000680 0.082417 0.028035  0.000000 0.000000 1.000000  1.129013 0.474987 0
mount_dovetail_rsr_akr_1913_railed_mount_LOD0
0  -0.003039 0.079170 0.028035  0.000000 0.000000 1.000000  1.110748 0.488294 0
0  -0.001735 0.079170 0.028035  0.000000 0.000000 1.000000  1.110737 0.480958 0
0  -0.001735 0.083184 0.028035  0.000000 0.000000 1.000000  1.133338 0.480917 0
mount_dovetail_rsr_akr_1913_railed_mount_LOD0
0  -0.003039 0.083184 0.028035  0.000000 0.000000 1.000000  1.133347 0.488265 0
0  -0.003039 0.079170 0.028035  0.000000 0.000000 1.000000  1.110748 0.488294 0
0  -0.001735 0.083184 0.028035  0.000000 0.000000 1.000000  1.133338 0.480917 0
mount_dovetail_rsr_akr_1913_railed_mount_LOD0
0  -0.004094 0.079936 0.028035  0.000000 0.000000 1.000000  1.115071 0.494237 0
0  -0.003039 0.079170 0.028035  0.000000 0.000000 1.000000  1.110748 0.488294 0
0  -0.003039 0.083184 0.028035  0.000000 0.000000 1.000000  1.133347 0.488265 0
mount_dovetail_rsr_akr_1913_railed_mount_LOD0
0  -0.004094 0.082417 0.028035  0.000000 0.000000 1.000000  1.129038 0.494221 0
0  -0.004094 0.079936 0.028035  0.000000 0.000000 1.000000  1.115071 0.494237 0
0  -0.003039 0.083184 0.028035  0.000000 0.000000 1.000000  1.133347 0.488265 0
mount_dovetail_rsr_akr_1913_railed_mount_LOD0
0  -0.004499 0.081177 0.028035  0.000014 0.000000 1.000000  1.122056 0.496511 0
0  -0.004094 0.079936 0.028035  0.000014 0.000000 1.000000  1.115071 0.494237 0
0  -0.004094 0.082417 0.028035  0.000014 0.000000 1.000000  1.129038 0.494221 0
mount_dovetail_rsr_akr_1913_railed_mount_LOD0
0  -0.000275 0.071184 0.030980  -1.000000 -0.000148 0.000000  1.184309 0.326929 0
0  -0.000680 0.072424 0.030980  -0.808670 -0.588262 -0.000035  1.176964 0.326929 0
0  -0.000275 0.071184 0.028035  -1.000000 -0.000148 -0.000025  1.184309 0.310351 0
mount_dovetail_rsr_akr_1913_railed_mount_LOD0
0  -0.000680 0.072424 0.030980  -0.808670 -0.588262 0.000025  1.176964 0.326929 0
0  -0.000680 0.072424 0.028035  -0.808670 -0.588262 0.000000  1.176964 0.310351 0
0  -0.000275 0.071184 0.028035  -1.000000 -0.000148 0.000035  1.184309 0.310351 0
mount_dovetail_rsr_akr_1913_railed_mount_LOD0
0  -0.000680 0.072424 0.030980  -0.808499 -0.588497 0.000000  1.176964 0.326929 0
0  -0.001735 0.073191 0.030980  -0.309174 -0.951006 -0.000035  1.169620 0.326929 0
0  -0.000680 0.072424 0.028035  -0.808499 -0.588497 0.000024  1.176964 0.310351 0
mount_dovetail_rsr_akr_1913_railed_mount_LOD0
0  -0.001735 0.073191 0.030980  -0.309174 -0.951005 -0.000024  1.169620 0.326929 0
0  -0.001735 0.073191 0.028035  -0.309174 -0.951006 0.000000  1.169620 0.310351 0
0  -0.000680 0.072424 0.028035  -0.808499 -0.588497 0.000035  1.176964 0.310351 0
mount_dovetail_rsr_akr_1913_railed_mount_LOD0
0  -0.001735 0.073191 0.030980  -0.308908 -0.951092 0.000000  1.169620 0.326929 0
0  -0.003039 0.073191 0.030980  0.308908 -0.951092 -0.000035  1.162276 0.326929 0
0  -0.001735 0.073191 0.028035  -0.308908 -0.951092 0.000024  1.169620 0.310351 0
mount_dovetail_rsr_akr_1913_railed_mount_LOD0
0  -0.003039 0.073191 0.030980  0.308908 -0.951092 -0.000024  1.162276 0.326929 0
0  -0.003039 0.073191 0.028035  0.308908 -0.951092 0.000000  1.162276 0.310351 0
0  -0.001735 0.073191 0.028035  -0.308908 -0.951092 0.000035  1.169620 0.310351 0
mount_dovetail_rsr_akr_1913_railed_mount_LOD0
0  -0.003039 0.073191 0.030980  0.309175 -0.951005 0.000000  1.162276 0.326929 0
0  -0.004094 0.072424 0.030980  0.808500 -0.588496 -0.000035  1.154934 0.326929 0
0  -0.003039 0.073191 0.028035  0.309175 -0.951005 0.000024  1.162276 0.310351 0
mount_dovetail_rsr_akr_1913_railed_mount_LOD0
0  -0.004094 0.072424 0.030980  0.808500 -0.588496 -0.000024  1.154934 0.326929 0
0  -0.004094 0.072424 0.028035  0.808500 -0.588496 0.000000  1.154934 0.310351 0
0  -0.003039 0.073191 0.028035  0.309175 -0.951005 0.000035  1.162276 0.310351 0
mount_dovetail_rsr_akr_1913_railed_mount_LOD0
0  -0.004094 0.072424 0.030980  0.808672 -0.588260 0.000000  1.154934 0.326929 0
0  -0.004499 0.071184 0.030980  1.000000 -0.000146 -0.000035  1.147586 0.326929 0
0  -0.004094 0.072424 0.028035  0.808672 -0.588260 -0.000025  1.154934 0.310351 0
mount_dovetail_rsr_akr_1913_railed_mount_LOD0
0  -0.004499 0.071184 0.030980  1.000000 -0.000146 0.000025  1.147586 0.326929 0
0  -0.004499 0.071184 0.028035  1.000000 -0.000146 0.000000  1.147586 0.310351 0
0  -0.004094 0.072424 0.028035  0.808672 -0.588260 0.000035  1.154934 0.310351 0
mount_dovetail_rsr_akr_1913_railed_mount_LOD0
0  -0.004499 0.071184 0.030980  1.000000 0.000154 0.000000  1.147586 0.326929 0
0  -0.004094 0.069943 0.030980  0.808667 0.588266 -0.000035  1.140241 0.326929 0
0  -0.004499 0.071184 0.028035  1.000000 0.000154 -0.000023  1.147586 0.310351 0
mount_dovetail_rsr_akr_1913_railed_mount_LOD0
0  -0.004094 0.069943 0.030980  0.808668 0.588266 0.000023  1.140241 0.326929 0
0  -0.004094 0.069943 0.028035  0.808668 0.588266 -0.000003  1.140241 0.310351 0
0  -0.004499 0.071184 0.028035  1.000000 0.000153 0.000038  1.147586 0.310351 0
mount_dovetail_rsr_akr_1913_railed_mount_LOD0
0  -0.004094 0.069943 0.030980  0.808495 0.588503 0.000000  1.140241 0.326929 0
0  -0.003039 0.069177 0.030980  0.309167 0.951008 -0.000035  1.132899 0.326929 0
0  -0.004094 0.069943 0.028035  0.808495 0.588503 0.000024  1.140241 0.310351 0
mount_dovetail_rsr_akr_1913_railed_mount_LOD0
0  -0.003039 0.069177 0.030980  0.309166 0.951008 -0.000024  1.132899 0.326929 0
0  -0.003039 0.069177 0.028035  0.309166 0.951008 0.000000  1.132899 0.310351 0
0  -0.004094 0.069943 0.028035  0.808494 0.588504 0.000035  1.140241 0.310351 0
mount_dovetail_rsr_akr_1913_railed_mount_LOD0
0  -0.003039 0.069177 0.030980  0.308908 0.951092 0.000000  1.132899 0.326929 0
0  -0.001735 0.069177 0.030980  -0.308908 0.951092 -0.000035  1.125553 0.326929 0
0  -0.003039 0.069177 0.028035  0.308908 0.951092 0.000024  1.132899 0.310351 0
mount_dovetail_rsr_akr_1913_railed_mount_LOD0
0  -0.001735 0.069177 0.030980  -0.308908 0.951092 -0.000024  1.125553 0.326929 0
0  -0.001735 0.069177 0.028035  -0.308908 0.951092 0.000000  1.125553 0.310351 0
0  -0.003039 0.069177 0.028035  0.308908 0.951092 0.000035  1.132899 0.310351 0
mount_dovetail_rsr_akr_1913_railed_mount_LOD0
0  -0.001735 0.069177 0.030980  -0.309165 0.951008 0.000000  1.125553 0.326929 0
0  -0.000680 0.069943 0.030980  -0.808494 0.588504 -0.000035  1.118211 0.326929 0
0  -0.001735 0.069177 0.028035  -0.309165 0.951008 0.000024  1.125553 0.310351 0
mount_dovetail_rsr_akr_1913_railed_mount_LOD0
0  -0.000680 0.069943 0.030980  -0.808494 0.588505 -0.000024  1.118211 0.326929 0
0  -0.000680 0.069943 0.028035  -0.808494 0.588505 0.000000  1.118211 0.310351 0
0  -0.001735 0.069177 0.028035  -0.309165 0.951009 0.000035  1.125553 0.310351 0
mount_dovetail_rsr_akr_1913_railed_mount_LOD0
0  -0.000680 0.069943 0.030980  -0.808666 0.588268 0.000000  1.118211 0.326929 0
0  -0.000275 0.071184 0.030980  -1.000000 0.000155 -0.000035  1.110863 0.326929 0
0  -0.000680 0.069943 0.028035  -0.808666 0.588268 -0.000023  1.118211 0.310351 0
mount_dovetail_rsr_akr_1913_railed_mount_LOD0
0  -0.000275 0.071184 0.030980  -1.000000 0.000155 0.000024  1.110863 0.326929 0
0  -0.000275 0.071184 0.028035  -1.000000 0.000155 0.000003  1.110863 0.310351 0
0  -0.000680 0.069943 0.028035  -0.808666 0.588268 0.000032  1.118211 0.310351 0
mount_dovetail_rsr_akr_1913_railed_mount_LOD0
0  -0.000680 0.069943 0.028035  0.000014 0.000005 1.000000  1.115043 0.475015 0
0  -0.000275 0.071184 0.028035  0.000014 0.000005 1.000000  1.122025 0.472725 0
0  -0.000680 0.072424 0.028035  0.000014 0.000005 1.000000  1.129014 0.474997 0
mount_dovetail_rsr_akr_1913_railed_mount_LOD0
0  -0.001735 0.069177 0.028035  0.000000 0.000005 1.000000  1.110735 0.480957 0
0  -0.000680 0.069943 0.028035  0.000000 0.000005 1.000000  1.115043 0.475015 0
0  -0.000680 0.072424 0.028035  0.000000 0.000005 1.000000  1.129014 0.474997 0
mount_dovetail_rsr_akr_1913_railed_mount_LOD0
0  -0.001735 0.073191 0.028035  0.000003 0.000003 1.000000  1.133337 0.480931 0
0  -0.001735 0.069177 0.028035  0.000003 0.000003 1.000000  1.110735 0.480957 0
0  -0.000680 0.072424 0.028035  0.000003 0.000003 1.000000  1.129014 0.474997 0
mount_dovetail_rsr_akr_1913_railed_mount_LOD0
0  -0.003039 0.069177 0.028035  0.000000 0.000003 1.000000  1.110748 0.488305 0
0  -0.001735 0.069177 0.028035  0.000000 0.000003 1.000000  1.110735 0.480957 0
0  -0.001735 0.073191 0.028035  0.000000 0.000003 1.000000  1.133337 0.480931 0
mount_dovetail_rsr_akr_1913_railed_mount_LOD0
0  -0.003039 0.073191 0.028035  0.000000 0.000003 1.000000  1.133346 0.488281 0
0  -0.003039 0.069177 0.028035  0.000000 0.000003 1.000000  1.110748 0.488305 0
0  -0.001735 0.073191 0.028035  0.000000 0.000003 1.000000  1.133337 0.480931 0
mount_dovetail_rsr_akr_1913_railed_mount_LOD0
0  -0.004094 0.069943 0.028035  0.000000 0.000003 1.000000  1.115071 0.494237 0
0  -0.003039 0.069177 0.028035  0.000000 0.000003 1.000000  1.110748 0.488305 0
0  -0.003039 0.073191 0.028035  0.000000 0.000003 1.000000  1.133346 0.488281 0
mount_dovetail_rsr_akr_1913_railed_mount_LOD0
0  -0.004094 0.072424 0.028035  0.000000 0.000005 1.000000  1.129038 0.494221 0
0  -0.004094 0.069943 0.028035  0.000000 0.000005 1.000000  1.115071 0.494237 0
0  -0.003039 0.073191 0.028035  0.000000 0.000005 1.000000  1.133346 0.488281 0
mount_dovetail_rsr_akr_1913_railed_mount_LOD0
0  -0.004499 0.071184 0.028035  -0.000014 0.000005 1.000000  1.122056 0.496511 0
0  -0.004094 0.069943 0.028035  -0.000014 0.000005 1.000000  1.115071 0.494237 0
0  -0.004094 0.072424 0.028035  -0.000014 0.000005 1.000000  1.129038 0.494221 0
mount_dovetail_rsr_akr_1913_railed_mount_LOD0
0  -0.000275 0.061191 0.030980  -1.000000 -0.000149 0.000000  1.184309 0.326929 0
0  -0.000680 0.062431 0.030980  -0.808670 -0.588263 -0.000035  1.176964 0.326929 0
0  -0.000275 0.061191 0.028035  -1.000000 -0.000149 -0.000025  1.184309 0.310348 0
mount_dovetail_rsr_akr_1913_railed_mount_LOD0
0  -0.000680 0.062431 0.030980  -0.808670 -0.588262 0.000025  1.176964 0.326929 0
0  -0.000680 0.062431 0.028035  -0.808670 -0.588262 0.000000  1.176964 0.310348 0
0  -0.000275 0.061191 0.028035  -1.000000 -0.000149 0.000035  1.184309 0.310348 0
mount_dovetail_rsr_akr_1913_railed_mount_LOD0
0  -0.000680 0.062431 0.030980  -0.808497 -0.588501 0.000000  1.176964 0.326929 0
0  -0.001735 0.063198 0.030980  -0.309169 -0.951007 -0.000035  1.169620 0.326929 0
0  -0.000680 0.062431 0.028035  -0.808497 -0.588501 0.000024  1.176964 0.310348 0
mount_dovetail_rsr_akr_1913_railed_mount_LOD0
0  -0.001735 0.063198 0.030980  -0.309170 -0.951007 -0.000024  1.169620 0.326929 0
0  -0.001735 0.063198 0.028035  -0.309170 -0.951007 0.000000  1.169620 0.310348 0
0  -0.000680 0.062431 0.028035  -0.808497 -0.588501 0.000035  1.176964 0.310348 0
mount_dovetail_rsr_akr_1913_railed_mount_LOD0
0  -0.001735 0.063198 0.030980  -0.308908 -0.951092 0.000000  1.169620 0.326929 0
0  -0.003039 0.063198 0.030980  0.308908 -0.951092 -0.000035  1.162276 0.326929 0
0  -0.001735 0.063198 0.028035  -0.308908 -0.951092 0.000024  1.169620 0.310348 0
mount_dovetail_rsr_akr_1913_railed_mount_LOD0
0  -0.003039 0.063198 0.030980  0.308908 -0.951092 -0.000024  1.162276 0.326929 0
0  -0.003039 0.063198 0.028035  0.308908 -0.951092 0.000000  1.162276 0.310348 0
0  -0.001735 0.063198 0.028035  -0.308908 -0.951092 0.000035  1.169620 0.310348 0
mount_dovetail_rsr_akr_1913_railed_mount_LOD0
0  -0.003039 0.063198 0.030980  0.309171 -0.951007 0.000000  1.162276 0.326929 0
0  -0.004094 0.062431 0.030980  0.808497 -0.588500 -0.000035  1.154934 0.326929 0
0  -0.003039 0.063198 0.028035  0.309171 -0.951007 0.000024  1.162276 0.310348 0
mount_dovetail_rsr_akr_1913_railed_mount_LOD0
0  -0.004094 0.062431 0.030980  0.808497 -0.588500 -0.000024  1.154934 0.326929 0
0  -0.004094 0.062431 0.028035  0.808497 -0.588500 0.000000  1.154934 0.310348 0
0  -0.003039 0.063198 0.028035  0.309171 -0.951007 0.000035  1.162276 0.310348 0
mount_dovetail_rsr_akr_1913_railed_mount_LOD0
0  -0.004094 0.062431 0.030980  0.808671 -0.588261 0.000000  1.154934 0.326929 0
0  -0.004499 0.061191 0.030980  1.000000 -0.000147 -0.000035  1.147586 0.326929 0
0  -0.004094 0.062431 0.028035  0.808671 -0.588261 -0.000025  1.154934 0.310348 0
mount_dovetail_rsr_akr_1913_railed_mount_LOD0
0  -0.004499 0.061191 0.030980  1.000000 -0.000147 0.000025  1.147586 0.326929 0
0  -0.004499 0.061191 0.028035  1.000000 -0.000147 0.000000  1.147586 0.310348 0
0  -0.004094 0.062431 0.028035  0.808671 -0.588261 0.000035  1.154934 0.310348 0
mount_dovetail_rsr_akr_1913_railed_mount_LOD0
0  -0.004499 0.061191 0.030980  1.000000 0.000152 0.000000  1.147586 0.326929 0
0  -0.004094 0.059951 0.030980  0.808668 0.588265 -0.000035  1.140241 0.326929 0
0  -0.004499 0.061191 0.028035  1.000000 0.000152 -0.000024  1.147586 0.310348 0
mount_dovetail_rsr_akr_1913_railed_mount_LOD0
0  -0.004094 0.059951 0.030980  0.808669 0.588264 0.000023  1.140241 0.326929 0
0  -0.004094 0.059951 0.028035  0.808669 0.588264 -0.000003  1.140241 0.310348 0
0  -0.004499 0.061191 0.028035  1.000000 0.000151 0.000038  1.147586 0.310348 0
mount_dovetail_rsr_akr_1913_railed_mount_LOD0
0  -0.004094 0.059951 0.030980  0.808496 0.588502 0.000000  1.140241 0.326929 0
0  -0.003039 0.059184 0.030980  0.309168 0.951007 -0.000035  1.132898 0.326929 0
0  -0.004094 0.059951 0.028035  0.808496 0.588502 0.000024  1.140241 0.310348 0
mount_dovetail_rsr_akr_1913_railed_mount_LOD0
0  -0.003039 0.059184 0.030980  0.309169 0.951007 -0.000024  1.132898 0.326929 0
0  -0.003039 0.059184 0.028035  0.309169 0.951007 0.000000  1.132898 0.310348 0
0  -0.004094 0.059951 0.028035  0.808496 0.588501 0.000035  1.140241 0.310348 0
mount_dovetail_rsr_akr_1913_railed_mount_LOD0
0  -0.003039 0.059184 0.030980  0.308908 0.951092 0.000000  1.132898 0.326929 0
0  -0.001735 0.059184 0.030980  -0.308908 0.951092 -0.000035  1.125553 0.326929 0
0  -0.003039 0.059184 0.028035  0.308908 0.951092 0.000024  1.132898 0.310348 0
mount_dovetail_rsr_akr_1913_railed_mount_LOD0
0  -0.001735 0.059184 0.030980  -0.308908 0.951092 -0.000024  1.125553 0.326929 0
0  -0.001735 0.059184 0.028035  -0.308908 0.951092 0.000000  1.125553 0.310348 0
0  -0.003039 0.059184 0.028035  0.308908 0.951092 0.000035  1.132898 0.310348 0
mount_dovetail_rsr_akr_1913_railed_mount_LOD0
0  -0.001735 0.059184 0.030980  -0.309167 0.951008 0.000000  1.125553 0.326929 0
0  -0.000680 0.059951 0.030980  -0.808495 0.588503 -0.000035  1.118211 0.326929 0
0  -0.001735 0.059184 0.028035  -0.309167 0.951008 0.000024  1.125553 0.310348 0
mount_dovetail_rsr_akr_1913_railed_mount_LOD0
0  -0.000680 0.059951 0.030980  -0.808495 0.588502 -0.000024  1.118211 0.326929 0
0  -0.000680 0.059951 0.028035  -0.808495 0.588502 0.000000  1.118211 0.310348 0
0  -0.001735 0.059184 0.028035  -0.309168 0.951008 0.000035  1.125553 0.310348 0
mount_dovetail_rsr_akr_1913_railed_mount_LOD0
0  -0.000680 0.059951 0.030980  -0.808667 0.588266 0.000000  1.118211 0.326929 0
0  -0.000275 0.061191 0.030980  -1.000000 0.000154 -0.000035  1.110863 0.326929 0
0  -0.000680 0.059951 0.028035  -0.808667 0.588266 -0.000024  1.118211 0.310348 0
mount_dovetail_rsr_akr_1913_railed_mount_LOD0
0  -0.000275 0.061191 0.030980  -1.000000 0.000154 0.000024  1.110863 0.326929 0
0  -0.000275 0.061191 0.028035  -1.000000 0.000154 0.000003  1.110863 0.310348 0
0  -0.000680 0.059951 0.028035  -0.808667 0.588266 0.000032  1.118211 0.310348 0
mount_dovetail_rsr_akr_1913_railed_mount_LOD0
0  -0.000680 0.059951 0.028035  0.000007 0.000005 1.000000  1.115042 0.475012 0
0  -0.000275 0.061191 0.028035  0.000007 0.000005 1.000000  1.122022 0.472710 0
0  -0.000680 0.062431 0.028035  0.000007 0.000005 1.000000  1.129007 0.474985 0
mount_dovetail_rsr_akr_1913_railed_mount_LOD0
0  -0.001735 0.059184 0.028035  0.000000 0.000005 1.000000  1.110735 0.480955 0
0  -0.000680 0.059951 0.028035  0.000000 0.000005 1.000000  1.115042 0.475012 0
0  -0.000680 0.062431 0.028035  0.000000 0.000005 1.000000  1.129007 0.474985 0
mount_dovetail_rsr_akr_1913_railed_mount_LOD0
0  -0.001735 0.063198 0.028035  0.000003 0.000003 1.000000  1.133334 0.480917 0
0  -0.001735 0.059184 0.028035  0.000003 0.000003 1.000000  1.110735 0.480955 0
0  -0.000680 0.062431 0.028035  0.000003 0.000003 1.000000  1.129007 0.474985 0
mount_dovetail_rsr_akr_1913_railed_mount_LOD0
0  -0.003039 0.059184 0.028035  0.000000 0.000003 1.000000  1.110746 0.488303 0
0  -0.001735 0.059184 0.028035  0.000000 0.000003 1.000000  1.110735 0.480955 0
0  -0.001735 0.063198 0.028035  0.000000 0.000003 1.000000  1.133334 0.480917 0
mount_dovetail_rsr_akr_1913_railed_mount_LOD0
0  -0.003039 0.063198 0.028035  0.000000 0.000003 1.000000  1.133344 0.488265 0
0  -0.003039 0.059184 0.028035  0.000000 0.000003 1.000000  1.110746 0.488303 0
0  -0.001735 0.063198 0.028035  0.000000 0.000003 1.000000  1.133334 0.480917 0
mount_dovetail_rsr_akr_1913_railed_mount_LOD0
0  -0.004094 0.059951 0.028035  0.000003 0.000003 1.000000  1.115070 0.494237 0
0  -0.003039 0.059184 0.028035  0.000003 0.000003 1.000000  1.110746 0.488303 0
0  -0.003039 0.063198 0.028035  0.000003 0.000003 1.000000  1.133344 0.488265 0
mount_dovetail_rsr_akr_1913_railed_mount_LOD0
0  -0.004094 0.062431 0.028035  -0.000006 0.000005 1.000000  1.129038 0.494208 0
0  -0.004094 0.059951 0.028035  -0.000006 0.000005 1.000000  1.115070 0.494237 0
0  -0.003039 0.063198 0.028035  -0.000006 0.000005 1.000000  1.133344 0.488265 0
mount_dovetail_rsr_akr_1913_railed_mount_LOD0
0  -0.004499 0.061191 0.028035  0.000000 0.000005 1.000000  1.122056 0.496511 0
0  -0.004094 0.059951 0.028035  0.000000 0.000005 1.000000  1.115070 0.494237 0
0  -0.004094 0.062431 0.028035  0.000000 0.000005 1.000000  1.129038 0.494208 0
mount_dovetail_rsr_akr_1913_railed_mount_LOD0
0  -0.000275 0.051198 0.030980  -1.000000 -0.000148 0.000000  1.184309 0.326929 0
0  -0.000680 0.052439 0.030980  -0.808670 -0.588262 -0.000035  1.176962 0.326929 0
0  -0.000275 0.051198 0.028035  -1.000000 -0.000148 -0.000025  1.184309 0.310348 0
mount_dovetail_rsr_akr_1913_railed_mount_LOD0
0  -0.000680 0.052439 0.030980  -0.808670 -0.588262 0.000025  1.176962 0.326929 0
0  -0.000680 0.052439 0.028035  -0.808670 -0.588262 0.000000  1.176962 0.310348 0
0  -0.000275 0.051198 0.028035  -1.000000 -0.000148 0.000035  1.184309 0.310348 0
mount_dovetail_rsr_akr_1913_railed_mount_LOD0
0  -0.000680 0.052439 0.030980  -0.808495 -0.588503 0.000000  1.176962 0.326929 0
0  -0.001735 0.053205 0.030980  -0.309167 -0.951008 -0.000035  1.169618 0.326929 0
0  -0.000680 0.052439 0.028035  -0.808495 -0.588503 0.000024  1.176962 0.310348 0
mount_dovetail_rsr_akr_1913_railed_mount_LOD0
0  -0.001735 0.053205 0.030980  -0.309167 -0.951008 -0.000024  1.169618 0.326929 0
0  -0.001735 0.053205 0.028035  -0.309167 -0.951008 0.000000  1.169618 0.310348 0
0  -0.000680 0.052439 0.028035  -0.808495 -0.588503 0.000035  1.176962 0.310348 0
mount_dovetail_rsr_akr_1913_railed_mount_LOD0
0  -0.001735 0.053205 0.030980  -0.308908 -0.951092 0.000000  1.169618 0.326929 0
0  -0.003039 0.053205 0.030980  0.308908 -0.951092 -0.000035  1.162275 0.326929 0
0  -0.001735 0.053205 0.028035  -0.308908 -0.951092 0.000024  1.169618 0.310348 0
mount_dovetail_rsr_akr_1913_railed_mount_LOD0
0  -0.003039 0.053205 0.030980  0.308908 -0.951092 -0.000024  1.162275 0.326929 0
0  -0.003039 0.053205 0.028035  0.308908 -0.951092 0.000000  1.162275 0.310348 0
0  -0.001735 0.053205 0.028035  -0.308908 -0.951092 0.000035  1.169618 0.310348 0
mount_dovetail_rsr_akr_1913_railed_mount_LOD0
0  -0.003039 0.053205 0.030980  0.309168 -0.951007 0.000000  1.162275 0.326929 0
0  -0.004094 0.052439 0.030980  0.808496 -0.588502 -0.000035  1.154932 0.326929 0
0  -0.003039 0.053205 0.028035  0.309168 -0.951007 0.000024  1.162275 0.310348 0
mount_dovetail_rsr_akr_1913_railed_mount_LOD0
0  -0.004094 0.052439 0.030980  0.808496 -0.588502 -0.000024  1.154932 0.326929 0
0  -0.004094 0.052439 0.028035  0.808496 -0.588502 0.000000  1.154932 0.310348 0
0  -0.003039 0.053205 0.028035  0.309168 -0.951007 0.000035  1.162275 0.310348 0
mount_dovetail_rsr_akr_1913_railed_mount_LOD0
0  -0.004094 0.052439 0.030980  0.808672 -0.588260 0.000000  1.154932 0.326929 0
0  -0.004499 0.051198 0.030980  1.000000 -0.000146 -0.000035  1.147586 0.326929 0
0  -0.004094 0.052439 0.028035  0.808672 -0.588260 -0.000025  1.154932 0.310348 0
mount_dovetail_rsr_akr_1913_railed_mount_LOD0
0  -0.004499 0.051198 0.030980  1.000000 -0.000146 0.000025  1.147586 0.326929 0
0  -0.004499 0.051198 0.028035  1.000000 -0.000146 0.000000  1.147586 0.310348 0
0  -0.004094 0.052439 0.028035  0.808672 -0.588260 0.000035  1.154932 0.310348 0
mount_dovetail_rsr_akr_1913_railed_mount_LOD0
0  -0.004499 0.051198 0.030980  1.000000 0.000152 0.000000  1.147586 0.326929 0
0  -0.004094 0.049958 0.030980  0.808668 0.588265 -0.000035  1.140240 0.326929 0
0  -0.004499 0.051198 0.028035  1.000000 0.000152 -0.000024  1.147586 0.310348 0
mount_dovetail_rsr_akr_1913_railed_mount_LOD0
0  -0.004094 0.049958 0.030980  0.808669 0.588264 0.000023  1.140240 0.326929 0
0  -0.004094 0.049958 0.028035  0.808669 0.588264 -0.000003  1.140240 0.310348 0
0  -0.004499 0.051198 0.028035  1.000000 0.000151 0.000038  1.147586 0.310348 0
mount_dovetail_rsr_akr_1913_railed_mount_LOD0
0  -0.004094 0.049958 0.030980  0.808496 0.588502 0.000000  1.140240 0.326929 0
0  -0.003039 0.049191 0.030980  0.309168 0.951007 -0.000035  1.132896 0.326929 0
0  -0.004094 0.049958 0.028035  0.808496 0.588502 0.000024  1.140240 0.310348 0
mount_dovetail_rsr_akr_1913_railed_mount_LOD0
0  -0.003039 0.049191 0.030980  0.309169 0.951007 -0.000024  1.132896 0.326929 0
0  -0.003039 0.049191 0.028035  0.309169 0.951007 0.000000  1.132896 0.310348 0
0  -0.004094 0.049958 0.028035  0.808496 0.588501 0.000035  1.140240 0.310348 0
mount_dovetail_rsr_akr_1913_railed_mount_LOD0
0  -0.003039 0.049191 0.030980  0.308908 0.951092 0.000000  1.132896 0.326929 0
0  -0.001735 0.049191 0.030980  -0.308908 0.951092 -0.000035  1.125552 0.326929 0
0  -0.003039 0.049191 0.028035  0.308908 0.951092 0.000024  1.132896 0.310348 0
mount_dovetail_rsr_akr_1913_railed_mount_LOD0
0  -0.001735 0.049191 0.030980  -0.308908 0.951092 -0.000024  1.125552 0.326929 0
0  -0.001735 0.049191 0.028035  -0.308908 0.951092 0.000000  1.125552 0.310348 0
0  -0.003039 0.049191 0.028035  0.308908 0.951092 0.000035  1.132896 0.310348 0
mount_dovetail_rsr_akr_1913_railed_mount_LOD0
0  -0.001735 0.049191 0.030980  -0.309167 0.951008 0.000000  1.125552 0.326929 0
0  -0.000680 0.049958 0.030980  -0.808495 0.588503 -0.000035  1.118210 0.326929 0
0  -0.001735 0.049191 0.028035  -0.309167 0.951008 0.000024  1.125552 0.310348 0
mount_dovetail_rsr_akr_1913_railed_mount_LOD0
0  -0.000680 0.049958 0.030980  -0.808495 0.588502 -0.000024  1.118210 0.326929 0
0  -0.000680 0.049958 0.028035  -0.808495 0.588502 0.000000  1.118210 0.310348 0
0  -0.001735 0.049191 0.028035  -0.309168 0.951008 0.000035  1.125552 0.310348 0
mount_dovetail_rsr_akr_1913_railed_mount_LOD0
0  -0.000680 0.049958 0.030980  -0.808667 0.588266 0.000000  1.118210 0.326929 0
0  -0.000275 0.051198 0.030980  -1.000000 0.000154 -0.000035  1.110864 0.326929 0
0  -0.000680 0.049958 0.028035  -0.808667 0.588266 -0.000024  1.118210 0.310348 0
mount_dovetail_rsr_akr_1913_railed_mount_LOD0
0  -0.000275 0.051198 0.030980  -1.000000 0.000154 0.000024  1.110864 0.326929 0
0  -0.000275 0.051198 0.028035  -1.000000 0.000154 0.000003  1.110864 0.310348 0
0  -0.000680 0.049958 0.028035  -0.808667 0.588266 0.000032  1.118210 0.310348 0
mount_dovetail_rsr_akr_1913_railed_mount_LOD0
0  -0.000680 0.049958 0.028035  0.000014 0.000005 1.000000  1.115047 0.475012 0
0  -0.000275 0.051198 0.028035  0.000014 0.000005 1.000000  1.122027 0.472723 0
0  -0.000680 0.052439 0.028035  0.000014 0.000005 1.000000  1.129014 0.474997 0
mount_dovetail_rsr_akr_1913_railed_mount_LOD0
0  -0.001735 0.049191 0.028035  -0.000006 0.000005 1.000000  1.110738 0.480955 0
0  -0.000680 0.049958 0.028035  -0.000006 0.000005 1.000000  1.115047 0.475012 0
0  -0.000680 0.052439 0.028035  -0.000006 0.000005 1.000000  1.129014 0.474997 0
mount_dovetail_rsr_akr_1913_railed_mount_LOD0
0  -0.001735 0.053205 0.028035  0.000000 0.000003 1.000000  1.133337 0.480928 0
0  -0.001735 0.049191 0.028035  0.000000 0.000003 1.000000  1.110738 0.480955 0
0  -0.000680 0.052439 0.028035  0.000000 0.000003 1.000000  1.129014 0.474997 0
mount_dovetail_rsr_akr_1913_railed_mount_LOD0
0  -0.003039 0.049191 0.028035  0.000000 0.000003 1.000000  1.110746 0.488305 0
0  -0.001735 0.049191 0.028035  0.000000 0.000003 1.000000  1.110738 0.480955 0
0  -0.001735 0.053205 0.028035  0.000000 0.000003 1.000000  1.133337 0.480928 0
mount_dovetail_rsr_akr_1913_railed_mount_LOD0
0  -0.003039 0.053205 0.028035  0.000000 0.000003 1.000000  1.133346 0.488278 0
0  -0.003039 0.049191 0.028035  0.000000 0.000003 1.000000  1.110746 0.488305 0
0  -0.001735 0.053205 0.028035  0.000000 0.000003 1.000000  1.133337 0.480928 0
mount_dovetail_rsr_akr_1913_railed_mount_LOD0
0  -0.004094 0.049958 0.028035  0.000003 0.000003 1.000000  1.115070 0.494237 0
0  -0.003039 0.049191 0.028035  0.000003 0.000003 1.000000  1.110746 0.488305 0
0  -0.003039 0.053205 0.028035  0.000003 0.000003 1.000000  1.133346 0.488278 0
mount_dovetail_rsr_akr_1913_railed_mount_LOD0
0  -0.004094 0.052439 0.028035  0.000000 0.000005 1.000000  1.129038 0.494219 0
0  -0.004094 0.049958 0.028035  0.000000 0.000005 1.000000  1.115070 0.494237 0
0  -0.003039 0.053205 0.028035  0.000000 0.000005 1.000000  1.133346 0.488278 0
mount_dovetail_rsr_akr_1913_railed_mount_LOD0
0  -0.004499 0.051198 0.028035  -0.000014 0.000005 1.000000  1.122056 0.496511 0
0  -0.004094 0.049958 0.028035  -0.000014 0.000005 1.000000  1.115070 0.494237 0
0  -0.004094 0.052439 0.028035  -0.000014 0.000005 1.000000  1.129038 0.494219 0
mount_dovetail_rsr_akr_1913_railed_mount_LOD0
0  -0.000275 0.041205 0.030980  -1.000000 -0.000150 0.000000  1.184308 0.326929 0
0  -0.000680 0.042446 0.030980  -0.808669 -0.588263 -0.000035  1.176962 0.326929 0
0  -0.000275 0.041205 0.028035  -1.000000 -0.000150 -0.000025  1.184308 0.310348 0
mount_dovetail_rsr_akr_1913_railed_mount_LOD0
0  -0.000680 0.042446 0.030980  -0.808669 -0.588263 0.000025  1.176962 0.326929 0
0  -0.000680 0.042446 0.028035  -0.808669 -0.588263 0.000000  1.176962 0.310348 0
0  -0.000275 0.041205 0.028035  -1.000000 -0.000150 0.000035  1.184308 0.310348 0
mount_dovetail_rsr_akr_1913_railed_mount_LOD0
0  -0.000680 0.042446 0.030980  -0.808497 -0.588501 0.000000  1.176962 0.326929 0
0  -0.001735 0.043212 0.030980  -0.309169 -0.951007 -0.000035  1.169617 0.326929 0
0  -0.000680 0.042446 0.028035  -0.808497 -0.588501 0.000024  1.176962 0.310348 0
mount_dovetail_rsr_akr_1913_railed_mount_LOD0
0  -0.001735 0.043212 0.030980  -0.309170 -0.951007 -0.000024  1.169617 0.326929 0
0  -0.001735 0.043212 0.028035  -0.309170 -0.951007 0.000000  1.169617 0.310348 0
0  -0.000680 0.042446 0.028035  -0.808497 -0.588501 0.000035  1.176962 0.310348 0
mount_dovetail_rsr_akr_1913_railed_mount_LOD0
0  -0.001735 0.043212 0.030980  -0.308908 -0.951092 0.000000  1.169617 0.326929 0
0  -0.003039 0.043212 0.030980  0.308908 -0.951092 -0.000035  1.162274 0.326929 0
0  -0.001735 0.043212 0.028035  -0.308908 -0.951092 0.000024  1.169617 0.310348 0
mount_dovetail_rsr_akr_1913_railed_mount_LOD0
0  -0.003039 0.043212 0.030980  0.308908 -0.951092 -0.000024  1.162274 0.326929 0
0  -0.003039 0.043212 0.028035  0.308908 -0.951092 0.000000  1.162274 0.310348 0
0  -0.001735 0.043212 0.028035  -0.308908 -0.951092 0.000035  1.169617 0.310348 0
mount_dovetail_rsr_akr_1913_railed_mount_LOD0
0  -0.003039 0.043212 0.030980  0.309171 -0.951007 0.000000  1.162274 0.326929 0
0  -0.004094 0.042446 0.030980  0.808497 -0.588500 -0.000035  1.154930 0.326929 0
0  -0.003039 0.043212 0.028035  0.309171 -0.951007 0.000024  1.162274 0.310348 0
mount_dovetail_rsr_akr_1913_railed_mount_LOD0
0  -0.004094 0.042446 0.030980  0.808497 -0.588500 -0.000024  1.154930 0.326929 0
0  -0.004094 0.042446 0.028035  0.808497 -0.588500 0.000000  1.154930 0.310348 0
0  -0.003039 0.043212 0.028035  0.309171 -0.951007 0.000035  1.162274 0.310348 0
mount_dovetail_rsr_akr_1913_railed_mount_LOD0
0  -0.004094 0.042446 0.030980  0.808671 -0.588261 0.000000  1.154930 0.326929 0
0  -0.004499 0.041205 0.030980  1.000000 -0.000147 -0.000035  1.147586 0.326929 0
0  -0.004094 0.042446 0.028035  0.808671 -0.588261 -0.000025  1.154930 0.310348 0
mount_dovetail_rsr_akr_1913_railed_mount_LOD0
0  -0.004499 0.041205 0.030980  1.000000 -0.000148 0.000025  1.147586 0.326929 0
0  -0.004499 0.041205 0.028035  1.000000 -0.000148 0.000000  1.147586 0.310348 0
0  -0.004094 0.042446 0.028035  0.808671 -0.588262 0.000035  1.154930 0.310348 0
mount_dovetail_rsr_akr_1913_railed_mount_LOD0
0  -0.004499 0.041205 0.030980  1.000000 0.000152 0.000000  1.147586 0.326929 0
0  -0.004094 0.039965 0.030980  0.808668 0.588265 -0.000035  1.140239 0.326929 0
0  -0.004499 0.041205 0.028035  1.000000 0.000152 -0.000024  1.147586 0.310348 0
mount_dovetail_rsr_akr_1913_railed_mount_LOD0
0  -0.004094 0.039965 0.030980  0.808669 0.588264 0.000023  1.140239 0.326929 0
0  -0.004094 0.039965 0.028035  0.808669 0.588264 -0.000003  1.140239 0.310348 0
0  -0.004499 0.041205 0.028035  1.000000 0.000151 0.000038  1.147586 0.310348 0
mount_dovetail_rsr_akr_1913_railed_mount_LOD0
0  -0.004094 0.039965 0.030980  0.808498 0.588499 0.000000  1.140239 0.326929 0
0  -0.003039 0.039198 0.030980  0.309171 0.951006 -0.000035  1.132896 0.326929 0
0  -0.004094 0.039965 0.028035  0.808498 0.588499 0.000024  1.140239 0.310348 0
mount_dovetail_rsr_akr_1913_railed_mount_LOD0
0  -0.003039 0.039198 0.030980  0.309170 0.951007 -0.000024  1.132896 0.326929 0
0  -0.003039 0.039198 0.028035  0.309170 0.951007 0.000000  1.132896 0.310348 0
0  -0.004094 0.039965 0.028035  0.808497 0.588500 0.000035  1.140239 0.310348 0
mount_dovetail_rsr_akr_1913_railed_mount_LOD0
0  -0.003039 0.039198 0.030980  0.308908 0.951092 0.000000  1.132896 0.326929 0
0  -0.001735 0.039198 0.030980  -0.308908 0.951092 -0.000035  1.125551 0.326929 0
0  -0.003039 0.039198 0.028035  0.308908 0.951092 0.000024  1.132896 0.310348 0
mount_dovetail_rsr_akr_1913_railed_mount_LOD0
0  -0.001735 0.039198 0.030980  -0.308908 0.951092 -0.000024  1.125551 0.326929 0
0  -0.001735 0.039198 0.028035  -0.308908 0.951092 0.000000  1.125551 0.310348 0
0  -0.003039 0.039198 0.028035  0.308908 0.951092 0.000035  1.132896 0.310348 0
mount_dovetail_rsr_akr_1913_railed_mount_LOD0
0  -0.001735 0.039198 0.030980  -0.309170 0.951007 0.000000  1.125551 0.326929 0
0  -0.000680 0.039965 0.030980  -0.808497 0.588500 -0.000035  1.118207 0.326929 0
0  -0.001735 0.039198 0.028035  -0.309170 0.951007 0.000024  1.125551 0.310348 0
mount_dovetail_rsr_akr_1913_railed_mount_LOD0
0  -0.000680 0.039965 0.030980  -0.808496 0.588501 -0.000024  1.118207 0.326929 0
0  -0.000680 0.039965 0.028035  -0.808496 0.588501 0.000000  1.118207 0.310348 0
0  -0.001735 0.039198 0.028035  -0.309169 0.951007 0.000035  1.125551 0.310348 0
mount_dovetail_rsr_akr_1913_railed_mount_LOD0
0  -0.000680 0.039965 0.030980  -0.808667 0.588266 0.000000  1.118207 0.326929 0
0  -0.000275 0.041205 0.030980  -1.000000 0.000154 -0.000035  1.110863 0.326929 0
0  -0.000680 0.039965 0.028035  -0.808667 0.588266 -0.000024  1.118207 0.310348 0
mount_dovetail_rsr_akr_1913_railed_mount_LOD0
0  -0.000275 0.041205 0.030980  -1.000000 0.000154 0.000024  1.110863 0.326929 0
0  -0.000275 0.041205 0.028035  -1.000000 0.000154 0.000003  1.110863 0.310348 0
0  -0.000680 0.039965 0.028035  -0.808667 0.588266 0.000032  1.118207 0.310348 0
mount_dovetail_rsr_akr_1913_railed_mount_LOD0
0  -0.000680 0.039965 0.028035  0.000007 0.000005 1.000000  1.115043 0.475028 0
0  -0.000275 0.041205 0.028035  0.000007 0.000005 1.000000  1.122024 0.472725 0
0  -0.000680 0.042446 0.028035  0.000007 0.000005 1.000000  1.129011 0.474997 0
mount_dovetail_rsr_akr_1913_railed_mount_LOD0
0  -0.001735 0.039198 0.028035  -0.000006 0.000005 1.000000  1.110734 0.480969 0
0  -0.000680 0.039965 0.028035  -0.000006 0.000005 1.000000  1.115043 0.475028 0
0  -0.000680 0.042446 0.028035  -0.000006 0.000005 1.000000  1.129011 0.474997 0
mount_dovetail_rsr_akr_1913_railed_mount_LOD0
0  -0.001735 0.043212 0.028035  0.000003 0.000003 1.000000  1.133335 0.480930 0
0  -0.001735 0.039198 0.028035  0.000003 0.000003 1.000000  1.110734 0.480969 0
0  -0.000680 0.042446 0.028035  0.000003 0.000003 1.000000  1.129011 0.474997 0
mount_dovetail_rsr_akr_1913_railed_mount_LOD0
0  -0.003039 0.039198 0.028035  0.000000 0.000003 1.000000  1.110744 0.488305 0
0  -0.001735 0.039198 0.028035  0.000000 0.000003 1.000000  1.110734 0.480969 0
0  -0.001735 0.043212 0.028035  0.000000 0.000003 1.000000  1.133335 0.480930 0
mount_dovetail_rsr_akr_1913_railed_mount_LOD0
0  -0.003039 0.043212 0.028035  0.000000 0.000003 1.000000  1.133346 0.488279 0
0  -0.003039 0.039198 0.028035  0.000000 0.000003 1.000000  1.110744 0.488305 0
0  -0.001735 0.043212 0.028035  0.000000 0.000003 1.000000  1.133335 0.480930 0
mount_dovetail_rsr_akr_1913_railed_mount_LOD0
0  -0.004094 0.039965 0.028035  0.000000 0.000003 1.000000  1.115070 0.494249 0
0  -0.003039 0.039198 0.028035  0.000000 0.000003 1.000000  1.110744 0.488305 0
0  -0.003039 0.043212 0.028035  0.000000 0.000003 1.000000  1.133346 0.488279 0
mount_dovetail_rsr_akr_1913_railed_mount_LOD0
0  -0.004094 0.042446 0.028035  0.000000 0.000005 1.000000  1.129038 0.494221 0
0  -0.004094 0.039965 0.028035  0.000000 0.000005 1.000000  1.115070 0.494249 0
0  -0.003039 0.043212 0.028035  0.000000 0.000005 1.000000  1.133346 0.488279 0
mount_dovetail_rsr_akr_1913_railed_mount_LOD0
0  -0.004499 0.041205 0.028035  0.000000 0.000005 1.000000  1.122056 0.496511 0
0  -0.004094 0.039965 0.028035  0.000000 0.000005 1.000000  1.115070 0.494249 0
0  -0.004094 0.042446 0.028035  0.000000 0.000005 1.000000  1.129038 0.494221 0
mount_dovetail_rsr_akr_1913_railed_mount_LOD0
0  -0.000275 0.031213 0.030980  -1.000000 -0.000149 0.000000  1.184312 0.326929 0
0  -0.000680 0.032453 0.030980  -0.808670 -0.588263 -0.000035  1.176963 0.326929 0
0  -0.000275 0.031213 0.028035  -1.000000 -0.000149 -0.000025  1.184312 0.310348 0
mount_dovetail_rsr_akr_1913_railed_mount_LOD0
0  -0.000680 0.032453 0.030980  -0.808670 -0.588263 0.000025  1.176963 0.326929 0
0  -0.000680 0.032453 0.028035  -0.808670 -0.588263 0.000000  1.176963 0.310348 0
0  -0.000275 0.031213 0.028035  -1.000000 -0.000149 0.000035  1.184312 0.310348 0
mount_dovetail_rsr_akr_1913_railed_mount_LOD0
0  -0.000680 0.032453 0.030980  -0.808497 -0.588501 0.000000  1.176963 0.326929 0
0  -0.001735 0.033219 0.030980  -0.309169 -0.951007 -0.000035  1.169621 0.326929 0
0  -0.000680 0.032453 0.028035  -0.808497 -0.588501 0.000024  1.176963 0.310348 0
mount_dovetail_rsr_akr_1913_railed_mount_LOD0
0  -0.001735 0.033219 0.030980  -0.309170 -0.951007 -0.000024  1.169621 0.326929 0
0  -0.001735 0.033219 0.028035  -0.309170 -0.951007 0.000000  1.169621 0.310348 0
0  -0.000680 0.032453 0.028035  -0.808497 -0.588501 0.000035  1.176963 0.310348 0
mount_dovetail_rsr_akr_1913_railed_mount_LOD0
0  -0.001735 0.033219 0.030980  -0.308908 -0.951092 0.000000  1.169621 0.326929 0
0  -0.003039 0.033219 0.030980  0.308908 -0.951092 -0.000035  1.162277 0.326929 0
0  -0.001735 0.033219 0.028035  -0.308908 -0.951092 0.000024  1.169621 0.310348 0
mount_dovetail_rsr_akr_1913_railed_mount_LOD0
0  -0.003039 0.033219 0.030980  0.308908 -0.951092 -0.000024  1.162277 0.326929 0
0  -0.003039 0.033219 0.028035  0.308908 -0.951092 0.000000  1.162277 0.310348 0
0  -0.001735 0.033219 0.028035  -0.308908 -0.951092 0.000035  1.169621 0.310348 0
mount_dovetail_rsr_akr_1913_railed_mount_LOD0
0  -0.003039 0.033219 0.030980  0.309171 -0.951007 0.000000  1.162277 0.326929 0
0  -0.004094 0.032453 0.030980  0.808497 -0.588500 -0.000035  1.154935 0.326929 0
0  -0.003039 0.033219 0.028035  0.309171 -0.951007 0.000024  1.162277 0.310348 0
mount_dovetail_rsr_akr_1913_railed_mount_LOD0
0  -0.004094 0.032453 0.030980  0.808497 -0.588500 -0.000024  1.154935 0.326929 0
0  -0.004094 0.032453 0.028035  0.808497 -0.588500 0.000000  1.154935 0.310348 0
0  -0.003039 0.033219 0.028035  0.309171 -0.951007 0.000035  1.162277 0.310348 0
mount_dovetail_rsr_akr_1913_railed_mount_LOD0
0  -0.004094 0.032453 0.030980  0.808671 -0.588261 0.000000  1.154935 0.326929 0
0  -0.004499 0.031213 0.030980  1.000000 -0.000147 -0.000035  1.147587 0.326929 0
0  -0.004094 0.032453 0.028035  0.808671 -0.588261 -0.000025  1.154935 0.310348 0
mount_dovetail_rsr_akr_1913_railed_mount_LOD0
0  -0.004499 0.031213 0.030980  1.000000 -0.000148 0.000025  1.147587 0.326929 0
0  -0.004499 0.031213 0.028035  1.000000 -0.000148 0.000000  1.147587 0.310348 0
0  -0.004094 0.032453 0.028035  0.808671 -0.588261 0.000035  1.154935 0.310348 0
mount_dovetail_rsr_akr_1913_railed_mount_LOD0
0  -0.004499 0.031213 0.030980  1.000000 0.000152 0.000000  1.147587 0.326929 0
0  -0.004094 0.029972 0.030980  0.808668 0.588265 -0.000035  1.140240 0.326929 0
0  -0.004499 0.031213 0.028035  1.000000 0.000152 -0.000024  1.147587 0.310348 0
mount_dovetail_rsr_akr_1913_railed_mount_LOD0
0  -0.004094 0.029972 0.030980  0.808669 0.588264 0.000023  1.140240 0.326929 0
0  -0.004094 0.029972 0.028035  0.808669 0.588264 -0.000003  1.140240 0.310348 0
0  -0.004499 0.031213 0.028035  1.000000 0.000151 0.000038  1.147587 0.310348 0
mount_dovetail_rsr_akr_1913_railed_mount_LOD0
0  -0.004094 0.029972 0.030980  0.808497 0.588501 0.000000  1.140240 0.326929 0
0  -0.003039 0.029206 0.030980  0.309170 0.951007 -0.000035  1.132897 0.326929 0
0  -0.004094 0.029972 0.028035  0.808497 0.588501 0.000024  1.140240 0.310348 0
mount_dovetail_rsr_akr_1913_railed_mount_LOD0
0  -0.003039 0.029206 0.030980  0.309169 0.951007 -0.000024  1.132897 0.326929 0
0  -0.003039 0.029206 0.028035  0.309169 0.951007 0.000000  1.132897 0.310348 0
0  -0.004094 0.029972 0.028035  0.808497 0.588501 0.000035  1.140240 0.310348 0
mount_dovetail_rsr_akr_1913_railed_mount_LOD0
0  -0.003039 0.029206 0.030980  0.308908 0.951092 0.000000  1.132897 0.326929 0
0  -0.001735 0.029206 0.030980  -0.308908 0.951092 -0.000035  1.125554 0.326929 0
0  -0.003039 0.029206 0.028035  0.308908 0.951092 0.000024  1.132897 0.310348 0
mount_dovetail_rsr_akr_1913_railed_mount_LOD0
0  -0.001735 0.029206 0.030980  -0.308908 0.951092 -0.000024  1.125554 0.326929 0
0  -0.001735 0.029206 0.028035  -0.308908 0.951092 0.000000  1.125554 0.310348 0
0  -0.003039 0.029206 0.028035  0.308908 0.951092 0.000035  1.132897 0.310348 0
mount_dovetail_rsr_akr_1913_railed_mount_LOD0
0  -0.001735 0.029206 0.030980  -0.309168 0.951007 0.000000  1.125554 0.326929 0
0  -0.000680 0.029972 0.030980  -0.808496 0.588502 -0.000035  1.118211 0.326929 0
0  -0.001735 0.029206 0.028035  -0.309168 0.951007 0.000024  1.125554 0.310348 0
mount_dovetail_rsr_akr_1913_railed_mount_LOD0
0  -0.000680 0.029972 0.030980  -0.808496 0.588502 -0.000024  1.118211 0.326929 0
0  -0.000680 0.029972 0.028035  -0.808496 0.588502 0.000000  1.118211 0.310348 0
0  -0.001735 0.029206 0.028035  -0.309168 0.951007 0.000035  1.125554 0.310348 0
mount_dovetail_rsr_akr_1913_railed_mount_LOD0
0  -0.000680 0.029972 0.030980  -0.808667 0.588266 0.000000  1.118211 0.326929 0
0  -0.000275 0.031213 0.030980  -1.000000 0.000154 -0.000035  1.110864 0.326929 0
0  -0.000680 0.029972 0.028035  -0.808667 0.588266 -0.000024  1.118211 0.310348 0
mount_dovetail_rsr_akr_1913_railed_mount_LOD0
0  -0.000275 0.031213 0.030980  -1.000000 0.000154 0.000024  1.110864 0.326929 0
0  -0.000275 0.031213 0.028035  -1.000000 0.000154 0.000003  1.110864 0.310348 0
0  -0.000680 0.029972 0.028035  -0.808667 0.588266 0.000032  1.118211 0.310348 0
mount_dovetail_rsr_akr_1913_railed_mount_LOD0
0  -0.000680 0.029972 0.028035  0.000007 0.000005 1.000000  1.115043 0.475012 0
0  -0.000275 0.031213 0.028035  0.000007 0.000005 1.000000  1.122024 0.472710 0
0  -0.000680 0.032453 0.028035  0.000007 0.000005 1.000000  1.129011 0.474983 0
mount_dovetail_rsr_akr_1913_railed_mount_LOD0
0  -0.001735 0.029206 0.028035  -0.000006 0.000005 1.000000  1.110735 0.480955 0
0  -0.000680 0.029972 0.028035  -0.000006 0.000005 1.000000  1.115043 0.475012 0
0  -0.000680 0.032453 0.028035  -0.000006 0.000005 1.000000  1.129011 0.474983 0
mount_dovetail_rsr_akr_1913_railed_mount_LOD0
0  -0.001735 0.033219 0.028035  0.000003 0.000003 1.000000  1.133335 0.480930 0
0  -0.001735 0.029206 0.028035  0.000003 0.000003 1.000000  1.110735 0.480955 0
0  -0.000680 0.032453 0.028035  0.000003 0.000003 1.000000  1.129011 0.474983 0
mount_dovetail_rsr_akr_1913_railed_mount_LOD0
0  -0.003039 0.029206 0.028035  0.000000 0.000003 1.000000  1.110744 0.488290 0
0  -0.001735 0.029206 0.028035  0.000000 0.000003 1.000000  1.110735 0.480955 0
0  -0.001735 0.033219 0.028035  0.000000 0.000003 1.000000  1.133335 0.480930 0
mount_dovetail_rsr_akr_1913_railed_mount_LOD0
0  -0.003039 0.033219 0.028035  0.000000 0.000003 1.000000  1.133343 0.488265 0
0  -0.003039 0.029206 0.028035  0.000000 0.000003 1.000000  1.110744 0.488290 0
0  -0.001735 0.033219 0.028035  0.000000 0.000003 1.000000  1.133335 0.480930 0
mount_dovetail_rsr_akr_1913_railed_mount_LOD0
0  -0.004094 0.029972 0.028035  0.000003 0.000003 1.000000  1.115070 0.494235 0
0  -0.003039 0.029206 0.028035  0.000003 0.000003 1.000000  1.110744 0.488290 0
0  -0.003039 0.033219 0.028035  0.000003 0.000003 1.000000  1.133343 0.488265 0
mount_dovetail_rsr_akr_1913_railed_mount_LOD0
0  -0.004094 0.032453 0.028035  -0.000006 0.000005 1.000000  1.129038 0.494208 0
0  -0.004094 0.029972 0.028035  -0.000006 0.000005 1.000000  1.115070 0.494235 0
0  -0.003039 0.033219 0.028035  -0.000006 0.000005 1.000000  1.133343 0.488265 0
mount_dovetail_rsr_akr_1913_railed_mount_LOD0
0  -0.004499 0.031213 0.028035  -0.000014 0.000005 1.000000  1.122056 0.496511 0
0  -0.004094 0.029972 0.028035  -0.000014 0.000005 1.000000  1.115070 0.494235 0
0  -0.004094 0.032453 0.028035  -0.000014 0.000005 1.000000  1.129038 0.494208 0
mount_dovetail_rsr_akr_1913_railed_mount_LOD0
0  -0.000275 0.021220 0.030980  -1.000000 -0.000149 0.000000  1.184309 0.326929 0
0  -0.000680 0.022460 0.030980  -0.808670 -0.588263 -0.000035  1.176962 0.326929 0
0  -0.000275 0.021220 0.028035  -1.000000 -0.000149 -0.000025  1.184309 0.310348 0
mount_dovetail_rsr_akr_1913_railed_mount_LOD0
0  -0.000680 0.022460 0.030980  -0.808670 -0.588262 0.000025  1.176962 0.326929 0
0  -0.000680 0.022460 0.028035  -0.808670 -0.588262 0.000000  1.176962 0.310348 0
0  -0.000275 0.021220 0.028035  -1.000000 -0.000149 0.000035  1.184309 0.310348 0
mount_dovetail_rsr_akr_1913_railed_mount_LOD0
0  -0.000680 0.022460 0.030980  -0.808495 -0.588503 0.000000  1.176962 0.326929 0
0  -0.001735 0.023227 0.030980  -0.309167 -0.951008 -0.000035  1.169618 0.326929 0
0  -0.000680 0.022460 0.028035  -0.808495 -0.588503 0.000024  1.176962 0.310348 0
mount_dovetail_rsr_akr_1913_railed_mount_LOD0
0  -0.001735 0.023227 0.030980  -0.309167 -0.951008 -0.000024  1.169618 0.326929 0
0  -0.001735 0.023227 0.028035  -0.309167 -0.951008 0.000000  1.169618 0.310348 0
0  -0.000680 0.022460 0.028035  -0.808495 -0.588503 0.000035  1.176962 0.310348 0
mount_dovetail_rsr_akr_1913_railed_mount_LOD0
0  -0.001735 0.023227 0.030980  -0.308908 -0.951092 0.000000  1.169618 0.326929 0
0  -0.003039 0.023227 0.030980  0.308908 -0.951092 -0.000035  1.162275 0.326929 0
0  -0.001735 0.023227 0.028035  -0.308908 -0.951092 0.000024  1.169618 0.310348 0
mount_dovetail_rsr_akr_1913_railed_mount_LOD0
0  -0.003039 0.023227 0.030980  0.308908 -0.951092 -0.000024  1.162275 0.326929 0
0  -0.003039 0.023227 0.028035  0.308908 -0.951092 0.000000  1.162275 0.310348 0
0  -0.001735 0.023227 0.028035  -0.308908 -0.951092 0.000035  1.169618 0.310348 0
mount_dovetail_rsr_akr_1913_railed_mount_LOD0
0  -0.003039 0.023227 0.030980  0.309168 -0.951007 0.000000  1.162275 0.326929 0
0  -0.004094 0.022460 0.030980  0.808496 -0.588502 -0.000035  1.154934 0.326929 0
0  -0.003039 0.023227 0.028035  0.309168 -0.951007 0.000024  1.162275 0.310348 0
mount_dovetail_rsr_akr_1913_railed_mount_LOD0
0  -0.004094 0.022460 0.030980  0.808496 -0.588502 -0.000024  1.154934 0.326929 0
0  -0.004094 0.022460 0.028035  0.808496 -0.588502 0.000000  1.154934 0.310348 0
0  -0.003039 0.023227 0.028035  0.309168 -0.951007 0.000035  1.162275 0.310348 0
mount_dovetail_rsr_akr_1913_railed_mount_LOD0
0  -0.004094 0.022460 0.030980  0.808671 -0.588261 0.000000  1.154934 0.326929 0
0  -0.004499 0.021220 0.030980  1.000000 -0.000147 -0.000035  1.147586 0.326929 0
0  -0.004094 0.022460 0.028035  0.808671 -0.588261 -0.000025  1.154934 0.310348 0
mount_dovetail_rsr_akr_1913_railed_mount_LOD0
0  -0.004499 0.021220 0.030980  1.000000 -0.000147 0.000025  1.147586 0.326929 0
0  -0.004499 0.021220 0.028035  1.000000 -0.000147 0.000000  1.147586 0.310348 0
0  -0.004094 0.022460 0.028035  0.808671 -0.588261 0.000035  1.154934 0.310348 0
mount_dovetail_rsr_akr_1913_railed_mount_LOD0
0  -0.004499 0.021220 0.030980  1.000000 0.000152 0.000000  1.147586 0.326929 0
0  -0.004094 0.019979 0.030980  0.808668 0.588265 -0.000035  1.140239 0.326929 0
0  -0.004499 0.021220 0.028035  1.000000 0.000152 -0.000024  1.147586 0.310348 0
mount_dovetail_rsr_akr_1913_railed_mount_LOD0
0  -0.004094 0.019979 0.030980  0.808669 0.588264 0.000023  1.140239 0.326929 0
0  -0.004094 0.019979 0.028035  0.808669 0.588264 -0.000003  1.140239 0.310348 0
0  -0.004499 0.021220 0.028035  1.000000 0.000151 0.000038  1.147586 0.310348 0
mount_dovetail_rsr_akr_1913_railed_mount_LOD0
0  -0.004094 0.019979 0.030980  0.808496 0.588502 0.000000  1.140239 0.326929 0
0  -0.003039 0.019213 0.030980  0.309168 0.951007 -0.000035  1.132896 0.326929 0
0  -0.004094 0.019979 0.028035  0.808496 0.588502 0.000024  1.140239 0.310348 0
mount_dovetail_rsr_akr_1913_railed_mount_LOD0
0  -0.003039 0.019213 0.030980  0.309169 0.951007 -0.000024  1.132896 0.326929 0
0  -0.003039 0.019213 0.028035  0.309169 0.951007 0.000000  1.132896 0.310348 0
0  -0.004094 0.019979 0.028035  0.808496 0.588501 0.000035  1.140239 0.310348 0
mount_dovetail_rsr_akr_1913_railed_mount_LOD0
0  -0.003039 0.019213 0.030980  0.308908 0.951092 0.000000  1.132896 0.326929 0
0  -0.001735 0.019213 0.030980  -0.308908 0.951092 -0.000035  1.125552 0.326929 0
0  -0.003039 0.019213 0.028035  0.308908 0.951092 0.000024  1.132896 0.310348 0
mount_dovetail_rsr_akr_1913_railed_mount_LOD0
0  -0.001735 0.019213 0.030980  -0.308908 0.951092 -0.000024  1.125552 0.326929 0
0  -0.001735 0.019213 0.028035  -0.308908 0.951092 0.000000  1.125552 0.310348 0
0  -0.003039 0.019213 0.028035  0.308908 0.951092 0.000035  1.132896 0.310348 0
mount_dovetail_rsr_akr_1913_railed_mount_LOD0
0  -0.001735 0.019213 0.030980  -0.309167 0.951008 0.000000  1.125552 0.326929 0
0  -0.000680 0.019979 0.030980  -0.808495 0.588503 -0.000035  1.118210 0.326929 0
0  -0.001735 0.019213 0.028035  -0.309167 0.951008 0.000024  1.125552 0.310348 0
mount_dovetail_rsr_akr_1913_railed_mount_LOD0
0  -0.000680 0.019979 0.030980  -0.808495 0.588502 -0.000024  1.118210 0.326929 0
0  -0.000680 0.019979 0.028035  -0.808495 0.588502 0.000000  1.118210 0.310348 0
0  -0.001735 0.019213 0.028035  -0.309168 0.951008 0.000035  1.125552 0.310348 0
mount_dovetail_rsr_akr_1913_railed_mount_LOD0
0  -0.000680 0.019979 0.030980  -0.808667 0.588266 0.000000  1.118210 0.326929 0
0  -0.000275 0.021220 0.030980  -1.000000 0.000154 -0.000035  1.110863 0.326929 0
0  -0.000680 0.019979 0.028035  -0.808667 0.588266 -0.000024  1.118210 0.310348 0
mount_dovetail_rsr_akr_1913_railed_mount_LOD0
0  -0.000275 0.021220 0.030980  -1.000000 0.000154 0.000024  1.110863 0.326929 0
0  -0.000275 0.021220 0.028035  -1.000000 0.000154 0.000003  1.110863 0.310348 0
0  -0.000680 0.019979 0.028035  -0.808667 0.588266 0.000032  1.118210 0.310348 0
mount_dovetail_rsr_akr_1913_railed_mount_LOD0
0  -0.000680 0.019979 0.028035  0.000007 0.000005 1.000000  1.115046 0.475012 0
0  -0.000275 0.021220 0.028035  0.000007 0.000005 1.000000  1.122025 0.472725 0
0  -0.000680 0.022460 0.028035  0.000007 0.000005 1.000000  1.129013 0.474997 0
mount_dovetail_rsr_akr_1913_railed_mount_LOD0
0  -0.001735 0.019213 0.028035  0.000000 0.000005 1.000000  1.110737 0.480955 0
0  -0.000680 0.019979 0.028035  0.000000 0.000005 1.000000  1.115046 0.475012 0
0  -0.000680 0.022460 0.028035  0.000000 0.000005 1.000000  1.129013 0.474997 0
mount_dovetail_rsr_akr_1913_railed_mount_LOD0
0  -0.001735 0.023227 0.028035  0.000003 0.000003 1.000000  1.133337 0.480928 0
0  -0.001735 0.019213 0.028035  0.000003 0.000003 1.000000  1.110737 0.480955 0
0  -0.000680 0.022460 0.028035  0.000003 0.000003 1.000000  1.129013 0.474997 0
mount_dovetail_rsr_akr_1913_railed_mount_LOD0
0  -0.003039 0.019213 0.028035  0.000000 0.000003 1.000000  1.110746 0.488303 0
0  -0.001735 0.019213 0.028035  0.000000 0.000003 1.000000  1.110737 0.480955 0
0  -0.001735 0.023227 0.028035  0.000000 0.000003 1.000000  1.133337 0.480928 0
mount_dovetail_rsr_akr_1913_railed_mount_LOD0
0  -0.003039 0.023227 0.028035  0.000000 0.000003 1.000000  1.133348 0.488278 0
0  -0.003039 0.019213 0.028035  0.000000 0.000003 1.000000  1.110746 0.488303 0
0  -0.001735 0.023227 0.028035  0.000000 0.000003 1.000000  1.133337 0.480928 0
mount_dovetail_rsr_akr_1913_railed_mount_LOD0
0  -0.004094 0.019979 0.028035  0.000000 0.000003 1.000000  1.115070 0.494237 0
0  -0.003039 0.019213 0.028035  0.000000 0.000003 1.000000  1.110746 0.488303 0
0  -0.003039 0.023227 0.028035  0.000000 0.000003 1.000000  1.133348 0.488278 0
mount_dovetail_rsr_akr_1913_railed_mount_LOD0
0  -0.004094 0.022460 0.028035  -0.000006 0.000005 1.000000  1.129039 0.494219 0
0  -0.004094 0.019979 0.028035  -0.000006 0.000005 1.000000  1.115070 0.494237 0
0  -0.003039 0.023227 0.028035  -0.000006 0.000005 1.000000  1.133348 0.488278 0
mount_dovetail_rsr_akr_1913_railed_mount_LOD0
0  -0.004499 0.021220 0.028035  0.000000 0.000005 1.000000  1.122056 0.496511 0
0  -0.004094 0.019979 0.028035  0.000000 0.000005 1.000000  1.115070 0.494237 0
0  -0.004094 0.022460 0.028035  0.000000 0.000005 1.000000  1.129039 0.494219 0
mount_dovetail_rsr_akr_1913_railed_mount_LOD0
0  -0.000275 0.011227 0.030980  -1.000000 -0.000149 0.000000  1.184309 0.326929 0
0  -0.000680 0.012467 0.030980  -0.808670 -0.588263 -0.000035  1.176962 0.326929 0
0  -0.000275 0.011227 0.028035  -1.000000 -0.000149 -0.000025  1.184309 0.310351 0
mount_dovetail_rsr_akr_1913_railed_mount_LOD0
0  -0.000680 0.012467 0.030980  -0.808670 -0.588262 0.000025  1.176962 0.326929 0
0  -0.000680 0.012467 0.028035  -0.808670 -0.588262 0.000000  1.176962 0.310351 0
0  -0.000275 0.011227 0.028035  -1.000000 -0.000149 0.000035  1.184309 0.310351 0
mount_dovetail_rsr_akr_1913_railed_mount_LOD0
0  -0.000680 0.012467 0.030980  -0.808496 -0.588502 0.000000  1.176962 0.326929 0
0  -0.001735 0.013234 0.030980  -0.309168 -0.951007 -0.000035  1.169618 0.326929 0
0  -0.000680 0.012467 0.028035  -0.808496 -0.588502 0.000024  1.176962 0.310351 0
mount_dovetail_rsr_akr_1913_railed_mount_LOD0
0  -0.001735 0.013234 0.030980  -0.309169 -0.951007 -0.000024  1.169618 0.326929 0
0  -0.001735 0.013234 0.028035  -0.309169 -0.951007 0.000000  1.169618 0.310351 0
0  -0.000680 0.012467 0.028035  -0.808496 -0.588501 0.000035  1.176962 0.310351 0
mount_dovetail_rsr_akr_1913_railed_mount_LOD0
0  -0.001735 0.013234 0.030980  -0.308908 -0.951092 0.000000  1.169618 0.326929 0
0  -0.003039 0.013234 0.030980  0.308908 -0.951092 -0.000035  1.162276 0.326929 0
0  -0.001735 0.013234 0.028035  -0.308908 -0.951092 0.000024  1.169618 0.310351 0
mount_dovetail_rsr_akr_1913_railed_mount_LOD0
0  -0.003039 0.013234 0.030980  0.308908 -0.951092 -0.000024  1.162276 0.326929 0
0  -0.003039 0.013234 0.028035  0.308908 -0.951092 0.000000  1.162276 0.310351 0
0  -0.001735 0.013234 0.028035  -0.308908 -0.951092 0.000035  1.169618 0.310351 0
mount_dovetail_rsr_akr_1913_railed_mount_LOD0
0  -0.003039 0.013234 0.030980  0.309169 -0.951007 0.000000  1.162276 0.326929 0
0  -0.004094 0.012467 0.030980  0.808497 -0.588501 -0.000035  1.154934 0.326929 0
0  -0.003039 0.013234 0.028035  0.309169 -0.951007 0.000024  1.162276 0.310351 0
mount_dovetail_rsr_akr_1913_railed_mount_LOD0
0  -0.004094 0.012467 0.030980  0.808497 -0.588500 -0.000024  1.154934 0.326929 0
0  -0.004094 0.012467 0.028035  0.808497 -0.588500 0.000000  1.154934 0.310351 0
0  -0.003039 0.013234 0.028035  0.309170 -0.951007 0.000035  1.162276 0.310351 0
mount_dovetail_rsr_akr_1913_railed_mount_LOD0
0  -0.004094 0.012467 0.030980  0.808671 -0.588261 0.000000  1.154934 0.326929 0
0  -0.004499 0.011227 0.030980  1.000000 -0.000147 -0.000035  1.147586 0.326929 0
0  -0.004094 0.012467 0.028035  0.808671 -0.588261 -0.000025  1.154934 0.310351 0
mount_dovetail_rsr_akr_1913_railed_mount_LOD0
0  -0.004499 0.011227 0.030980  1.000000 -0.000147 0.000025  1.147586 0.326929 0
0  -0.004499 0.011227 0.028035  1.000000 -0.000147 0.000000  1.147586 0.310351 0
0  -0.004094 0.012467 0.028035  0.808671 -0.588261 0.000035  1.154934 0.310351 0
mount_dovetail_rsr_akr_1913_railed_mount_LOD0
0  -0.004499 0.011227 0.030980  1.000000 0.000152 0.000000  1.147586 0.326929 0
0  -0.004094 0.009987 0.030980  0.808668 0.588265 -0.000035  1.140239 0.326929 0
0  -0.004499 0.011227 0.028035  1.000000 0.000152 -0.000024  1.147586 0.310351 0
mount_dovetail_rsr_akr_1913_railed_mount_LOD0
0  -0.004094 0.009987 0.030980  0.808669 0.588264 0.000023  1.140239 0.326929 0
0  -0.004094 0.009987 0.028035  0.808669 0.588264 -0.000003  1.140239 0.310351 0
0  -0.004499 0.011227 0.028035  1.000000 0.000151 0.000038  1.147586 0.310351 0
mount_dovetail_rsr_akr_1913_railed_mount_LOD0
0  -0.004094 0.009987 0.030980  0.808497 0.588501 0.000000  1.140239 0.326929 0
0  -0.003039 0.009220 0.030980  0.309170 0.951007 -0.000035  1.132896 0.326929 0
0  -0.004094 0.009987 0.028035  0.808497 0.588501 0.000024  1.140239 0.310351 0
mount_dovetail_rsr_akr_1913_railed_mount_LOD0
0  -0.003039 0.009220 0.030980  0.309169 0.951007 -0.000024  1.132896 0.326929 0
0  -0.003039 0.009220 0.028035  0.309169 0.951007 0.000000  1.132896 0.310351 0
0  -0.004094 0.009987 0.028035  0.808497 0.588501 0.000035  1.140239 0.310351 0
mount_dovetail_rsr_akr_1913_railed_mount_LOD0
0  -0.003039 0.009220 0.030980  0.308908 0.951092 0.000000  1.132896 0.326929 0
0  -0.001735 0.009220 0.030980  -0.308908 0.951092 -0.000035  1.125552 0.326929 0
0  -0.003039 0.009220 0.028035  0.308908 0.951092 0.000024  1.132896 0.310351 0
mount_dovetail_rsr_akr_1913_railed_mount_LOD0
0  -0.001735 0.009220 0.030980  -0.308908 0.951092 -0.000024  1.125552 0.326929 0
0  -0.001735 0.009220 0.028035  -0.308908 0.951092 0.000000  1.125552 0.310351 0
0  -0.003039 0.009220 0.028035  0.308908 0.951092 0.000035  1.132896 0.310351 0
mount_dovetail_rsr_akr_1913_railed_mount_LOD0
0  -0.001735 0.009220 0.030980  -0.309168 0.951007 0.000000  1.125552 0.326929 0
0  -0.000680 0.009987 0.030980  -0.808496 0.588502 -0.000035  1.118211 0.326929 0
0  -0.001735 0.009220 0.028035  -0.309168 0.951007 0.000024  1.125552 0.310351 0
mount_dovetail_rsr_akr_1913_railed_mount_LOD0
0  -0.000680 0.009987 0.030980  -0.808496 0.588502 -0.000024  1.118211 0.326929 0
0  -0.000680 0.009987 0.028035  -0.808496 0.588502 0.000000  1.118211 0.310351 0
0  -0.001735 0.009220 0.028035  -0.309168 0.951007 0.000035  1.125552 0.310351 0
mount_dovetail_rsr_akr_1913_railed_mount_LOD0
0  -0.000680 0.009987 0.030980  -0.808667 0.588266 0.000000  1.118211 0.326929 0
0  -0.000275 0.011227 0.030980  -1.000000 0.000154 -0.000035  1.110863 0.326929 0
0  -0.000680 0.009987 0.028035  -0.808667 0.588266 -0.000024  1.118211 0.310351 0
mount_dovetail_rsr_akr_1913_railed_mount_LOD0
0  -0.000275 0.011227 0.030980  -1.000000 0.000154 0.000024  1.110863 0.326929 0
0  -0.000275 0.011227 0.028035  -1.000000 0.000154 0.000003  1.110863 0.310351 0
0  -0.000680 0.009987 0.028035  -0.808667 0.588266 0.000032  1.118211 0.310351 0
mount_dovetail_rsr_akr_1913_railed_mount_LOD0
0  -0.000680 0.009987 0.028035  0.000007 0.000005 1.000000  1.115036 0.475015 0
0  -0.000275 0.011227 0.028035  0.000007 0.000005 1.000000  1.122017 0.472725 0
0  -0.000680 0.012467 0.028035  0.000007 0.000005 1.000000  1.129004 0.474997 0
mount_dovetail_rsr_akr_1913_railed_mount_LOD0
0  -0.001735 0.009220 0.028035  0.000000 0.000005 1.000000  1.110729 0.480969 0
0  -0.000680 0.009987 0.028035  0.000000 0.000005 1.000000  1.115036 0.475015 0
0  -0.000680 0.012467 0.028035  0.000000 0.000005 1.000000  1.129004 0.474997 0
mount_dovetail_rsr_akr_1913_railed_mount_LOD0
0  -0.001735 0.013234 0.028035  0.000003 0.000003 1.000000  1.133330 0.480930 0
0  -0.001735 0.009220 0.028035  0.000003 0.000003 1.000000  1.110729 0.480969 0
0  -0.000680 0.012467 0.028035  0.000003 0.000003 1.000000  1.129004 0.474997 0
mount_dovetail_rsr_akr_1913_railed_mount_LOD0
0  -0.003039 0.009220 0.028035  0.000000 0.000003 1.000000  1.110742 0.488319 0
0  -0.001735 0.009220 0.028035  0.000000 0.000003 1.000000  1.110729 0.480969 0
0  -0.001735 0.013234 0.028035  0.000000 0.000003 1.000000  1.133330 0.480930 0
mount_dovetail_rsr_akr_1913_railed_mount_LOD0
0  -0.003039 0.013234 0.028035  0.000000 0.000003 1.000000  1.133340 0.488279 0
0  -0.003039 0.009220 0.028035  0.000000 0.000003 1.000000  1.110742 0.488319 0
0  -0.001735 0.013234 0.028035  0.000000 0.000003 1.000000  1.133330 0.480930 0
mount_dovetail_rsr_akr_1913_railed_mount_LOD0
0  -0.004094 0.009987 0.028035  0.000003 0.000003 1.000000  1.115070 0.494249 0
0  -0.003039 0.009220 0.028035  0.000003 0.000003 1.000000  1.110742 0.488319 0
0  -0.003039 0.013234 0.028035  0.000003 0.000003 1.000000  1.133340 0.488279 0
mount_dovetail_rsr_akr_1913_railed_mount_LOD0
0  -0.004094 0.012467 0.028035  -0.000006 0.000005 1.000000  1.129038 0.494221 0
0  -0.004094 0.009987 0.028035  -0.000006 0.000005 1.000000  1.115070 0.494249 0
0  -0.003039 0.013234 0.028035  -0.000006 0.000005 1.000000  1.133340 0.488279 0
mount_dovetail_rsr_akr_1913_railed_mount_LOD0
0  -0.004499 0.011227 0.028035  0.000000 0.000005 1.000000  1.122056 0.496511 0
0  -0.004094 0.009987 0.028035  0.000000 0.000005 1.000000  1.115070 0.494249 0
0  -0.004094 0.012467 0.028035  0.000000 0.000005 1.000000  1.129038 0.494221 0
mount_dovetail_rsr_akr_1913_railed_mount_LOD0
0  -0.000275 0.001234 0.030980  -1.000000 -0.000149 0.000000  1.184309 0.326929 0
0  -0.000680 0.002474 0.030980  -0.808670 -0.588263 -0.000035  1.176962 0.326929 0
0  -0.000275 0.001234 0.028035  -1.000000 -0.000149 -0.000025  1.184309 0.310351 0
mount_dovetail_rsr_akr_1913_railed_mount_LOD0
0  -0.000680 0.002474 0.030980  -0.808670 -0.588262 0.000025  1.176962 0.326929 0
0  -0.000680 0.002474 0.028035  -0.808670 -0.588262 0.000000  1.176962 0.310351 0
0  -0.000275 0.001234 0.028035  -1.000000 -0.000149 0.000035  1.184309 0.310351 0
mount_dovetail_rsr_akr_1913_railed_mount_LOD0
0  -0.000680 0.002474 0.030980  -0.808495 -0.588503 0.000000  1.176962 0.326929 0
0  -0.001735 0.003241 0.030980  -0.309167 -0.951008 -0.000035  1.169620 0.326929 0
0  -0.000680 0.002474 0.028035  -0.808495 -0.588503 0.000024  1.176962 0.310351 0
mount_dovetail_rsr_akr_1913_railed_mount_LOD0
0  -0.001735 0.003241 0.030980  -0.309167 -0.951008 -0.000024  1.169620 0.326929 0
0  -0.001735 0.003241 0.028035  -0.309167 -0.951008 0.000000  1.169620 0.310351 0
0  -0.000680 0.002474 0.028035  -0.808495 -0.588503 0.000035  1.176962 0.310351 0
mount_dovetail_rsr_akr_1913_railed_mount_LOD0
0  -0.001735 0.003241 0.030980  -0.308908 -0.951092 0.000000  1.169620 0.326929 0
0  -0.003039 0.003241 0.030980  0.308908 -0.951092 -0.000035  1.162276 0.326929 0
0  -0.001735 0.003241 0.028035  -0.308908 -0.951092 0.000024  1.169620 0.310351 0
mount_dovetail_rsr_akr_1913_railed_mount_LOD0
0  -0.003039 0.003241 0.030980  0.308908 -0.951092 -0.000024  1.162276 0.326929 0
0  -0.003039 0.003241 0.028035  0.308908 -0.951092 0.000000  1.162276 0.310351 0
0  -0.001735 0.003241 0.028035  -0.308908 -0.951092 0.000035  1.169620 0.310351 0
mount_dovetail_rsr_akr_1913_railed_mount_LOD0
0  -0.003039 0.003241 0.030980  0.309168 -0.951007 0.000000  1.162276 0.326929 0
0  -0.004094 0.002474 0.030980  0.808496 -0.588502 -0.000035  1.154934 0.326929 0
0  -0.003039 0.003241 0.028035  0.309168 -0.951007 0.000024  1.162276 0.310351 0
mount_dovetail_rsr_akr_1913_railed_mount_LOD0
0  -0.004094 0.002474 0.030980  0.808496 -0.588502 -0.000024  1.154934 0.326929 0
0  -0.004094 0.002474 0.028035  0.808496 -0.588502 0.000000  1.154934 0.310351 0
0  -0.003039 0.003241 0.028035  0.309168 -0.951007 0.000035  1.162276 0.310351 0
mount_dovetail_rsr_akr_1913_railed_mount_LOD0
0  -0.004094 0.002474 0.030980  0.808671 -0.588261 0.000000  1.154934 0.326929 0
0  -0.004499 0.001234 0.030980  1.000000 -0.000147 -0.000035  1.147586 0.326929 0
0  -0.004094 0.002474 0.028035  0.808671 -0.588261 -0.000025  1.154934 0.310351 0
mount_dovetail_rsr_akr_1913_railed_mount_LOD0
0  -0.004499 0.001234 0.030980  1.000000 -0.000147 0.000025  1.147586 0.326929 0
0  -0.004499 0.001234 0.028035  1.000000 -0.000147 0.000000  1.147586 0.310351 0
0  -0.004094 0.002474 0.028035  0.808671 -0.588261 0.000035  1.154934 0.310351 0
mount_dovetail_rsr_akr_1913_railed_mount_LOD0
0  -0.004499 0.001234 0.030980  1.000000 0.000152 0.000000  1.147586 0.326929 0
0  -0.004094 -0.000006 0.030980  0.808668 0.588265 -0.000035  1.140239 0.326929 0
0  -0.004499 0.001234 0.028035  1.000000 0.000152 -0.000024  1.147586 0.310351 0
mount_dovetail_rsr_akr_1913_railed_mount_LOD0
0  -0.004094 -0.000006 0.030980  0.808669 0.588264 0.000023  1.140239 0.326929 0
0  -0.004094 -0.000006 0.028035  0.808669 0.588264 -0.000003  1.140239 0.310351 0
0  -0.004499 0.001234 0.028035  1.000000 0.000151 0.000038  1.147586 0.310351 0
mount_dovetail_rsr_akr_1913_railed_mount_LOD0
0  -0.004094 -0.000006 0.030980  0.808496 0.588502 0.000000  1.140239 0.326929 0
0  -0.003039 -0.000773 0.030980  0.309168 0.951007 -0.000035  1.132896 0.326929 0
0  -0.004094 -0.000006 0.028035  0.808496 0.588502 0.000024  1.140239 0.310351 0
mount_dovetail_rsr_akr_1913_railed_mount_LOD0
0  -0.003039 -0.000773 0.030980  0.309169 0.951007 -0.000024  1.132896 0.326929 0
0  -0.003039 -0.000773 0.028035  0.309169 0.951007 0.000000  1.132896 0.310351 0
0  -0.004094 -0.000006 0.028035  0.808496 0.588501 0.000035  1.140239 0.310351 0
mount_dovetail_rsr_akr_1913_railed_mount_LOD0
0  -0.003039 -0.000773 0.030980  0.308908 0.951092 0.000000  1.132896 0.326929 0
0  -0.001735 -0.000773 0.030980  -0.308908 0.951092 -0.000035  1.125552 0.326929 0
0  -0.003039 -0.000773 0.028035  0.308908 0.951092 0.000024  1.132896 0.310351 0
mount_dovetail_rsr_akr_1913_railed_mount_LOD0
0  -0.001735 -0.000773 0.030980  -0.308908 0.951092 -0.000024  1.125552 0.326929 0
0  -0.001735 -0.000773 0.028035  -0.308908 0.951092 0.000000  1.125552 0.310351 0
0  -0.003039 -0.000773 0.028035  0.308908 0.951092 0.000035  1.132896 0.310351 0
mount_dovetail_rsr_akr_1913_railed_mount_LOD0
0  -0.001735 -0.000773 0.030980  -0.309167 0.951008 0.000000  1.125552 0.326929 0
0  -0.000680 -0.000006 0.030980  -0.808495 0.588503 -0.000035  1.118211 0.326929 0
0  -0.001735 -0.000773 0.028035  -0.309167 0.951008 0.000024  1.125552 0.310351 0
mount_dovetail_rsr_akr_1913_railed_mount_LOD0
0  -0.000680 -0.000006 0.030980  -0.808495 0.588502 -0.000024  1.118211 0.326929 0
0  -0.000680 -0.000006 0.028035  -0.808495 0.588502 0.000000  1.118211 0.310351 0
0  -0.001735 -0.000773 0.028035  -0.309168 0.951008 0.000035  1.125552 0.310351 0
mount_dovetail_rsr_akr_1913_railed_mount_LOD0
0  -0.000680 -0.000006 0.030980  -0.808667 0.588266 0.000000  1.118211 0.326929 0
0  -0.000275 0.001234 0.030980  -1.000000 0.000154 -0.000035  1.110863 0.326929 0
0  -0.000680 -0.000006 0.028035  -0.808667 0.588266 -0.000024  1.118211 0.310351 0
mount_dovetail_rsr_akr_1913_railed_mount_LOD0
0  -0.000275 0.001234 0.030980  -1.000000 0.000154 0.000024  1.110863 0.326929 0
0  -0.000275 0.001234 0.028035  -1.000000 0.000154 0.000003  1.110863 0.310351 0
0  -0.000680 -0.000006 0.028035  -0.808667 0.588266 0.000032  1.118211 0.310351 0
mount_dovetail_rsr_akr_1913_railed_mount_LOD0
0  -0.000680 -0.000006 0.028035  0.000007 0.000005 1.000000  1.115042 0.475028 0
0  -0.000275 0.001234 0.028035  0.000007 0.000005 1.000000  1.122023 0.472725 0
0  -0.000680 0.002474 0.028035  0.000007 0.000005 1.000000  1.129012 0.474997 0
mount_dovetail_rsr_akr_1913_railed_mount_LOD0
0  -0.001735 -0.000773 0.028035  0.000000 0.000005 1.000000  1.110737 0.480969 0
0  -0.000680 -0.000006 0.028035  0.000000 0.000005 1.000000  1.115042 0.475028 0
0  -0.000680 0.002474 0.028035  0.000000 0.000005 1.000000  1.129012 0.474997 0
mount_dovetail_rsr_akr_1913_railed_mount_LOD0
0  -0.001735 0.003241 0.028035  0.000003 0.000003 1.000000  1.133334 0.480944 0
0  -0.001735 -0.000773 0.028035  0.000003 0.000003 1.000000  1.110737 0.480969 0
0  -0.000680 0.002474 0.028035  0.000003 0.000003 1.000000  1.129012 0.474997 0
mount_dovetail_rsr_akr_1913_railed_mount_LOD0
0  -0.003039 -0.000773 0.028035  0.000000 0.000003 1.000000  1.110744 0.488305 0
0  -0.001735 -0.000773 0.028035  0.000000 0.000003 1.000000  1.110737 0.480969 0
0  -0.001735 0.003241 0.028035  0.000000 0.000003 1.000000  1.133334 0.480944 0
mount_dovetail_rsr_akr_1913_railed_mount_LOD0
0  -0.003039 0.003241 0.028035  0.000000 0.000003 1.000000  1.133346 0.488279 0
0  -0.003039 -0.000773 0.028035  0.000000 0.000003 1.000000  1.110744 0.488305 0
0  -0.001735 0.003241 0.028035  0.000000 0.000003 1.000000  1.133334 0.480944 0
mount_dovetail_rsr_akr_1913_railed_mount_LOD0
0  -0.004094 -0.000006 0.028035  0.000000 0.000003 1.000000  1.115070 0.494237 0
0  -0.003039 -0.000773 0.028035  0.000000 0.000003 1.000000  1.110744 0.488305 0
0  -0.003039 0.003241 0.028035  0.000000 0.000003 1.000000  1.133346 0.488279 0
mount_dovetail_rsr_akr_1913_railed_mount_LOD0
0  -0.004094 0.002474 0.028035  -0.000006 0.000005 1.000000  1.129038 0.494221 0
0  -0.004094 -0.000006 0.028035  -0.000006 0.000005 1.000000  1.115070 0.494237 0
0  -0.003039 0.003241 0.028035  -0.000006 0.000005 1.000000  1.133346 0.488279 0
mount_dovetail_rsr_akr_1913_railed_mount_LOD0
0  -0.004499 0.001234 0.028035  0.000000 0.000005 1.000000  1.122056 0.496509 0
0  -0.004094 -0.000006 0.028035  0.000000 0.000005 1.000000  1.115070 0.494237 0
0  -0.004094 0.002474 0.028035  0.000000 0.000005 1.000000  1.129038 0.494221 0
mount_dovetail_rsr_akr_1913_railed_mount_LOD0
0  -0.000275 -0.008759 0.030980  -1.000000 -0.000148 0.000000  1.184308 0.326929 0
0  -0.000680 -0.007518 0.030980  -0.808670 -0.588262 -0.000035  1.176963 0.326929 0
0  -0.000275 -0.008759 0.028035  -1.000000 -0.000148 -0.000025  1.184308 0.310348 0
mount_dovetail_rsr_akr_1913_railed_mount_LOD0
0  -0.000680 -0.007518 0.030980  -0.808670 -0.588262 0.000025  1.176963 0.326929 0
0  -0.000680 -0.007518 0.028035  -0.808670 -0.588262 0.000000  1.176963 0.310348 0
0  -0.000275 -0.008759 0.028035  -1.000000 -0.000148 0.000035  1.184308 0.310348 0
mount_dovetail_rsr_akr_1913_railed_mount_LOD0
0  -0.000680 -0.007518 0.030980  -0.808495 -0.588503 0.000000  1.176963 0.326929 0
0  -0.001735 -0.006752 0.030980  -0.309167 -0.951008 -0.000035  1.169620 0.326929 0
0  -0.000680 -0.007518 0.028035  -0.808495 -0.588503 0.000024  1.176963 0.310348 0
mount_dovetail_rsr_akr_1913_railed_mount_LOD0
0  -0.001735 -0.006752 0.030980  -0.309167 -0.951008 -0.000024  1.169620 0.326929 0
0  -0.001735 -0.006752 0.028035  -0.309167 -0.951008 0.000000  1.169620 0.310348 0
0  -0.000680 -0.007518 0.028035  -0.808495 -0.588503 0.000035  1.176963 0.310348 0
mount_dovetail_rsr_akr_1913_railed_mount_LOD0
0  -0.001735 -0.006752 0.030980  -0.308908 -0.951092 0.000000  1.169620 0.326929 0
0  -0.003039 -0.006752 0.030980  0.308908 -0.951092 -0.000035  1.162274 0.326929 0
0  -0.001735 -0.006752 0.028035  -0.308908 -0.951092 0.000024  1.169620 0.310348 0
mount_dovetail_rsr_akr_1913_railed_mount_LOD0
0  -0.003039 -0.006752 0.030980  0.308908 -0.951092 -0.000024  1.162274 0.326929 0
0  -0.003039 -0.006752 0.028035  0.308908 -0.951092 0.000000  1.162274 0.310348 0
0  -0.001735 -0.006752 0.028035  -0.308908 -0.951092 0.000035  1.169620 0.310348 0
mount_dovetail_rsr_akr_1913_railed_mount_LOD0
0  -0.003039 -0.006752 0.030980  0.309168 -0.951007 0.000000  1.162274 0.326929 0
0  -0.004094 -0.007518 0.030980  0.808496 -0.588502 -0.000035  1.154932 0.326929 0
0  -0.003039 -0.006752 0.028035  0.309168 -0.951007 0.000024  1.162274 0.310348 0
mount_dovetail_rsr_akr_1913_railed_mount_LOD0
0  -0.004094 -0.007518 0.030980  0.808496 -0.588502 -0.000024  1.154932 0.326929 0
0  -0.004094 -0.007518 0.028035  0.808496 -0.588502 0.000000  1.154932 0.310348 0
0  -0.003039 -0.006752 0.028035  0.309168 -0.951007 0.000035  1.162274 0.310348 0
mount_dovetail_rsr_akr_1913_railed_mount_LOD0
0  -0.004094 -0.007518 0.030980  0.808672 -0.588260 0.000000  1.154932 0.326929 0
0  -0.004499 -0.008759 0.030980  1.000000 -0.000146 -0.000035  1.147585 0.326929 0
0  -0.004094 -0.007518 0.028035  0.808672 -0.588260 -0.000025  1.154932 0.310348 0
mount_dovetail_rsr_akr_1913_railed_mount_LOD0
0  -0.004499 -0.008759 0.030980  1.000000 -0.000146 0.000025  1.147585 0.326929 0
0  -0.004499 -0.008759 0.028035  1.000000 -0.000146 0.000000  1.147585 0.310348 0
0  -0.004094 -0.007518 0.028035  0.808672 -0.588260 0.000035  1.154932 0.310348 0
mount_dovetail_rsr_akr_1913_railed_mount_LOD0
0  -0.004499 -0.008759 0.030980  1.000000 0.000154 0.000000  1.147585 0.326929 0
0  -0.004094 -0.009999 0.030980  0.808667 0.588267 -0.000035  1.140239 0.326929 0
0  -0.004499 -0.008759 0.028035  1.000000 0.000154 -0.000023  1.147585 0.310348 0
mount_dovetail_rsr_akr_1913_railed_mount_LOD0
0  -0.004094 -0.009999 0.030980  0.808667 0.588266 0.000023  1.140239 0.326929 0
0  -0.004094 -0.009999 0.028035  0.808667 0.588266 -0.000003  1.140239 0.310348 0
0  -0.004499 -0.008759 0.028035  1.000000 0.000154 0.000038  1.147585 0.310348 0
mount_dovetail_rsr_akr_1913_railed_mount_LOD0
0  -0.004094 -0.009999 0.030980  0.808500 0.588496 0.000000  1.140239 0.326929 0
0  -0.003039 -0.010766 0.030980  0.309175 0.951005 -0.000035  1.132894 0.326929 0
0  -0.004094 -0.009999 0.028035  0.808500 0.588496 0.000024  1.140239 0.310348 0
mount_dovetail_rsr_akr_1913_railed_mount_LOD0
0  -0.003039 -0.010766 0.030980  0.309174 0.951005 -0.000024  1.132894 0.326929 0
0  -0.003039 -0.010766 0.028035  0.309174 0.951005 0.000000  1.132894 0.310348 0
0  -0.004094 -0.009999 0.028035  0.808500 0.588496 0.000035  1.140239 0.310348 0
mount_dovetail_rsr_akr_1913_railed_mount_LOD0
0  -0.003039 -0.010766 0.030980  0.308908 0.951092 0.000000  1.132894 0.326929 0
0  -0.001735 -0.010766 0.030980  -0.308908 0.951092 -0.000035  1.125551 0.326929 0
0  -0.003039 -0.010766 0.028035  0.308908 0.951092 0.000024  1.132894 0.310348 0
mount_dovetail_rsr_akr_1913_railed_mount_LOD0
0  -0.001735 -0.010766 0.030980  -0.308908 0.951092 -0.000024  1.125551 0.326929 0
0  -0.001735 -0.010766 0.028035  -0.308908 0.951092 0.000000  1.125551 0.310348 0
0  -0.003039 -0.010766 0.028035  0.308908 0.951092 0.000035  1.132894 0.310348 0
mount_dovetail_rsr_akr_1913_railed_mount_LOD0
0  -0.001735 -0.010766 0.030980  -0.309174 0.951005 0.000000  1.125551 0.326929 0
0  -0.000680 -0.009999 0.030980  -0.808500 0.588497 -0.000035  1.118207 0.326929 0
0  -0.001735 -0.010766 0.028035  -0.309174 0.951005 0.000023  1.125551 0.310348 0
mount_dovetail_rsr_akr_1913_railed_mount_LOD0
0  -0.000680 -0.009999 0.030980  -0.808499 0.588497 -0.000023  1.118207 0.326929 0
0  -0.000680 -0.009999 0.028035  -0.808499 0.588497 0.000000  1.118207 0.310348 0
0  -0.001735 -0.010766 0.028035  -0.309173 0.951006 0.000035  1.125551 0.310348 0
mount_dovetail_rsr_akr_1913_railed_mount_LOD0
0  -0.000680 -0.009999 0.030980  -0.808666 0.588268 0.000000  1.118207 0.326929 0
0  -0.000275 -0.008759 0.030980  -1.000000 0.000156 -0.000035  1.110863 0.326929 0
0  -0.000680 -0.009999 0.028035  -0.808666 0.588268 -0.000023  1.118207 0.310348 0
mount_dovetail_rsr_akr_1913_railed_mount_LOD0
0  -0.000275 -0.008759 0.030980  -1.000000 0.000156 0.000023  1.110863 0.326929 0
0  -0.000275 -0.008759 0.028035  -1.000000 0.000156 0.000003  1.110863 0.310348 0
0  -0.000680 -0.009999 0.028035  -0.808666 0.588268 0.000032  1.118207 0.310348 0
mount_dovetail_rsr_akr_1913_railed_mount_LOD0
0  -0.000680 -0.009999 0.028035  0.000022 0.000005 1.000000  1.115047 0.474999 0
0  -0.000275 -0.008759 0.028035  0.000022 0.000005 1.000000  1.122027 0.472725 0
0  -0.000680 -0.007518 0.028035  0.000022 0.000005 1.000000  1.129014 0.474985 0
mount_dovetail_rsr_akr_1913_railed_mount_LOD0
0  -0.001735 -0.010766 0.028035  -0.000006 0.000005 1.000000  1.110739 0.480955 0
0  -0.000680 -0.009999 0.028035  -0.000006 0.000005 1.000000  1.115047 0.474999 0
0  -0.000680 -0.007518 0.028035  -0.000006 0.000005 1.000000  1.129014 0.474985 0
mount_dovetail_rsr_akr_1913_railed_mount_LOD0
0  -0.001735 -0.006752 0.028035  0.000000 0.000003 1.000000  1.133338 0.480928 0
0  -0.001735 -0.010766 0.028035  0.000000 0.000003 1.000000  1.110739 0.480955 0
0  -0.000680 -0.007518 0.028035  0.000000 0.000003 1.000000  1.129014 0.474985 0
mount_dovetail_rsr_akr_1913_railed_mount_LOD0
0  -0.003039 -0.010766 0.028035  0.000000 0.000003 1.000000  1.110748 0.488290 0
0  -0.001735 -0.010766 0.028035  0.000000 0.000003 1.000000  1.110739 0.480955 0
0  -0.001735 -0.006752 0.028035  0.000000 0.000003 1.000000  1.133338 0.480928 0
mount_dovetail_rsr_akr_1913_railed_mount_LOD0
0  -0.003039 -0.006752 0.028035  0.000000 0.000003 1.000000  1.133349 0.488265 0
0  -0.003039 -0.010766 0.028035  0.000000 0.000003 1.000000  1.110748 0.488290 0
0  -0.001735 -0.006752 0.028035  0.000000 0.000003 1.000000  1.133338 0.480928 0
mount_dovetail_rsr_akr_1913_railed_mount_LOD0
0  -0.004094 -0.009999 0.028035  0.000003 0.000003 1.000000  1.115071 0.494237 0
0  -0.003039 -0.010766 0.028035  0.000003 0.000003 1.000000  1.110748 0.488290 0
0  -0.003039 -0.006752 0.028035  0.000003 0.000003 1.000000  1.133349 0.488265 0
mount_dovetail_rsr_akr_1913_railed_mount_LOD0
0  -0.004094 -0.007518 0.028035  -0.000006 0.000005 1.000000  1.129040 0.494219 0
0  -0.004094 -0.009999 0.028035  -0.000006 0.000005 1.000000  1.115071 0.494237 0
0  -0.003039 -0.006752 0.028035  -0.000006 0.000005 1.000000  1.133349 0.488265 0
mount_dovetail_rsr_akr_1913_railed_mount_LOD0
0  -0.004499 -0.008759 0.028035  -0.000029 0.000005 1.000000  1.122056 0.496511 0
0  -0.004094 -0.009999 0.028035  -0.000029 0.000005 1.000000  1.115071 0.494237 0
0  -0.004094 -0.007518 0.028035  -0.000029 0.000005 1.000000  1.129040 0.494219 0
mount_dovetail_rsr_akr_1913_railed_mount_LOD0
0  -0.000275 -0.018752 0.030980  -1.000000 -0.000149 0.000000  1.184310 0.326929 0
0  -0.000680 -0.017511 0.030980  -0.808670 -0.588263 -0.000035  1.176963 0.326929 0
0  -0.000275 -0.018752 0.028035  -1.000000 -0.000149 -0.000025  1.184310 0.310350 0
mount_dovetail_rsr_akr_1913_railed_mount_LOD0
0  -0.000680 -0.017511 0.030980  -0.808670 -0.588262 0.000025  1.176963 0.326929 0
0  -0.000680 -0.017511 0.028035  -0.808670 -0.588262 0.000000  1.176963 0.310350 0
0  -0.000275 -0.018752 0.028035  -1.000000 -0.000149 0.000035  1.184310 0.310350 0
mount_dovetail_rsr_akr_1913_railed_mount_LOD0
0  -0.000680 -0.017511 0.030980  -0.808499 -0.588497 0.000000  1.176963 0.326929 0
0  -0.001735 -0.016745 0.030980  -0.309174 -0.951006 -0.000035  1.169621 0.326929 0
0  -0.000680 -0.017511 0.028035  -0.808499 -0.588497 0.000024  1.176963 0.310350 0
mount_dovetail_rsr_akr_1913_railed_mount_LOD0
0  -0.001735 -0.016745 0.030980  -0.309174 -0.951005 -0.000024  1.169621 0.326929 0
0  -0.001735 -0.016745 0.028035  -0.309174 -0.951006 0.000000  1.169621 0.310350 0
0  -0.000680 -0.017511 0.028035  -0.808499 -0.588497 0.000035  1.176963 0.310350 0
mount_dovetail_rsr_akr_1913_railed_mount_LOD0
0  -0.001735 -0.016745 0.030980  -0.308908 -0.951092 0.000000  1.169621 0.326929 0
0  -0.003039 -0.016745 0.030980  0.308908 -0.951092 -0.000035  1.162275 0.326929 0
0  -0.001735 -0.016745 0.028035  -0.308908 -0.951092 0.000024  1.169621 0.310350 0
mount_dovetail_rsr_akr_1913_railed_mount_LOD0
0  -0.003039 -0.016745 0.030980  0.308908 -0.951092 -0.000024  1.162275 0.326929 0
0  -0.003039 -0.016745 0.028035  0.308908 -0.951092 0.000000  1.162275 0.310350 0
0  -0.001735 -0.016745 0.028035  -0.308908 -0.951092 0.000035  1.169621 0.310350 0
mount_dovetail_rsr_akr_1913_railed_mount_LOD0
0  -0.003039 -0.016745 0.030980  0.309175 -0.951005 0.000000  1.162275 0.326929 0
0  -0.004094 -0.017511 0.030980  0.808500 -0.588496 -0.000035  1.154933 0.326929 0
0  -0.003039 -0.016745 0.028035  0.309175 -0.951005 0.000024  1.162275 0.310350 0
mount_dovetail_rsr_akr_1913_railed_mount_LOD0
0  -0.004094 -0.017511 0.030980  0.808500 -0.588496 -0.000024  1.154933 0.326929 0
0  -0.004094 -0.017511 0.028035  0.808500 -0.588496 0.000000  1.154933 0.310350 0
0  -0.003039 -0.016745 0.028035  0.309175 -0.951005 0.000035  1.162275 0.310350 0
mount_dovetail_rsr_akr_1913_railed_mount_LOD0
0  -0.004094 -0.017511 0.030980  0.808671 -0.588261 0.000000  1.154933 0.326929 0
0  -0.004499 -0.018752 0.030980  1.000000 -0.000147 -0.000035  1.147587 0.326929 0
0  -0.004094 -0.017511 0.028035  0.808671 -0.588261 -0.000025  1.154933 0.310350 0
mount_dovetail_rsr_akr_1913_railed_mount_LOD0
0  -0.004499 -0.018752 0.030980  1.000000 -0.000147 0.000025  1.147587 0.326929 0
0  -0.004499 -0.018752 0.028035  1.000000 -0.000147 0.000000  1.147587 0.310350 0
0  -0.004094 -0.017511 0.028035  0.808671 -0.588261 0.000035  1.154933 0.310350 0
mount_dovetail_rsr_akr_1913_railed_mount_LOD0
0  -0.004499 -0.018752 0.030980  1.000000 0.000152 0.000000  1.147587 0.326929 0
0  -0.004094 -0.019992 0.030980  0.808668 0.588265 -0.000035  1.140240 0.326929 0
0  -0.004499 -0.018752 0.028035  1.000000 0.000152 -0.000024  1.147587 0.310350 0
mount_dovetail_rsr_akr_1913_railed_mount_LOD0
0  -0.004094 -0.019992 0.030980  0.808669 0.588264 0.000023  1.140240 0.326929 0
0  -0.004094 -0.019992 0.028035  0.808669 0.588264 -0.000003  1.140240 0.310350 0
0  -0.004499 -0.018752 0.028035  1.000000 0.000151 0.000038  1.147587 0.310350 0
mount_dovetail_rsr_akr_1913_railed_mount_LOD0
0  -0.004094 -0.019992 0.030980  0.808494 0.588505 0.000000  1.140240 0.326929 0
0  -0.003039 -0.020758 0.030980  0.309164 0.951009 -0.000035  1.132899 0.326929 0
0  -0.004094 -0.019992 0.028035  0.808493 0.588505 0.000024  1.140240 0.310350 0
mount_dovetail_rsr_akr_1913_railed_mount_LOD0
0  -0.003039 -0.020758 0.030980  0.309164 0.951009 -0.000024  1.132899 0.326929 0
0  -0.003039 -0.020758 0.028035  0.309164 0.951009 0.000000  1.132899 0.310350 0
0  -0.004094 -0.019992 0.028035  0.808493 0.588506 0.000035  1.140240 0.310350 0
mount_dovetail_rsr_akr_1913_railed_mount_LOD0
0  -0.003039 -0.020758 0.030980  0.308908 0.951092 0.000000  1.132899 0.326929 0
0  -0.001735 -0.020758 0.030980  -0.308908 0.951092 -0.000035  1.125552 0.326929 0
0  -0.003039 -0.020758 0.028035  0.308908 0.951092 0.000024  1.132899 0.310350 0
mount_dovetail_rsr_akr_1913_railed_mount_LOD0
0  -0.001735 -0.020758 0.030980  -0.308908 0.951092 -0.000024  1.125552 0.326929 0
0  -0.001735 -0.020758 0.028035  -0.308908 0.951092 0.000000  1.125552 0.310350 0
0  -0.003039 -0.020758 0.028035  0.308908 0.951092 0.000035  1.132899 0.310350 0
mount_dovetail_rsr_akr_1913_railed_mount_LOD0
0  -0.001735 -0.020758 0.030980  -0.309163 0.951009 0.000000  1.125552 0.326929 0
0  -0.000680 -0.019992 0.030980  -0.808521 0.588467 -0.000035  1.118211 0.326929 0
0  -0.001735 -0.020758 0.028035  -0.309163 0.951009 0.000024  1.125552 0.310350 0
mount_dovetail_rsr_akr_1913_railed_mount_LOD0
0  -0.000680 -0.019992 0.030980  -0.808492 0.588507 -0.000024  1.118211 0.326929 0
0  -0.000680 -0.019992 0.028035  -0.808492 0.588507 0.000000  1.118211 0.310350 0
0  -0.001735 -0.020758 0.028035  -0.309162 0.951009 0.000035  1.125552 0.310350 0
mount_dovetail_rsr_akr_1913_railed_mount_LOD0
0  -0.000680 -0.019992 0.030980  -0.808667 0.588266 0.000000  1.118211 0.326929 0
0  -0.000275 -0.018752 0.030980  -1.000000 0.000154 -0.000035  1.110864 0.326929 0
0  -0.000680 -0.019992 0.028035  -0.808667 0.588266 -0.000024  1.118211 0.310350 0
mount_dovetail_rsr_akr_1913_railed_mount_LOD0
0  -0.000275 -0.018752 0.030980  -1.000000 0.000154 0.000024  1.110864 0.326929 0
0  -0.000275 -0.018752 0.028035  -1.000000 0.000154 0.000003  1.110864 0.310350 0
0  -0.000680 -0.019992 0.028035  -0.808667 0.588266 0.000032  1.118211 0.310350 0
mount_dovetail_rsr_akr_1913_railed_mount_LOD0
0  -0.000680 -0.019992 0.028035  0.000007 0.000005 1.000000  1.115039 0.475028 0
0  -0.000275 -0.018752 0.028035  0.000007 0.000005 1.000000  1.122020 0.472725 0
0  -0.000680 -0.017511 0.028035  0.000007 0.000005 1.000000  1.129008 0.474999 0
mount_dovetail_rsr_akr_1913_railed_mount_LOD0
0  -0.001735 -0.020758 0.028035  0.000000 0.000005 1.000000  1.110733 0.480969 0
0  -0.000680 -0.019992 0.028035  0.000000 0.000005 1.000000  1.115039 0.475028 0
0  -0.000680 -0.017511 0.028035  0.000000 0.000005 1.000000  1.129008 0.474999 0
mount_dovetail_rsr_akr_1913_railed_mount_LOD0
0  -0.001735 -0.016745 0.028035  0.000003 0.000003 1.000000  1.133331 0.480930 0
0  -0.001735 -0.020758 0.028035  0.000003 0.000003 1.000000  1.110733 0.480969 0
0  -0.000680 -0.017511 0.028035  0.000003 0.000003 1.000000  1.129008 0.474999 0
mount_dovetail_rsr_akr_1913_railed_mount_LOD0
0  -0.003039 -0.020758 0.028035  0.000000 0.000003 1.000000  1.110742 0.488319 0
0  -0.001735 -0.020758 0.028035  0.000000 0.000003 1.000000  1.110733 0.480969 0
0  -0.001735 -0.016745 0.028035  0.000000 0.000003 1.000000  1.133331 0.480930 0
mount_dovetail_rsr_akr_1913_railed_mount_LOD0
0  -0.003039 -0.016745 0.028035  0.000000 0.000003 1.000000  1.133343 0.488279 0
0  -0.003039 -0.020758 0.028035  0.000000 0.000003 1.000000  1.110742 0.488319 0
0  -0.001735 -0.016745 0.028035  0.000000 0.000003 1.000000  1.133331 0.480930 0
mount_dovetail_rsr_akr_1913_railed_mount_LOD0
0  -0.004094 -0.019992 0.028035  0.000000 0.000003 1.000000  1.115069 0.494249 0
0  -0.003039 -0.020758 0.028035  0.000000 0.000003 1.000000  1.110742 0.488319 0
0  -0.003039 -0.016745 0.028035  0.000000 0.000003 1.000000  1.133343 0.488279 0
mount_dovetail_rsr_akr_1913_railed_mount_LOD0
0  -0.004094 -0.017511 0.028035  0.000000 0.000005 1.000000  1.129038 0.494221 0
0  -0.004094 -0.019992 0.028035  0.000000 0.000005 1.000000  1.115069 0.494249 0
0  -0.003039 -0.016745 0.028035  0.000000 0.000005 1.000000  1.133343 0.488279 0
mount_dovetail_rsr_akr_1913_railed_mount_LOD0
0  -0.004499 -0.018752 0.028035  0.000000 0.000005 1.000000  1.122056 0.496511 0
0  -0.004094 -0.019992 0.028035  0.000000 0.000005 1.000000  1.115069 0.494249 0
0  -0.004094 -0.017511 0.028035  0.000000 0.000005 1.000000  1.129038 0.494221 0
mount_dovetail_rsr_akr_1913_railed_mount_LOD0
0  -0.000275 -0.028744 0.030980  -1.000000 -0.000149 0.000000  1.184308 0.326929 0
0  -0.000680 -0.027504 0.030980  -0.808670 -0.588263 -0.000035  1.176963 0.326929 0
0  -0.000275 -0.028744 0.028035  -1.000000 -0.000149 -0.000025  1.184308 0.310351 0
mount_dovetail_rsr_akr_1913_railed_mount_LOD0
0  -0.000680 -0.027504 0.030980  -0.808670 -0.588262 0.000025  1.176963 0.326929 0
0  -0.000680 -0.027504 0.028035  -0.808670 -0.588262 0.000000  1.176963 0.310351 0
0  -0.000275 -0.028744 0.028035  -1.000000 -0.000149 0.000035  1.184308 0.310351 0
mount_dovetail_rsr_akr_1913_railed_mount_LOD0
0  -0.000680 -0.027504 0.030980  -0.808495 -0.588503 0.000000  1.176963 0.326929 0
0  -0.001735 -0.026737 0.030980  -0.309167 -0.951008 -0.000035  1.169620 0.326929 0
0  -0.000680 -0.027504 0.028035  -0.808495 -0.588503 0.000024  1.176963 0.310351 0
mount_dovetail_rsr_akr_1913_railed_mount_LOD0
0  -0.001735 -0.026737 0.030980  -0.309167 -0.951008 -0.000024  1.169620 0.326929 0
0  -0.001735 -0.026737 0.028035  -0.309167 -0.951008 0.000000  1.169620 0.310351 0
0  -0.000680 -0.027504 0.028035  -0.808495 -0.588503 0.000035  1.176963 0.310351 0
mount_dovetail_rsr_akr_1913_railed_mount_LOD0
0  -0.001735 -0.026737 0.030980  -0.308908 -0.951092 0.000000  1.169620 0.326929 0
0  -0.003039 -0.026737 0.030980  0.308908 -0.951092 -0.000035  1.162275 0.326929 0
0  -0.001735 -0.026737 0.028035  -0.308908 -0.951092 0.000024  1.169620 0.310351 0
mount_dovetail_rsr_akr_1913_railed_mount_LOD0
0  -0.003039 -0.026737 0.030980  0.308908 -0.951092 -0.000024  1.162275 0.326929 0
0  -0.003039 -0.026737 0.028035  0.308908 -0.951092 0.000000  1.162275 0.310351 0
0  -0.001735 -0.026737 0.028035  -0.308908 -0.951092 0.000035  1.169620 0.310351 0
mount_dovetail_rsr_akr_1913_railed_mount_LOD0
0  -0.003039 -0.026737 0.030980  0.309168 -0.951007 0.000000  1.162275 0.326929 0
0  -0.004094 -0.027504 0.030980  0.808496 -0.588502 -0.000035  1.154932 0.326929 0
0  -0.003039 -0.026737 0.028035  0.309168 -0.951007 0.000024  1.162275 0.310351 0
mount_dovetail_rsr_akr_1913_railed_mount_LOD0
0  -0.004094 -0.027504 0.030980  0.808496 -0.588502 -0.000024  1.154932 0.326929 0
0  -0.004094 -0.027504 0.028035  0.808496 -0.588502 0.000000  1.154932 0.310351 0
0  -0.003039 -0.026737 0.028035  0.309168 -0.951007 0.000035  1.162275 0.310351 0
mount_dovetail_rsr_akr_1913_railed_mount_LOD0
0  -0.004094 -0.027504 0.030980  0.808671 -0.588261 0.000000  1.154932 0.326929 0
0  -0.004499 -0.028744 0.030980  1.000000 -0.000147 -0.000035  1.147585 0.326929 0
0  -0.004094 -0.027504 0.028035  0.808671 -0.588261 -0.000025  1.154932 0.310351 0
mount_dovetail_rsr_akr_1913_railed_mount_LOD0
0  -0.004499 -0.028744 0.030980  1.000000 -0.000147 0.000025  1.147585 0.326929 0
0  -0.004499 -0.028744 0.028035  1.000000 -0.000147 0.000000  1.147585 0.310351 0
0  -0.004094 -0.027504 0.028035  0.808671 -0.588261 0.000035  1.154932 0.310351 0
mount_dovetail_rsr_akr_1913_railed_mount_LOD0
0  -0.004499 -0.028744 0.030980  1.000000 0.000154 0.000000  1.147585 0.326929 0
0  -0.004094 -0.029985 0.030980  0.808667 0.588266 -0.000035  1.140240 0.326929 0
0  -0.004499 -0.028744 0.028035  1.000000 0.000154 -0.000023  1.147585 0.310351 0
mount_dovetail_rsr_akr_1913_railed_mount_LOD0
0  -0.004094 -0.029985 0.030980  0.808668 0.588266 0.000023  1.140240 0.326929 0
0  -0.004094 -0.029985 0.028035  0.808668 0.588266 -0.000003  1.140240 0.310351 0
0  -0.004499 -0.028744 0.028035  1.000000 0.000153 0.000038  1.147585 0.310351 0
mount_dovetail_rsr_akr_1913_railed_mount_LOD0
0  -0.004094 -0.029985 0.030980  0.808498 0.588499 0.000000  1.140240 0.326929 0
0  -0.003039 -0.030751 0.030980  0.309171 0.951006 -0.000035  1.132898 0.326929 0
0  -0.004094 -0.029985 0.028035  0.808498 0.588499 0.000024  1.140240 0.310351 0
mount_dovetail_rsr_akr_1913_railed_mount_LOD0
0  -0.003039 -0.030751 0.030980  0.309170 0.951007 -0.000024  1.132898 0.326929 0
0  -0.003039 -0.030751 0.028035  0.309170 0.951007 0.000000  1.132898 0.310351 0
0  -0.004094 -0.029985 0.028035  0.808497 0.588500 0.000035  1.140240 0.310351 0
mount_dovetail_rsr_akr_1913_railed_mount_LOD0
0  -0.003039 -0.030751 0.030980  0.308908 0.951092 0.000000  1.132898 0.326929 0
0  -0.001735 -0.030751 0.030980  -0.308908 0.951092 -0.000035  1.125553 0.326929 0
0  -0.003039 -0.030751 0.028035  0.308908 0.951092 0.000024  1.132898 0.310351 0
mount_dovetail_rsr_akr_1913_railed_mount_LOD0
0  -0.001735 -0.030751 0.030980  -0.308908 0.951092 -0.000024  1.125553 0.326929 0
0  -0.001735 -0.030751 0.028035  -0.308908 0.951092 0.000000  1.125553 0.310351 0
0  -0.003039 -0.030751 0.028035  0.308908 0.951092 0.000035  1.132898 0.310351 0
mount_dovetail_rsr_akr_1913_railed_mount_LOD0
0  -0.001735 -0.030751 0.030980  -0.309170 0.951007 0.000000  1.125553 0.326929 0
0  -0.000680 -0.029985 0.030980  -0.808497 0.588500 -0.000035  1.118210 0.326929 0
0  -0.001735 -0.030751 0.028035  -0.309170 0.951007 0.000024  1.125553 0.310351 0
mount_dovetail_rsr_akr_1913_railed_mount_LOD0
0  -0.000680 -0.029985 0.030980  -0.808496 0.588501 -0.000024  1.118210 0.326929 0
0  -0.000680 -0.029985 0.028035  -0.808496 0.588501 0.000000  1.118210 0.310351 0
0  -0.001735 -0.030751 0.028035  -0.309169 0.951007 0.000035  1.125553 0.310351 0
mount_dovetail_rsr_akr_1913_railed_mount_LOD0
0  -0.000680 -0.029985 0.030980  -0.808666 0.588268 0.000000  1.118210 0.326929 0
0  -0.000275 -0.028744 0.030980  -1.000000 0.000155 -0.000035  1.110863 0.326929 0
0  -0.000680 -0.029985 0.028035  -0.808666 0.588268 -0.000023  1.118210 0.310351 0
mount_dovetail_rsr_akr_1913_railed_mount_LOD0
0  -0.000275 -0.028744 0.030980  -1.000000 0.000155 0.000024  1.110863 0.326929 0
0  -0.000275 -0.028744 0.028035  -1.000000 0.000155 0.000003  1.110863 0.310351 0
0  -0.000680 -0.029985 0.028035  -0.808666 0.588268 0.000032  1.118210 0.310351 0
mount_dovetail_rsr_akr_1913_railed_mount_LOD0
0  -0.000680 -0.029985 0.028035  0.000022 0.000005 1.000000  1.115045 0.475015 0
0  -0.000275 -0.028744 0.028035  0.000022 0.000005 1.000000  1.122025 0.472725 0
0  -0.000680 -0.027504 0.028035  0.000022 0.000005 1.000000  1.129014 0.474997 0
mount_dovetail_rsr_akr_1913_railed_mount_LOD0
0  -0.001735 -0.030751 0.028035  -0.000006 0.000005 1.000000  1.110738 0.480955 0
0  -0.000680 -0.029985 0.028035  -0.000006 0.000005 1.000000  1.115045 0.475015 0
0  -0.000680 -0.027504 0.028035  -0.000006 0.000005 1.000000  1.129014 0.474997 0
mount_dovetail_rsr_akr_1913_railed_mount_LOD0
0  -0.001735 -0.026737 0.028035  0.000003 0.000003 1.000000  1.133338 0.480931 0
0  -0.001735 -0.030751 0.028035  0.000003 0.000003 1.000000  1.110738 0.480955 0
0  -0.000680 -0.027504 0.028035  0.000003 0.000003 1.000000  1.129014 0.474997 0
mount_dovetail_rsr_akr_1913_railed_mount_LOD0
0  -0.003039 -0.030751 0.028035  0.000000 0.000003 1.000000  1.110748 0.488305 0
0  -0.001735 -0.030751 0.028035  0.000000 0.000003 1.000000  1.110738 0.480955 0
0  -0.001735 -0.026737 0.028035  0.000000 0.000003 1.000000  1.133338 0.480931 0
mount_dovetail_rsr_akr_1913_railed_mount_LOD0
0  -0.003039 -0.026737 0.028035  0.000000 0.000003 1.000000  1.133348 0.488281 0
0  -0.003039 -0.030751 0.028035  0.000000 0.000003 1.000000  1.110748 0.488305 0
0  -0.001735 -0.026737 0.028035  0.000000 0.000003 1.000000  1.133338 0.480931 0
mount_dovetail_rsr_akr_1913_railed_mount_LOD0
0  -0.004094 -0.029985 0.028035  0.000003 0.000003 1.000000  1.115071 0.494237 0
0  -0.003039 -0.030751 0.028035  0.000003 0.000003 1.000000  1.110748 0.488305 0
0  -0.003039 -0.026737 0.028035  0.000003 0.000003 1.000000  1.133348 0.488281 0
mount_dovetail_rsr_akr_1913_railed_mount_LOD0
0  -0.004094 -0.027504 0.028035  -0.000006 0.000005 1.000000  1.129038 0.494221 0
0  -0.004094 -0.029985 0.028035  -0.000006 0.000005 1.000000  1.115071 0.494237 0
0  -0.003039 -0.026737 0.028035  -0.000006 0.000005 1.000000  1.133348 0.488281 0
mount_dovetail_rsr_akr_1913_railed_mount_LOD0
0  -0.004499 -0.028744 0.028035  -0.000029 0.000005 1.000000  1.122056 0.496511 0
0  -0.004094 -0.029985 0.028035  -0.000029 0.000005 1.000000  1.115071 0.494237 0
0  -0.004094 -0.027504 0.028035  -0.000029 0.000005 1.000000  1.129038 0.494221 0
mount_dovetail_rsr_akr_1913_railed_mount_LOD0
0  -0.000275 -0.038736 0.030980  -1.000000 -0.000150 0.000000  0.184309 0.326929 0
0  -0.000680 -0.037496 0.030980  -0.808669 -0.588263 -0.000035  0.176962 0.326929 0
0  -0.000275 -0.038736 0.028035  -1.000000 -0.000150 -0.000025  0.184309 0.310351 0
mount_dovetail_rsr_akr_1913_railed_mount_LOD0
0  -0.000680 -0.037496 0.030980  -0.808669 -0.588263 0.000025  0.176962 0.326929 0
0  -0.000680 -0.037496 0.028035  -0.808669 -0.588263 0.000000  0.176962 0.310351 0
0  -0.000275 -0.038736 0.028035  -1.000000 -0.000150 0.000035  0.184309 0.310351 0
mount_dovetail_rsr_akr_1913_railed_mount_LOD0
0  -0.000680 -0.037496 0.030980  -0.808499 -0.588497 0.000000  0.176962 0.326929 0
0  -0.001735 -0.036729 0.030980  -0.309174 -0.951006 -0.000035  0.169618 0.326929 0
0  -0.000680 -0.037496 0.028035  -0.808499 -0.588497 0.000024  0.176962 0.310351 0
mount_dovetail_rsr_akr_1913_railed_mount_LOD0
0  -0.001735 -0.036729 0.030980  -0.309174 -0.951005 -0.000024  0.169618 0.326929 0
0  -0.001735 -0.036729 0.028035  -0.309174 -0.951006 0.000000  0.169618 0.310351 0
0  -0.000680 -0.037496 0.028035  -0.808499 -0.588497 0.000035  0.176962 0.310351 0
mount_dovetail_rsr_akr_1913_railed_mount_LOD0
0  -0.001735 -0.036729 0.030980  -0.308908 -0.951092 0.000000  0.169618 0.326929 0
0  -0.003039 -0.036729 0.030980  0.308908 -0.951092 -0.000035  0.162275 0.326929 0
0  -0.001735 -0.036729 0.028035  -0.308908 -0.951092 0.000024  0.169618 0.310351 0
mount_dovetail_rsr_akr_1913_railed_mount_LOD0
0  -0.003039 -0.036729 0.030980  0.308908 -0.951092 -0.000024  0.162275 0.326929 0
0  -0.003039 -0.036729 0.028035  0.308908 -0.951092 0.000000  0.162275 0.310351 0
0  -0.001735 -0.036729 0.028035  -0.308908 -0.951092 0.000035  0.169618 0.310351 0
mount_dovetail_rsr_akr_1913_railed_mount_LOD0
0  -0.003039 -0.036729 0.030980  0.309175 -0.951005 0.000000  0.162275 0.326929 0
0  -0.004094 -0.037496 0.030980  0.808500 -0.588496 -0.000035  0.154934 0.326929 0
0  -0.003039 -0.036729 0.028035  0.309175 -0.951005 0.000024  0.162275 0.310351 0
mount_dovetail_rsr_akr_1913_railed_mount_LOD0
0  -0.004094 -0.037496 0.030980  0.808500 -0.588496 -0.000024  0.154934 0.326929 0
0  -0.004094 -0.037496 0.028035  0.808500 -0.588496 0.000000  0.154934 0.310351 0
0  -0.003039 -0.036729 0.028035  0.309175 -0.951005 0.000035  0.162275 0.310351 0
mount_dovetail_rsr_akr_1913_railed_mount_LOD0
0  -0.004094 -0.037496 0.030980  0.808671 -0.588261 0.000000  0.154934 0.326929 0
0  -0.004499 -0.038736 0.030980  1.000000 -0.000147 -0.000035  0.147586 0.326929 0
0  -0.004094 -0.037496 0.028035  0.808671 -0.588261 -0.000025  0.154934 0.310351 0
mount_dovetail_rsr_akr_1913_railed_mount_LOD0
0  -0.004499 -0.038736 0.030980  1.000000 -0.000148 0.000025  0.147586 0.326929 0
0  -0.004499 -0.038736 0.028035  1.000000 -0.000148 0.000000  0.147586 0.310351 0
0  -0.004094 -0.037496 0.028035  0.808671 -0.588262 0.000035  0.154934 0.310351 0
mount_dovetail_rsr_akr_1913_railed_mount_LOD0
0  -0.004499 -0.038736 0.030980  1.000000 0.000152 0.000000  0.147586 0.326929 0
0  -0.004094 -0.039976 0.030980  0.808668 0.588265 -0.000035  0.140239 0.326929 0
0  -0.004499 -0.038736 0.028035  1.000000 0.000152 -0.000024  0.147586 0.310351 0
mount_dovetail_rsr_akr_1913_railed_mount_LOD0
0  -0.004094 -0.039976 0.030980  0.808669 0.588264 0.000023  0.140239 0.326929 0
0  -0.004094 -0.039976 0.028035  0.808669 0.588264 -0.000003  0.140239 0.310351 0
0  -0.004499 -0.038736 0.028035  1.000000 0.000151 0.000038  0.147586 0.310351 0
mount_dovetail_rsr_akr_1913_railed_mount_LOD0
0  -0.004094 -0.039976 0.030980  0.808500 0.588496 0.000000  0.140239 0.326929 0
0  -0.003039 -0.040743 0.030980  0.309175 0.951005 -0.000035  0.132896 0.326929 0
0  -0.004094 -0.039976 0.028035  0.808500 0.588496 0.000024  0.140239 0.310351 0
mount_dovetail_rsr_akr_1913_railed_mount_LOD0
0  -0.003039 -0.040743 0.030980  0.309174 0.951005 -0.000024  0.132896 0.326929 0
0  -0.003039 -0.040743 0.028035  0.309174 0.951005 0.000000  0.132896 0.310351 0
0  -0.004094 -0.039976 0.028035  0.808500 0.588496 0.000035  0.140239 0.310351 0
mount_dovetail_rsr_akr_1913_railed_mount_LOD0
0  -0.003039 -0.040743 0.030980  0.308908 0.951092 0.000000  0.132896 0.326929 0
0  -0.001735 -0.040743 0.030980  -0.308908 0.951092 -0.000035  0.125552 0.326929 0
0  -0.003039 -0.040743 0.028035  0.308908 0.951092 0.000024  0.132896 0.310351 0
mount_dovetail_rsr_akr_1913_railed_mount_LOD0
0  -0.001735 -0.040743 0.030980  -0.308908 0.951092 -0.000024  0.125552 0.326929 0
0  -0.001735 -0.040743 0.028035  -0.308908 0.951092 0.000000  0.125552 0.310351 0
0  -0.003039 -0.040743 0.028035  0.308908 0.951092 0.000035  0.132896 0.310351 0
mount_dovetail_rsr_akr_1913_railed_mount_LOD0
0  -0.001735 -0.040743 0.030980  -0.309174 0.951005 0.000000  0.125552 0.326929 0
0  -0.000680 -0.039976 0.030980  -0.808500 0.588497 -0.000035  0.118211 0.326929 0
0  -0.001735 -0.040743 0.028035  -0.309174 0.951005 0.000023  0.125552 0.310351 0
mount_dovetail_rsr_akr_1913_railed_mount_LOD0
0  -0.000680 -0.039976 0.030980  -0.808499 0.588497 -0.000023  0.118211 0.326929 0
0  -0.000680 -0.039976 0.028035  -0.808499 0.588497 0.000000  0.118211 0.310351 0
0  -0.001735 -0.040743 0.028035  -0.309173 0.951006 0.000035  0.125552 0.310351 0
mount_dovetail_rsr_akr_1913_railed_mount_LOD0
0  -0.000680 -0.039976 0.030980  -0.808667 0.588266 0.000000  0.118211 0.326929 0
0  -0.000275 -0.038736 0.030980  -1.000000 0.000154 -0.000035  0.110863 0.326929 0
0  -0.000680 -0.039976 0.028035  -0.808667 0.588266 -0.000024  0.118211 0.310351 0
mount_dovetail_rsr_akr_1913_railed_mount_LOD0
0  -0.000275 -0.038736 0.030980  -1.000000 0.000154 0.000024  0.110863 0.326929 0
0  -0.000275 -0.038736 0.028035  -1.000000 0.000154 0.000003  0.110863 0.310351 0
0  -0.000680 -0.039976 0.028035  -0.808667 0.588266 0.000032  0.118211 0.310351 0
mount_dovetail_rsr_akr_1913_railed_mount_LOD0
0  -0.000680 -0.039976 0.028035  0.000007 0.000005 1.000000  0.115043 0.474999 0
0  -0.000275 -0.038736 0.028035  0.000007 0.000005 1.000000  0.122024 0.472710 0
0  -0.000680 -0.037496 0.028035  0.000007 0.000005 1.000000  0.129011 0.474985 0
mount_dovetail_rsr_akr_1913_railed_mount_LOD0
0  -0.001735 -0.040743 0.028035  -0.000006 0.000005 1.000000  0.110735 0.480955 0
0  -0.000680 -0.039976 0.028035  -0.000006 0.000005 1.000000  0.115043 0.474999 0
0  -0.000680 -0.037496 0.028035  -0.000006 0.000005 1.000000  0.129011 0.474985 0
mount_dovetail_rsr_akr_1913_railed_mount_LOD0
0  -0.001735 -0.036729 0.028035  0.000000 0.000003 1.000000  0.133335 0.480917 0
0  -0.001735 -0.040743 0.028035  0.000000 0.000003 1.000000  0.110735 0.480955 0
0  -0.000680 -0.037496 0.028035  0.000000 0.000003 1.000000  0.129011 0.474985 0
mount_dovetail_rsr_akr_1913_railed_mount_LOD0
0  -0.003039 -0.040743 0.028035  0.000000 0.000003 1.000000  0.110748 0.488290 0
0  -0.001735 -0.040743 0.028035  0.000000 0.000003 1.000000  0.110735 0.480955 0
0  -0.001735 -0.036729 0.028035  0.000000 0.000003 1.000000  0.133335 0.480917 0
mount_dovetail_rsr_akr_1913_railed_mount_LOD0
0  -0.003039 -0.036729 0.028035  0.000000 0.000003 1.000000  0.133348 0.488265 0
0  -0.003039 -0.040743 0.028035  0.000000 0.000003 1.000000  0.110748 0.488290 0
0  -0.001735 -0.036729 0.028035  0.000000 0.000003 1.000000  0.133335 0.480917 0
mount_dovetail_rsr_akr_1913_railed_mount_LOD0
0  -0.004094 -0.039976 0.028035  0.000003 0.000003 1.000000  0.115070 0.494237 0
0  -0.003039 -0.040743 0.028035  0.000003 0.000003 1.000000  0.110748 0.488290 0
0  -0.003039 -0.036729 0.028035  0.000003 0.000003 1.000000  0.133348 0.488265 0
mount_dovetail_rsr_akr_1913_railed_mount_LOD0
0  -0.004094 -0.037496 0.028035  0.000000 0.000005 1.000000  0.129039 0.494206 0
0  -0.004094 -0.039976 0.028035  0.000000 0.000005 1.000000  0.115070 0.494237 0
0  -0.003039 -0.036729 0.028035  0.000000 0.000005 1.000000  0.133348 0.488265 0
mount_dovetail_rsr_akr_1913_railed_mount_LOD0
0  -0.004499 -0.038736 0.028035  0.000000 0.000005 1.000000  0.122056 0.496511 0
0  -0.004094 -0.039976 0.028035  0.000000 0.000005 1.000000  0.115070 0.494237 0
0  -0.004094 -0.037496 0.028035  0.000000 0.000005 1.000000  0.129039 0.494206 0
mount_dovetail_rsr_akr_1913_railed_mount_LOD0
0  0.005498 0.095212 -0.006244  1.000000 0.000015 0.000080  0.973989 0.611683 0
0  0.005498 0.095667 -0.005838  1.000000 0.000014 0.000081  0.970924 0.611678 0
0  0.005498 0.094414 -0.005167  1.000000 -0.000220 -0.000160  0.973989 0.603775 0
mount_dovetail_rsr_akr_1913_railed_mount_LOD0
0  0.005498 0.095667 -0.005838  1.000000 -0.000208 -0.000139  0.970924 0.611678 0
0  0.005498 0.094763 -0.004485  1.000000 -0.000208 -0.000139  0.969648 0.603046 0
0  0.005498 0.094414 -0.005167  1.000000 -0.000208 -0.000139  0.973989 0.603775 0
mount_dovetail_rsr_akr_1913_railed_mount_LOD0
0  0.005498 0.094414 -0.005167  1.000000 -0.000099 -0.000194  0.973989 0.603775 0
0  0.005498 0.094763 -0.004485  1.000000 -0.000099 -0.000194  0.969648 0.603046 0
0  0.005498 0.093221 -0.004557  1.000000 -0.000099 -0.000194  0.973989 0.595544 0
mount_dovetail_rsr_akr_1913_railed_mount_LOD0
0  0.005498 0.094763 -0.004485  1.000000 -0.000101 -0.000152  0.969648 0.603046 0
0  0.005498 0.093410 -0.003580  1.000000 -0.000101 -0.000152  0.968369 0.594814 0
0  0.005498 0.093221 -0.004557  1.000000 -0.000101 -0.000152  0.973989 0.595544 0
mount_dovetail_rsr_akr_1913_railed_mount_LOD0
0  0.005498 0.093221 -0.004557  1.000000 0.000078 -0.000186  0.973989 0.595544 0
0  0.005498 0.093410 -0.003580  1.000000 0.000078 -0.000186  0.968369 0.594814 0
0  0.005498 0.091765 -0.004287  1.000000 0.000078 -0.000186  0.973989 0.586777 0
mount_dovetail_rsr_akr_1913_railed_mount_LOD0
0  0.005498 0.093410 -0.003580  1.000000 -0.000059 -0.000333  0.968369 0.594814 0
0  0.005498 0.091813 -0.003263  1.000000 -0.000001 -0.000003  0.968226 0.586338 0
0  0.005498 0.091765 -0.004287  1.000000 -0.000001 -0.000003  0.973989 0.586777 0
mount_dovetail_rsr_akr_1913_railed_mount_LOD0
0  0.005498 0.091813 -0.003263  1.000000 0.000003 -0.000003  0.968226 0.586338 0
0  0.005498 0.090283 -0.003263  1.000000 0.000003 -0.000003  0.968500 0.578153 0
0  0.005498 0.091765 -0.004287  1.000000 0.000003 -0.000003  0.973989 0.586777 0
mount_dovetail_rsr_akr_1913_railed_mount_LOD0
0  0.005498 0.090283 -0.003263  1.000000 -0.000002 -0.000010  0.968500 0.578153 0
0  0.005498 0.088975 -0.003134  1.000000 -0.000002 -0.000010  0.967633 0.571029 0
0  0.005498 0.091765 -0.004287  1.000000 -0.000002 -0.000010  0.973989 0.586777 0
mount_dovetail_rsr_akr_1913_railed_mount_LOD0
0  0.005498 0.091765 -0.004287  1.000000 -0.000000 -0.000006  0.973989 0.586777 0
0  0.005498 0.088975 -0.003134  1.000000 -0.000000 -0.000006  0.967633 0.571029 0
0  0.005498 0.075719 -0.002472  1.000000 -0.000000 -0.000006  0.963719 0.496659 0
mount_dovetail_rsr_akr_1913_railed_mount_LOD0
0  0.005498 0.027951 -0.004289  1.000000 0.000000 -0.000003  0.973989 0.228489 0
0  0.005498 0.091765 -0.004287  1.000000 0.000000 -0.000003  0.973989 0.586777 0
0  0.005498 0.075719 -0.002472  1.000000 0.000000 -0.000003  0.963719 0.496659 0
mount_dovetail_rsr_akr_1913_railed_mount_LOD0
0  0.005498 0.075719 -0.002472  1.000000 0.000000 0.000000  0.963719 0.496659 0
0  0.005498 0.088975 -0.003134  1.000000 0.000000 0.000000  0.967633 0.571029 0
0  0.005498 0.076976 -0.002310  1.000000 0.000000 0.000000  0.962764 0.503634 0
mount_dovetail_rsr_akr_1913_railed_mount_LOD0
0  0.005498 0.088975 -0.003134  1.000000 0.000000 0.000003  0.967633 0.571029 0
0  0.005498 0.087718 -0.002753  1.000000 0.000000 0.000003  0.965337 0.563983 0
0  0.005498 0.076976 -0.002310  1.000000 0.000000 0.000003  0.962764 0.503634 0
mount_dovetail_rsr_akr_1913_railed_mount_LOD0
0  0.005498 0.076976 -0.002310  1.000000 -0.000000 -0.000002  0.962764 0.503634 0
0  0.005498 0.087718 -0.002753  1.000000 -0.000000 -0.000002  0.965337 0.563983 0
0  0.005498 0.078135 -0.001935  1.000000 -0.000000 -0.000002  0.960623 0.510110 0
mount_dovetail_rsr_akr_1913_railed_mount_LOD0
0  0.005498 0.087718 -0.002753  1.000000 0.000000 0.000000  0.965337 0.563983 0
0  0.005498 0.086559 -0.002134  1.000000 0.000000 0.000000  0.961731 0.557443 0
0  0.005498 0.078135 -0.001935  1.000000 0.000000 0.000000  0.960623 0.510110 0
mount_dovetail_rsr_akr_1913_railed_mount_LOD0
0  0.005498 0.078135 -0.001935  1.000000 0.000000 -0.000002  0.960623 0.510110 0
0  0.005498 0.086559 -0.002134  1.000000 0.000000 -0.000002  0.961731 0.557443 0
0  0.005498 0.079150 -0.001300  1.000000 0.000000 -0.000002  0.957023 0.515783 0
mount_dovetail_rsr_akr_1913_railed_mount_LOD0
0  0.005498 0.086559 -0.002134  1.000000 0.000000 0.000000  0.961731 0.557443 0
0  0.005498 0.085544 -0.001300  1.000000 0.000000 0.000000  0.956954 0.551703 0
0  0.005498 0.079150 -0.001300  1.000000 0.000000 0.000000  0.957023 0.515783 0
mount_dovetail_rsr_akr_1913_railed_mount_LOD0
0  0.005498 0.079150 -0.001300  1.000000 0.000000 0.000001  0.957023 0.515783 0
0  0.005498 0.085544 -0.001300  1.000000 0.000000 0.000001  0.956954 0.551703 0
0  0.005498 0.079984 -0.000358  1.000000 0.000000 0.000001  0.951699 0.520426 0
mount_dovetail_rsr_akr_1913_railed_mount_LOD0
0  0.005498 0.085544 -0.001300  1.000000 0.000000 0.000000  0.956954 0.551703 0
0  0.005498 0.084710 -0.000285  1.000000 0.000000 0.000000  0.951180 0.546980 0
0  0.005498 0.079984 -0.000358  1.000000 0.000000 0.000000  0.951699 0.520426 0
mount_dovetail_rsr_akr_1913_railed_mount_LOD0
0  0.005498 0.079984 -0.000358  1.000000 0.000000 0.000001  0.951699 0.520426 0
0  0.005498 0.084710 -0.000285  1.000000 0.000000 0.000001  0.951180 0.546980 0
0  0.005498 0.080603 0.000874  1.000000 0.000000 0.000001  0.944743 0.523856 0
mount_dovetail_rsr_akr_1913_railed_mount_LOD0
0  0.005498 0.084710 -0.000285  1.000000 0.000000 0.000000  0.951180 0.546980 0
0  0.005498 0.084091 0.000874  1.000000 0.000000 0.000000  0.944630 0.543447 0
0  0.005498 0.080603 0.000874  1.000000 0.000000 0.000000  0.944743 0.523856 0
mount_dovetail_rsr_akr_1913_railed_mount_LOD0
0  0.005498 0.080603 0.000874  1.000000 0.000000 0.000000  0.944743 0.523856 0
0  0.005498 0.084091 0.000874  1.000000 0.000000 0.000000  0.944630 0.543447 0
0  0.005498 0.080985 0.002163  1.000000 0.000000 0.000000  0.937474 0.525954 0
mount_dovetail_rsr_akr_1913_railed_mount_LOD0
0  0.005498 0.080985 0.002163  1.000000 0.000000 0.000000  0.937474 0.525954 0
0  0.005498 0.084091 0.000874  1.000000 0.000000 0.000000  0.944630 0.543447 0
0  0.005498 0.081113 0.003438  1.000000 0.000000 0.000000  0.930301 0.526642 0
mount_dovetail_rsr_akr_1913_railed_mount_LOD0
0  0.005498 0.081113 0.003438  1.000000 -0.000001 0.000000  0.930301 0.526642 0
0  0.005498 0.084091 0.000874  1.000000 -0.000001 0.000000  0.944630 0.543447 0
0  0.005498 0.080985 0.004663  1.000000 -0.000001 0.000000  0.923421 0.525885 0
mount_dovetail_rsr_akr_1913_railed_mount_LOD0
0  0.005498 0.080985 0.004663  1.000000 0.000000 0.000000  0.923421 0.525885 0
0  0.005498 0.084091 0.000874  1.000000 0.000000 0.000000  0.944630 0.543447 0
0  0.005498 0.080603 0.006003  1.000000 0.000000 0.000000  0.915901 0.523707 0
mount_dovetail_rsr_akr_1913_railed_mount_LOD0
0  0.005498 0.084091 0.000874  1.000000 -0.000004 -0.000003  0.944630 0.543447 0
0  0.005498 0.080979 0.006234  1.000000 -0.000004 -0.000003  0.914588 0.525812 0
0  0.005498 0.080603 0.006003  1.000000 -0.000004 -0.000003  0.915901 0.523707 0
mount_dovetail_rsr_akr_1913_railed_mount_LOD0
0  0.005498 0.095985 -0.007434  1.000000 0.000536 0.000123  0.450011 0.382681 0
0  0.005498 0.095667 -0.005838  1.000000 0.000016 0.000031  0.458153 0.382681 0
0  0.005498 0.095212 -0.006244  1.000000 -0.000003 0.000081  0.458153 0.385547 0
mount_dovetail_rsr_akr_1913_railed_mount_LOD0
0  0.005499 0.095493 -0.007483  1.000000 0.000689 0.000311  0.450011 0.385547 0
0  0.005498 0.095985 -0.007434  1.000000 0.000601 0.000141  0.450011 0.382681 0
0  0.005498 0.095212 -0.006244  1.000000 -0.000018 0.000061  0.458153 0.385547 0
mount_dovetail_rsr_akr_1913_railed_mount_LOD0
0  0.005498 0.095985 -0.017066  1.000000 0.000675 -0.000117  0.396167 0.382681 0
0  0.005498 0.095985 -0.007434  1.000000 0.000673 0.000111  0.450011 0.382681 0
0  0.005499 0.095493 -0.007483  1.000000 0.000673 0.000111  0.450011 0.385547 0
mount_dovetail_rsr_akr_1913_railed_mount_LOD0
0  0.005499 0.095493 -0.017018  0.999999 0.000989 0.000000  0.396167 0.385547 0
0  0.005498 0.095985 -0.017066  0.999999 0.000989 0.000000  0.396167 0.382681 0
0  0.005499 0.095493 -0.007483  0.999999 0.000989 0.000000  0.450011 0.385547 0
mount_dovetail_rsr_akr_1913_railed_mount_LOD0
0  0.005498 0.095667 -0.018663  1.000000 0.000070 -0.000051  0.387428 0.382681 0
0  0.005498 0.095985 -0.017066  1.000000 0.000969 -0.000193  0.396167 0.382681 0
0  0.005499 0.095493 -0.017018  1.000000 0.000969 -0.000193  0.396167 0.385547 0
mount_dovetail_rsr_akr_1913_railed_mount_LOD0
0  0.005498 0.095212 -0.018474  1.000000 -0.000505 -0.000349  0.387428 0.385547 0
0  0.005498 0.095667 -0.018663  1.000000 -0.000505 -0.000349  0.387428 0.382681 0
0  0.005499 0.095493 -0.017018  1.000000 0.000343 -0.000188  0.396167 0.385547 0
mount_dovetail_rsr_akr_1913_railed_mount_LOD0
0  0.005498 0.094763 -0.020016  1.000000 -0.000284 0.000189  0.378823 0.382681 0
0  0.005498 0.095667 -0.018663  1.000000 -0.000025 -0.000024  0.387428 0.382681 0
0  0.005498 0.095212 -0.018474  1.000000 -0.000025 -0.000024  0.387428 0.385547 0
mount_dovetail_rsr_akr_1913_railed_mount_LOD0
0  0.005498 0.094414 -0.019667  1.000000 -0.000288 0.000191  0.378823 0.385547 0
0  0.005498 0.094763 -0.020016  1.000000 -0.000288 0.000191  0.378823 0.382681 0
0  0.005498 0.095212 -0.018474  1.000000 -0.000028 -0.000021  0.387428 0.385547 0
mount_dovetail_rsr_akr_1913_railed_mount_LOD0
0  0.005498 0.093410 -0.020920  1.000000 -0.000191 0.000287  0.370220 0.382681 0
0  0.005498 0.094763 -0.020016  1.000000 -0.000191 0.000287  0.378823 0.382681 0
0  0.005498 0.094414 -0.019667  1.000000 -0.000191 0.000287  0.378823 0.385547 0
mount_dovetail_rsr_akr_1913_railed_mount_LOD0
0  0.005498 0.093221 -0.020465  1.000000 -0.000189 0.000284  0.370220 0.385547 0
0  0.005498 0.093410 -0.020920  1.000000 -0.000189 0.000284  0.370220 0.382681 0
0  0.005498 0.094414 -0.019667  1.000000 -0.000189 0.000284  0.378823 0.385547 0
mount_dovetail_rsr_akr_1913_railed_mount_LOD0
0  0.005498 0.091813 -0.021238  1.000000 -0.000067 0.000334  0.361481 0.382681 0
0  0.005498 0.093410 -0.020920  1.000000 -0.000067 0.000334  0.370220 0.382681 0
0  0.005498 0.093221 -0.020465  1.000000 -0.000067 0.000334  0.370220 0.385547 0
mount_dovetail_rsr_akr_1913_railed_mount_LOD0
0  0.005498 0.091765 -0.020746  1.000000 0.000109 0.000016  0.361481 0.385547 0
0  0.005498 0.091813 -0.021238  1.000000 0.000109 0.000016  0.361481 0.382681 0
0  0.005498 0.093221 -0.020465  1.000000 0.000109 0.000016  0.370220 0.385547 0
mount_dovetail_rsr_akr_1913_railed_mount_LOD0
0  0.005498 0.064095 -0.021238  1.000000 0.000000 0.000006  0.387585 0.182901 0
0  0.005498 0.091813 -0.021238  1.000000 0.000000 0.000006  0.543649 0.182901 0
0  0.005498 0.091765 -0.020746  1.000000 0.000000 0.000006  0.543416 0.185675 0
mount_dovetail_rsr_akr_1913_railed_mount_LOD0
0  0.005498 0.061479 -0.020746  1.000000 0.000000 0.000009  0.372848 0.185675 0
0  0.005498 0.064095 -0.021238  1.000000 0.000000 0.000009  0.387585 0.182901 0
0  0.005498 0.091765 -0.020746  1.000000 0.000000 0.000009  0.543416 0.185675 0
mount_dovetail_rsr_akr_1913_railed_mount_LOD0
0  0.005498 0.061932 -0.021869  1.000000 -0.000001 0.000004  0.375396 0.179360 0
0  0.005498 0.064095 -0.021238  1.000000 -0.000001 0.000004  0.387585 0.182901 0
0  0.005498 0.061479 -0.020746  1.000000 -0.000001 0.000004  0.372848 0.185675 0
mount_dovetail_rsr_akr_1913_railed_mount_LOD0
0  0.005498 0.060315 -0.022812  1.000000 -0.000002 0.000003  0.366277 0.174024 0
0  0.005498 0.061932 -0.021869  1.000000 -0.000002 0.000003  0.375396 0.179360 0
0  0.005498 0.061479 -0.020746  1.000000 -0.000002 0.000003  0.372848 0.185675 0
mount_dovetail_rsr_akr_1913_railed_mount_LOD0
0  0.005498 0.060559 -0.020564  1.000000 0.000001 0.000002  0.367648 0.186694 0
0  0.005498 0.060315 -0.022812  1.000000 0.000001 0.000002  0.366277 0.174024 0
0  0.005498 0.061479 -0.020746  1.000000 0.000001 0.000002  0.372848 0.185675 0
mount_dovetail_rsr_akr_1913_railed_mount_LOD0
0  0.005498 0.052688 -0.022612  1.000000 -0.000001 0.000002  0.323325 0.175096 0
0  0.005498 0.060315 -0.022812  1.000000 -0.000001 0.000002  0.366277 0.174024 0
0  0.005498 0.060559 -0.020564  1.000000 -0.000001 0.000002  0.367648 0.186694 0
mount_dovetail_rsr_akr_1913_railed_mount_LOD0
0  0.005498 0.059333 -0.023768  1.000000 -0.000001 0.000001  0.360751 0.168623 0
0  0.005498 0.060315 -0.022812  1.000000 -0.000001 0.000001  0.366277 0.174024 0
0  0.005498 0.052688 -0.022612  1.000000 -0.000001 0.000001  0.323325 0.175096 0
mount_dovetail_rsr_akr_1913_railed_mount_LOD0
0  0.005498 0.052991 -0.023768  1.000000 -0.000001 -0.000000  0.325038 0.168623 0
0  0.005498 0.059333 -0.023768  1.000000 -0.000001 -0.000000  0.360751 0.168623 0
0  0.005498 0.052688 -0.022612  1.000000 -0.000001 -0.000000  0.323325 0.175096 0
mount_dovetail_rsr_akr_1913_railed_mount_LOD0
0  0.005498 0.059423 -0.020284  1.000000 0.000000 0.000000  0.361227 0.188262 0
0  0.005498 0.052688 -0.022612  1.000000 0.000000 0.000000  0.323325 0.175096 0
0  0.005498 0.060559 -0.020564  1.000000 0.000000 0.000000  0.367648 0.186694 0
mount_dovetail_rsr_akr_1913_railed_mount_LOD0
0  0.005498 0.051822 -0.021633  1.000000 0.000000 -0.000001  0.318423 0.180601 0
0  0.005498 0.052688 -0.022612  1.000000 0.000000 -0.000001  0.323325 0.175096 0
0  0.005498 0.059423 -0.020284  1.000000 0.000000 -0.000001  0.361227 0.188262 0
mount_dovetail_rsr_akr_1913_railed_mount_LOD0
0  0.005498 0.058323 -0.019742  1.000000 0.000000 0.000000  0.355011 0.191297 0
0  0.005498 0.051822 -0.021633  1.000000 0.000000 0.000000  0.318423 0.180601 0
0  0.005498 0.059423 -0.020284  1.000000 0.000000 0.000000  0.361227 0.188262 0
mount_dovetail_rsr_akr_1913_railed_mount_LOD0
0  0.005498 0.050527 -0.020978  1.000000 0.000000 -0.000001  0.311105 0.184290 0
0  0.005498 0.051822 -0.021633  1.000000 0.000000 -0.000001  0.318423 0.180601 0
0  0.005498 0.058323 -0.019742  1.000000 0.000000 -0.000001  0.355011 0.191297 0
mount_dovetail_rsr_akr_1913_railed_mount_LOD0
0  0.005498 0.057469 -0.019001  1.000000 0.000000 0.000000  0.350181 0.195455 0
0  0.005498 0.050527 -0.020978  1.000000 0.000000 0.000000  0.311105 0.184290 0
0  0.005498 0.058323 -0.019742  1.000000 0.000000 0.000000  0.355011 0.191297 0
mount_dovetail_rsr_akr_1913_railed_mount_LOD0
0  0.005498 0.048999 -0.020748  1.000000 0.000001 -0.000002  0.302480 0.185583 0
0  0.005498 0.050527 -0.020978  1.000000 0.000001 -0.000002  0.311105 0.184290 0
0  0.005498 0.057469 -0.019001  1.000000 0.000001 -0.000002  0.350181 0.195455 0
mount_dovetail_rsr_akr_1913_railed_mount_LOD0
0  0.005498 0.056829 -0.017988  1.000000 0.000000 0.000000  0.346554 0.201130 0
0  0.005498 0.048999 -0.020748  1.000000 0.000000 0.000000  0.302480 0.185583 0
0  0.005498 0.057469 -0.019001  1.000000 0.000000 0.000000  0.350181 0.195455 0
mount_dovetail_rsr_akr_1913_railed_mount_LOD0
0  0.005498 0.028344 -0.020748  1.000000 0.000000 0.000002  0.186165 0.185583 0
0  0.005498 0.048999 -0.020748  1.000000 0.000000 0.000002  0.302480 0.185583 0
0  0.005498 0.056829 -0.017988  1.000000 0.000000 0.000002  0.346554 0.201130 0
mount_dovetail_rsr_akr_1913_railed_mount_LOD0
0  0.005498 0.010430 -0.017988  1.000000 0.000000 0.000001  0.085297 0.201130 0
0  0.005498 0.028344 -0.020748  1.000000 0.000000 0.000001  0.186165 0.185583 0
0  0.005498 0.056829 -0.017988  1.000000 0.000000 0.000001  0.346554 0.201130 0
mount_dovetail_rsr_akr_1913_railed_mount_LOD0
0  0.005498 0.026816 -0.020978  1.000000 -0.000002 -0.000010  0.177554 0.184275 0
0  0.005498 0.028344 -0.020748  1.000000 -0.000002 -0.000010  0.186165 0.185583 0
0  0.005498 0.010430 -0.017988  1.000000 -0.000002 -0.000010  0.085297 0.201130 0
mount_dovetail_rsr_akr_1913_railed_mount_LOD0
0  0.005498 0.025521 -0.021633  1.000000 0.000000 -0.000000  0.170255 0.180588 0
0  0.005498 0.026816 -0.020978  1.000000 0.000000 -0.000000  0.177554 0.184275 0
0  0.005498 0.010430 -0.017988  1.000000 0.000000 -0.000000  0.085297 0.201130 0
mount_dovetail_rsr_akr_1913_railed_mount_LOD0
0  0.005498 0.024656 -0.022612  1.000000 0.000000 -0.000000  0.165371 0.175070 0
0  0.005498 0.025521 -0.021633  1.000000 0.000000 -0.000000  0.170255 0.180588 0
0  0.005498 0.010430 -0.017988  1.000000 0.000000 -0.000000  0.085297 0.201130 0
mount_dovetail_rsr_akr_1913_railed_mount_LOD0
0  0.005498 0.010818 -0.016730  1.000000 0.000000 -0.000000  0.087483 0.208204 0
0  0.005498 0.010430 -0.017988  1.000000 0.000000 -0.000000  0.085297 0.201130 0
0  0.005498 0.056829 -0.017988  1.000000 0.000000 -0.000000  0.346554 0.201130 0
mount_dovetail_rsr_akr_1913_railed_mount_LOD0
0  0.005498 0.056441 -0.016730  1.000000 0.000000 0.000000  0.344361 0.208204 0
0  0.005498 0.010818 -0.016730  1.000000 0.000000 0.000000  0.087483 0.208204 0
0  0.005498 0.056829 -0.017988  1.000000 0.000000 0.000000  0.346554 0.201130 0
mount_dovetail_rsr_akr_1913_railed_mount_LOD0
0  0.005498 0.010955 -0.015424  1.000000 0.000000 -0.000000  0.088247 0.215553 0
0  0.005498 0.010818 -0.016730  1.000000 0.000000 -0.000000  0.087483 0.208204 0
0  0.005498 0.056441 -0.016730  1.000000 0.000000 -0.000000  0.344361 0.208204 0
mount_dovetail_rsr_akr_1913_railed_mount_LOD0
0  0.005498 0.056304 -0.015424  1.000000 0.000000 0.000000  0.343587 0.215553 0
0  0.005498 0.010955 -0.015424  1.000000 0.000000 0.000000  0.088247 0.215553 0
0  0.005498 0.056441 -0.016730  1.000000 0.000000 0.000000  0.344361 0.208204 0
mount_dovetail_rsr_akr_1913_railed_mount_LOD0
0  0.005498 0.010955 -0.013177  1.000000 0.000000 -0.000000  0.088247 0.228209 0
0  0.005498 0.010955 -0.015424  1.000000 0.000000 -0.000000  0.088247 0.215553 0
0  0.005498 0.056304 -0.015424  1.000000 0.000000 -0.000000  0.343587 0.215553 0
mount_dovetail_rsr_akr_1913_railed_mount_LOD0
0  0.005498 0.056304 -0.013177  1.000000 0.000000 0.000000  0.343587 0.228209 0
0  0.005498 0.010955 -0.013177  1.000000 0.000000 0.000000  0.088247 0.228209 0
0  0.005498 0.056304 -0.015424  1.000000 0.000000 0.000000  0.343587 0.215553 0
mount_dovetail_rsr_akr_1913_railed_mount_LOD0
0  0.005498 0.009790 -0.019001  1.000000 0.000000 -0.000000  0.081676 0.195429 0
0  0.005498 0.024656 -0.022612  1.000000 0.000000 -0.000000  0.165371 0.175070 0
0  0.005498 0.010430 -0.017988  1.000000 0.000000 -0.000000  0.085297 0.201130 0
mount_dovetail_rsr_akr_1913_railed_mount_LOD0
0  0.005498 0.009651 -0.022801  1.000000 0.000000 0.000000  0.080884 0.174011 0
0  0.005498 0.024656 -0.022612  1.000000 0.000000 0.000000  0.165371 0.175070 0
0  0.005498 0.009790 -0.019001  1.000000 0.000000 0.000000  0.081676 0.195429 0
mount_dovetail_rsr_akr_1913_railed_mount_LOD0
0  0.005498 0.024352 -0.023768  1.000000 0.000000 -0.000000  0.163662 0.168573 0
0  0.005498 0.024656 -0.022612  1.000000 0.000000 -0.000000  0.165371 0.175070 0
0  0.005498 0.009651 -0.022801  1.000000 0.000000 -0.000000  0.080884 0.174011 0
mount_dovetail_rsr_akr_1913_railed_mount_LOD0
0  0.005498 0.010673 -0.023768  1.000000 0.000000 -0.000001  0.086644 0.168573 0
0  0.005498 0.024352 -0.023768  1.000000 0.000000 -0.000001  0.163662 0.168573 0
0  0.005498 0.009651 -0.022801  1.000000 0.000000 -0.000001  0.080884 0.174011 0
mount_dovetail_rsr_akr_1913_railed_mount_LOD0
0  0.005498 0.008936 -0.019742  1.000000 0.000001 0.000000  0.076849 0.191245 0
0  0.005498 0.009651 -0.022801  1.000000 0.000001 0.000000  0.080884 0.174011 0
0  0.005498 0.009790 -0.019001  1.000000 0.000001 0.000000  0.081676 0.195429 0
mount_dovetail_rsr_akr_1913_railed_mount_LOD0
0  0.005498 0.008022 -0.021873  1.000000 0.000001 0.000001  0.071701 0.179227 0
0  0.005498 0.009651 -0.022801  1.000000 0.000001 0.000001  0.080884 0.174011 0
0  0.005498 0.008936 -0.019742  1.000000 0.000001 0.000001  0.076849 0.191245 0
mount_dovetail_rsr_akr_1913_railed_mount_LOD0
0  0.005498 0.007836 -0.020284  1.000000 -0.000001 0.000002  0.070633 0.188171 0
0  0.005498 0.008022 -0.021873  1.000000 -0.000001 0.000002  0.071701 0.179227 0
0  0.005498 0.008936 -0.019742  1.000000 -0.000001 0.000002  0.076849 0.191245 0
mount_dovetail_rsr_akr_1913_railed_mount_LOD0
0  0.005498 0.006700 -0.020564  1.000000 0.000000 0.000002  0.064222 0.186563 0
0  0.005498 0.008022 -0.021873  1.000000 0.000000 0.000002  0.071701 0.179227 0
0  0.005498 0.007836 -0.020284  1.000000 0.000000 0.000002  0.070633 0.188171 0
mount_dovetail_rsr_akr_1913_railed_mount_LOD0
0  0.005498 0.005809 -0.021238  1.000000 0.000002 0.000004  0.059209 0.182732 0
0  0.005498 0.008022 -0.021873  1.000000 0.000002 0.000004  0.071701 0.179227 0
0  0.005498 0.006700 -0.020564  1.000000 0.000002 0.000004  0.064222 0.186563 0
mount_dovetail_rsr_akr_1913_railed_mount_LOD0
0  0.005498 0.005780 -0.020746  1.000000 -0.000002 0.000008  0.059036 0.185504 0
0  0.005498 0.005809 -0.021238  1.000000 -0.000002 0.000008  0.059209 0.182732 0
0  0.005498 0.006700 -0.020564  1.000000 -0.000002 0.000008  0.064222 0.186563 0
mount_dovetail_rsr_akr_1913_railed_mount_LOD0
0  0.005498 -0.023770 0.015900  1.000000 0.000003 -0.000000  0.002012 0.028744 0
0  0.005498 -0.024161 0.015639  1.000000 0.000003 -0.000000  0.002012 0.026010 0
0  0.005498 -0.003835 -0.018387  1.000000 0.000003 -0.000000  0.224806 0.028744 0
mount_dovetail_rsr_akr_1913_railed_mount_LOD0
0  0.005498 -0.024161 0.015639  1.000000 0.000001 0.000002  0.002012 0.026010 0
0  0.005498 -0.004247 -0.018663  1.000000 0.000001 0.000002  0.224886 0.026010 0
0  0.005498 -0.003835 -0.018387  1.000000 0.000001 0.000002  0.224806 0.028744 0
mount_dovetail_rsr_akr_1913_railed_mount_LOD0
0  0.005498 -0.003835 -0.018387  1.000000 0.000002 0.000002  0.224806 0.028744 0
0  0.005498 -0.004247 -0.018663  1.000000 0.000002 0.000002  0.224886 0.026010 0
0  0.005498 -0.002994 -0.019667  1.000000 0.000002 0.000002  0.233701 0.028744 0
mount_dovetail_rsr_akr_1913_railed_mount_LOD0
0  0.005498 -0.004247 -0.018663  1.000000 0.000003 0.000002  0.224886 0.026010 0
0  0.005498 -0.003343 -0.020016  1.000000 0.000003 0.000002  0.233693 0.026010 0
0  0.005498 -0.002994 -0.019667  1.000000 0.000003 0.000002  0.233701 0.028744 0
mount_dovetail_rsr_akr_1913_railed_mount_LOD0
0  0.005498 -0.002994 -0.019667  1.000000 0.000004 0.000002  0.233701 0.028744 0
0  0.005498 -0.003343 -0.020016  1.000000 0.000004 0.000002  0.233693 0.026010 0
0  0.005498 -0.001801 -0.020465  1.000000 0.000004 0.000002  0.242275 0.028744 0
mount_dovetail_rsr_akr_1913_railed_mount_LOD0
0  0.005498 -0.003343 -0.020016  1.000000 0.000005 0.000008  0.233693 0.026010 0
0  0.005498 -0.001990 -0.020920  1.000000 0.000005 0.000008  0.242283 0.026010 0
0  0.005498 -0.001801 -0.020465  1.000000 0.000005 0.000008  0.242275 0.028744 0
mount_dovetail_rsr_akr_1913_railed_mount_LOD0
0  0.005498 -0.001801 -0.020465  1.000000 0.000002 0.000009  0.242275 0.028744 0
0  0.005498 -0.001990 -0.020920  1.000000 0.000002 0.000009  0.242283 0.026010 0
0  0.005498 -0.000345 -0.020746  1.000000 0.000002 0.000009  0.251001 0.028744 0
mount_dovetail_rsr_akr_1913_railed_mount_LOD0
0  0.005498 -0.001990 -0.020920  1.000000 0.000002 0.000009  0.242283 0.026010 0
0  0.005498 -0.000393 -0.021238  1.000000 0.000002 0.000009  0.251004 0.026010 0
0  0.005498 -0.000345 -0.020746  1.000000 0.000002 0.000009  0.251001 0.028744 0
mount_dovetail_rsr_akr_1913_railed_mount_LOD0
0  0.005498 -0.000345 -0.020746  1.000000 -0.000001 0.000010  0.251001 0.028744 0
0  0.005498 -0.000393 -0.021238  1.000000 -0.000001 0.000010  0.251004 0.026010 0
0  0.005498 0.005780 -0.020746  1.000000 -0.000001 0.000010  0.285632 0.028744 0
mount_dovetail_rsr_akr_1913_railed_mount_LOD0
0  0.005498 -0.000393 -0.021238  1.000000 -0.000000 0.000009  0.251004 0.026010 0
0  0.005498 0.005809 -0.021238  1.000000 -0.000000 0.000009  0.285632 0.026010 0
0  0.005498 0.005780 -0.020746  1.000000 -0.000000 0.000009  0.285632 0.028744 0
mount_dovetail_rsr_akr_1913_railed_mount_LOD0
0  0.005498 0.080979 0.006234  1.000000 -0.000008 -0.000006  0.467016 0.382046 0
0  0.005498 0.075368 0.015900  1.000000 -0.000008 -0.000006  0.529999 0.382046 0
0  0.005498 0.074958 0.015727  1.000000 -0.000008 -0.000006  0.529999 0.384534 0
mount_dovetail_rsr_akr_1913_railed_mount_LOD0
0  0.005498 0.080603 0.006003  1.000000 -0.000006 -0.000003  0.467016 0.384534 0
0  0.005498 0.080979 0.006234  1.000000 -0.000006 -0.000003  0.467016 0.382046 0
0  0.005498 0.074958 0.015727  1.000000 -0.000006 -0.000003  0.529999 0.384534 0
mount_dovetail_rsr_akr_1913_railed_mount_LOD0
0  0.005498 0.027497 -0.002594  1.000000 -0.000008 0.000008  0.964398 0.226019 0
0  0.005498 0.027165 -0.002927  1.000000 -0.000008 0.000008  0.966273 0.224161 0
0  0.005498 0.027951 -0.002472  1.000000 -0.000008 0.000008  0.963719 0.228489 0
mount_dovetail_rsr_akr_1913_railed_mount_LOD0
0  0.005498 0.027165 -0.002927  1.000000 -0.000003 0.000001  0.966273 0.224161 0
0  0.005498 0.027043 -0.003380  1.000000 -0.000003 0.000001  0.968816 0.223478 0
0  0.005498 0.027951 -0.002472  1.000000 -0.000003 0.000001  0.963719 0.228489 0
mount_dovetail_rsr_akr_1913_railed_mount_LOD0
0  0.005498 0.027043 -0.003380  1.000000 -0.000002 -0.000002  0.968816 0.223478 0
0  0.005498 0.027951 -0.004289  1.000000 -0.000002 -0.000002  0.973989 0.228489 0
0  0.005498 0.027951 -0.002472  1.000000 -0.000002 -0.000002  0.963719 0.228489 0
mount_dovetail_rsr_akr_1913_railed_mount_LOD0
0  0.005498 0.027951 -0.002472  1.000000 -0.000000 -0.000002  0.963719 0.228489 0
0  0.005498 0.027951 -0.004289  1.000000 -0.000000 -0.000002  0.973989 0.228489 0
0  0.005498 0.075719 -0.002472  1.000000 -0.000000 -0.000002  0.963719 0.496659 0
mount_dovetail_rsr_akr_1913_railed_mount_LOD0
0  0.005498 0.027497 -0.004166  1.000000 0.000000 0.000000  0.973249 0.225999 0
0  0.005498 0.027951 -0.004289  1.000000 0.000000 0.000000  0.973989 0.228489 0
0  0.005498 0.027043 -0.003380  1.000000 0.000000 0.000000  0.968816 0.223478 0
mount_dovetail_rsr_akr_1913_railed_mount_LOD0
0  0.005498 0.027165 -0.003834  1.000000 0.000000 0.000000  0.971360 0.224156 0
0  0.005498 0.027497 -0.004166  1.000000 0.000000 0.000000  0.973249 0.225999 0
0  0.005498 0.027043 -0.003380  1.000000 0.000000 0.000000  0.968816 0.223478 0
mount_dovetail_rsr_akr_1913_railed_mount_LOD0
0  0.001133 0.051600 -0.018837  -1.000000 0.000002 -0.000001  0.881836 0.129572 0
0  0.001133 0.050211 -0.017446  -1.000000 0.000002 -0.000001  0.875583 0.123307 0
0  0.001133 0.052991 -0.017446  -1.000000 0.000002 -0.000001  0.888102 0.123317 0
mount_dovetail_rsr_akr_1913_railed_mount_LOD0
0  0.001133 0.052991 -0.017446  -1.000000 0.000003 0.000000  0.888102 0.123317 0
0  0.001133 0.050211 -0.017446  -1.000000 0.000003 0.000000  0.875583 0.123307 0
0  0.001133 0.052991 -0.013177  -1.000000 0.000003 0.000000  0.888102 0.104081 0
mount_dovetail_rsr_akr_1913_railed_mount_LOD0
0  0.001133 0.050211 -0.017446  -1.000000 0.000000 0.000002  0.875583 0.123307 0
0  0.001133 0.027136 -0.017446  -1.000000 0.000000 0.000002  0.771645 0.123307 0
0  0.001133 0.052991 -0.013177  -1.000000 0.000000 0.000002  0.888102 0.104081 0
mount_dovetail_rsr_akr_1913_railed_mount_LOD0
0  0.001133 0.027136 -0.017446  -1.000000 -0.000000 0.000002  0.771645 0.123307 0
0  0.001133 0.024352 -0.013177  -1.000000 -0.000000 0.000002  0.759105 0.104081 0
0  0.001133 0.052991 -0.013177  -1.000000 -0.000000 0.000002  0.888102 0.104081 0
mount_dovetail_rsr_akr_1913_railed_mount_LOD0
0  0.001133 0.024352 -0.017446  -1.000000 -0.000003 0.000000  0.759105 0.123317 0
0  0.001133 0.024352 -0.013177  -1.000000 -0.000003 0.000000  0.759105 0.104081 0
0  0.001133 0.027136 -0.017446  -1.000000 -0.000003 0.000000  0.771645 0.123307 0
mount_dovetail_rsr_akr_1913_railed_mount_LOD0
0  0.001133 0.025743 -0.018837  -1.000000 -0.000002 -0.000001  0.765370 0.129572 0
0  0.001133 0.024352 -0.017446  -1.000000 -0.000002 -0.000001  0.759105 0.123317 0
0  0.001133 0.027136 -0.017446  -1.000000 -0.000002 -0.000001  0.771645 0.123307 0
mount_dovetail_rsr_akr_1913_railed_mount_LOD0
0  -0.003058 0.088472 -0.002341  -1.000000 -0.000002 -0.000003  0.600485 0.529111 0
0  -0.003058 0.088472 -0.000733  -1.000000 -0.000002 -0.000003  0.607734 0.529111 0
0  -0.003058 0.092502 -0.002341  -1.000000 -0.000002 -0.000003  0.600485 0.547260 0
mount_dovetail_rsr_akr_1913_railed_mount_LOD0
0  -0.003058 0.088472 -0.000733  -1.000000 -0.000001 -0.000000  0.607734 0.529111 0
0  -0.003058 0.091813 -0.000733  -1.000000 -0.000001 -0.000000  0.607734 0.544158 0
0  -0.003058 0.092502 -0.002341  -1.000000 -0.000001 -0.000000  0.600485 0.547260 0
mount_dovetail_rsr_akr_1913_railed_mount_LOD0
0  -0.003058 0.092502 -0.002341  -1.000000 0.000002 0.000001  0.600485 0.547260 0
0  -0.003058 0.091813 -0.000733  -1.000000 0.000002 0.000001  0.607734 0.544158 0
0  -0.003058 0.093121 -0.000862  -1.000000 0.000002 0.000001  0.607147 0.550047 0
mount_dovetail_rsr_akr_1913_railed_mount_LOD0
0  -0.003058 0.094378 -0.001243  -1.000000 0.000003 0.000000  0.605434 0.555711 0
0  -0.003058 0.092502 -0.002341  -1.000000 0.000003 0.000000  0.600485 0.547260 0
0  -0.003058 0.093121 -0.000862  -1.000000 0.000003 0.000000  0.607147 0.550047 0
mount_dovetail_rsr_akr_1913_railed_mount_LOD0
0  -0.003058 0.095536 -0.001862  -1.000000 0.000001 0.000002  0.602639 0.560932 0
0  -0.003058 0.092502 -0.002341  -1.000000 0.000001 0.000002  0.600485 0.547260 0
0  -0.003058 0.094378 -0.001243  -1.000000 0.000001 0.000002  0.605434 0.555711 0
mount_dovetail_rsr_akr_1913_railed_mount_LOD0
0  -0.003058 0.096552 -0.002696  -1.000000 0.000001 0.000002  0.598884 0.565504 0
0  -0.003058 0.092502 -0.002341  -1.000000 0.000001 0.000002  0.600485 0.547260 0
0  -0.003058 0.095536 -0.001862  -1.000000 0.000001 0.000002  0.602639 0.560932 0
mount_dovetail_rsr_akr_1913_railed_mount_LOD0
0  -0.003058 0.097385 -0.003711  -1.000000 0.000002 0.000003  0.594313 0.569256 0
0  -0.003058 0.092502 -0.002341  -1.000000 0.000002 0.000003  0.600485 0.547260 0
0  -0.003058 0.096552 -0.002696  -1.000000 0.000002 0.000003  0.598884 0.565504 0
mount_dovetail_rsr_akr_1913_railed_mount_LOD0
0  -0.003058 0.098005 -0.004870  -1.000000 0.000001 0.000001  0.589094 0.572048 0
0  -0.003058 0.092502 -0.002341  -1.000000 0.000001 0.000001  0.600485 0.547260 0
0  -0.003058 0.097385 -0.003711  -1.000000 0.000001 0.000001  0.594313 0.569256 0
mount_dovetail_rsr_akr_1913_railed_mount_LOD0
0  -0.003058 0.098386 -0.006127  -1.000000 0.000001 0.000001  0.583434 0.573763 0
0  -0.003058 0.092502 -0.002341  -1.000000 0.000001 0.000001  0.600485 0.547260 0
0  -0.003058 0.098005 -0.004870  -1.000000 0.000001 0.000001  0.589094 0.572048 0
mount_dovetail_rsr_akr_1913_railed_mount_LOD0
0  -0.003058 0.098515 -0.007434  -1.000000 0.000001 0.000001  0.577546 0.574343 0
0  -0.003058 0.092502 -0.002341  -1.000000 0.000001 0.000001  0.600485 0.547260 0
0  -0.003058 0.098386 -0.006127  -1.000000 0.000001 0.000001  0.583434 0.573763 0
mount_dovetail_rsr_akr_1913_railed_mount_LOD0
0  -0.003059 0.092502 -0.015424  -1.000000 0.000002 0.000002  0.541552 0.547258 0
0  -0.003058 0.092502 -0.002341  -1.000000 0.000002 0.000002  0.600485 0.547260 0
0  -0.003058 0.098515 -0.007434  -1.000000 0.000002 0.000002  0.577546 0.574343 0
mount_dovetail_rsr_akr_1913_railed_mount_LOD0
0  -0.003058 0.098515 -0.015424  -1.000000 0.000005 0.000000  0.541561 0.574343 0
0  -0.003059 0.092502 -0.015424  -1.000000 0.000005 0.000000  0.541552 0.547258 0
0  -0.003058 0.098515 -0.007434  -1.000000 0.000005 0.000000  0.577546 0.574343 0
mount_dovetail_rsr_akr_1913_railed_mount_LOD0
0  -0.003058 0.094148 -0.017066  -1.000000 0.000005 -0.000007  0.534155 0.554679 0
0  -0.003059 0.092502 -0.015424  -1.000000 0.000005 -0.000007  0.541552 0.547258 0
0  -0.003058 0.098515 -0.015424  -1.000000 0.000005 -0.000007  0.541561 0.574343 0
mount_dovetail_rsr_akr_1913_railed_mount_LOD0
0  -0.003058 0.096868 -0.017066  -1.000000 0.000002 0.000001  0.534155 0.566927 0
0  -0.003058 0.094148 -0.017066  -1.000000 0.000002 0.000001  0.534155 0.554679 0
0  -0.003058 0.098515 -0.015424  -1.000000 0.000002 0.000001  0.541561 0.574343 0
mount_dovetail_rsr_akr_1913_railed_mount_LOD0
0  -0.002468 0.085572 -0.006035  -1.000000 0.000003 0.000001  0.627393 0.690053 0
0  -0.002468 0.085572 -0.003334  -1.000000 0.000003 0.000001  0.639559 0.690052 0
0  -0.002468 0.088330 -0.006035  -1.000000 0.000003 0.000001  0.627393 0.702477 0
mount_dovetail_rsr_akr_1913_railed_mount_LOD0
0  -0.002468 0.085572 -0.003334  -1.000000 0.000002 0.000000  0.639559 0.690052 0
0  -0.002468 0.086565 -0.002341  -1.000000 0.000002 0.000000  0.644025 0.694525 0
0  -0.002468 0.088330 -0.006035  -1.000000 0.000002 0.000000  0.627393 0.702477 0
mount_dovetail_rsr_akr_1913_railed_mount_LOD0
0  -0.002468 0.088330 -0.006035  -1.000000 -0.000002 -0.000001  0.627393 0.702477 0
0  -0.002468 0.086565 -0.002341  -1.000000 -0.000002 -0.000001  0.644025 0.694525 0
0  -0.002468 0.092502 -0.002341  -1.000000 -0.000002 -0.000001  0.644025 0.721269 0
mount_dovetail_rsr_akr_1913_railed_mount_LOD0
0  -0.002468 0.089927 -0.006353  -1.000000 -0.000001 -0.000003  0.625961 0.709670 0
0  -0.002468 0.088330 -0.006035  -1.000000 -0.000001 -0.000003  0.627393 0.702477 0
0  -0.002468 0.092502 -0.002341  -1.000000 -0.000001 -0.000003  0.644025 0.721269 0
mount_dovetail_rsr_akr_1913_railed_mount_LOD0
0  -0.002468 0.091280 -0.007257  -1.000000 -0.000010 0.000004  0.621891 0.715764 0
0  -0.002468 0.089927 -0.006353  -1.000000 -0.000010 0.000004  0.625961 0.709670 0
0  -0.002468 0.092502 -0.002341  -1.000000 -0.000010 0.000004  0.644025 0.721269 0
mount_dovetail_rsr_akr_1913_railed_mount_LOD0
0  -0.002468 0.092184 -0.008610  -1.000000 -0.000009 0.000003  0.615791 0.719837 0
0  -0.002468 0.091280 -0.007257  -1.000000 -0.000009 0.000003  0.621891 0.715764 0
0  -0.002468 0.092502 -0.002341  -1.000000 -0.000009 0.000003  0.644025 0.721269 0
mount_dovetail_rsr_akr_1913_railed_mount_LOD0
0  -0.002468 0.092502 -0.010206  -1.000000 -0.000013 0.000003  0.608606 0.721267 0
0  -0.002468 0.092184 -0.008610  -1.000000 -0.000013 0.000003  0.615791 0.719837 0
0  -0.002468 0.092502 -0.002341  -1.000000 -0.000013 0.000003  0.644025 0.721269 0
mount_dovetail_rsr_akr_1913_railed_mount_LOD0
0  0.000344 0.092502 -0.015424  -1.000000 -0.000004 -0.000010  0.763839 0.039574 0
0  0.000344 0.094148 -0.017066  -1.000000 -0.000004 -0.000010  0.771259 0.032179 0
0  0.000344 0.092184 -0.017020  -1.000000 -0.000004 -0.000010  0.762409 0.032389 0
mount_dovetail_rsr_akr_1913_railed_mount_LOD0
0  0.000344 0.092184 -0.017020  -1.000000 -0.000004 -0.000008  0.762409 0.032389 0
0  0.000344 0.094148 -0.017066  -1.000000 -0.000004 -0.000008  0.771259 0.032179 0
0  0.000344 0.091280 -0.018373  -1.000000 -0.000004 -0.000008  0.758337 0.026289 0
mount_dovetail_rsr_akr_1913_railed_mount_LOD0
0  0.000344 0.091280 -0.018373  -1.000000 -0.000002 -0.000013  0.758337 0.026289 0
0  0.000344 0.094148 -0.017066  -1.000000 -0.000002 -0.000013  0.771259 0.032179 0
0  0.000345 0.098005 -0.019631  -1.000000 -0.000002 -0.000013  0.788628 0.020621 0
mount_dovetail_rsr_akr_1913_railed_mount_LOD0
0  0.000344 0.094148 -0.017066  -1.000000 0.000002 -0.000008  0.771259 0.032179 0
0  0.000344 0.096868 -0.017066  -1.000000 0.000002 -0.000008  0.783506 0.032179 0
0  0.000345 0.098005 -0.019631  -1.000000 0.000002 -0.000008  0.788628 0.020621 0
mount_dovetail_rsr_akr_1913_railed_mount_LOD0
0  0.000345 0.098005 -0.019631  -1.000000 0.000011 -0.000003  0.788628 0.020621 0
0  0.000344 0.096868 -0.017066  -1.000000 0.000011 -0.000003  0.783506 0.032179 0
0  0.000345 0.098386 -0.018374  -1.000000 0.000011 -0.000003  0.790346 0.026289 0
mount_dovetail_rsr_akr_1913_railed_mount_LOD0
0  0.000344 0.096868 -0.017066  -1.000000 0.000013 -0.000001  0.783506 0.032179 0
0  0.000345 0.098515 -0.017066  -1.000000 0.000013 -0.000001  0.790925 0.032179 0
0  0.000345 0.098386 -0.018374  -1.000000 0.000013 -0.000001  0.790346 0.026289 0
mount_dovetail_rsr_akr_1913_railed_mount_LOD0
0  0.000344 0.098515 -0.015424  -1.000000 0.000013 -0.000003  0.790925 0.039574 0
0  0.000345 0.098515 -0.017066  -1.000000 0.000013 -0.000003  0.790925 0.032179 0
0  0.000344 0.096868 -0.017066  -1.000000 0.000013 -0.000003  0.783506 0.032179 0
mount_dovetail_rsr_akr_1913_railed_mount_LOD0
0  0.000345 0.097385 -0.020790  -1.000000 0.000000 -0.000001  0.785835 0.015401 0
0  0.000344 0.091280 -0.018373  -1.000000 0.000000 -0.000001  0.758337 0.026289 0
0  0.000345 0.098005 -0.019631  -1.000000 0.000000 -0.000001  0.788628 0.020621 0
mount_dovetail_rsr_akr_1913_railed_mount_LOD0
0  0.000345 0.096552 -0.021805  -1.000000 0.000000 -0.000001  0.782082 0.010829 0
0  0.000344 0.091280 -0.018373  -1.000000 0.000000 -0.000001  0.758337 0.026289 0
0  0.000345 0.097385 -0.020790  -1.000000 0.000000 -0.000001  0.785835 0.015401 0
mount_dovetail_rsr_akr_1913_railed_mount_LOD0
0  0.000345 0.095536 -0.022639  -1.000000 0.000001 -0.000001  0.777509 0.007073 0
0  0.000344 0.091280 -0.018373  -1.000000 0.000001 -0.000001  0.758337 0.026289 0
0  0.000345 0.096552 -0.021805  -1.000000 0.000001 -0.000001  0.782082 0.010829 0
mount_dovetail_rsr_akr_1913_railed_mount_LOD0
0  0.000345 0.094378 -0.023258  -1.000000 0.000001 -0.000001  0.772288 0.004292 0
0  0.000344 0.091280 -0.018373  -1.000000 0.000001 -0.000001  0.758337 0.026289 0
0  0.000345 0.095536 -0.022639  -1.000000 0.000001 -0.000001  0.777509 0.007073 0
mount_dovetail_rsr_akr_1913_railed_mount_LOD0
0  0.000345 0.089927 -0.019278  -1.000000 -0.000009 -0.000007  0.752240 0.022220 0
0  0.000344 0.091280 -0.018373  -1.000000 -0.000009 -0.000007  0.758337 0.026289 0
0  0.000345 0.094378 -0.023258  -1.000000 -0.000009 -0.000007  0.772288 0.004292 0
mount_dovetail_rsr_akr_1913_railed_mount_LOD0
0  0.000345 0.093121 -0.023639  -1.000000 -0.000001 0.000002  0.766624 0.002565 0
0  0.000345 0.089927 -0.019278  -1.000000 -0.000001 0.000002  0.752240 0.022220 0
0  0.000345 0.094378 -0.023258  -1.000000 -0.000001 0.000002  0.772288 0.004292 0
mount_dovetail_rsr_akr_1913_railed_mount_LOD0
0  0.000345 0.088330 -0.019595  -1.000000 -0.000003 0.000000  0.745048 0.020788 0
0  0.000345 0.089927 -0.019278  -1.000000 -0.000003 0.000000  0.752240 0.022220 0
0  0.000345 0.093121 -0.023639  -1.000000 -0.000003 0.000000  0.766624 0.002565 0
mount_dovetail_rsr_akr_1913_railed_mount_LOD0
0  0.000345 0.091813 -0.023768  -1.000000 -0.000000 0.000004  0.760737 0.001991 0
0  0.000345 0.088330 -0.019595  -1.000000 -0.000000 0.000004  0.745048 0.020788 0
0  0.000345 0.093121 -0.023639  -1.000000 -0.000000 0.000004  0.766624 0.002565 0
mount_dovetail_rsr_akr_1913_railed_mount_LOD0
0  0.000345 0.062375 -0.019595  -1.000000 0.000000 0.000004  0.628138 0.020788 0
0  0.000345 0.088330 -0.019595  -1.000000 0.000000 0.000004  0.745048 0.020788 0
0  0.000345 0.091813 -0.023768  -1.000000 0.000000 0.000004  0.760737 0.001991 0
mount_dovetail_rsr_akr_1913_railed_mount_LOD0
0  0.000345 0.062375 -0.023768  -1.000000 0.000000 0.000003  0.628134 0.001991 0
0  0.000345 0.062375 -0.019595  -1.000000 0.000000 0.000003  0.628138 0.020788 0
0  0.000345 0.091813 -0.023768  -1.000000 0.000000 0.000003  0.760737 0.001991 0
mount_dovetail_rsr_akr_1913_railed_mount_LOD0
0  -0.002468 0.036593 -0.024830  -0.866081 -0.499903 0.000026  0.859012 0.709761 0
0  -0.002468 0.036593 -0.023655  -0.846966 -0.531646 0.000032  0.865625 0.709761 0
0  -0.002468 0.040750 -0.024830  -0.866081 0.499903 -0.000004  0.859012 0.733173 0
mount_dovetail_rsr_akr_1913_railed_mount_LOD0
0  -0.002468 0.036593 -0.023655  -0.846966 -0.531647 0.000005  0.865625 0.709761 0
0  -0.002468 0.040750 -0.023655  -0.846967 0.531646 -0.000026  0.865625 0.733170 0
0  -0.002468 0.040750 -0.024830  -0.866082 0.499903 -0.000028  0.859012 0.733173 0
mount_dovetail_rsr_akr_1913_railed_mount_LOD0
0  -0.002468 0.040750 -0.024830  -0.866064 0.499933 0.000024  0.859012 0.733173 0
0  -0.002468 0.040750 -0.023655  -0.846974 0.531635 0.000026  0.865625 0.733170 0
0  0.001133 0.042829 -0.024830  -0.000014 1.000000 -0.000005  0.859016 0.756582 0
mount_dovetail_rsr_akr_1913_railed_mount_LOD0
0  -0.002468 0.040750 -0.023655  -0.846974 0.531634 -0.000015  0.865625 0.733170 0
0  0.001133 0.042829 -0.022752  0.042207 0.999109 0.000007  0.870715 0.756581 0
0  0.001133 0.042829 -0.024830  -0.000014 1.000000 -0.000028  0.859016 0.756582 0
mount_dovetail_rsr_akr_1913_railed_mount_LOD0
0  0.001133 0.042829 -0.024830  0.000013 1.000000 0.000024  0.859016 0.756582 0
0  0.001133 0.042829 -0.022752  0.042187 0.999110 0.000038  0.870715 0.756581 0
0  0.004733 0.040750 -0.024830  0.866064 0.499933 -0.000013  0.859017 0.779990 0
mount_dovetail_rsr_akr_1913_railed_mount_LOD0
0  0.001133 0.042829 -0.022752  0.042188 0.999110 0.000012  0.870715 0.756581 0
0  0.004733 0.040750 -0.022752  0.866065 0.499932 -0.000024  0.870715 0.779989 0
0  0.004733 0.040750 -0.024830  0.866065 0.499932 -0.000041  0.859017 0.779990 0
mount_dovetail_rsr_akr_1913_railed_mount_LOD0
0  0.004733 0.040750 -0.024830  0.866081 0.499904 0.000024  0.859017 0.779990 0
0  0.004733 0.040750 -0.022752  0.866081 0.499904 0.000041  0.870715 0.779989 0
0  0.004733 0.036593 -0.024830  0.866082 -0.499902 -0.000013  0.859018 0.803399 0
mount_dovetail_rsr_akr_1913_railed_mount_LOD0
0  0.004733 0.040750 -0.022752  0.866081 0.499903 0.000013  0.870715 0.779989 0
0  0.004733 0.036593 -0.022752  0.866081 -0.499903 -0.000024  0.870716 0.803399 0
0  0.004733 0.036593 -0.024830  0.866081 -0.499903 -0.000041  0.859018 0.803399 0
mount_dovetail_rsr_akr_1913_railed_mount_LOD0
0  0.004733 0.036593 -0.024830  0.866066 -0.499931 0.000024  0.859018 0.803399 0
0  0.004733 0.036593 -0.022752  0.866066 -0.499931 0.000041  0.870716 0.803399 0
0  0.001133 0.034514 -0.024830  0.000016 -1.000000 -0.000013  0.859018 0.826811 0
mount_dovetail_rsr_akr_1913_railed_mount_LOD0
0  0.004733 0.036593 -0.022752  0.866065 -0.499931 0.000368  0.870716 0.803399 0
0  0.001133 0.034514 -0.022752  0.042190 -0.999110 -0.000022  0.870716 0.826808 0
0  0.001133 0.034514 -0.024830  0.000016 -1.000000 -0.000041  0.859018 0.826811 0
mount_dovetail_rsr_akr_1913_railed_mount_LOD0
0  0.001133 0.034514 -0.024830  -0.000015 -1.000000 0.000024  0.859018 0.826811 0
0  0.001133 0.034514 -0.022752  0.042206 -0.999109 0.000044  0.870716 0.826808 0
0  -0.002468 0.036593 -0.024830  -0.866065 -0.499932 -0.000013  0.859021 0.850220 0
mount_dovetail_rsr_akr_1913_railed_mount_LOD0
0  0.001133 0.034514 -0.022752  0.042202 -0.999109 -0.000014  0.870716 0.826808 0
0  -0.002468 0.036593 -0.023655  -0.846977 -0.531630 0.000012  0.865634 0.850220 0
0  -0.002468 0.036593 -0.024830  -0.866067 -0.499928 -0.000036  0.859021 0.850220 0
mount_dovetail_rsr_akr_1913_railed_mount_LOD0
0  0.004733 0.040750 -0.024830  -0.000001 0.000000 -1.000000  0.167458 0.093775 0
0  0.004733 0.036593 -0.024830  -0.000001 0.000000 -1.000000  0.144050 0.093772 0
0  0.001133 0.034514 -0.024830  -0.000001 0.000000 -1.000000  0.132348 0.073497 0
mount_dovetail_rsr_akr_1913_railed_mount_LOD0
0  0.001133 0.034514 -0.024830  0.000001 0.000000 -1.000000  0.132348 0.073497 0
0  0.001133 0.042829 -0.024830  0.000001 0.000000 -1.000000  0.179168 0.073505 0
0  0.004733 0.040750 -0.024830  0.000001 0.000000 -1.000000  0.167458 0.093775 0
mount_dovetail_rsr_akr_1913_railed_mount_LOD0
0  0.001133 0.034514 -0.024830  -0.000001 0.000000 -1.000000  0.132348 0.073497 0
0  -0.002468 0.036593 -0.024830  -0.000001 0.000000 -1.000000  0.144057 0.053225 0
0  0.001133 0.042829 -0.024830  -0.000001 0.000000 -1.000000  0.179168 0.073505 0
mount_dovetail_rsr_akr_1913_railed_mount_LOD0
0  -0.002468 0.036593 -0.024830  0.000000 0.000000 -1.000000  0.144057 0.053225 0
0  -0.002468 0.040750 -0.024830  0.000000 0.000000 -1.000000  0.167466 0.053229 0
0  0.001133 0.042829 -0.024830  0.000000 0.000000 -1.000000  0.179168 0.073505 0
mount_dovetail_rsr_akr_1913_railed_mount_LOD0
0  0.001133 0.042829 -0.022752  0.000000 0.000000 1.000000  0.917308 0.125058 0
0  0.001133 0.034514 -0.022752  0.000000 0.000000 1.000000  0.917308 0.162514 0
0  0.004733 0.036593 -0.022752  0.000000 0.000000 1.000000  0.901089 0.153150 0
mount_dovetail_rsr_akr_1913_railed_mount_LOD0
0  0.004733 0.040750 -0.022752  0.000000 0.000000 1.000000  0.901089 0.134422 0
0  0.001133 0.042829 -0.022752  0.000000 0.000000 1.000000  0.917308 0.125058 0
0  0.004733 0.036593 -0.022752  0.000000 0.000000 1.000000  0.901089 0.153150 0
mount_dovetail_rsr_akr_1913_railed_mount_LOD0
0  -0.000126 0.040852 -0.013196  -0.499786 0.866149 -0.000014  0.007966 0.657957 0
0  0.001133 0.041189 -0.013196  -0.258819 0.965926 -0.000001  0.002095 0.657957 0
0  0.001133 0.041189 -0.017467  -0.258819 0.965926 -0.000001  0.002095 0.638720 0
mount_dovetail_rsr_akr_1913_railed_mount_LOD0
0  -0.000126 0.040852 -0.017467  -0.499786 0.866149 0.000012  0.007966 0.638720 0
0  -0.000126 0.040852 -0.013196  -0.499786 0.866149 -0.000010  0.007966 0.657957 0
0  0.001133 0.041189 -0.017467  -0.258819 0.965926 0.000000  0.002095 0.638720 0
mount_dovetail_rsr_akr_1913_railed_mount_LOD0
0  -0.001048 0.039930 -0.013196  -0.865996 0.500050 -0.000014  0.013836 0.657957 0
0  -0.000126 0.040852 -0.013196  -0.500047 0.865998 -0.000012  0.007966 0.657957 0
0  -0.000126 0.040852 -0.017467  -0.500047 0.865998 0.000010  0.007966 0.638720 0
mount_dovetail_rsr_akr_1913_railed_mount_LOD0
0  -0.001048 0.039930 -0.017467  -0.865996 0.500050 0.000012  0.013836 0.638720 0
0  -0.001048 0.039930 -0.013196  -0.865996 0.500050 -0.000010  0.013836 0.657957 0
0  -0.000126 0.040852 -0.017467  -0.500047 0.865998 0.000014  0.007966 0.638720 0
mount_dovetail_rsr_akr_1913_railed_mount_LOD0
0  -0.001385 0.038672 -0.013196  -1.000000 0.000151 -0.000014  0.019706 0.657957 0
0  -0.001048 0.039930 -0.013196  -0.866149 0.499785 -0.000012  0.013836 0.657957 0
0  -0.001048 0.039930 -0.017467  -0.866149 0.499785 0.000010  0.013836 0.638720 0
mount_dovetail_rsr_akr_1913_railed_mount_LOD0
0  -0.001385 0.038672 -0.017467  -1.000000 0.000151 0.000012  0.019706 0.638720 0
0  -0.001385 0.038672 -0.013196  -1.000000 0.000151 -0.000010  0.019706 0.657957 0
0  -0.001048 0.039930 -0.017467  -0.866149 0.499785 0.000014  0.013836 0.638720 0
mount_dovetail_rsr_akr_1913_railed_mount_LOD0
0  -0.001048 0.037413 -0.013196  -0.866149 -0.499786 -0.000014  0.025577 0.657957 0
0  -0.001385 0.038672 -0.013196  -1.000000 -0.000153 -0.000012  0.019706 0.657957 0
0  -0.001385 0.038672 -0.017467  -1.000000 -0.000153 0.000010  0.019706 0.638720 0
mount_dovetail_rsr_akr_1913_railed_mount_LOD0
0  -0.001048 0.037413 -0.017467  -0.866149 -0.499786 0.000012  0.025577 0.638720 0
0  -0.001048 0.037413 -0.013196  -0.866149 -0.499786 -0.000010  0.025577 0.657957 0
0  -0.001385 0.038672 -0.017467  -1.000000 -0.000153 0.000014  0.019706 0.638720 0
mount_dovetail_rsr_akr_1913_railed_mount_LOD0
0  -0.000126 0.036491 -0.013196  -0.500050 -0.865996 -0.000014  0.031447 0.657957 0
0  -0.001048 0.037413 -0.013196  -0.865998 -0.500047 -0.000012  0.025577 0.657957 0
0  -0.001048 0.037413 -0.017467  -0.865998 -0.500047 0.000010  0.025577 0.638720 0
mount_dovetail_rsr_akr_1913_railed_mount_LOD0
0  -0.000126 0.036491 -0.017467  -0.500050 -0.865996 0.000012  0.031447 0.638720 0
0  -0.000126 0.036491 -0.013196  -0.500050 -0.865996 -0.000010  0.031447 0.657957 0
0  -0.001048 0.037413 -0.017467  -0.865999 -0.500047 0.000014  0.025577 0.638720 0
mount_dovetail_rsr_akr_1913_railed_mount_LOD0
0  0.001133 0.036154 -0.013196  -0.258819 -0.965926 0.000001  0.037318 0.657957 0
0  -0.000126 0.036491 -0.013196  -0.499786 -0.866149 -0.000011  0.031447 0.657957 0
0  -0.000126 0.036491 -0.017467  -0.499786 -0.866149 0.000011  0.031447 0.638720 0
mount_dovetail_rsr_akr_1913_railed_mount_LOD0
0  0.001133 0.036154 -0.017467  -0.258819 -0.965926 0.000000  0.037318 0.638720 0
0  0.001133 0.036154 -0.013196  -0.258819 -0.965926 0.000000  0.037318 0.657957 0
0  -0.000126 0.036491 -0.017467  -0.499785 -0.866149 0.000014  0.031447 0.638720 0
mount_dovetail_rsr_akr_1913_railed_mount_LOD0
0  -0.001384 0.038672 -0.000733  -0.991517 0.129975 -0.000001  0.684611 0.582452 0
0  -0.001384 0.033710 -0.000733  -1.000000 -0.000000 0.000000  0.684611 0.610388 0
0  -0.001384 0.033710 0.004059  -1.000000 -0.000000 0.000000  0.657632 0.610388 0
mount_dovetail_rsr_akr_1913_railed_mount_LOD0
0  -0.001384 0.038672 0.004059  -0.991517 0.129975 -0.000006  0.657632 0.582452 0
0  -0.001384 0.038672 -0.000733  -0.991517 0.129975 0.000012  0.684611 0.582452 0
0  -0.001384 0.033710 0.004059  -1.000000 -0.000000 -0.000000  0.657632 0.610388 0
mount_dovetail_rsr_akr_1913_railed_mount_LOD0
0  -0.001384 0.038672 0.004059  -0.991482 0.130247 -0.000006  0.657632 0.582452 0
0  -0.001048 0.039930 0.004059  -0.866352 0.499434 0.000021  0.657632 0.575116 0
0  -0.001384 0.038672 -0.000733  -0.991482 0.130247 0.000004  0.684611 0.582452 0
mount_dovetail_rsr_akr_1913_railed_mount_LOD0
0  -0.001048 0.039930 0.004059  -0.866352 0.499435 -0.000007  0.657632 0.575116 0
0  -0.001048 0.039930 -0.000733  -0.866352 0.499435 0.000013  0.684611 0.575116 0
0  -0.001384 0.038672 -0.000733  -0.991482 0.130247 -0.000010  0.684611 0.582452 0
mount_dovetail_rsr_akr_1913_railed_mount_LOD0
0  -0.001048 0.039930 0.004059  -0.866214 0.499673 -0.000012  0.657632 0.575116 0
0  -0.000126 0.040852 0.004059  -0.500050 0.865996 0.000010  0.657632 0.567777 0
0  -0.001048 0.039930 -0.000733  -0.866214 0.499673 0.000011  0.684611 0.575116 0
mount_dovetail_rsr_akr_1913_railed_mount_LOD0
0  -0.000126 0.040852 0.004059  -0.500051 0.865996 -0.000011  0.657632 0.567777 0
0  -0.000126 0.040852 -0.000733  -0.500051 0.865996 0.000012  0.684611 0.567777 0
0  -0.001048 0.039930 -0.000733  -0.866214 0.499673 -0.000010  0.684611 0.575116 0
mount_dovetail_rsr_akr_1913_railed_mount_LOD0
0  -0.000126 0.040852 0.004059  -0.499785 0.866150 -0.000013  0.657632 0.567777 0
0  0.001133 0.041189 0.004059  -0.000151 1.000000 0.000009  0.657632 0.560442 0
0  -0.000126 0.040852 -0.000733  -0.499785 0.866149 0.000010  0.684611 0.567777 0
mount_dovetail_rsr_akr_1913_railed_mount_LOD0
0  0.001133 0.041189 0.004059  -0.000151 1.000000 -0.000011  0.657632 0.560442 0
0  0.001133 0.041189 -0.000733  -0.000151 1.000000 0.000012  0.684611 0.560442 0
0  -0.000126 0.040852 -0.000733  -0.499785 0.866150 -0.000010  0.684611 0.567777 0
mount_dovetail_rsr_akr_1913_railed_mount_LOD0
0  0.002392 0.040852 -0.000733  0.499786 0.866149 -0.000004  0.684611 0.553101 0
0  0.001133 0.041189 -0.000733  0.000152 1.000000 0.000012  0.684611 0.560442 0
0  0.001133 0.041189 0.004059  0.000152 1.000000 0.000025  0.657632 0.560442 0
mount_dovetail_rsr_akr_1913_railed_mount_LOD0
0  0.002392 0.040852 0.004059  0.499786 0.866149 -0.000012  0.657632 0.553101 0
0  0.002392 0.040852 -0.000733  0.499786 0.866149 -0.000025  0.684611 0.553101 0
0  0.001133 0.041189 0.004059  0.000152 1.000000 0.000004  0.657632 0.560442 0
mount_dovetail_rsr_akr_1913_railed_mount_LOD0
0  0.003313 0.039930 -0.000733  0.793075 0.609124 -0.000002  0.684611 0.545764 0
0  0.002392 0.040852 -0.000733  0.500051 0.865996 0.000012  0.684611 0.553101 0
0  0.002392 0.040852 0.004059  0.500051 0.865996 0.000025  0.657632 0.553101 0
mount_dovetail_rsr_akr_1913_railed_mount_LOD0
0  0.003313 0.039930 0.004059  0.793075 0.609124 -0.000006  0.657632 0.545764 0
0  0.003313 0.039930 -0.000733  0.793075 0.609124 -0.000013  0.684611 0.545764 0
0  0.002392 0.040852 0.004059  0.500051 0.865996 0.000004  0.657632 0.553101 0
mount_dovetail_rsr_akr_1913_railed_mount_LOD0
0  0.005498 0.036154 -0.000733  0.865564 0.500798 0.000000  0.684611 0.521195 0
0  0.003313 0.039930 -0.000733  0.793218 0.608938 0.000006  0.684611 0.545764 0
0  0.003313 0.039930 0.004059  0.793218 0.608938 0.000002  0.657632 0.545764 0
mount_dovetail_rsr_akr_1913_railed_mount_LOD0
0  0.005498 0.036154 0.004059  0.865564 0.500798 0.000000  0.657632 0.521196 0
0  0.005498 0.036154 -0.000733  0.865564 0.500798 0.000000  0.684611 0.521195 0
0  0.003313 0.039930 0.004059  0.793218 0.608938 -0.000008  0.657632 0.545764 0
mount_dovetail_rsr_akr_1913_railed_mount_LOD0
0  -0.001384 0.033710 -0.013196  -1.000000 -0.000000 0.000000  0.091257 0.927622 0
0  -0.001384 0.033710 -0.006035  -1.000000 -0.000000 0.000000  0.091257 0.967943 0
0  -0.001384 0.038672 -0.006035  -0.991517 0.129975 0.000002  0.063322 0.967943 0
mount_dovetail_rsr_akr_1913_railed_mount_LOD0
0  -0.001384 0.038672 -0.013196  -0.991517 0.129976 0.000006  0.063322 0.927622 0
0  -0.001384 0.033710 -0.013196  -1.000000 0.000000 0.000000  0.091257 0.927622 0
0  -0.001384 0.038672 -0.006035  -0.991517 0.129976 0.000001  0.063322 0.967943 0
mount_dovetail_rsr_akr_1913_railed_mount_LOD0
0  -0.001384 0.038672 -0.013196  -0.991482 0.130248 0.000006  0.063322 0.927622 0
0  -0.001384 0.038672 -0.006035  -0.991481 0.130248 -0.000012  0.063322 0.967943 0
0  -0.001048 0.039930 -0.013196  -0.866352 0.499435 -0.000004  0.055986 0.927622 0
mount_dovetail_rsr_akr_1913_railed_mount_LOD0
0  -0.001384 0.038672 -0.006035  -0.991482 0.130248 0.000002  0.063322 0.967943 0
0  -0.001048 0.039930 -0.006035  -0.866352 0.499435 -0.000012  0.055986 0.967943 0
0  -0.001048 0.039930 -0.013196  -0.866352 0.499435 0.000023  0.055986 0.927622 0
mount_dovetail_rsr_akr_1913_railed_mount_LOD0
0  -0.001048 0.039930 -0.013196  -0.866215 0.499672 0.000012  0.055986 0.927622 0
0  -0.001048 0.039930 -0.006035  -0.866215 0.499672 -0.000026  0.055986 0.967943 0
0  -0.000126 0.040852 -0.013196  -0.500051 0.865996 0.000119  0.048648 0.927622 0
mount_dovetail_rsr_akr_1913_railed_mount_LOD0
0  -0.001048 0.039930 -0.006035  -0.866215 0.499672 -0.000002  0.055986 0.967943 0
0  -0.000126 0.040852 -0.006035  -0.500051 0.865996 -0.000012  0.048648 0.967943 0
0  -0.000126 0.040852 -0.013196  -0.500051 0.865996 0.000027  0.048648 0.927622 0
mount_dovetail_rsr_akr_1913_railed_mount_LOD0
0  -0.000126 0.040852 -0.013196  -0.499785 0.866150 0.000012  0.048648 0.927622 0
0  -0.000126 0.040852 -0.006035  -0.499785 0.866150 -0.000026  0.048648 0.967943 0
0  0.001133 0.041189 -0.013196  -0.000151 1.000000 0.000003  0.041311 0.927622 0
mount_dovetail_rsr_akr_1913_railed_mount_LOD0
0  -0.000126 0.040852 -0.006035  -0.499785 0.866150 -0.000003  0.048648 0.967943 0
0  0.001133 0.041189 -0.006035  -0.000151 1.000000 -0.000013  0.041311 0.967943 0
0  0.001133 0.041189 -0.013196  -0.000151 1.000000 0.000026  0.041311 0.927622 0
mount_dovetail_rsr_akr_1913_railed_mount_LOD0
0  0.002392 0.040852 -0.013196  0.499786 0.866149 0.000003  0.033972 0.927622 0
0  0.001133 0.041189 -0.013196  0.000152 1.000000 0.000013  0.041311 0.927622 0
0  0.001133 0.041189 -0.006035  0.000152 1.000000 -0.000026  0.041311 0.967943 0
mount_dovetail_rsr_akr_1913_railed_mount_LOD0
0  0.002392 0.040852 -0.006035  0.499786 0.866149 -0.000013  0.033972 0.967943 0
0  0.002392 0.040852 -0.013196  0.499786 0.866149 0.000025  0.033972 0.927622 0
0  0.001133 0.041189 -0.006035  0.000152 1.000000 -0.000004  0.041311 0.967943 0
mount_dovetail_rsr_akr_1913_railed_mount_LOD0
0  0.003313 0.039930 -0.013196  0.793075 0.609124 0.000002  0.026634 0.927622 0
0  0.002392 0.040852 -0.013196  0.500051 0.865996 0.000013  0.033972 0.927622 0
0  0.002392 0.040852 -0.006035  0.500051 0.865996 -0.000025  0.033972 0.967943 0
mount_dovetail_rsr_akr_1913_railed_mount_LOD0
0  0.003313 0.039930 -0.006035  0.793075 0.609124 -0.000007  0.026634 0.967943 0
0  0.003313 0.039930 -0.013196  0.793075 0.609124 0.000012  0.026634 0.927622 0
0  0.002392 0.040852 -0.006035  0.500051 0.865996 -0.000004  0.033972 0.967943 0
mount_dovetail_rsr_akr_1913_railed_mount_LOD0
0  0.005498 0.036154 -0.013196  0.865564 0.500798 -0.000000  0.002066 0.927622 0
0  0.003313 0.039930 -0.013196  0.793218 0.608938 0.000006  0.026634 0.927622 0
0  0.003313 0.039930 -0.006035  0.793218 0.608938 -0.000005  0.026634 0.967943 0
mount_dovetail_rsr_akr_1913_railed_mount_LOD0
0  0.005498 0.036154 -0.006035  0.865564 0.500798 -0.000000  0.002066 0.967943 0
0  0.005498 0.036154 -0.013196  0.865564 0.500798 -0.000000  0.002066 0.927622 0
0  0.003313 0.039930 -0.006035  0.793218 0.608938 -0.000003  0.026634 0.967943 0
mount_dovetail_rsr_akr_1913_railed_mount_LOD0
0  0.004311 0.009055 0.004059  0.308908 -0.951092 0.000026  0.499276 0.531583 0
0  0.003246 0.009055 0.004059  0.000000 -1.000000 0.000004  0.499276 0.525591 0
0  0.003246 0.009055 -0.006035  0.000000 -1.000000 0.000004  0.556110 0.525592 0
mount_dovetail_rsr_akr_1913_railed_mount_LOD0
0  0.004311 0.009055 -0.013196  0.308899 -0.951095 -0.000019  0.596431 0.531584 0
0  0.004311 0.009055 0.004059  0.308899 -0.951095 -0.000009  0.499276 0.531583 0
0  0.003246 0.009055 -0.006035  0.000039 -1.000000 0.000000  0.556110 0.525592 0
mount_dovetail_rsr_akr_1913_railed_mount_LOD0
0  0.005172 0.009680 0.004059  0.809535 -0.587072 -0.000000  0.499276 0.537576 0
0  0.004311 0.009055 0.004059  0.309162 -0.951009 -0.000015  0.499276 0.531583 0
0  0.004311 0.009055 -0.013196  0.309162 -0.951009 -0.000005  0.596431 0.531584 0
mount_dovetail_rsr_akr_1913_railed_mount_LOD0
0  0.004311 0.009055 -0.013196  0.308893 -0.951097 0.000013  0.596431 0.531584 0
0  0.003246 0.009055 -0.006035  0.000033 -1.000000 -0.000001  0.556110 0.525592 0
0  0.002057 0.009055 -0.006035  -0.090447 -0.995901 0.000005  0.556110 0.518898 0
mount_dovetail_rsr_akr_1913_railed_mount_LOD0
0  0.005172 0.009680 -0.013196  0.809534 -0.587073 0.000015  0.596431 0.537576 0
0  0.005172 0.009680 0.004059  0.809534 -0.587073 0.000005  0.499276 0.537576 0
0  0.004311 0.009055 -0.013196  0.309161 -0.951010 0.000000  0.596431 0.531584 0
mount_dovetail_rsr_akr_1913_railed_mount_LOD0
0  0.005498 0.010693 0.004059  0.951682 -0.307086 -0.000000  0.499276 0.543564 0
0  0.005172 0.009680 0.004059  0.809713 -0.586825 -0.000015  0.499276 0.537576 0
0  0.005172 0.009680 -0.013196  0.809713 -0.586825 -0.000008  0.596431 0.537576 0
mount_dovetail_rsr_akr_1913_railed_mount_LOD0
0  0.005498 0.010693 -0.013196  0.951682 -0.307085 -0.000000  0.596431 0.543565 0
0  0.005498 0.010693 0.004059  0.951682 -0.307085 -0.000000  0.499276 0.543564 0
0  0.005172 0.009680 -0.013196  0.809714 -0.586825 -0.000008  0.596431 0.537576 0
mount_dovetail_rsr_akr_1913_railed_mount_LOD0
0  0.002057 0.009055 -0.013196  -0.090444 -0.995902 0.000004  0.596431 0.518898 0
0  0.004311 0.009055 -0.013196  0.308896 -0.951096 -0.000020  0.596431 0.531584 0
0  0.002057 0.009055 -0.006035  -0.090444 -0.995902 -0.000007  0.556110 0.518898 0
mount_dovetail_rsr_akr_1913_railed_mount_LOD0
0  0.002057 0.009055 -0.013196  -0.090649 -0.995883 0.000004  0.596431 0.518898 0
0  0.002057 0.009055 -0.006035  -0.090601 -0.995887 -0.000003  0.556110 0.518898 0
0  0.000740 0.009296 -0.013196  -0.375577 -0.926791 0.000085  0.596431 0.511358 0
mount_dovetail_rsr_akr_1913_railed_mount_LOD0
0  0.002057 0.009055 -0.006035  -0.090601 -0.995887 0.000003  0.556110 0.518898 0
0  0.000740 0.009296 -0.006035  -0.375577 -0.926791 -0.000010  0.556110 0.511358 0
0  0.000740 0.009296 -0.013196  -0.375577 -0.926791 0.000008  0.596431 0.511358 0
mount_dovetail_rsr_akr_1913_railed_mount_LOD0
0  0.000740 0.009296 -0.013196  -0.375852 -0.926680 0.000010  0.596431 0.511358 0
0  0.000740 0.009296 -0.006035  -0.375852 -0.926680 0.000003  0.556110 0.511358 0
0  -0.000376 0.010042 -0.013196  -0.707013 -0.707201 0.000001  0.596433 0.503799 0
mount_dovetail_rsr_akr_1913_railed_mount_LOD0
0  0.000740 0.009296 -0.006035  -0.375851 -0.926680 -0.000001  0.556110 0.511358 0
0  -0.000376 0.010042 -0.006035  -0.707013 -0.707201 -0.000009  0.556110 0.503799 0
0  -0.000376 0.010042 -0.013196  -0.707013 -0.707201 -0.000003  0.596433 0.503799 0
mount_dovetail_rsr_akr_1913_railed_mount_LOD0
0  -0.000376 0.010042 -0.013196  -0.707203 -0.707011 0.000010  0.596433 0.503799 0
0  -0.000376 0.010042 -0.006035  -0.707203 -0.707011 0.000003  0.556110 0.503799 0
0  -0.001122 0.011159 -0.013196  -0.923863 -0.382724 0.000059  0.596433 0.496237 0
mount_dovetail_rsr_akr_1913_railed_mount_LOD0
0  -0.000376 0.010042 -0.006035  -0.707203 -0.707011 -0.000001  0.556110 0.503799 0
0  -0.001122 0.011159 -0.006035  -0.923863 -0.382724 -0.000009  0.556110 0.496237 0
0  -0.001122 0.011159 -0.013196  -0.923863 -0.382724 -0.000003  0.596433 0.496237 0
mount_dovetail_rsr_akr_1913_railed_mount_LOD0
0  -0.001122 0.011159 -0.013196  -0.923969 -0.382467 0.000009  0.596433 0.496237 0
0  -0.001122 0.011159 -0.006035  -0.923969 -0.382467 0.000003  0.556110 0.496237 0
0  -0.001384 0.012476 -0.013196  -1.000000 -0.000137 0.000001  0.596433 0.488676 0
mount_dovetail_rsr_akr_1913_railed_mount_LOD0
0  -0.001122 0.011159 -0.006035  -0.923969 -0.382466 -0.000001  0.556110 0.496237 0
0  -0.001384 0.012476 -0.006035  -1.000000 -0.000137 -0.000009  0.556110 0.488676 0
0  -0.001384 0.012476 -0.013196  -1.000000 -0.000137 -0.000003  0.596433 0.488676 0
mount_dovetail_rsr_akr_1913_railed_mount_LOD0
0  -0.001384 0.012476 -0.013196  -1.000000 0.000138 0.000009  0.596433 0.488676 0
0  -0.001384 0.012476 -0.006035  -1.000000 0.000138 0.000003  0.556110 0.488676 0
0  -0.001122 0.013793 -0.013196  -0.923969 0.382468 0.000059  0.596433 0.481115 0
mount_dovetail_rsr_akr_1913_railed_mount_LOD0
0  -0.001384 0.012476 -0.006035  -1.000000 0.000138 -0.000001  0.556110 0.488676 0
0  -0.001122 0.013793 -0.006035  -0.923969 0.382468 -0.000009  0.556110 0.481115 0
0  -0.001122 0.013793 -0.013196  -0.923969 0.382468 -0.000003  0.596433 0.481115 0
mount_dovetail_rsr_akr_1913_railed_mount_LOD0
0  -0.001122 0.013793 -0.013196  -0.923864 0.382721 0.000009  0.596433 0.481115 0
0  -0.001122 0.013793 -0.006035  -0.923864 0.382721 0.000003  0.556110 0.481115 0
0  -0.000376 0.014910 -0.013196  -0.707205 0.707008 0.000088  0.596433 0.473554 0
mount_dovetail_rsr_akr_1913_railed_mount_LOD0
0  -0.001122 0.013793 -0.006035  -0.923864 0.382721 -0.000059  0.556110 0.481115 0
0  -0.000376 0.014910 -0.006035  -0.707205 0.707008 -0.000009  0.556110 0.473554 0
0  -0.000376 0.014910 -0.013196  -0.707205 0.707008 -0.000003  0.596433 0.473554 0
mount_dovetail_rsr_akr_1913_railed_mount_LOD0
0  -0.000376 0.014910 -0.013196  -0.707009 0.707205 0.000010  0.596433 0.473554 0
0  -0.000376 0.014910 -0.006035  -0.707009 0.707205 0.000003  0.556110 0.473554 0
0  0.000740 0.015656 -0.013196  -0.382722 0.923864 0.000001  0.596433 0.465995 0
mount_dovetail_rsr_akr_1913_railed_mount_LOD0
0  -0.000376 0.014910 -0.006035  -0.707009 0.707205 -0.000001  0.556110 0.473554 0
0  0.000740 0.015656 -0.006035  -0.382722 0.923864 -0.000009  0.556110 0.465995 0
0  0.000740 0.015656 -0.013196  -0.382722 0.923864 -0.000003  0.596433 0.465995 0
mount_dovetail_rsr_akr_1913_railed_mount_LOD0
0  0.000740 0.015656 -0.013196  -0.382468 0.923969 0.000009  0.596433 0.465995 0
0  0.000740 0.015656 -0.006035  -0.382468 0.923969 0.000003  0.556110 0.465995 0
0  0.002057 0.015918 -0.013196  -0.195091 0.980785 0.000000  0.596433 0.458433 0
mount_dovetail_rsr_akr_1913_railed_mount_LOD0
0  0.000740 0.015656 -0.006035  -0.382468 0.923969 -0.000059  0.556110 0.465995 0
0  0.002057 0.015918 -0.006035  -0.195091 0.980785 0.000000  0.556110 0.458433 0
0  0.002057 0.015918 -0.013196  -0.195091 0.980785 0.000000  0.596433 0.458433 0
mount_dovetail_rsr_akr_1913_railed_mount_LOD0
0  0.002057 0.027951 -0.006035  -1.000000 0.000000 0.000000  0.753543 0.238543 0
0  0.002057 0.029943 -0.006035  -1.000000 0.000000 0.000000  0.744571 0.238543 0
0  0.002057 0.029943 -0.013196  -1.000000 0.000000 0.000000  0.744571 0.206284 0
mount_dovetail_rsr_akr_1913_railed_mount_LOD0
0  0.002057 0.026632 -0.005665  -1.000000 0.000002 0.000000  0.759486 0.240207 0
0  0.002057 0.027951 -0.006035  -1.000000 0.000002 0.000000  0.753543 0.238543 0
0  0.002057 0.029943 -0.013196  -1.000000 0.000002 0.000000  0.744571 0.206284 0
mount_dovetail_rsr_akr_1913_railed_mount_LOD0
0  0.002057 0.015918 -0.013196  -1.000000 -0.000000 -0.000000  0.807747 0.206284 0
0  0.002057 0.026632 -0.005665  -1.000000 -0.000000 -0.000000  0.759486 0.240207 0
0  0.002057 0.029943 -0.013196  -1.000000 -0.000000 -0.000000  0.744571 0.206284 0
mount_dovetail_rsr_akr_1913_railed_mount_LOD0
0  0.002057 0.025666 -0.004700  -1.000000 -0.000000 -0.000000  0.763836 0.244559 0
0  0.002057 0.026632 -0.005665  -1.000000 -0.000000 -0.000000  0.759486 0.240207 0
0  0.002057 0.015918 -0.013196  -1.000000 -0.000000 -0.000000  0.807747 0.206284 0
mount_dovetail_rsr_akr_1913_railed_mount_LOD0
0  0.002057 0.015918 -0.006035  -1.000000 -0.000000 0.000000  0.807745 0.238544 0
0  0.002057 0.025666 -0.004700  -1.000000 -0.000000 0.000000  0.763836 0.244559 0
0  0.002057 0.015918 -0.013196  -1.000000 -0.000000 0.000000  0.807747 0.206284 0
mount_dovetail_rsr_akr_1913_railed_mount_LOD0
0  0.002057 0.025313 -0.003380  -1.000000 -0.000000 -0.000000  0.765428 0.250501 0
0  0.002057 0.025666 -0.004700  -1.000000 -0.000000 -0.000000  0.763836 0.244559 0
0  0.002057 0.015918 -0.006035  -1.000000 -0.000000 -0.000000  0.807745 0.238544 0
mount_dovetail_rsr_akr_1913_railed_mount_LOD0
0  0.002057 0.025666 -0.002061  -1.000000 -0.000001 0.000001  0.763836 0.256444 0
0  0.002057 0.025313 -0.003380  -1.000000 -0.000001 0.000001  0.765428 0.250501 0
0  0.002057 0.015918 -0.006035  -1.000000 -0.000001 0.000001  0.807745 0.238544 0
mount_dovetail_rsr_akr_1913_railed_mount_LOD0
0  0.002057 0.010693 0.004059  -0.987761 -0.155975 -0.000002  0.831282 0.284009 0
0  0.002057 0.025666 -0.002061  -1.000000 -0.000000 0.000000  0.763836 0.256444 0
0  0.002057 0.015918 -0.006035  -1.000000 -0.000000 0.000000  0.807745 0.238544 0
mount_dovetail_rsr_akr_1913_railed_mount_LOD0
0  0.002057 0.026632 -0.001096  -1.000000 -0.000000 0.000000  0.759486 0.260793 0
0  0.002057 0.025666 -0.002061  -1.000000 -0.000000 0.000000  0.763836 0.256444 0
0  0.002057 0.010693 0.004059  -0.987761 -0.155975 -0.000005  0.831282 0.284009 0
mount_dovetail_rsr_akr_1913_railed_mount_LOD0
0  0.002057 0.010693 -0.006035  -0.987761 -0.155975 0.000007  0.831282 0.238544 0
0  0.002057 0.010693 0.004059  -0.987761 -0.155975 0.000005  0.831282 0.284009 0
0  0.002057 0.015918 -0.006035  -1.000000 -0.000000 0.000000  0.807745 0.238544 0
mount_dovetail_rsr_akr_1913_railed_mount_LOD0
0  0.002057 0.027951 -0.000733  -1.000000 0.000000 0.000002  0.753543 0.262427 0
0  0.002057 0.026632 -0.001096  -1.000000 0.000000 0.000002  0.759486 0.260793 0
0  0.002057 0.010693 0.004059  -0.987761 -0.155975 0.000012  0.831282 0.284009 0
mount_dovetail_rsr_akr_1913_railed_mount_LOD0
0  0.002057 0.029943 0.004059  -1.000000 -0.000000 0.000000  0.744571 0.284009 0
0  0.002057 0.027951 -0.000733  -1.000000 -0.000000 0.000000  0.753543 0.262427 0
0  0.002057 0.010693 0.004059  -0.987761 -0.155975 0.000009  0.831282 0.284009 0
mount_dovetail_rsr_akr_1913_railed_mount_LOD0
0  0.002057 0.029943 -0.000733  -1.000000 0.000001 0.000000  0.744571 0.262427 0
0  0.002057 0.027951 -0.000733  -1.000000 0.000001 0.000000  0.753543 0.262427 0
0  0.002057 0.029943 0.004059  -1.000000 0.000001 0.000000  0.744571 0.284009 0
mount_dovetail_rsr_akr_1913_railed_mount_LOD0
0  0.002057 0.010693 0.004059  -0.987716 -0.156261 -0.000008  0.831282 0.284009 0
0  0.002057 0.010693 -0.006035  -0.987716 -0.156261 0.000003  0.831282 0.238544 0
0  0.002385 0.009680 0.004059  -0.809292 -0.587407 -0.000019  0.836076 0.284009 0
mount_dovetail_rsr_akr_1913_railed_mount_LOD0
0  0.002057 0.010693 -0.006035  -0.987716 -0.156259 0.000010  0.831282 0.238544 0
0  0.002385 0.009680 -0.006035  -0.809293 -0.587405 0.000015  0.836076 0.238544 0
0  0.002385 0.009680 0.004059  -0.809293 -0.587405 -0.000007  0.836076 0.284009 0
mount_dovetail_rsr_akr_1913_railed_mount_LOD0
0  0.002385 0.009680 0.004059  -0.809140 -0.587616 -0.000015  0.836076 0.284009 0
0  0.002385 0.009680 -0.006035  -0.809140 -0.587616 0.000008  0.836076 0.238544 0
0  0.003246 0.009055 0.004059  -0.587737 -0.809052 0.000000  0.840867 0.284009 0
mount_dovetail_rsr_akr_1913_railed_mount_LOD0
0  0.002385 0.009680 -0.006035  -0.809130 -0.587630 0.000025  0.836076 0.238544 0
0  0.003246 0.009055 -0.006035  -0.587762 -0.809034 0.000003  0.840867 0.238544 0
0  0.003246 0.009055 0.004059  -0.587762 -0.809034 0.000003  0.840867 0.284009 0
mount_dovetail_rsr_akr_1913_railed_mount_LOD0
0  -0.001384 0.033710 -0.013196  -0.572749 -0.819731 0.000000  0.736603 0.309448 0
0  0.000940 0.032087 -0.013196  -0.751172 -0.660107 0.000028  0.736603 0.322216 0
0  -0.001384 0.033710 -0.006035  -0.572749 -0.819731 0.000000  0.704348 0.309448 0
mount_dovetail_rsr_akr_1913_railed_mount_LOD0
0  0.000940 0.032087 -0.013196  -0.751173 -0.660106 -0.000019  0.736603 0.322216 0
0  0.000940 0.032087 -0.006035  -0.751172 -0.660106 -0.000001  0.704348 0.322216 0
0  -0.001384 0.033710 -0.006035  -0.572750 -0.819730 -0.000001  0.704348 0.309448 0
mount_dovetail_rsr_akr_1913_railed_mount_LOD0
0  0.002057 0.029943 -0.006035  -0.886778 -0.462196 -0.000000  0.704348 0.333106 0
0  0.000940 0.032087 -0.006035  -0.751351 -0.659902 -0.000000  0.704348 0.322216 0
0  0.000940 0.032087 -0.013196  -0.751383 -0.659866 -0.000010  0.736603 0.322216 0
mount_dovetail_rsr_akr_1913_railed_mount_LOD0
0  0.002057 0.029943 -0.013196  -0.886778 -0.462195 0.000000  0.736603 0.333106 0
0  0.002057 0.029943 -0.006035  -0.886778 -0.462195 0.000000  0.704348 0.333106 0
0  0.000940 0.032087 -0.013196  -0.751352 -0.659902 0.000000  0.736603 0.322216 0
mount_dovetail_rsr_akr_1913_railed_mount_LOD0
0  -0.001384 0.033710 0.004059  -0.572750 -0.819730 0.000000  0.911073 0.640406 0
0  -0.001384 0.033710 -0.000733  -0.572750 -0.819730 0.000000  0.911073 0.618824 0
0  0.000940 0.032087 -0.000733  -0.751172 -0.660106 0.000003  0.923842 0.618824 0
mount_dovetail_rsr_akr_1913_railed_mount_LOD0
0  0.000940 0.032087 0.004059  -0.751172 -0.660106 0.000000  0.923842 0.640406 0
0  -0.001384 0.033710 0.004059  -0.572750 -0.819730 0.000000  0.911073 0.640406 0
0  0.000940 0.032087 -0.000733  -0.751172 -0.660106 -0.000003  0.923842 0.618824 0
mount_dovetail_rsr_akr_1913_railed_mount_LOD0
0  0.002057 0.029943 0.004059  -0.886778 -0.462196 0.000000  0.934731 0.640406 0
0  0.000940 0.032087 0.004059  -0.751383 -0.659867 0.000000  0.923842 0.640406 0
0  0.000940 0.032087 -0.000733  -0.751383 -0.659867 0.000011  0.923842 0.618824 0
mount_dovetail_rsr_akr_1913_railed_mount_LOD0
0  0.002057 0.029943 -0.000733  -0.886778 -0.462196 0.000000  0.934731 0.618824 0
0  0.002057 0.029943 0.004059  -0.886778 -0.462196 0.000000  0.934731 0.640406 0
0  0.000940 0.032087 -0.000733  -0.751351 -0.659902 0.000000  0.923842 0.618824 0
mount_dovetail_rsr_akr_1913_railed_mount_LOD0
0  0.001133 0.040777 0.004059  -0.000149 -1.000000 0.000013  0.002108 0.356072 0
0  0.001133 0.040777 0.001178  -0.000149 -1.000000 0.000000  0.002108 0.339852 0
0  0.002186 0.040495 0.001178  -0.499783 -0.866151 0.000031  0.008246 0.339852 0
mount_dovetail_rsr_akr_1913_railed_mount_LOD0
0  0.002186 0.040495 0.004059  -0.499783 -0.866151 0.000000  0.008246 0.356072 0
0  0.001133 0.040777 0.004059  -0.000149 -1.000000 -0.000031  0.002108 0.356072 0
0  0.002186 0.040495 0.001178  -0.499783 -0.866151 -0.000013  0.008246 0.339852 0
mount_dovetail_rsr_akr_1913_railed_mount_LOD0
0  0.002186 0.040495 0.004059  -0.500050 -0.865997 0.000014  0.008246 0.356072 0
0  0.002186 0.040495 0.001178  -0.500050 -0.865997 0.000000  0.008246 0.339852 0
0  0.002956 0.039724 0.001178  -0.865998 -0.500047 0.000031  0.014384 0.339852 0
mount_dovetail_rsr_akr_1913_railed_mount_LOD0
0  0.002956 0.039724 0.004059  -0.865999 -0.500047 0.000000  0.014384 0.356072 0
0  0.002186 0.040495 0.004059  -0.500050 -0.865996 -0.000031  0.008246 0.356072 0
0  0.002956 0.039724 0.001178  -0.865999 -0.500047 -0.000014  0.014384 0.339852 0
mount_dovetail_rsr_akr_1913_railed_mount_LOD0
0  0.002956 0.039724 0.004059  -0.866149 -0.499786 0.000013  0.014384 0.356072 0
0  0.002956 0.039724 0.001178  -0.866149 -0.499786 0.000000  0.014384 0.339852 0
0  0.003239 0.038672 0.001178  -1.000000 -0.000152 0.000031  0.020523 0.339852 0
mount_dovetail_rsr_akr_1913_railed_mount_LOD0
0  0.003239 0.038672 0.004059  -1.000000 -0.000152 0.000000  0.020523 0.356072 0
0  0.002956 0.039724 0.004059  -0.866149 -0.499785 -0.000031  0.014384 0.356072 0
0  0.003239 0.038672 0.001178  -1.000000 -0.000152 -0.000013  0.020523 0.339852 0
mount_dovetail_rsr_akr_1913_railed_mount_LOD0
0  0.003239 0.038672 0.004059  -1.000000 0.000152 0.000014  0.020523 0.356072 0
0  0.003239 0.038672 0.001178  -1.000000 0.000152 0.000000  0.020523 0.339852 0
0  0.002956 0.037619 0.001178  -0.866149 0.499786 0.000031  0.026660 0.339852 0
mount_dovetail_rsr_akr_1913_railed_mount_LOD0
0  0.002956 0.037619 0.004059  -0.866150 0.499785 0.000000  0.026660 0.356072 0
0  0.003239 0.038672 0.004059  -1.000000 0.000151 -0.000031  0.020523 0.356072 0
0  0.002956 0.037619 0.001178  -0.866150 0.499785 -0.000014  0.026660 0.339852 0
mount_dovetail_rsr_akr_1913_railed_mount_LOD0
0  0.002956 0.037619 0.004059  -0.865996 0.500051 0.000013  0.026660 0.356072 0
0  0.002956 0.037619 0.001178  -0.865996 0.500051 0.000000  0.026660 0.339852 0
0  0.002186 0.036848 0.001178  -0.500046 0.865999 0.000031  0.032798 0.339852 0
mount_dovetail_rsr_akr_1913_railed_mount_LOD0
0  0.002186 0.036848 0.004059  -0.500045 0.865999 0.000000  0.032798 0.356072 0
0  0.002956 0.037619 0.004059  -0.865996 0.500052 -0.000031  0.026660 0.356072 0
0  0.002186 0.036848 0.001178  -0.500045 0.865999 -0.000013  0.032798 0.339852 0
mount_dovetail_rsr_akr_1913_railed_mount_LOD0
0  0.002186 0.036848 0.004059  -0.499786 0.866149 0.000013  0.032798 0.356072 0
0  0.002186 0.036848 0.001178  -0.499786 0.866149 0.000000  0.032798 0.339852 0
0  0.001133 0.036566 0.001178  -0.000152 1.000000 0.000031  0.038936 0.339852 0
mount_dovetail_rsr_akr_1913_railed_mount_LOD0
0  0.001133 0.036566 0.004059  -0.000152 1.000000 0.000000  0.038936 0.356072 0
0  0.002186 0.036848 0.004059  -0.499786 0.866149 -0.000031  0.032798 0.356072 0
0  0.001133 0.036566 0.001178  -0.000152 1.000000 -0.000013  0.038936 0.339852 0
mount_dovetail_rsr_akr_1913_railed_mount_LOD0
0  0.001133 0.036566 0.004059  0.000152 1.000000 0.000013  0.038936 0.356072 0
0  0.001133 0.036566 0.001178  0.000152 1.000000 0.000000  0.038936 0.339852 0
0  0.000080 0.036848 0.001178  0.499786 0.866149 0.000031  0.045073 0.339852 0
mount_dovetail_rsr_akr_1913_railed_mount_LOD0
0  0.000080 0.036848 0.004059  0.499786 0.866149 0.000002  0.045073 0.356072 0
0  0.001133 0.036566 0.004059  0.000152 1.000000 -0.000028  0.038936 0.356072 0
0  0.000080 0.036848 0.001178  0.499786 0.866149 -0.000011  0.045073 0.339852 0
mount_dovetail_rsr_akr_1913_railed_mount_LOD0
0  0.000080 0.036848 0.004059  0.500050 0.865996 0.000012  0.045073 0.356072 0
0  0.000080 0.036848 0.001178  0.500050 0.865997 -0.000001  0.045073 0.339852 0
0  -0.000691 0.037619 0.001178  0.865998 0.500047 0.000030  0.051211 0.339852 0
mount_dovetail_rsr_akr_1913_railed_mount_LOD0
0  -0.000691 0.037619 0.004059  0.865998 0.500047 0.000001  0.051211 0.356072 0
0  0.000080 0.036848 0.004059  0.500050 0.865997 -0.000030  0.045073 0.356072 0
0  -0.000691 0.037619 0.001178  0.865998 0.500047 -0.000012  0.051211 0.339852 0
mount_dovetail_rsr_akr_1913_railed_mount_LOD0
0  -0.000691 0.037619 0.004059  0.866149 0.499786 0.000013  0.051211 0.356072 0
0  -0.000691 0.037619 0.001178  0.866149 0.499786 -0.000001  0.051211 0.339852 0
0  -0.000973 0.038672 0.001178  1.000000 0.000153 0.000030  0.057349 0.339852 0
mount_dovetail_rsr_akr_1913_railed_mount_LOD0
0  -0.000973 0.038672 0.004059  1.000000 0.000153 0.000000  0.057349 0.356072 0
0  -0.000691 0.037619 0.004059  0.866149 0.499786 -0.000031  0.051211 0.356072 0
0  -0.000973 0.038672 0.001178  1.000000 0.000153 -0.000013  0.057349 0.339852 0
mount_dovetail_rsr_akr_1913_railed_mount_LOD0
0  -0.000973 0.038672 0.004059  1.000000 -0.000152 0.000013  0.057349 0.356072 0
0  -0.000973 0.038672 0.001178  1.000000 -0.000152 0.000000  0.057349 0.339852 0
0  -0.000691 0.039724 0.001178  0.866149 -0.499786 0.000031  0.063486 0.339852 0
mount_dovetail_rsr_akr_1913_railed_mount_LOD0
0  -0.000691 0.039724 0.004059  0.866149 -0.499786 0.000000  0.063486 0.356072 0
0  -0.000973 0.038672 0.004059  1.000000 -0.000152 -0.000031  0.057349 0.356072 0
0  -0.000691 0.039724 0.001178  0.866149 -0.499786 -0.000013  0.063486 0.339852 0
mount_dovetail_rsr_akr_1913_railed_mount_LOD0
0  -0.000691 0.039724 0.004059  0.865998 -0.500047 0.000014  0.063486 0.356072 0
0  -0.000691 0.039724 0.001178  0.865998 -0.500047 0.000000  0.063486 0.339852 0
0  0.000080 0.040495 0.001178  0.500050 -0.865997 0.000031  0.069624 0.339852 0
mount_dovetail_rsr_akr_1913_railed_mount_LOD0
0  0.000080 0.040495 0.004059  0.500050 -0.865997 0.000000  0.069624 0.356072 0
0  -0.000691 0.039724 0.004059  0.865998 -0.500047 -0.000031  0.063486 0.356072 0
0  0.000080 0.040495 0.001178  0.500050 -0.865997 -0.000014  0.069624 0.339852 0
mount_dovetail_rsr_akr_1913_railed_mount_LOD0
0  0.000080 0.040495 0.004059  0.499783 -0.866150 0.000016  0.069624 0.356072 0
0  0.000080 0.040495 0.001178  0.499783 -0.866151 0.000002  0.069624 0.339852 0
0  0.001133 0.040777 0.001178  0.000149 -1.000000 0.000033  0.075761 0.339852 0
mount_dovetail_rsr_akr_1913_railed_mount_LOD0
0  0.001133 0.040777 0.004059  0.000149 -1.000000 0.000000  0.075761 0.356072 0
0  0.000080 0.040495 0.004059  0.499783 -0.866151 -0.000031  0.069624 0.356072 0
0  0.001133 0.040777 0.001178  0.000149 -1.000000 -0.000013  0.075761 0.339852 0
mount_dovetail_rsr_akr_1913_railed_mount_LOD0
0  0.001133 0.036566 0.001178  -0.000000 0.000000 1.000000  0.669798 0.614956 0
0  0.002186 0.036848 0.001178  -0.000000 0.000000 1.000000  0.675727 0.616545 0
0  0.002956 0.037619 0.001178  -0.000000 0.000000 1.000000  0.680067 0.620886 0
mount_dovetail_rsr_akr_1913_railed_mount_LOD0
0  0.003239 0.038672 0.001178  0.000000 0.000000 1.000000  0.681656 0.626814 0
0  0.001133 0.036566 0.001178  0.000000 0.000000 1.000000  0.669798 0.614956 0
0  0.002956 0.037619 0.001178  0.000000 0.000000 1.000000  0.680067 0.620886 0
mount_dovetail_rsr_akr_1913_railed_mount_LOD0
0  0.001133 0.040777 0.001178  0.000000 0.000000 1.000000  0.669798 0.638670 0
0  0.001133 0.036566 0.001178  0.000000 0.000000 1.000000  0.669798 0.614956 0
0  0.003239 0.038672 0.001178  0.000000 0.000000 1.000000  0.681656 0.626814 0
mount_dovetail_rsr_akr_1913_railed_mount_LOD0
0  0.002186 0.040495 0.001178  0.000000 0.000000 1.000000  0.675727 0.637081 0
0  0.001133 0.040777 0.001178  0.000000 0.000000 1.000000  0.669798 0.638670 0
0  0.003239 0.038672 0.001178  0.000000 0.000000 1.000000  0.681656 0.626814 0
mount_dovetail_rsr_akr_1913_railed_mount_LOD0
0  0.002956 0.039724 0.001178  0.000000 0.000000 1.000000  0.680067 0.632741 0
0  0.002186 0.040495 0.001178  0.000000 0.000000 1.000000  0.675727 0.637081 0
0  0.003239 0.038672 0.001178  0.000000 0.000000 1.000000  0.681656 0.626814 0
mount_dovetail_rsr_akr_1913_railed_mount_LOD0
0  -0.000973 0.038672 0.001178  0.000000 0.000000 1.000000  0.657941 0.626814 0
0  0.001133 0.036566 0.001178  0.000000 0.000000 1.000000  0.669798 0.614956 0
0  0.001133 0.040777 0.001178  0.000000 0.000000 1.000000  0.669798 0.638670 0
mount_dovetail_rsr_akr_1913_railed_mount_LOD0
0  0.000080 0.036848 0.001178  0.000000 0.000000 1.000000  0.663869 0.616545 0
0  0.001133 0.036566 0.001178  0.000000 0.000000 1.000000  0.669798 0.614956 0
0  -0.000973 0.038672 0.001178  0.000000 0.000000 1.000000  0.657941 0.626814 0
mount_dovetail_rsr_akr_1913_railed_mount_LOD0
0  -0.000691 0.037619 0.001178  0.000000 0.000000 1.000000  0.659529 0.620886 0
0  0.000080 0.036848 0.001178  0.000000 0.000000 1.000000  0.663869 0.616545 0
0  -0.000973 0.038672 0.001178  0.000000 0.000000 1.000000  0.657941 0.626814 0
mount_dovetail_rsr_akr_1913_railed_mount_LOD0
0  -0.000691 0.039724 0.001178  0.000000 0.000000 1.000000  0.659529 0.632741 0
0  -0.000973 0.038672 0.001178  0.000000 0.000000 1.000000  0.657941 0.626814 0
0  0.001133 0.040777 0.001178  0.000000 0.000000 1.000000  0.669798 0.638670 0
mount_dovetail_rsr_akr_1913_railed_mount_LOD0
0  0.000080 0.040495 0.001178  0.000000 0.000000 1.000000  0.663869 0.637081 0
0  -0.000691 0.039724 0.001178  0.000000 0.000000 1.000000  0.659529 0.632741 0
0  0.001133 0.040777 0.001178  0.000000 0.000000 1.000000  0.669798 0.638670 0
mount_dovetail_rsr_akr_1913_railed_mount_LOD0
0  0.005498 0.036154 -0.006035  1.000000 -0.000000 -0.000000  0.832279 0.540439 0
0  0.005498 0.027951 -0.006035  1.000000 -0.000000 -0.000000  0.786092 0.540439 0
0  0.005498 0.036154 -0.013196  1.000000 -0.000000 -0.000000  0.832279 0.500115 0
mount_dovetail_rsr_akr_1913_railed_mount_LOD0
0  0.005498 0.036154 -0.013196  1.000000 0.000000 -0.000000  0.832279 0.500115 0
0  0.005498 0.027951 -0.006035  1.000000 0.000000 -0.000000  0.786092 0.540439 0
0  0.005498 0.010693 -0.013196  1.000000 0.000000 -0.000000  0.688920 0.500115 0
mount_dovetail_rsr_akr_1913_railed_mount_LOD0
0  0.005498 0.027951 -0.006035  1.000000 0.000000 -0.000000  0.786092 0.540439 0
0  0.005498 0.026632 -0.005665  1.000000 0.000000 -0.000000  0.778665 0.542519 0
0  0.005498 0.010693 -0.013196  1.000000 0.000000 -0.000000  0.688920 0.500115 0
mount_dovetail_rsr_akr_1913_railed_mount_LOD0
0  0.005498 0.026632 -0.005665  1.000000 0.000000 -0.000000  0.778665 0.542519 0
0  0.005498 0.025666 -0.004700  1.000000 0.000000 -0.000000  0.773227 0.547957 0
0  0.005498 0.010693 -0.013196  1.000000 0.000000 -0.000000  0.688920 0.500115 0
mount_dovetail_rsr_akr_1913_railed_mount_LOD0
0  0.005498 0.025666 -0.004700  1.000000 0.000000 -0.000000  0.773227 0.547957 0
0  0.005498 0.025313 -0.003380  1.000000 0.000000 -0.000000  0.771237 0.555384 0
0  0.005498 0.010693 -0.013196  1.000000 0.000000 -0.000000  0.688920 0.500115 0
mount_dovetail_rsr_akr_1913_railed_mount_LOD0
0  0.005498 0.025313 -0.003380  1.000000 0.000000 -0.000000  0.771237 0.555384 0
0  0.005498 0.010693 0.004059  1.000000 0.000000 -0.000000  0.688920 0.597271 0
0  0.005498 0.010693 -0.013196  1.000000 0.000000 -0.000000  0.688920 0.500115 0
mount_dovetail_rsr_akr_1913_railed_mount_LOD0
0  0.005498 0.025666 -0.002061  1.000000 0.000000 -0.000001  0.773227 0.562811 0
0  0.005498 0.010693 0.004059  1.000000 0.000000 -0.000001  0.688920 0.597271 0
0  0.005498 0.025313 -0.003380  1.000000 0.000000 -0.000001  0.771237 0.555384 0
mount_dovetail_rsr_akr_1913_railed_mount_LOD0
0  0.005498 0.026632 -0.001096  1.000000 0.000000 -0.000000  0.778665 0.568250 0
0  0.005498 0.010693 0.004059  1.000000 0.000000 -0.000000  0.688920 0.597271 0
0  0.005498 0.025666 -0.002061  1.000000 0.000000 -0.000000  0.773227 0.562811 0
mount_dovetail_rsr_akr_1913_railed_mount_LOD0
0  0.005498 0.036154 0.004059  1.000000 0.000000 -0.000000  0.832279 0.597271 0
0  0.005498 0.010693 0.004059  1.000000 0.000000 -0.000000  0.688920 0.597271 0
0  0.005498 0.026632 -0.001096  1.000000 0.000000 -0.000000  0.778665 0.568250 0
mount_dovetail_rsr_akr_1913_railed_mount_LOD0
0  0.005498 0.027951 -0.000733  1.000000 0.000000 -0.000000  0.786092 0.570293 0
0  0.005498 0.036154 0.004059  1.000000 0.000000 -0.000000  0.832279 0.597271 0
0  0.005498 0.026632 -0.001096  1.000000 0.000000 -0.000000  0.778665 0.568250 0
mount_dovetail_rsr_akr_1913_railed_mount_LOD0
0  0.005498 0.036154 -0.000733  1.000000 0.000000 -0.000000  0.832279 0.570293 0
0  0.005498 0.036154 0.004059  1.000000 0.000000 -0.000000  0.832279 0.597271 0
0  0.005498 0.027951 -0.000733  1.000000 0.000000 -0.000000  0.786092 0.570293 0
mount_dovetail_rsr_akr_1913_railed_mount_LOD0
0  0.003246 0.009055 -0.006035  0.000000 0.000000 1.000000  0.033140 0.067631 0
0  0.002385 0.009680 -0.006035  0.000000 0.000000 1.000000  0.036665 0.072477 0
0  0.002057 0.009055 -0.006035  0.000000 0.000000 1.000000  0.033144 0.074327 0
mount_dovetail_rsr_akr_1913_railed_mount_LOD0
0  0.002057 0.009055 -0.006035  0.000000 0.000000 1.000000  0.033144 0.074327 0
0  0.002385 0.009680 -0.006035  0.000000 0.000000 1.000000  0.036665 0.072477 0
0  0.002057 0.010693 -0.006035  0.000000 0.000000 1.000000  0.042366 0.074320 0
mount_dovetail_rsr_akr_1913_railed_mount_LOD0
0  0.000740 0.009296 -0.006035  0.000000 0.000000 1.000000  0.034509 0.081741 0
0  0.002057 0.009055 -0.006035  0.000000 0.000000 1.000000  0.033144 0.074327 0
0  0.002057 0.010693 -0.006035  0.000000 0.000000 1.000000  0.042366 0.074320 0
mount_dovetail_rsr_akr_1913_railed_mount_LOD0
0  -0.000376 0.010042 -0.006035  -0.000001 0.000000 1.000000  0.038713 0.088026 0
0  0.000740 0.009296 -0.006035  -0.000001 0.000000 1.000000  0.034509 0.081741 0
0  0.002057 0.010693 -0.006035  -0.000001 0.000000 1.000000  0.042366 0.074320 0
mount_dovetail_rsr_akr_1913_railed_mount_LOD0
0  -0.001122 0.013793 -0.006035  -0.000000 0.000000 1.000000  0.059834 0.092214 0
0  -0.000376 0.010042 -0.006035  -0.000000 0.000000 1.000000  0.038713 0.088026 0
0  0.002057 0.010693 -0.006035  -0.000000 0.000000 1.000000  0.042366 0.074320 0
mount_dovetail_rsr_akr_1913_railed_mount_LOD0
0  -0.001122 0.011159 -0.006035  0.000000 0.000000 1.000000  0.045002 0.092224 0
0  -0.000376 0.010042 -0.006035  0.000000 0.000000 1.000000  0.038713 0.088026 0
0  -0.001122 0.013793 -0.006035  0.000000 0.000000 1.000000  0.059834 0.092214 0
mount_dovetail_rsr_akr_1913_railed_mount_LOD0
0  -0.001384 0.012476 -0.006035  0.000000 0.000000 1.000000  0.052419 0.093693 0
0  -0.001122 0.011159 -0.006035  0.000000 0.000000 1.000000  0.045002 0.092224 0
0  -0.001122 0.013793 -0.006035  0.000000 0.000000 1.000000  0.059834 0.092214 0
mount_dovetail_rsr_akr_1913_railed_mount_LOD0
0  0.002057 0.015918 -0.006035  0.000000 0.000000 1.000000  0.071785 0.074305 0
0  -0.001122 0.013793 -0.006035  0.000000 0.000000 1.000000  0.059834 0.092214 0
0  0.002057 0.010693 -0.006035  0.000000 0.000000 1.000000  0.042366 0.074320 0
mount_dovetail_rsr_akr_1913_railed_mount_LOD0
0  -0.000376 0.014910 -0.006035  0.000000 0.000000 1.000000  0.066118 0.088011 0
0  -0.001122 0.013793 -0.006035  0.000000 0.000000 1.000000  0.059834 0.092214 0
0  0.002057 0.015918 -0.006035  0.000000 0.000000 1.000000  0.071785 0.074305 0
mount_dovetail_rsr_akr_1913_railed_mount_LOD0
0  0.000740 0.015656 -0.006035  -0.000001 0.000000 1.000000  0.070315 0.081721 0
0  -0.000376 0.014910 -0.006035  -0.000001 0.000000 1.000000  0.066118 0.088011 0
0  0.002057 0.015918 -0.006035  -0.000001 0.000000 1.000000  0.071785 0.074305 0
mount_dovetail_rsr_akr_1913_railed_mount_LOD0
0  0.003246 0.009055 0.004059  0.000000 0.000000 1.000000  0.762412 0.775211 0
0  0.004311 0.009055 0.004059  0.000000 0.000000 1.000000  0.768404 0.775213 0
0  0.002385 0.009680 0.004059  0.000000 0.000000 1.000000  0.757562 0.778733 0
mount_dovetail_rsr_akr_1913_railed_mount_LOD0
0  0.004311 0.009055 0.004059  0.000000 0.000000 1.000000  0.768404 0.775213 0
0  0.005172 0.009680 0.004059  0.000000 0.000000 1.000000  0.773250 0.778735 0
0  0.002385 0.009680 0.004059  0.000000 0.000000 1.000000  0.757562 0.778733 0
mount_dovetail_rsr_akr_1913_railed_mount_LOD0
0  0.002385 0.009680 0.004059  0.000000 0.000000 1.000000  0.757562 0.778733 0
0  0.005172 0.009680 0.004059  0.000000 0.000000 1.000000  0.773250 0.778735 0
0  0.002057 0.010693 0.004059  0.000000 0.000000 1.000000  0.755716 0.784433 0
mount_dovetail_rsr_akr_1913_railed_mount_LOD0
0  0.005172 0.009680 0.004059  0.000000 0.000000 1.000000  0.773250 0.778735 0
0  0.005498 0.010693 0.004059  0.000000 0.000000 1.000000  0.775090 0.784434 0
0  0.002057 0.010693 0.004059  0.000000 0.000000 1.000000  0.755716 0.784433 0
mount_dovetail_rsr_akr_1913_railed_mount_LOD0
0  0.002057 0.010693 0.004059  0.000000 0.000000 1.000000  0.755716 0.784433 0
0  0.005498 0.010693 0.004059  0.000000 0.000000 1.000000  0.775090 0.784434 0
0  0.002057 0.029943 0.004059  0.000000 0.000000 1.000000  0.755702 0.892821 0
mount_dovetail_rsr_akr_1913_railed_mount_LOD0
0  0.005498 0.010693 0.004059  0.000000 0.000000 1.000000  0.775090 0.784434 0
0  0.005498 0.036154 0.004059  0.000000 0.000000 1.000000  0.775072 0.927793 0
0  0.002057 0.029943 0.004059  0.000000 0.000000 1.000000  0.755702 0.892821 0
mount_dovetail_rsr_akr_1913_railed_mount_LOD0
0  0.005498 0.036154 0.004059  0.000000 0.000000 1.000000  0.775072 0.927793 0
0  0.000940 0.032087 0.004059  0.000000 0.000000 1.000000  0.749410 0.904891 0
0  0.002057 0.029943 0.004059  0.000000 0.000000 1.000000  0.755702 0.892821 0
mount_dovetail_rsr_akr_1913_railed_mount_LOD0
0  0.005498 0.036154 0.004059  0.000000 0.000000 1.000000  0.775072 0.927793 0
0  0.002186 0.036848 0.004059  0.000000 0.000000 1.000000  0.756421 0.931699 0
0  0.000940 0.032087 0.004059  0.000000 0.000000 1.000000  0.749410 0.904891 0
mount_dovetail_rsr_akr_1913_railed_mount_LOD0
0  0.002186 0.036848 0.004059  0.000000 0.000000 1.000000  0.756421 0.931699 0
0  0.001133 0.036566 0.004059  0.000000 0.000000 1.000000  0.750494 0.930112 0
0  0.000940 0.032087 0.004059  0.000000 0.000000 1.000000  0.749410 0.904891 0
mount_dovetail_rsr_akr_1913_railed_mount_LOD0
0  0.002956 0.037619 0.004059  0.000000 0.000000 1.000000  0.760760 0.936039 0
0  0.002186 0.036848 0.004059  0.000000 0.000000 1.000000  0.756421 0.931699 0
0  0.005498 0.036154 0.004059  0.000000 0.000000 1.000000  0.775072 0.927793 0
mount_dovetail_rsr_akr_1913_railed_mount_LOD0
0  0.003239 0.038672 0.004059  0.000000 0.000000 1.000000  0.762347 0.941969 0
0  0.002956 0.037619 0.004059  0.000000 0.000000 1.000000  0.760760 0.936039 0
0  0.005498 0.036154 0.004059  0.000000 0.000000 1.000000  0.775072 0.927793 0
mount_dovetail_rsr_akr_1913_railed_mount_LOD0
0  0.002956 0.039724 0.004059  0.000000 0.000000 1.000000  0.760758 0.947897 0
0  0.003239 0.038672 0.004059  0.000000 0.000000 1.000000  0.762347 0.941969 0
0  0.005498 0.036154 0.004059  0.000000 0.000000 1.000000  0.775072 0.927793 0
mount_dovetail_rsr_akr_1913_railed_mount_LOD0
0  0.003313 0.039930 0.004059  0.000000 0.000000 1.000000  0.762767 0.949057 0
0  0.002956 0.039724 0.004059  0.000000 0.000000 1.000000  0.760758 0.947897 0
0  0.005498 0.036154 0.004059  0.000000 0.000000 1.000000  0.775072 0.927793 0
mount_dovetail_rsr_akr_1913_railed_mount_LOD0
0  0.002956 0.039724 0.004059  0.000001 0.000000 1.000000  0.760758 0.947897 0
0  0.003313 0.039930 0.004059  0.000001 0.000000 1.000000  0.762767 0.949057 0
0  0.002186 0.040495 0.004059  0.000001 0.000000 1.000000  0.756419 0.952238 0
mount_dovetail_rsr_akr_1913_railed_mount_LOD0
0  0.003313 0.039930 0.004059  0.000000 0.000000 1.000000  0.762767 0.949057 0
0  0.002392 0.040852 0.004059  0.000000 0.000000 1.000000  0.757578 0.954248 0
0  0.002186 0.040495 0.004059  0.000000 0.000000 1.000000  0.756419 0.952238 0
mount_dovetail_rsr_akr_1913_railed_mount_LOD0
0  0.002186 0.040495 0.004059  0.000000 0.000000 1.000000  0.756419 0.952238 0
0  0.002392 0.040852 0.004059  0.000000 0.000000 1.000000  0.757578 0.954248 0
0  0.001133 0.040777 0.004059  0.000000 0.000000 1.000000  0.750490 0.953824 0
mount_dovetail_rsr_akr_1913_railed_mount_LOD0
0  0.002392 0.040852 0.004059  0.000000 0.000000 1.000000  0.757578 0.954248 0
0  0.001133 0.041189 0.004059  0.000000 0.000000 1.000000  0.750490 0.956144 0
0  0.001133 0.040777 0.004059  0.000000 0.000000 1.000000  0.750490 0.953824 0
mount_dovetail_rsr_akr_1913_railed_mount_LOD0
0  0.001133 0.040777 0.004059  0.000000 0.000000 1.000000  0.750490 0.953824 0
0  0.001133 0.041189 0.004059  0.000000 0.000000 1.000000  0.750490 0.956144 0
0  0.000080 0.040495 0.004059  0.000000 0.000000 1.000000  0.744561 0.952234 0
mount_dovetail_rsr_akr_1913_railed_mount_LOD0
0  0.001133 0.041189 0.004059  0.000000 0.000000 1.000000  0.750490 0.956144 0
0  -0.000126 0.040852 0.004059  0.000000 0.000000 1.000000  0.743400 0.954244 0
0  0.000080 0.040495 0.004059  0.000000 0.000000 1.000000  0.744561 0.952234 0
mount_dovetail_rsr_akr_1913_railed_mount_LOD0
0  0.000940 0.032087 0.004059  -0.000000 0.000000 1.000000  0.749410 0.904891 0
0  0.001133 0.036566 0.004059  -0.000000 0.000000 1.000000  0.750494 0.930112 0
0  -0.001384 0.033710 0.004059  -0.000000 0.000000 1.000000  0.736325 0.914032 0
mount_dovetail_rsr_akr_1913_railed_mount_LOD0
0  0.001133 0.036566 0.004059  0.000000 0.000000 1.000000  0.750494 0.930112 0
0  0.000080 0.036848 0.004059  0.000000 0.000000 1.000000  0.744563 0.931698 0
0  -0.001384 0.033710 0.004059  0.000000 0.000000 1.000000  0.736325 0.914032 0
mount_dovetail_rsr_akr_1913_railed_mount_LOD0
0  0.000080 0.036848 0.004059  0.000000 0.000000 1.000000  0.744563 0.931698 0
0  -0.000691 0.037619 0.004059  0.000000 0.000000 1.000000  0.740224 0.936038 0
0  -0.001384 0.033710 0.004059  0.000000 0.000000 1.000000  0.736325 0.914032 0
mount_dovetail_rsr_akr_1913_railed_mount_LOD0
0  0.000080 0.040495 0.004059  0.000000 0.000000 1.000000  0.744561 0.952234 0
0  -0.000126 0.040852 0.004059  0.000000 0.000000 1.000000  0.743400 0.954244 0
0  -0.000691 0.039724 0.004059  0.000000 0.000000 1.000000  0.740221 0.947896 0
mount_dovetail_rsr_akr_1913_railed_mount_LOD0
0  -0.000126 0.040852 0.004059  -0.000000 0.000000 1.000000  0.743400 0.954244 0
0  -0.001048 0.039930 0.004059  -0.000000 0.000000 1.000000  0.738213 0.949055 0
0  -0.000691 0.039724 0.004059  -0.000000 0.000000 1.000000  0.740221 0.947896 0
mount_dovetail_rsr_akr_1913_railed_mount_LOD0
0  -0.001384 0.033710 0.004059  -0.000001 0.000000 1.000000  0.736325 0.914032 0
0  -0.000691 0.037619 0.004059  -0.000001 0.000000 1.000000  0.740224 0.936038 0
0  -0.001384 0.038672 0.004059  -0.000001 0.000000 1.000000  0.736321 0.941967 0
mount_dovetail_rsr_akr_1913_railed_mount_LOD0
0  -0.000691 0.039724 0.004059  0.000000 0.000000 1.000000  0.740221 0.947896 0
0  -0.001048 0.039930 0.004059  0.000000 0.000000 1.000000  0.738213 0.949055 0
0  -0.001384 0.038672 0.004059  0.000000 0.000000 1.000000  0.736321 0.941967 0
mount_dovetail_rsr_akr_1913_railed_mount_LOD0
0  -0.000691 0.037619 0.004059  -0.000002 0.000000 1.000000  0.740224 0.936038 0
0  -0.000973 0.038672 0.004059  -0.000002 0.000000 1.000000  0.738635 0.941967 0
0  -0.001384 0.038672 0.004059  -0.000002 0.000000 1.000000  0.736321 0.941967 0
mount_dovetail_rsr_akr_1913_railed_mount_LOD0
0  -0.000973 0.038672 0.004059  0.000000 0.000000 1.000000  0.738635 0.941967 0
0  -0.000691 0.039724 0.004059  0.000000 0.000000 1.000000  0.740221 0.947896 0
0  -0.001384 0.038672 0.004059  0.000000 0.000000 1.000000  0.736321 0.941967 0
mount_dovetail_rsr_akr_1913_railed_mount_LOD0
0  -0.000126 0.040852 -0.006035  0.000001 0.000000 1.000000  0.546246 0.082663 0
0  -0.001048 0.039930 -0.006035  0.000001 0.000000 1.000000  0.550397 0.078512 0
0  0.001133 0.041189 -0.006035  0.000001 0.000000 1.000000  0.544727 0.088334 0
mount_dovetail_rsr_akr_1913_railed_mount_LOD0
0  -0.001048 0.039930 -0.006035  0.000000 0.000000 1.000000  0.550397 0.078512 0
0  -0.001384 0.038672 -0.006035  0.000000 0.000000 1.000000  0.556067 0.076999 0
0  0.001133 0.041189 -0.006035  0.000000 0.000000 1.000000  0.544727 0.088334 0
mount_dovetail_rsr_akr_1913_railed_mount_LOD0
0  0.001133 0.041189 -0.006035  0.000000 0.000000 1.000000  0.544727 0.088334 0
0  -0.001384 0.038672 -0.006035  0.000000 0.000000 1.000000  0.556067 0.076999 0
0  0.003313 0.039930 -0.006035  0.000000 0.000000 1.000000  0.550395 0.098156 0
mount_dovetail_rsr_akr_1913_railed_mount_LOD0
0  0.002392 0.040852 -0.006035  -0.000001 0.000000 1.000000  0.546246 0.094004 0
0  0.001133 0.041189 -0.006035  -0.000001 0.000000 1.000000  0.544727 0.088334 0
0  0.003313 0.039930 -0.006035  -0.000001 0.000000 1.000000  0.550395 0.098156 0
mount_dovetail_rsr_akr_1913_railed_mount_LOD0
0  -0.001384 0.038672 -0.006035  0.000000 0.000000 1.000000  0.556067 0.076999 0
0  -0.001384 0.033710 -0.006035  0.000000 0.000000 1.000000  0.578415 0.076999 0
0  0.003313 0.039930 -0.006035  0.000000 0.000000 1.000000  0.550395 0.098156 0
mount_dovetail_rsr_akr_1913_railed_mount_LOD0
0  0.003313 0.039930 -0.006035  -0.000000 0.000000 1.000000  0.550395 0.098156 0
0  -0.001384 0.033710 -0.006035  -0.000000 0.000000 1.000000  0.578415 0.076999 0
0  0.005498 0.036154 -0.006035  -0.000000 0.000000 1.000000  0.567407 0.107999 0
mount_dovetail_rsr_akr_1913_railed_mount_LOD0
0  -0.001384 0.033710 -0.006035  0.000000 0.000000 1.000000  0.578415 0.076999 0
0  0.000940 0.032087 -0.006035  0.000000 0.000000 1.000000  0.585728 0.087465 0
0  0.005498 0.036154 -0.006035  0.000000 0.000000 1.000000  0.567407 0.107999 0
mount_dovetail_rsr_akr_1913_railed_mount_LOD0
0  0.005498 0.036154 -0.006035  -0.000000 0.000000 1.000000  0.567407 0.107999 0
0  0.000940 0.032087 -0.006035  -0.000000 0.000000 1.000000  0.585728 0.087465 0
0  0.002057 0.029943 -0.006035  -0.000000 0.000000 1.000000  0.595383 0.092498 0
mount_dovetail_rsr_akr_1913_railed_mount_LOD0
0  0.005498 0.027951 -0.006035  0.000000 0.136105 0.990694  0.604356 0.107999 0
0  0.005498 0.036154 -0.006035  0.000000 0.000000 1.000000  0.567407 0.107999 0
0  0.002057 0.029943 -0.006035  0.000000 0.000000 1.000000  0.595383 0.092498 0
mount_dovetail_rsr_akr_1913_railed_mount_LOD0
0  0.002057 0.027951 -0.006035  0.000000 0.136105 0.990694  0.604356 0.092498 0
0  0.005498 0.027951 -0.006035  -0.000009 0.136105 0.990694  0.604356 0.107999 0
0  0.002057 0.029943 -0.006035  0.000000 0.000000 1.000000  0.595383 0.092498 0
mount_dovetail_rsr_akr_1913_railed_mount_LOD0
0  0.002057 0.027951 -0.006035  -0.000001 0.136365 0.990659  0.604356 0.092498 0
0  0.002057 0.026632 -0.005665  0.000030 0.504731 0.863276  0.610527 0.092498 0
0  0.005498 0.027951 -0.006035  0.000003 0.136365 0.990659  0.604356 0.107999 0
mount_dovetail_rsr_akr_1913_railed_mount_LOD0
0  0.002057 0.026632 -0.005665  -0.000006 0.504729 0.863278  0.610527 0.092498 0
0  0.005498 0.026632 -0.005665  0.000000 0.504729 0.863278  0.610527 0.107999 0
0  0.005498 0.027951 -0.006035  -0.000016 0.136363 0.990659  0.604356 0.107999 0
mount_dovetail_rsr_akr_1913_railed_mount_LOD0
0  0.005498 0.025666 -0.004700  0.000000 0.865997 0.500049  0.616677 0.108000 0
0  0.005498 0.026632 -0.005665  0.000000 0.504980 0.863131  0.610527 0.107999 0
0  0.002057 0.026632 -0.005665  0.000021 0.504980 0.863131  0.610527 0.092498 0
mount_dovetail_rsr_akr_1913_railed_mount_LOD0
0  0.002057 0.025666 -0.004700  -0.000000 0.865996 0.500050  0.616678 0.092499 0
0  0.005498 0.025666 -0.004700  -0.000021 0.865996 0.500050  0.616677 0.108000 0
0  0.002057 0.026632 -0.005665  0.000000 0.504979 0.863132  0.610527 0.092498 0
mount_dovetail_rsr_akr_1913_railed_mount_LOD0
0  0.005498 0.025313 -0.003380  0.000000 1.000000 0.000157  0.622830 0.108001 0
0  0.005498 0.025666 -0.004700  0.000000 0.866146 0.499790  0.616677 0.108000 0
0  0.002057 0.025666 -0.004700  0.000020 0.866146 0.499790  0.616678 0.092499 0
mount_dovetail_rsr_akr_1913_railed_mount_LOD0
0  0.002057 0.025313 -0.003380  -0.000000 1.000000 0.000154  0.622831 0.092500 0
0  0.005498 0.025313 -0.003380  -0.000020 1.000000 0.000154  0.622830 0.108001 0
0  0.002057 0.025666 -0.004700  0.000000 0.866148 0.499788  0.616678 0.092499 0
mount_dovetail_rsr_akr_1913_railed_mount_LOD0
0  0.005498 0.025666 -0.002061  -0.000000 0.866147 -0.499790  0.628980 0.108001 0
0  0.005498 0.025313 -0.003380  0.000000 1.000000 -0.000157  0.622830 0.108001 0
0  0.002057 0.025313 -0.003380  0.000020 1.000000 -0.000157  0.622831 0.092500 0
mount_dovetail_rsr_akr_1913_railed_mount_LOD0
0  0.002057 0.025666 -0.002061  -0.000000 0.866148 -0.499787  0.628981 0.092500 0
0  0.005498 0.025666 -0.002061  -0.000020 0.866148 -0.499787  0.628980 0.108001 0
0  0.002057 0.025313 -0.003380  0.000000 1.000000 -0.000154  0.622831 0.092500 0
mount_dovetail_rsr_akr_1913_railed_mount_LOD0
0  0.005498 0.025666 -0.002061  0.000000 0.865998 -0.500047  0.628980 0.108001 0
0  0.002057 0.025666 -0.002061  0.000021 0.865998 -0.500047  0.628981 0.092500 0
0  0.005498 0.026632 -0.001096  0.000000 0.503077 -0.864242  0.635131 0.108001 0
mount_dovetail_rsr_akr_1913_railed_mount_LOD0
0  0.002057 0.025666 -0.002061  0.000000 0.865998 -0.500047  0.628981 0.092500 0
0  0.002057 0.026632 -0.001096  -0.000000 0.503077 -0.864242  0.635131 0.092500 0
0  0.005498 0.026632 -0.001096  -0.000021 0.503077 -0.864242  0.635131 0.108001 0
mount_dovetail_rsr_akr_1913_railed_mount_LOD0
0  0.002057 0.026632 -0.001096  0.000000 0.502859 -0.864369  0.635131 0.092500 0
0  0.002057 0.027951 -0.000733  0.000016 0.133884 -0.990997  0.641293 0.092500 0
0  0.005498 0.026632 -0.001096  0.000004 0.502859 -0.864369  0.635131 0.108001 0
mount_dovetail_rsr_akr_1913_railed_mount_LOD0
0  0.002057 0.027951 -0.000733  -0.000002 0.133884 -0.990997  0.641293 0.092500 0
0  0.005498 0.027951 -0.000733  -0.000000 0.133884 -0.990997  0.641293 0.108001 0
0  0.005498 0.026632 -0.001096  -0.000030 0.502858 -0.864369  0.635131 0.108001 0
mount_dovetail_rsr_akr_1913_railed_mount_LOD0
0  0.002057 0.027951 -0.000733  0.000000 0.133635 -0.991031  0.641293 0.092500 0
0  0.002057 0.029943 -0.000733  0.000000 0.000000 -1.000000  0.650266 0.092501 0
0  0.005498 0.027951 -0.000733  -0.000008 0.133635 -0.991031  0.641293 0.108001 0
mount_dovetail_rsr_akr_1913_railed_mount_LOD0
0  0.005498 0.027951 -0.000733  -0.000010 0.133635 -0.991031  0.641293 0.108001 0
0  0.002057 0.029943 -0.000733  0.000000 0.000000 -1.000000  0.650266 0.092501 0
0  0.000940 0.032087 -0.000733  0.000000 0.000000 -1.000000  0.659921 0.087469 0
mount_dovetail_rsr_akr_1913_railed_mount_LOD0
0  0.005498 0.036154 -0.000733  0.000000 0.000000 -1.000000  0.678242 0.108001 0
0  0.005498 0.027951 -0.000733  0.000005 0.133635 -0.991031  0.641293 0.108001 0
0  0.000940 0.032087 -0.000733  0.000000 0.000000 -1.000000  0.659921 0.087469 0
mount_dovetail_rsr_akr_1913_railed_mount_LOD0
0  0.003313 0.039930 -0.000733  0.000000 0.000000 -1.000000  0.695254 0.098159 0
0  0.005498 0.036154 -0.000733  0.000000 0.000000 -1.000000  0.678242 0.108001 0
0  0.000940 0.032087 -0.000733  0.000000 0.000000 -1.000000  0.659921 0.087469 0
mount_dovetail_rsr_akr_1913_railed_mount_LOD0
0  -0.001384 0.033710 -0.000733  0.000000 0.000000 -1.000000  0.667236 0.077001 0
0  0.003313 0.039930 -0.000733  0.000000 0.000000 -1.000000  0.695254 0.098159 0
0  0.000940 0.032087 -0.000733  0.000000 0.000000 -1.000000  0.659921 0.087469 0
mount_dovetail_rsr_akr_1913_railed_mount_LOD0
0  -0.001384 0.038672 -0.000733  0.000000 0.000000 -1.000000  0.689583 0.077001 0
0  0.003313 0.039930 -0.000733  0.000000 0.000000 -1.000000  0.695254 0.098159 0
0  -0.001384 0.033710 -0.000733  0.000000 0.000000 -1.000000  0.667236 0.077001 0
mount_dovetail_rsr_akr_1913_railed_mount_LOD0
0  0.002392 0.040852 -0.000733  0.000000 0.000000 -1.000000  0.699404 0.094007 0
0  0.003313 0.039930 -0.000733  0.000000 0.000000 -1.000000  0.695254 0.098159 0
0  -0.001384 0.038672 -0.000733  0.000000 0.000000 -1.000000  0.689583 0.077001 0
mount_dovetail_rsr_akr_1913_railed_mount_LOD0
0  0.001133 0.041189 -0.000733  0.000000 0.000000 -1.000000  0.700925 0.088337 0
0  0.002392 0.040852 -0.000733  0.000000 0.000000 -1.000000  0.699404 0.094007 0
0  -0.001384 0.038672 -0.000733  0.000000 0.000000 -1.000000  0.689583 0.077001 0
mount_dovetail_rsr_akr_1913_railed_mount_LOD0
0  -0.000126 0.040852 -0.000733  0.000000 0.000000 -1.000000  0.699407 0.082666 0
0  0.001133 0.041189 -0.000733  0.000000 0.000000 -1.000000  0.700925 0.088337 0
0  -0.001384 0.038672 -0.000733  0.000000 0.000000 -1.000000  0.689583 0.077001 0
mount_dovetail_rsr_akr_1913_railed_mount_LOD0
0  -0.001048 0.039930 -0.000733  -0.000007 0.000004 -1.000000  0.695255 0.078514 0
0  -0.000126 0.040852 -0.000733  -0.000007 0.000004 -1.000000  0.699407 0.082666 0
0  -0.001384 0.038672 -0.000733  -0.000007 0.000004 -1.000000  0.689583 0.077001 0
mount_dovetail_rsr_akr_1913_railed_mount_LOD0
0  -0.000376 0.014910 -0.013196  0.000000 0.000000 -1.000000  0.558310 0.133875 0
0  0.000740 0.015656 -0.013196  0.000000 0.000000 -1.000000  0.562512 0.140162 0
0  -0.001122 0.013793 -0.013196  0.000000 0.000000 -1.000000  0.552024 0.129675 0
mount_dovetail_rsr_akr_1913_railed_mount_LOD0
0  0.000740 0.015656 -0.013196  0.000000 0.000000 -1.000000  0.562512 0.140162 0
0  0.002057 0.015918 -0.013196  0.000000 0.000000 -1.000000  0.563987 0.147578 0
0  -0.001122 0.013793 -0.013196  0.000000 0.000000 -1.000000  0.552024 0.129675 0
mount_dovetail_rsr_akr_1913_railed_mount_LOD0
0  -0.001122 0.013793 -0.013196  0.000000 0.000000 -1.000000  0.552024 0.129675 0
0  0.002057 0.015918 -0.013196  0.000000 0.000000 -1.000000  0.563987 0.147578 0
0  0.000740 0.009296 -0.013196  0.000000 0.000000 -1.000000  0.526705 0.140165 0
mount_dovetail_rsr_akr_1913_railed_mount_LOD0
0  -0.000376 0.010042 -0.013196  0.000000 0.000000 -1.000000  0.530905 0.133879 0
0  -0.001122 0.013793 -0.013196  0.000000 0.000000 -1.000000  0.552024 0.129675 0
0  0.000740 0.009296 -0.013196  0.000000 0.000000 -1.000000  0.526705 0.140165 0
mount_dovetail_rsr_akr_1913_railed_mount_LOD0
0  -0.001384 0.012476 -0.013196  0.000004 0.000000 -1.000000  0.544606 0.128200 0
0  -0.001122 0.013793 -0.013196  0.000004 0.000000 -1.000000  0.552024 0.129675 0
0  -0.000376 0.010042 -0.013196  0.000004 0.000000 -1.000000  0.530905 0.133879 0
mount_dovetail_rsr_akr_1913_railed_mount_LOD0
0  -0.001122 0.011159 -0.013196  0.000000 0.000000 -1.000000  0.537191 0.129676 0
0  -0.001384 0.012476 -0.013196  0.000000 0.000000 -1.000000  0.544606 0.128200 0
0  -0.000376 0.010042 -0.013196  0.000000 0.000000 -1.000000  0.530905 0.133879 0
mount_dovetail_rsr_akr_1913_railed_mount_LOD0
0  0.000740 0.009296 -0.013196  0.000000 0.000000 -1.000000  0.526705 0.140165 0
0  0.002057 0.015918 -0.013196  0.000000 0.000000 -1.000000  0.563987 0.147578 0
0  0.002057 0.009055 -0.013196  0.000000 0.000000 -1.000000  0.525345 0.147580 0
mount_dovetail_rsr_akr_1913_railed_mount_LOD0
0  0.002057 0.009055 -0.013196  -0.000001 0.000000 -1.000000  0.525345 0.147580 0
0  0.002057 0.015918 -0.013196  -0.000001 0.000000 -1.000000  0.563987 0.147578 0
0  0.005498 0.010693 -0.013196  -0.000001 0.000000 -1.000000  0.534569 0.166952 0
mount_dovetail_rsr_akr_1913_railed_mount_LOD0
0  0.004311 0.009055 -0.013196  0.000000 0.000000 -1.000000  0.525346 0.160269 0
0  0.002057 0.009055 -0.013196  0.000000 0.000000 -1.000000  0.525345 0.147580 0
0  0.005498 0.010693 -0.013196  0.000000 0.000000 -1.000000  0.534569 0.166952 0
mount_dovetail_rsr_akr_1913_railed_mount_LOD0
0  0.005172 0.009680 -0.013196  0.000000 0.000000 -1.000000  0.528869 0.165115 0
0  0.004311 0.009055 -0.013196  0.000000 0.000000 -1.000000  0.525346 0.160269 0
0  0.005498 0.010693 -0.013196  0.000000 0.000000 -1.000000  0.534569 0.166952 0
mount_dovetail_rsr_akr_1913_railed_mount_LOD0
0  0.005498 0.010693 -0.013196  -0.000001 0.000000 -1.000000  0.534569 0.166952 0
0  0.002057 0.015918 -0.013196  -0.000001 0.000000 -1.000000  0.563987 0.147578 0
0  0.005498 0.036154 -0.013196  -0.000001 0.000000 -1.000000  0.677929 0.166952 0
mount_dovetail_rsr_akr_1913_railed_mount_LOD0
0  0.002057 0.015918 -0.013196  0.000000 0.000000 -1.000000  0.563987 0.147578 0
0  0.002057 0.029943 -0.013196  0.000000 0.000000 -1.000000  0.642958 0.147578 0
0  0.005498 0.036154 -0.013196  0.000000 0.000000 -1.000000  0.677929 0.166952 0
mount_dovetail_rsr_akr_1913_railed_mount_LOD0
0  0.005498 0.036154 -0.013196  0.000000 0.000000 -1.000000  0.677929 0.166952 0
0  0.002057 0.029943 -0.013196  0.000000 0.000000 -1.000000  0.642958 0.147578 0
0  0.000940 0.032087 -0.013196  0.000000 0.000000 -1.000000  0.655028 0.141286 0
mount_dovetail_rsr_akr_1913_railed_mount_LOD0
0  0.003313 0.039930 -0.013196  -0.000000 0.000000 -1.000000  0.699193 0.154646 0
0  0.005498 0.036154 -0.013196  -0.000000 0.000000 -1.000000  0.677929 0.166952 0
0  0.000940 0.032087 -0.013196  -0.000000 0.000000 -1.000000  0.655028 0.141286 0
mount_dovetail_rsr_akr_1913_railed_mount_LOD0
0  -0.001384 0.033710 -0.013196  0.000001 0.000000 -1.000000  0.664168 0.128206 0
0  0.003313 0.039930 -0.013196  0.000001 0.000000 -1.000000  0.699193 0.154646 0
0  0.000940 0.032087 -0.013196  0.000001 0.000000 -1.000000  0.655028 0.141286 0
mount_dovetail_rsr_akr_1913_railed_mount_LOD0
0  -0.000126 0.040852 -0.013196  0.000000 0.000000 -1.000000  0.704379 0.135278 0
0  0.003313 0.039930 -0.013196  0.000000 0.000000 -1.000000  0.699193 0.154646 0
0  -0.001384 0.033710 -0.013196  0.000000 0.000000 -1.000000  0.664168 0.128206 0
mount_dovetail_rsr_akr_1913_railed_mount_LOD0
0  0.002392 0.040852 -0.013196  0.000000 0.000000 -1.000000  0.704380 0.149456 0
0  0.003313 0.039930 -0.013196  0.000000 0.000000 -1.000000  0.699193 0.154646 0
0  -0.000126 0.040852 -0.013196  0.000000 0.000000 -1.000000  0.704379 0.135278 0
mount_dovetail_rsr_akr_1913_railed_mount_LOD0
0  0.001133 0.041189 -0.013196  0.000000 0.000000 -1.000000  0.706279 0.142369 0
0  0.002392 0.040852 -0.013196  0.000000 0.000000 -1.000000  0.704380 0.149456 0
0  -0.000126 0.040852 -0.013196  0.000000 0.000000 -1.000000  0.704379 0.135278 0
mount_dovetail_rsr_akr_1913_railed_mount_LOD0
0  -0.001048 0.039930 -0.013196  0.000000 0.000000 -1.000000  0.699190 0.130088 0
0  -0.000126 0.040852 -0.013196  0.000000 0.000000 -1.000000  0.704379 0.135278 0
0  -0.001384 0.033710 -0.013196  0.000000 0.000000 -1.000000  0.664168 0.128206 0
mount_dovetail_rsr_akr_1913_railed_mount_LOD0
0  -0.001384 0.038672 -0.013196  0.000000 0.000000 -1.000000  0.692101 0.128199 0
0  -0.001048 0.039930 -0.013196  0.000000 0.000000 -1.000000  0.699190 0.130088 0
0  -0.001384 0.033710 -0.013196  0.000000 0.000000 -1.000000  0.664168 0.128206 0
mount_dovetail_rsr_akr_1913_railed_mount_LOD0
0  -0.001735 -0.036729 0.030980  0.000000 0.000000 1.000000  0.168035 0.438787 0
0  0.002975 -0.036356 0.030980  0.000000 0.000000 1.000000  0.194565 0.440887 0
0  -0.003039 -0.036729 0.030980  0.000000 0.000000 1.000000  0.160687 0.438787 0
mount_dovetail_rsr_akr_1913_railed_mount_LOD0
0  -0.001735 -0.036729 0.030980  0.000000 0.000000 1.000000  0.168035 0.438787 0
0  -0.000680 -0.037496 0.030980  0.000000 0.000000 1.000000  0.173970 0.434473 0
0  0.002975 -0.036356 0.030980  0.000000 0.000000 1.000000  0.194565 0.440887 0
mount_dovetail_rsr_akr_1913_railed_mount_LOD0
0  -0.000680 -0.037496 0.030980  0.000003 0.000000 1.000000  0.173970 0.434473 0
0  -0.000275 -0.038736 0.030980  0.000003 0.000000 1.000000  0.176258 0.427489 0
0  0.002975 -0.036356 0.030980  0.000003 0.000000 1.000000  0.194565 0.440887 0
mount_dovetail_rsr_akr_1913_railed_mount_LOD0
0  0.002975 -0.036356 0.030980  0.000000 0.000000 1.000000  0.194565 0.440887 0
0  -0.006262 -0.036356 0.030980  0.000000 0.000000 1.000000  0.142552 0.440887 0
0  -0.003039 -0.036729 0.030980  0.000000 0.000000 1.000000  0.160687 0.438787 0
mount_dovetail_rsr_akr_1913_railed_mount_LOD0
0  -0.003039 -0.036729 0.030980  0.000000 0.000000 1.000000  0.160687 0.438787 0
0  -0.006262 -0.036356 0.030980  0.000000 0.000000 1.000000  0.142552 0.440887 0
0  -0.004094 -0.037496 0.030980  0.000000 0.000000 1.000000  0.154751 0.434473 0
mount_dovetail_rsr_akr_1913_railed_mount_LOD0
0  -0.004094 -0.037496 0.030980  -0.000005 0.000000 1.000000  0.154751 0.434473 0
0  -0.006262 -0.036356 0.030980  -0.000005 0.000000 1.000000  0.142552 0.440887 0
0  -0.004499 -0.038736 0.030980  -0.000005 0.000000 1.000000  0.152463 0.427487 0
mount_dovetail_rsr_akr_1913_railed_mount_LOD0
0  -0.000275 -0.038736 0.030980  0.000000 0.000000 1.000000  0.176258 0.427489 0
0  0.002975 -0.041116 0.030980  0.000000 0.000000 1.000000  0.194565 0.414085 0
0  0.002975 -0.036356 0.030980  0.000000 0.000000 1.000000  0.194565 0.440887 0
mount_dovetail_rsr_akr_1913_railed_mount_LOD0
0  -0.000680 -0.039976 0.030980  0.000003 0.000000 1.000000  0.173970 0.420504 0
0  0.002975 -0.041116 0.030980  0.000003 0.000000 1.000000  0.194565 0.414085 0
0  -0.000275 -0.038736 0.030980  0.000003 0.000000 1.000000  0.176258 0.427489 0
mount_dovetail_rsr_akr_1913_railed_mount_LOD0
0  -0.001735 -0.040743 0.030980  0.000000 0.000000 1.000000  0.168035 0.416188 0
0  0.002975 -0.041116 0.030980  0.000000 0.000000 1.000000  0.194565 0.414085 0
0  -0.000680 -0.039976 0.030980  0.000000 0.000000 1.000000  0.173970 0.420504 0
mount_dovetail_rsr_akr_1913_railed_mount_LOD0
0  -0.004499 -0.038736 0.030980  0.000000 0.000000 1.000000  0.152463 0.427487 0
0  -0.006262 -0.036356 0.030980  0.000000 0.000000 1.000000  0.142552 0.440887 0
0  -0.006262 -0.041116 0.030980  0.000000 0.000000 1.000000  0.142552 0.414085 0
mount_dovetail_rsr_akr_1913_railed_mount_LOD0
0  -0.006262 -0.041116 0.030980  0.000000 0.000000 1.000000  0.142552 0.414085 0
0  0.002975 -0.041116 0.030980  0.000000 0.000000 1.000000  0.194565 0.414085 0
0  -0.001735 -0.040743 0.030980  0.000000 0.000000 1.000000  0.168035 0.416188 0
mount_dovetail_rsr_akr_1913_railed_mount_LOD0
0  -0.004094 -0.039976 0.030980  -0.000005 0.000000 1.000000  0.154751 0.420504 0
0  -0.004499 -0.038736 0.030980  -0.000005 0.000000 1.000000  0.152463 0.427487 0
0  -0.006262 -0.041116 0.030980  -0.000005 0.000000 1.000000  0.142552 0.414085 0
mount_dovetail_rsr_akr_1913_railed_mount_LOD0
0  -0.003039 -0.040743 0.030980  0.000000 0.000000 1.000000  0.160687 0.416188 0
0  -0.006262 -0.041116 0.030980  0.000000 0.000000 1.000000  0.142552 0.414085 0
0  -0.001735 -0.040743 0.030980  0.000000 0.000000 1.000000  0.168035 0.416188 0
mount_dovetail_rsr_akr_1913_railed_mount_LOD0
0  -0.003039 -0.040743 0.030980  0.000000 0.000000 1.000000  0.160687 0.416188 0
0  -0.004094 -0.039976 0.030980  0.000000 0.000000 1.000000  0.154751 0.420504 0
0  -0.006262 -0.041116 0.030980  0.000000 0.000000 1.000000  0.142552 0.414085 0
mount_dovetail_rsr_akr_1913_railed_mount_LOD0
0  -0.001735 -0.026737 0.030980  0.000000 0.000000 1.000000  0.132875 0.440817 0
0  0.002975 -0.026364 0.030980  0.000000 0.000000 1.000000  0.134976 0.414300 0
0  -0.003039 -0.026737 0.030980  0.000000 0.000000 1.000000  0.132875 0.448154 0
mount_dovetail_rsr_akr_1913_railed_mount_LOD0
0  -0.001735 -0.026737 0.030980  -0.000002 0.000000 1.000000  0.132875 0.440817 0
0  -0.000680 -0.027504 0.030980  -0.000002 0.000000 1.000000  0.128559 0.434868 0
0  0.002975 -0.026364 0.030980  -0.000002 0.000000 1.000000  0.134976 0.414300 0
mount_dovetail_rsr_akr_1913_railed_mount_LOD0
0  -0.000680 -0.027504 0.030980  0.000003 0.000000 1.000000  0.128559 0.434868 0
0  -0.000275 -0.028744 0.030980  0.000003 0.000000 1.000000  0.121574 0.432594 0
0  0.002975 -0.026364 0.030980  0.000003 0.000000 1.000000  0.134976 0.414300 0
mount_dovetail_rsr_akr_1913_railed_mount_LOD0
0  0.002975 -0.026364 0.030980  0.000000 0.000000 1.000000  0.134976 0.414300 0
0  -0.006262 -0.026364 0.030980  0.000000 0.000000 1.000000  0.134976 0.466301 0
0  -0.003039 -0.026737 0.030980  0.000000 0.000000 1.000000  0.132875 0.448154 0
mount_dovetail_rsr_akr_1913_railed_mount_LOD0
0  -0.003039 -0.026737 0.030980  0.000003 0.000000 1.000000  0.132875 0.448154 0
0  -0.006262 -0.026364 0.030980  0.000003 0.000000 1.000000  0.134976 0.466301 0
0  -0.004094 -0.027504 0.030980  0.000003 0.000000 1.000000  0.128559 0.454104 0
mount_dovetail_rsr_akr_1913_railed_mount_LOD0
0  -0.004094 -0.027504 0.030980  -0.000005 0.000000 1.000000  0.128559 0.454104 0
0  -0.006262 -0.026364 0.030980  -0.000005 0.000000 1.000000  0.134976 0.466301 0
0  -0.004499 -0.028744 0.030980  -0.000005 0.000000 1.000000  0.121574 0.456379 0
mount_dovetail_rsr_akr_1913_railed_mount_LOD0
0  -0.000275 -0.028744 0.030980  0.000000 0.000000 1.000000  0.121574 0.432594 0
0  0.002975 -0.031124 0.030980  0.000000 0.000000 1.000000  0.108175 0.414300 0
0  0.002975 -0.026364 0.030980  0.000000 0.000000 1.000000  0.134976 0.414300 0
mount_dovetail_rsr_akr_1913_railed_mount_LOD0
0  -0.000680 -0.029985 0.030980  0.000000 0.000000 1.000000  0.114590 0.434868 0
0  0.002975 -0.031124 0.030980  0.000000 0.000000 1.000000  0.108175 0.414300 0
0  -0.000275 -0.028744 0.030980  0.000000 0.000000 1.000000  0.121574 0.432594 0
mount_dovetail_rsr_akr_1913_railed_mount_LOD0
0  -0.001735 -0.030751 0.030980  0.000000 0.000000 1.000000  0.110274 0.440817 0
0  0.002975 -0.031124 0.030980  0.000000 0.000000 1.000000  0.108175 0.414300 0
0  -0.000680 -0.029985 0.030980  0.000000 0.000000 1.000000  0.114590 0.434868 0
mount_dovetail_rsr_akr_1913_railed_mount_LOD0
0  -0.004499 -0.028744 0.030980  0.000000 0.000000 1.000000  0.121574 0.456379 0
0  -0.006262 -0.026364 0.030980  0.000000 0.000000 1.000000  0.134976 0.466301 0
0  -0.006262 -0.031124 0.030980  0.000000 0.000000 1.000000  0.108175 0.466301 0
mount_dovetail_rsr_akr_1913_railed_mount_LOD0
0  -0.006262 -0.031124 0.030980  0.000000 0.000000 1.000000  0.108175 0.466301 0
0  0.002975 -0.031124 0.030980  0.000000 0.000000 1.000000  0.108175 0.414300 0
0  -0.001735 -0.030751 0.030980  0.000000 0.000000 1.000000  0.110274 0.440817 0
mount_dovetail_rsr_akr_1913_railed_mount_LOD0
0  -0.004094 -0.029985 0.030980  0.000000 0.000000 1.000000  0.114590 0.454104 0
0  -0.004499 -0.028744 0.030980  0.000000 0.000000 1.000000  0.121574 0.456379 0
0  -0.006262 -0.031124 0.030980  0.000000 0.000000 1.000000  0.108175 0.466301 0
mount_dovetail_rsr_akr_1913_railed_mount_LOD0
0  -0.003039 -0.030751 0.030980  0.000000 0.000000 1.000000  0.110274 0.448154 0
0  -0.006262 -0.031124 0.030980  0.000000 0.000000 1.000000  0.108175 0.466301 0
0  -0.001735 -0.030751 0.030980  0.000000 0.000000 1.000000  0.110274 0.440817 0
mount_dovetail_rsr_akr_1913_railed_mount_LOD0
0  -0.003039 -0.030751 0.030980  0.000000 0.000000 1.000000  0.110274 0.448154 0
0  -0.004094 -0.029985 0.030980  0.000000 0.000000 1.000000  0.114590 0.454104 0
0  -0.006262 -0.031124 0.030980  0.000000 0.000000 1.000000  0.108175 0.466301 0
mount_dovetail_rsr_akr_1913_railed_mount_LOD0
0  -0.001735 -0.016745 0.030980  0.000000 0.000000 1.000000  0.300092 0.467882 0
0  0.002975 -0.016372 0.030980  0.000000 0.000000 1.000000  0.302192 0.441363 0
0  -0.003039 -0.016745 0.030980  0.000000 0.000000 1.000000  0.300090 0.475230 0
mount_dovetail_rsr_akr_1913_railed_mount_LOD0
0  -0.001735 -0.016745 0.030980  0.000000 0.000000 1.000000  0.300092 0.467882 0
0  -0.000680 -0.017511 0.030980  0.000000 0.000000 1.000000  0.295776 0.461944 0
0  0.002975 -0.016372 0.030980  0.000000 0.000000 1.000000  0.302192 0.441363 0
mount_dovetail_rsr_akr_1913_railed_mount_LOD0
0  -0.000680 -0.017511 0.030980  0.000000 0.000000 1.000000  0.295776 0.461944 0
0  -0.000275 -0.018752 0.030980  0.000000 0.000000 1.000000  0.288792 0.459656 0
0  0.002975 -0.016372 0.030980  0.000000 0.000000 1.000000  0.302192 0.441363 0
mount_dovetail_rsr_akr_1913_railed_mount_LOD0
0  0.002975 -0.016372 0.030980  0.000000 0.000000 1.000000  0.302192 0.441363 0
0  -0.006262 -0.016372 0.030980  0.000000 0.000000 1.000000  0.302192 0.493378 0
0  -0.003039 -0.016745 0.030980  0.000000 0.000000 1.000000  0.300090 0.475230 0
mount_dovetail_rsr_akr_1913_railed_mount_LOD0
0  -0.003039 -0.016745 0.030980  0.000000 0.000000 1.000000  0.300090 0.475230 0
0  -0.006262 -0.016372 0.030980  0.000000 0.000000 1.000000  0.302192 0.493378 0
0  -0.004094 -0.017511 0.030980  0.000000 0.000000 1.000000  0.295776 0.481164 0
mount_dovetail_rsr_akr_1913_railed_mount_LOD0
0  -0.004094 -0.017511 0.030980  0.000000 0.000000 1.000000  0.295776 0.481164 0
0  -0.006262 -0.016372 0.030980  0.000000 0.000000 1.000000  0.302192 0.493378 0
0  -0.004499 -0.018752 0.030980  0.000000 0.000000 1.000000  0.288792 0.483453 0
mount_dovetail_rsr_akr_1913_railed_mount_LOD0
0  -0.000275 -0.018752 0.030980  0.000000 0.000000 1.000000  0.288792 0.459656 0
0  0.002975 -0.021131 0.030980  0.000000 0.000000 1.000000  0.275388 0.441363 0
0  0.002975 -0.016372 0.030980  0.000000 0.000000 1.000000  0.302192 0.441363 0
mount_dovetail_rsr_akr_1913_railed_mount_LOD0
0  -0.000680 -0.019992 0.030980  0.000000 0.000000 1.000000  0.281807 0.461944 0
0  0.002975 -0.021131 0.030980  0.000000 0.000000 1.000000  0.275388 0.441363 0
0  -0.000275 -0.018752 0.030980  0.000000 0.000000 1.000000  0.288792 0.459656 0
mount_dovetail_rsr_akr_1913_railed_mount_LOD0
0  -0.001735 -0.020758 0.030980  0.000002 0.000000 1.000000  0.277491 0.467882 0
0  0.002975 -0.021131 0.030980  0.000002 0.000000 1.000000  0.275388 0.441363 0
0  -0.000680 -0.019992 0.030980  0.000002 0.000000 1.000000  0.281807 0.461944 0
mount_dovetail_rsr_akr_1913_railed_mount_LOD0
0  -0.004499 -0.018752 0.030980  0.000000 0.000000 1.000000  0.288792 0.483453 0
0  -0.006262 -0.016372 0.030980  0.000000 0.000000 1.000000  0.302192 0.493378 0
0  -0.006262 -0.021131 0.030980  0.000000 0.000000 1.000000  0.275388 0.493378 0
mount_dovetail_rsr_akr_1913_railed_mount_LOD0
0  -0.006262 -0.021131 0.030980  0.000000 0.000000 1.000000  0.275388 0.493378 0
0  0.002975 -0.021131 0.030980  0.000000 0.000000 1.000000  0.275388 0.441363 0
0  -0.001735 -0.020758 0.030980  0.000000 0.000000 1.000000  0.277491 0.467882 0
mount_dovetail_rsr_akr_1913_railed_mount_LOD0
0  -0.004094 -0.019992 0.030980  0.000000 0.000000 1.000000  0.281809 0.481164 0
0  -0.004499 -0.018752 0.030980  0.000000 0.000000 1.000000  0.288792 0.483453 0
0  -0.006262 -0.021131 0.030980  0.000000 0.000000 1.000000  0.275388 0.493378 0
mount_dovetail_rsr_akr_1913_railed_mount_LOD0
0  -0.003039 -0.020758 0.030980  0.000000 0.000000 1.000000  0.277491 0.475230 0
0  -0.006262 -0.021131 0.030980  0.000000 0.000000 1.000000  0.275388 0.493378 0
0  -0.001735 -0.020758 0.030980  0.000000 0.000000 1.000000  0.277491 0.467882 0
mount_dovetail_rsr_akr_1913_railed_mount_LOD0
0  -0.003039 -0.020758 0.030980  -0.000003 0.000000 1.000000  0.277491 0.475230 0
0  -0.004094 -0.019992 0.030980  -0.000003 0.000000 1.000000  0.281809 0.481164 0
0  -0.006262 -0.021131 0.030980  -0.000003 0.000000 1.000000  0.275388 0.493378 0
mount_dovetail_rsr_akr_1913_railed_mount_LOD0
0  -0.001735 -0.006752 0.030980  0.000000 0.000000 1.000000  0.950398 0.139835 0
0  0.002975 -0.006379 0.030980  0.000000 0.000000 1.000000  0.923880 0.137734 0
0  -0.003039 -0.006752 0.030980  0.000000 0.000000 1.000000  0.957746 0.139835 0
mount_dovetail_rsr_akr_1913_railed_mount_LOD0
0  -0.001735 -0.006752 0.030980  0.000000 0.000000 1.000000  0.950398 0.139835 0
0  -0.000680 -0.007518 0.030980  0.000000 0.000000 1.000000  0.944463 0.144151 0
0  0.002975 -0.006379 0.030980  0.000000 0.000000 1.000000  0.923880 0.137734 0
mount_dovetail_rsr_akr_1913_railed_mount_LOD0
0  -0.000680 -0.007518 0.030980  0.000000 0.000000 1.000000  0.944463 0.144151 0
0  -0.000275 -0.008759 0.030980  0.000000 0.000000 1.000000  0.942174 0.151133 0
0  0.002975 -0.006379 0.030980  0.000000 0.000000 1.000000  0.923880 0.137734 0
mount_dovetail_rsr_akr_1913_railed_mount_LOD0
0  0.002975 -0.006379 0.030980  0.000000 0.000000 1.000000  0.923880 0.137734 0
0  -0.006262 -0.006379 0.030980  0.000000 0.000000 1.000000  0.975894 0.137734 0
0  -0.003039 -0.006752 0.030980  0.000000 0.000000 1.000000  0.957746 0.139835 0
mount_dovetail_rsr_akr_1913_railed_mount_LOD0
0  -0.003039 -0.006752 0.030980  0.000000 0.000000 1.000000  0.957746 0.139835 0
0  -0.006262 -0.006379 0.030980  0.000000 0.000000 1.000000  0.975894 0.137734 0
0  -0.004094 -0.007518 0.030980  0.000000 0.000000 1.000000  0.963683 0.144151 0
mount_dovetail_rsr_akr_1913_railed_mount_LOD0
0  -0.004094 -0.007518 0.030980  0.000000 0.000000 1.000000  0.963683 0.144151 0
0  -0.006262 -0.006379 0.030980  0.000000 0.000000 1.000000  0.975894 0.137734 0
0  -0.004499 -0.008759 0.030980  0.000000 0.000000 1.000000  0.965970 0.151134 0
mount_dovetail_rsr_akr_1913_railed_mount_LOD0
0  -0.000275 -0.008759 0.030980  0.000000 0.000000 1.000000  0.942174 0.151133 0
0  0.002975 -0.011138 0.030980  0.000000 0.000000 1.000000  0.923880 0.164535 0
0  0.002975 -0.006379 0.030980  0.000000 0.000000 1.000000  0.923880 0.137734 0
mount_dovetail_rsr_akr_1913_railed_mount_LOD0
0  -0.000680 -0.009999 0.030980  0.000003 0.000000 1.000000  0.944463 0.158117 0
0  0.002975 -0.011138 0.030980  0.000003 0.000000 1.000000  0.923880 0.164535 0
0  -0.000275 -0.008759 0.030980  0.000003 0.000000 1.000000  0.942174 0.151133 0
mount_dovetail_rsr_akr_1913_railed_mount_LOD0
0  -0.001735 -0.010766 0.030980  0.000000 0.000000 1.000000  0.950398 0.162434 0
0  0.002975 -0.011138 0.030980  0.000000 0.000000 1.000000  0.923880 0.164535 0
0  -0.000680 -0.009999 0.030980  0.000000 0.000000 1.000000  0.944463 0.158117 0
mount_dovetail_rsr_akr_1913_railed_mount_LOD0
0  -0.004499 -0.008759 0.030980  0.000000 0.000000 1.000000  0.965970 0.151134 0
0  -0.006262 -0.006379 0.030980  0.000000 0.000000 1.000000  0.975894 0.137734 0
0  -0.006262 -0.011138 0.030980  0.000000 0.000000 1.000000  0.975894 0.164535 0
mount_dovetail_rsr_akr_1913_railed_mount_LOD0
0  -0.006262 -0.011138 0.030980  0.000000 0.000000 1.000000  0.975894 0.164535 0
0  0.002975 -0.011138 0.030980  0.000000 0.000000 1.000000  0.923880 0.164535 0
0  -0.001735 -0.010766 0.030980  0.000000 0.000000 1.000000  0.950398 0.162434 0
mount_dovetail_rsr_akr_1913_railed_mount_LOD0
0  -0.004094 -0.009999 0.030980  -0.000005 0.000000 1.000000  0.963683 0.158120 0
0  -0.004499 -0.008759 0.030980  -0.000005 0.000000 1.000000  0.965970 0.151134 0
0  -0.006262 -0.011138 0.030980  -0.000005 0.000000 1.000000  0.975894 0.164535 0
mount_dovetail_rsr_akr_1913_railed_mount_LOD0
0  -0.003039 -0.010766 0.030980  0.000000 0.000000 1.000000  0.957746 0.162434 0
0  -0.006262 -0.011138 0.030980  0.000000 0.000000 1.000000  0.975894 0.164535 0
0  -0.001735 -0.010766 0.030980  0.000000 0.000000 1.000000  0.950398 0.162434 0
mount_dovetail_rsr_akr_1913_railed_mount_LOD0
0  -0.003039 -0.010766 0.030980  0.000000 0.000000 1.000000  0.957746 0.162434 0
0  -0.004094 -0.009999 0.030980  0.000000 0.000000 1.000000  0.963683 0.158120 0
0  -0.006262 -0.011138 0.030980  0.000000 0.000000 1.000000  0.975894 0.164535 0
mount_dovetail_rsr_akr_1913_railed_mount_LOD0
0  -0.001735 0.003241 0.030980  0.000000 0.000000 1.000000  1.168048 0.438787 0
0  0.002975 0.003614 0.030980  0.000000 0.000000 1.000000  1.194565 0.440885 0
0  -0.003039 0.003241 0.030980  0.000000 0.000000 1.000000  1.160701 0.438787 0
mount_dovetail_rsr_akr_1913_railed_mount_LOD0
0  -0.001735 0.003241 0.030980  0.000000 0.000000 1.000000  1.168048 0.438787 0
0  -0.000680 0.002474 0.030980  0.000000 0.000000 1.000000  1.173985 0.434471 0
0  0.002975 0.003614 0.030980  0.000000 0.000000 1.000000  1.194565 0.440885 0
mount_dovetail_rsr_akr_1913_railed_mount_LOD0
0  -0.000680 0.002474 0.030980  0.000000 0.000000 1.000000  1.173985 0.434471 0
0  -0.000275 0.001234 0.030980  0.000000 0.000000 1.000000  1.176274 0.427486 0
0  0.002975 0.003614 0.030980  0.000000 0.000000 1.000000  1.194565 0.440885 0
mount_dovetail_rsr_akr_1913_railed_mount_LOD0
0  0.002975 0.003614 0.030980  0.000000 0.000000 1.000000  1.194565 0.440885 0
0  -0.006262 0.003614 0.030980  0.000000 0.000000 1.000000  1.142552 0.440885 0
0  -0.003039 0.003241 0.030980  0.000000 0.000000 1.000000  1.160701 0.438787 0
mount_dovetail_rsr_akr_1913_railed_mount_LOD0
0  -0.003039 0.003241 0.030980  0.000000 0.000000 1.000000  1.160701 0.438787 0
0  -0.006262 0.003614 0.030980  0.000000 0.000000 1.000000  1.142552 0.440885 0
0  -0.004094 0.002474 0.030980  0.000000 0.000000 1.000000  1.154750 0.434469 0
mount_dovetail_rsr_akr_1913_railed_mount_LOD0
0  -0.004094 0.002474 0.030980  0.000000 0.000000 1.000000  1.154750 0.434469 0
0  -0.006262 0.003614 0.030980  0.000000 0.000000 1.000000  1.142552 0.440885 0
0  -0.004499 0.001234 0.030980  0.000000 0.000000 1.000000  1.152474 0.427486 0
mount_dovetail_rsr_akr_1913_railed_mount_LOD0
0  -0.000275 0.001234 0.030980  0.000000 0.000000 1.000000  1.176274 0.427486 0
0  0.002975 -0.001146 0.030980  0.000000 0.000000 1.000000  1.194565 0.414085 0
0  0.002975 0.003614 0.030980  0.000000 0.000000 1.000000  1.194565 0.440885 0
mount_dovetail_rsr_akr_1913_railed_mount_LOD0
0  -0.000680 -0.000006 0.030980  0.000003 0.000000 1.000000  1.173985 0.420502 0
0  0.002975 -0.001146 0.030980  0.000003 0.000000 1.000000  1.194565 0.414085 0
0  -0.000275 0.001234 0.030980  0.000003 0.000000 1.000000  1.176274 0.427486 0
mount_dovetail_rsr_akr_1913_railed_mount_LOD0
0  -0.001735 -0.000773 0.030980  0.000000 0.000000 1.000000  1.168048 0.416186 0
0  0.002975 -0.001146 0.030980  0.000000 0.000000 1.000000  1.194565 0.414085 0
0  -0.000680 -0.000006 0.030980  0.000000 0.000000 1.000000  1.173985 0.420502 0
mount_dovetail_rsr_akr_1913_railed_mount_LOD0
0  -0.004499 0.001234 0.030980  0.000000 0.000000 1.000000  1.152474 0.427486 0
0  -0.006262 0.003614 0.030980  0.000000 0.000000 1.000000  1.142552 0.440885 0
0  -0.006262 -0.001146 0.030980  0.000000 0.000000 1.000000  1.142552 0.414085 0
mount_dovetail_rsr_akr_1913_railed_mount_LOD0
0  -0.006262 -0.001146 0.030980  0.000000 0.000000 1.000000  1.142552 0.414085 0
0  0.002975 -0.001146 0.030980  0.000000 0.000000 1.000000  1.194565 0.414085 0
0  -0.001735 -0.000773 0.030980  0.000000 0.000000 1.000000  1.168048 0.416186 0
mount_dovetail_rsr_akr_1913_railed_mount_LOD0
0  -0.004094 -0.000006 0.030980  -0.000005 0.000000 1.000000  1.154750 0.420502 0
0  -0.004499 0.001234 0.030980  -0.000005 0.000000 1.000000  1.152474 0.427486 0
0  -0.006262 -0.001146 0.030980  -0.000005 0.000000 1.000000  1.142552 0.414085 0
mount_dovetail_rsr_akr_1913_railed_mount_LOD0
0  -0.003039 -0.000773 0.030980  0.000000 0.000000 1.000000  1.160701 0.416186 0
0  -0.006262 -0.001146 0.030980  0.000000 0.000000 1.000000  1.142552 0.414085 0
0  -0.001735 -0.000773 0.030980  0.000000 0.000000 1.000000  1.168048 0.416186 0
mount_dovetail_rsr_akr_1913_railed_mount_LOD0
0  -0.003039 -0.000773 0.030980  0.000000 0.000000 1.000000  1.160701 0.416186 0
0  -0.004094 -0.000006 0.030980  0.000000 0.000000 1.000000  1.154750 0.420502 0
0  -0.006262 -0.001146 0.030980  0.000000 0.000000 1.000000  1.142552 0.414085 0
mount_dovetail_rsr_akr_1913_railed_mount_LOD0
0  -0.001735 0.013234 0.030980  0.000000 0.000000 1.000000  1.132880 0.440804 0
0  0.002975 0.013607 0.030980  0.000000 0.000000 1.000000  1.134980 0.414287 0
0  -0.003039 0.013234 0.030980  0.000000 0.000000 1.000000  1.132880 0.448152 0
mount_dovetail_rsr_akr_1913_railed_mount_LOD0
0  -0.001735 0.013234 0.030980  0.000000 0.000000 1.000000  1.132880 0.440804 0
0  -0.000680 0.012467 0.030980  0.000000 0.000000 1.000000  1.128564 0.434867 0
0  0.002975 0.013607 0.030980  0.000000 0.000000 1.000000  1.134980 0.414287 0
mount_dovetail_rsr_akr_1913_railed_mount_LOD0
0  -0.000680 0.012467 0.030980  0.000000 0.000000 1.000000  1.128564 0.434867 0
0  -0.000275 0.011227 0.030980  0.000000 0.000000 1.000000  1.121578 0.432592 0
0  0.002975 0.013607 0.030980  0.000000 0.000000 1.000000  1.134980 0.414287 0
mount_dovetail_rsr_akr_1913_railed_mount_LOD0
0  0.002975 0.013607 0.030980  0.000000 0.000000 1.000000  1.134980 0.414287 0
0  -0.006262 0.013607 0.030980  0.000000 0.000000 1.000000  1.134980 0.466301 0
0  -0.003039 0.013234 0.030980  0.000000 0.000000 1.000000  1.132880 0.448152 0
mount_dovetail_rsr_akr_1913_railed_mount_LOD0
0  -0.003039 0.013234 0.030980  0.000000 0.000000 1.000000  1.132880 0.448152 0
0  -0.006262 0.013607 0.030980  0.000000 0.000000 1.000000  1.134980 0.466301 0
0  -0.004094 0.012467 0.030980  0.000000 0.000000 1.000000  1.128564 0.454103 0
mount_dovetail_rsr_akr_1913_railed_mount_LOD0
0  -0.004094 0.012467 0.030980  0.000000 0.000000 1.000000  1.128564 0.454103 0
0  -0.006262 0.013607 0.030980  0.000000 0.000000 1.000000  1.134980 0.466301 0
0  -0.004499 0.011227 0.030980  0.000000 0.000000 1.000000  1.121581 0.456377 0
mount_dovetail_rsr_akr_1913_railed_mount_LOD0
0  -0.000275 0.011227 0.030980  0.000000 0.000000 1.000000  1.121578 0.432592 0
0  0.002975 0.008847 0.030980  0.000000 0.000000 1.000000  1.108175 0.414287 0
0  0.002975 0.013607 0.030980  0.000000 0.000000 1.000000  1.134980 0.414287 0
mount_dovetail_rsr_akr_1913_railed_mount_LOD0
0  -0.000680 0.009987 0.030980  0.000000 0.000000 1.000000  1.114596 0.434867 0
0  0.002975 0.008847 0.030980  0.000000 0.000000 1.000000  1.108175 0.414287 0
0  -0.000275 0.011227 0.030980  0.000000 0.000000 1.000000  1.121578 0.432592 0
mount_dovetail_rsr_akr_1913_railed_mount_LOD0
0  -0.001735 0.009220 0.030980  0.000000 0.000000 1.000000  1.110279 0.440804 0
0  0.002975 0.008847 0.030980  0.000000 0.000000 1.000000  1.108175 0.414287 0
0  -0.000680 0.009987 0.030980  0.000000 0.000000 1.000000  1.114596 0.434867 0
mount_dovetail_rsr_akr_1913_railed_mount_LOD0
0  -0.004499 0.011227 0.030980  0.000000 0.000000 1.000000  1.121581 0.456377 0
0  -0.006262 0.013607 0.030980  0.000000 0.000000 1.000000  1.134980 0.466301 0
0  -0.006262 0.008847 0.030980  0.000000 0.000000 1.000000  1.108175 0.466301 0
mount_dovetail_rsr_akr_1913_railed_mount_LOD0
0  -0.006262 0.008847 0.030980  0.000000 0.000000 1.000000  1.108175 0.466301 0
0  0.002975 0.008847 0.030980  0.000000 0.000000 1.000000  1.108175 0.414287 0
0  -0.001735 0.009220 0.030980  0.000000 0.000000 1.000000  1.110279 0.440804 0
mount_dovetail_rsr_akr_1913_railed_mount_LOD0
0  -0.004094 0.009987 0.030980  0.000000 0.000000 1.000000  1.114596 0.454103 0
0  -0.004499 0.011227 0.030980  0.000000 0.000000 1.000000  1.121581 0.456377 0
0  -0.006262 0.008847 0.030980  0.000000 0.000000 1.000000  1.108175 0.466301 0
mount_dovetail_rsr_akr_1913_railed_mount_LOD0
0  -0.003039 0.009220 0.030980  0.000000 0.000000 1.000000  1.110279 0.448152 0
0  -0.006262 0.008847 0.030980  0.000000 0.000000 1.000000  1.108175 0.466301 0
0  -0.001735 0.009220 0.030980  0.000000 0.000000 1.000000  1.110279 0.440804 0
mount_dovetail_rsr_akr_1913_railed_mount_LOD0
0  -0.003039 0.009220 0.030980  0.000000 0.000000 1.000000  1.110279 0.448152 0
0  -0.004094 0.009987 0.030980  0.000000 0.000000 1.000000  1.114596 0.454103 0
0  -0.006262 0.008847 0.030980  0.000000 0.000000 1.000000  1.108175 0.466301 0
mount_dovetail_rsr_akr_1913_railed_mount_LOD0
0  -0.001735 0.023227 0.030980  0.000000 0.000000 1.000000  1.950396 0.139832 0
0  0.002975 0.023600 0.030980  0.000000 0.000000 1.000000  1.923879 0.137732 0
0  -0.003039 0.023227 0.030980  0.000000 0.000000 1.000000  1.957745 0.139832 0
mount_dovetail_rsr_akr_1913_railed_mount_LOD0
0  -0.001735 0.023227 0.030980  0.000000 0.000000 1.000000  1.950396 0.139832 0
0  -0.000680 0.022460 0.030980  0.000000 0.000000 1.000000  1.944462 0.144150 0
0  0.002975 0.023600 0.030980  0.000000 0.000000 1.000000  1.923879 0.137732 0
mount_dovetail_rsr_akr_1913_railed_mount_LOD0
0  -0.000680 0.022460 0.030980  0.000000 0.000000 1.000000  1.944462 0.144150 0
0  -0.000275 0.021220 0.030980  0.000000 0.000000 1.000000  1.942173 0.151133 0
0  0.002975 0.023600 0.030980  0.000000 0.000000 1.000000  1.923879 0.137732 0
mount_dovetail_rsr_akr_1913_railed_mount_LOD0
0  0.002975 0.023600 0.030980  0.000000 0.000000 1.000000  1.923879 0.137732 0
0  -0.006262 0.023600 0.030980  0.000000 0.000000 1.000000  1.975894 0.137732 0
0  -0.003039 0.023227 0.030980  0.000000 0.000000 1.000000  1.957745 0.139832 0
mount_dovetail_rsr_akr_1913_railed_mount_LOD0
0  -0.003039 0.023227 0.030980  0.000000 0.000000 1.000000  1.957745 0.139832 0
0  -0.006262 0.023600 0.030980  0.000000 0.000000 1.000000  1.975894 0.137732 0
0  -0.004094 0.022460 0.030980  0.000000 0.000000 1.000000  1.963693 0.144150 0
mount_dovetail_rsr_akr_1913_railed_mount_LOD0
0  -0.004094 0.022460 0.030980  0.000000 0.000000 1.000000  1.963693 0.144150 0
0  -0.006262 0.023600 0.030980  0.000000 0.000000 1.000000  1.975894 0.137732 0
0  -0.004499 0.021220 0.030980  0.000000 0.000000 1.000000  1.965969 0.151133 0
mount_dovetail_rsr_akr_1913_railed_mount_LOD0
0  -0.000275 0.021220 0.030980  0.000000 0.000000 1.000000  1.942173 0.151133 0
0  0.002975 0.018840 0.030980  0.000000 0.000000 1.000000  1.923879 0.164535 0
0  0.002975 0.023600 0.030980  0.000000 0.000000 1.000000  1.923879 0.137732 0
mount_dovetail_rsr_akr_1913_railed_mount_LOD0
0  -0.000680 0.019979 0.030980  0.000000 0.000000 1.000000  1.944462 0.158117 0
0  0.002975 0.018840 0.030980  0.000000 0.000000 1.000000  1.923879 0.164535 0
0  -0.000275 0.021220 0.030980  0.000000 0.000000 1.000000  1.942173 0.151133 0
mount_dovetail_rsr_akr_1913_railed_mount_LOD0
0  -0.001735 0.019213 0.030980  0.000000 0.000000 1.000000  1.950396 0.162433 0
0  0.002975 0.018840 0.030980  0.000000 0.000000 1.000000  1.923879 0.164535 0
0  -0.000680 0.019979 0.030980  0.000000 0.000000 1.000000  1.944462 0.158117 0
mount_dovetail_rsr_akr_1913_railed_mount_LOD0
0  -0.004499 0.021220 0.030980  0.000000 0.000000 1.000000  1.965969 0.151133 0
0  -0.006262 0.023600 0.030980  0.000000 0.000000 1.000000  1.975894 0.137732 0
0  -0.006262 0.018840 0.030980  0.000000 0.000000 1.000000  1.975894 0.164535 0
mount_dovetail_rsr_akr_1913_railed_mount_LOD0
0  -0.006262 0.018840 0.030980  0.000000 0.000000 1.000000  1.975894 0.164535 0
0  0.002975 0.018840 0.030980  0.000000 0.000000 1.000000  1.923879 0.164535 0
0  -0.001735 0.019213 0.030980  0.000000 0.000000 1.000000  1.950396 0.162433 0
mount_dovetail_rsr_akr_1913_railed_mount_LOD0
0  -0.004094 0.019979 0.030980  0.000000 0.000000 1.000000  1.963680 0.158115 0
0  -0.004499 0.021220 0.030980  0.000000 0.000000 1.000000  1.965969 0.151133 0
0  -0.006262 0.018840 0.030980  0.000000 0.000000 1.000000  1.975894 0.164535 0
mount_dovetail_rsr_akr_1913_railed_mount_LOD0
0  -0.003039 0.019213 0.030980  0.000000 0.000000 1.000000  1.957745 0.162433 0
0  -0.006262 0.018840 0.030980  0.000000 0.000000 1.000000  1.975894 0.164535 0
0  -0.001735 0.019213 0.030980  0.000000 0.000000 1.000000  1.950396 0.162433 0
mount_dovetail_rsr_akr_1913_railed_mount_LOD0
0  -0.003039 0.019213 0.030980  0.000000 0.000000 1.000000  1.957745 0.162433 0
0  -0.004094 0.019979 0.030980  0.000000 0.000000 1.000000  1.963680 0.158115 0
0  -0.006262 0.018840 0.030980  0.000000 0.000000 1.000000  1.975894 0.164535 0
mount_dovetail_rsr_akr_1913_railed_mount_LOD0
0  -0.001735 0.033219 0.030980  0.000000 0.000000 1.000000  1.300087 0.467882 0
0  0.002975 0.033592 0.030980  0.000000 0.000000 1.000000  1.302188 0.441363 0
0  -0.003039 0.033219 0.030980  0.000000 0.000000 1.000000  1.300087 0.475230 0
mount_dovetail_rsr_akr_1913_railed_mount_LOD0
0  -0.001735 0.033219 0.030980  0.000000 0.000000 1.000000  1.300087 0.467882 0
0  -0.000680 0.032453 0.030980  0.000000 0.000000 1.000000  1.295772 0.461946 0
0  0.002975 0.033592 0.030980  0.000000 0.000000 1.000000  1.302188 0.441363 0
mount_dovetail_rsr_akr_1913_railed_mount_LOD0
0  -0.000680 0.032453 0.030980  0.000003 0.000000 1.000000  1.295772 0.461946 0
0  -0.000275 0.031213 0.030980  0.000003 0.000000 1.000000  1.288787 0.459657 0
0  0.002975 0.033592 0.030980  0.000003 0.000000 1.000000  1.302188 0.441363 0
mount_dovetail_rsr_akr_1913_railed_mount_LOD0
0  0.002975 0.033592 0.030980  0.000000 0.000000 1.000000  1.302188 0.441363 0
0  -0.006262 0.033592 0.030980  0.000000 0.000000 1.000000  1.302188 0.493378 0
0  -0.003039 0.033219 0.030980  0.000000 0.000000 1.000000  1.300087 0.475230 0
mount_dovetail_rsr_akr_1913_railed_mount_LOD0
0  -0.003039 0.033219 0.030980  0.000000 0.000000 1.000000  1.300087 0.475230 0
0  -0.006262 0.033592 0.030980  0.000000 0.000000 1.000000  1.302188 0.493378 0
0  -0.004094 0.032453 0.030980  0.000000 0.000000 1.000000  1.295772 0.481168 0
mount_dovetail_rsr_akr_1913_railed_mount_LOD0
0  -0.004094 0.032453 0.030980  -0.000005 0.000000 1.000000  1.295772 0.481168 0
0  -0.006262 0.033592 0.030980  -0.000005 0.000000 1.000000  1.302188 0.493378 0
0  -0.004499 0.031213 0.030980  -0.000005 0.000000 1.000000  1.288787 0.483455 0
mount_dovetail_rsr_akr_1913_railed_mount_LOD0
0  -0.000275 0.031213 0.030980  0.000000 0.000000 1.000000  1.288787 0.459657 0
0  0.002975 0.028833 0.030980  0.000000 0.000000 1.000000  1.275388 0.441363 0
0  0.002975 0.033592 0.030980  0.000000 0.000000 1.000000  1.302188 0.441363 0
mount_dovetail_rsr_akr_1913_railed_mount_LOD0
0  -0.000680 0.029972 0.030980  0.000003 0.000000 1.000000  1.281805 0.461946 0
0  0.002975 0.028833 0.030980  0.000003 0.000000 1.000000  1.275388 0.441363 0
0  -0.000275 0.031213 0.030980  0.000003 0.000000 1.000000  1.288787 0.459657 0
mount_dovetail_rsr_akr_1913_railed_mount_LOD0
0  -0.001735 0.029206 0.030980  0.000000 0.000000 1.000000  1.277487 0.467882 0
0  0.002975 0.028833 0.030980  0.000000 0.000000 1.000000  1.275388 0.441363 0
0  -0.000680 0.029972 0.030980  0.000000 0.000000 1.000000  1.281805 0.461946 0
mount_dovetail_rsr_akr_1913_railed_mount_LOD0
0  -0.004499 0.031213 0.030980  0.000000 0.000000 1.000000  1.288787 0.483455 0
0  -0.006262 0.033592 0.030980  0.000000 0.000000 1.000000  1.302188 0.493378 0
0  -0.006262 0.028833 0.030980  0.000000 0.000000 1.000000  1.275388 0.493378 0
mount_dovetail_rsr_akr_1913_railed_mount_LOD0
0  -0.006262 0.028833 0.030980  0.000000 0.000000 1.000000  1.275388 0.493378 0
0  0.002975 0.028833 0.030980  0.000000 0.000000 1.000000  1.275388 0.441363 0
0  -0.001735 0.029206 0.030980  0.000000 0.000000 1.000000  1.277487 0.467882 0
mount_dovetail_rsr_akr_1913_railed_mount_LOD0
0  -0.004094 0.029972 0.030980  -0.000005 0.000000 1.000000  1.281805 0.481168 0
0  -0.004499 0.031213 0.030980  -0.000005 0.000000 1.000000  1.288787 0.483455 0
0  -0.006262 0.028833 0.030980  -0.000005 0.000000 1.000000  1.275388 0.493378 0
mount_dovetail_rsr_akr_1913_railed_mount_LOD0
0  -0.003039 0.029206 0.030980  0.000000 0.000000 1.000000  1.277487 0.475230 0
0  -0.006262 0.028833 0.030980  0.000000 0.000000 1.000000  1.275388 0.493378 0
0  -0.001735 0.029206 0.030980  0.000000 0.000000 1.000000  1.277487 0.467882 0
mount_dovetail_rsr_akr_1913_railed_mount_LOD0
0  -0.003039 0.029206 0.030980  0.000000 0.000000 1.000000  1.277487 0.475230 0
0  -0.004094 0.029972 0.030980  0.000000 0.000000 1.000000  1.281805 0.481168 0
0  -0.006262 0.028833 0.030980  0.000000 0.000000 1.000000  1.275388 0.493378 0
mount_dovetail_rsr_akr_1913_railed_mount_LOD0
0  -0.001735 0.043212 0.030980  0.000000 0.000000 1.000000  1.168047 0.438784 0
0  0.002975 0.043585 0.030980  0.000000 0.000000 1.000000  1.194564 0.440885 0
0  -0.003039 0.043212 0.030980  0.000000 0.000000 1.000000  1.160698 0.438784 0
mount_dovetail_rsr_akr_1913_railed_mount_LOD0
0  -0.001735 0.043212 0.030980  0.000000 0.000000 1.000000  1.168047 0.438784 0
0  -0.000680 0.042446 0.030980  0.000000 0.000000 1.000000  1.173985 0.434471 0
0  0.002975 0.043585 0.030980  0.000000 0.000000 1.000000  1.194564 0.440885 0
mount_dovetail_rsr_akr_1913_railed_mount_LOD0
0  -0.000680 0.042446 0.030980  0.000003 0.000000 1.000000  1.173985 0.434471 0
0  -0.000275 0.041205 0.030980  0.000003 0.000000 1.000000  1.176274 0.427486 0
0  0.002975 0.043585 0.030980  0.000003 0.000000 1.000000  1.194564 0.440885 0
mount_dovetail_rsr_akr_1913_railed_mount_LOD0
0  0.002975 0.043585 0.030980  0.000000 0.000000 1.000000  1.194564 0.440885 0
0  -0.006262 0.043585 0.030980  0.000000 0.000000 1.000000  1.142552 0.440885 0
0  -0.003039 0.043212 0.030980  0.000000 0.000000 1.000000  1.160698 0.438784 0
mount_dovetail_rsr_akr_1913_railed_mount_LOD0
0  -0.003039 0.043212 0.030980  0.000000 0.000000 1.000000  1.160698 0.438784 0
0  -0.006262 0.043585 0.030980  0.000000 0.000000 1.000000  1.142552 0.440885 0
0  -0.004094 0.042446 0.030980  0.000000 0.000000 1.000000  1.154762 0.434468 0
mount_dovetail_rsr_akr_1913_railed_mount_LOD0
0  -0.004094 0.042446 0.030980  -0.000005 0.000000 1.000000  1.154762 0.434468 0
0  -0.006262 0.043585 0.030980  -0.000005 0.000000 1.000000  1.142552 0.440885 0
0  -0.004499 0.041205 0.030980  -0.000005 0.000000 1.000000  1.152474 0.427486 0
mount_dovetail_rsr_akr_1913_railed_mount_LOD0
0  -0.000275 0.041205 0.030980  0.000000 0.000000 1.000000  1.176274 0.427486 0
0  0.002975 0.038825 0.030980  0.000000 0.000000 1.000000  1.194564 0.414085 0
0  0.002975 0.043585 0.030980  0.000000 0.000000 1.000000  1.194564 0.440885 0
mount_dovetail_rsr_akr_1913_railed_mount_LOD0
0  -0.000680 0.039965 0.030980  0.000003 0.000000 1.000000  1.173985 0.420502 0
0  0.002975 0.038825 0.030980  0.000003 0.000000 1.000000  1.194564 0.414085 0
0  -0.000275 0.041205 0.030980  0.000003 0.000000 1.000000  1.176274 0.427486 0
mount_dovetail_rsr_akr_1913_railed_mount_LOD0
0  -0.001735 0.039198 0.030980  0.000000 0.000000 1.000000  1.168047 0.416184 0
0  0.002975 0.038825 0.030980  0.000000 0.000000 1.000000  1.194564 0.414085 0
0  -0.000680 0.039965 0.030980  0.000000 0.000000 1.000000  1.173985 0.420502 0
mount_dovetail_rsr_akr_1913_railed_mount_LOD0
0  -0.004499 0.041205 0.030980  0.000000 0.000000 1.000000  1.152474 0.427486 0
0  -0.006262 0.043585 0.030980  0.000000 0.000000 1.000000  1.142552 0.440885 0
0  -0.006262 0.038825 0.030980  0.000000 0.000000 1.000000  1.142552 0.414085 0
mount_dovetail_rsr_akr_1913_railed_mount_LOD0
0  -0.006262 0.038825 0.030980  0.000000 0.000000 1.000000  1.142552 0.414085 0
0  0.002975 0.038825 0.030980  0.000000 0.000000 1.000000  1.194564 0.414085 0
0  -0.001735 0.039198 0.030980  0.000000 0.000000 1.000000  1.168047 0.416184 0
mount_dovetail_rsr_akr_1913_railed_mount_LOD0
0  -0.004094 0.039965 0.030980  -0.000005 0.000000 1.000000  1.154762 0.420502 0
0  -0.004499 0.041205 0.030980  -0.000005 0.000000 1.000000  1.152474 0.427486 0
0  -0.006262 0.038825 0.030980  -0.000005 0.000000 1.000000  1.142552 0.414085 0
mount_dovetail_rsr_akr_1913_railed_mount_LOD0
0  -0.003039 0.039198 0.030980  0.000000 0.000000 1.000000  1.160698 0.416184 0
0  -0.006262 0.038825 0.030980  0.000000 0.000000 1.000000  1.142552 0.414085 0
0  -0.001735 0.039198 0.030980  0.000000 0.000000 1.000000  1.168047 0.416184 0
mount_dovetail_rsr_akr_1913_railed_mount_LOD0
0  -0.003039 0.039198 0.030980  0.000000 0.000000 1.000000  1.160698 0.416184 0
0  -0.004094 0.039965 0.030980  0.000000 0.000000 1.000000  1.154762 0.420502 0
0  -0.006262 0.038825 0.030980  0.000000 0.000000 1.000000  1.142552 0.414085 0
mount_dovetail_rsr_akr_1913_railed_mount_LOD0
0  -0.001735 0.053205 0.030980  0.000000 0.000000 1.000000  1.300087 0.467895 0
0  0.002975 0.053578 0.030980  0.000000 0.000000 1.000000  1.302188 0.441377 0
0  -0.003039 0.053205 0.030980  0.000000 0.000000 1.000000  1.300087 0.475243 0
mount_dovetail_rsr_akr_1913_railed_mount_LOD0
0  -0.001735 0.053205 0.030980  0.000000 0.000000 1.000000  1.300087 0.467895 0
0  -0.000680 0.052439 0.030980  0.000000 0.000000 1.000000  1.295771 0.461957 0
0  0.002975 0.053578 0.030980  0.000000 0.000000 1.000000  1.302188 0.441377 0
mount_dovetail_rsr_akr_1913_railed_mount_LOD0
0  -0.000680 0.052439 0.030980  0.000000 0.000000 1.000000  1.295771 0.461957 0
0  -0.000275 0.051198 0.030980  0.000000 0.000000 1.000000  1.288787 0.459670 0
0  0.002975 0.053578 0.030980  0.000000 0.000000 1.000000  1.302188 0.441377 0
mount_dovetail_rsr_akr_1913_railed_mount_LOD0
0  0.002975 0.053578 0.030980  0.000000 0.000000 1.000000  1.302188 0.441377 0
0  -0.006262 0.053578 0.030980  0.000000 0.000000 1.000000  1.302188 0.493378 0
0  -0.003039 0.053205 0.030980  0.000000 0.000000 1.000000  1.300087 0.475243 0
mount_dovetail_rsr_akr_1913_railed_mount_LOD0
0  -0.003039 0.053205 0.030980  0.000000 0.000000 1.000000  1.300087 0.475243 0
0  -0.006262 0.053578 0.030980  0.000000 0.000000 1.000000  1.302188 0.493378 0
0  -0.004094 0.052439 0.030980  0.000000 0.000000 1.000000  1.295771 0.481177 0
mount_dovetail_rsr_akr_1913_railed_mount_LOD0
0  -0.004094 0.052439 0.030980  0.000000 0.000000 1.000000  1.295771 0.481177 0
0  -0.006262 0.053578 0.030980  0.000000 0.000000 1.000000  1.302188 0.493378 0
0  -0.004499 0.051198 0.030980  0.000000 0.000000 1.000000  1.288787 0.483453 0
mount_dovetail_rsr_akr_1913_railed_mount_LOD0
0  -0.000275 0.051198 0.030980  0.000000 0.000000 1.000000  1.288787 0.459670 0
0  0.002975 0.048818 0.030980  0.000000 0.000000 1.000000  1.275388 0.441377 0
0  0.002975 0.053578 0.030980  0.000000 0.000000 1.000000  1.302188 0.441377 0
mount_dovetail_rsr_akr_1913_railed_mount_LOD0
0  -0.000680 0.049958 0.030980  0.000003 0.000000 1.000000  1.281803 0.461946 0
0  0.002975 0.048818 0.030980  0.000003 0.000000 1.000000  1.275388 0.441377 0
0  -0.000275 0.051198 0.030980  0.000003 0.000000 1.000000  1.288787 0.459670 0
mount_dovetail_rsr_akr_1913_railed_mount_LOD0
0  -0.001735 0.049191 0.030980  -0.000002 0.000000 1.000000  1.277487 0.467895 0
0  0.002975 0.048818 0.030980  -0.000002 0.000000 1.000000  1.275388 0.441377 0
0  -0.000680 0.049958 0.030980  -0.000002 0.000000 1.000000  1.281803 0.461946 0
mount_dovetail_rsr_akr_1913_railed_mount_LOD0
0  -0.004499 0.051198 0.030980  0.000000 0.000000 1.000000  1.288787 0.483453 0
0  -0.006262 0.053578 0.030980  0.000000 0.000000 1.000000  1.302188 0.493378 0
0  -0.006262 0.048818 0.030980  0.000000 0.000000 1.000000  1.275388 0.493378 0
mount_dovetail_rsr_akr_1913_railed_mount_LOD0
0  -0.006262 0.048818 0.030980  0.000000 0.000000 1.000000  1.275388 0.493378 0
0  0.002975 0.048818 0.030980  0.000000 0.000000 1.000000  1.275388 0.441377 0
0  -0.001735 0.049191 0.030980  0.000000 0.000000 1.000000  1.277487 0.467895 0
mount_dovetail_rsr_akr_1913_railed_mount_LOD0
0  -0.004094 0.049958 0.030980  -0.000005 0.000000 1.000000  1.281805 0.481177 0
0  -0.004499 0.051198 0.030980  -0.000005 0.000000 1.000000  1.288787 0.483453 0
0  -0.006262 0.048818 0.030980  -0.000005 0.000000 1.000000  1.275388 0.493378 0
mount_dovetail_rsr_akr_1913_railed_mount_LOD0
0  -0.003039 0.049191 0.030980  0.000000 0.000000 1.000000  1.277487 0.475243 0
0  -0.006262 0.048818 0.030980  0.000000 0.000000 1.000000  1.275388 0.493378 0
0  -0.001735 0.049191 0.030980  0.000000 0.000000 1.000000  1.277487 0.467895 0
mount_dovetail_rsr_akr_1913_railed_mount_LOD0
0  -0.003039 0.049191 0.030980  0.000003 0.000000 1.000000  1.277487 0.475243 0
0  -0.004094 0.049958 0.030980  0.000003 0.000000 1.000000  1.281805 0.481177 0
0  -0.006262 0.048818 0.030980  0.000003 0.000000 1.000000  1.275388 0.493378 0
mount_dovetail_rsr_akr_1913_railed_mount_LOD0
0  -0.001735 0.063198 0.030980  0.000000 0.000000 1.000000  1.168035 0.438786 0
0  0.002975 0.063571 0.030980  0.000000 0.000000 1.000000  1.194565 0.440885 0
0  -0.003039 0.063198 0.030980  0.000000 0.000000 1.000000  1.160687 0.438786 0
mount_dovetail_rsr_akr_1913_railed_mount_LOD0
0  -0.001735 0.063198 0.030980  0.000000 0.000000 1.000000  1.168035 0.438786 0
0  -0.000680 0.062431 0.030980  0.000000 0.000000 1.000000  1.173970 0.434471 0
0  0.002975 0.063571 0.030980  0.000000 0.000000 1.000000  1.194565 0.440885 0
mount_dovetail_rsr_akr_1913_railed_mount_LOD0
0  -0.000680 0.062431 0.030980  0.000003 0.000000 1.000000  1.173970 0.434471 0
0  -0.000275 0.061191 0.030980  0.000003 0.000000 1.000000  1.176258 0.427486 0
0  0.002975 0.063571 0.030980  0.000003 0.000000 1.000000  1.194565 0.440885 0
mount_dovetail_rsr_akr_1913_railed_mount_LOD0
0  0.002975 0.063571 0.030980  0.000000 0.000000 1.000000  1.194565 0.440885 0
0  -0.006262 0.063571 0.030980  0.000000 0.000000 1.000000  1.142552 0.440885 0
0  -0.003039 0.063198 0.030980  0.000000 0.000000 1.000000  1.160687 0.438786 0
mount_dovetail_rsr_akr_1913_railed_mount_LOD0
0  -0.003039 0.063198 0.030980  0.000000 0.000000 1.000000  1.160687 0.438786 0
0  -0.006262 0.063571 0.030980  0.000000 0.000000 1.000000  1.142552 0.440885 0
0  -0.004094 0.062431 0.030980  0.000000 0.000000 1.000000  1.154751 0.434471 0
mount_dovetail_rsr_akr_1913_railed_mount_LOD0
0  -0.004094 0.062431 0.030980  -0.000005 0.000000 1.000000  1.154751 0.434471 0
0  -0.006262 0.063571 0.030980  -0.000005 0.000000 1.000000  1.142552 0.440885 0
0  -0.004499 0.061191 0.030980  -0.000005 0.000000 1.000000  1.152461 0.427486 0
mount_dovetail_rsr_akr_1913_railed_mount_LOD0
0  -0.000275 0.061191 0.030980  0.000000 0.000000 1.000000  1.176258 0.427486 0
0  0.002975 0.058811 0.030980  0.000000 0.000000 1.000000  1.194565 0.414085 0
0  0.002975 0.063571 0.030980  0.000000 0.000000 1.000000  1.194565 0.440885 0
mount_dovetail_rsr_akr_1913_railed_mount_LOD0
0  -0.000680 0.059951 0.030980  0.000003 0.000000 1.000000  1.173970 0.420502 0
0  0.002975 0.058811 0.030980  0.000003 0.000000 1.000000  1.194565 0.414085 0
0  -0.000275 0.061191 0.030980  0.000003 0.000000 1.000000  1.176258 0.427486 0
mount_dovetail_rsr_akr_1913_railed_mount_LOD0
0  -0.001735 0.059184 0.030980  -0.000002 0.000000 1.000000  1.168035 0.416186 0
0  0.002975 0.058811 0.030980  -0.000002 0.000000 1.000000  1.194565 0.414085 0
0  -0.000680 0.059951 0.030980  -0.000002 0.000000 1.000000  1.173970 0.420502 0
mount_dovetail_rsr_akr_1913_railed_mount_LOD0
0  -0.004499 0.061191 0.030980  0.000000 0.000000 1.000000  1.152461 0.427486 0
0  -0.006262 0.063571 0.030980  0.000000 0.000000 1.000000  1.142552 0.440885 0
0  -0.006262 0.058811 0.030980  0.000000 0.000000 1.000000  1.142552 0.414085 0
mount_dovetail_rsr_akr_1913_railed_mount_LOD0
0  -0.006262 0.058811 0.030980  0.000000 0.000000 1.000000  1.142552 0.414085 0
0  0.002975 0.058811 0.030980  0.000000 0.000000 1.000000  1.194565 0.414085 0
0  -0.001735 0.059184 0.030980  0.000000 0.000000 1.000000  1.168035 0.416186 0
mount_dovetail_rsr_akr_1913_railed_mount_LOD0
0  -0.004094 0.059951 0.030980  -0.000005 0.000000 1.000000  1.154751 0.420502 0
0  -0.004499 0.061191 0.030980  -0.000005 0.000000 1.000000  1.152461 0.427486 0
0  -0.006262 0.058811 0.030980  -0.000005 0.000000 1.000000  1.142552 0.414085 0
mount_dovetail_rsr_akr_1913_railed_mount_LOD0
0  -0.003039 0.059184 0.030980  0.000000 0.000000 1.000000  1.160687 0.416186 0
0  -0.006262 0.058811 0.030980  0.000000 0.000000 1.000000  1.142552 0.414085 0
0  -0.001735 0.059184 0.030980  0.000000 0.000000 1.000000  1.168035 0.416186 0
mount_dovetail_rsr_akr_1913_railed_mount_LOD0
0  -0.003039 0.059184 0.030980  0.000003 0.000000 1.000000  1.160687 0.416186 0
0  -0.004094 0.059951 0.030980  0.000003 0.000000 1.000000  1.154751 0.420502 0
0  -0.006262 0.058811 0.030980  0.000003 0.000000 1.000000  1.142552 0.414085 0
mount_dovetail_rsr_akr_1913_railed_mount_LOD0
0  -0.001735 0.073191 0.030980  0.000000 0.000000 1.000000  1.132880 0.440817 0
0  0.002975 0.073564 0.030980  0.000000 0.000000 1.000000  1.134981 0.414301 0
0  -0.003039 0.073191 0.030980  0.000000 0.000000 1.000000  1.132880 0.448165 0
mount_dovetail_rsr_akr_1913_railed_mount_LOD0
0  -0.001735 0.073191 0.030980  0.000000 0.000000 1.000000  1.132880 0.440817 0
0  -0.000680 0.072424 0.030980  0.000000 0.000000 1.000000  1.128563 0.434868 0
0  0.002975 0.073564 0.030980  0.000000 0.000000 1.000000  1.134981 0.414301 0
mount_dovetail_rsr_akr_1913_railed_mount_LOD0
0  -0.000680 0.072424 0.030980  0.000000 0.000000 1.000000  1.128563 0.434868 0
0  -0.000275 0.071184 0.030980  0.000000 0.000000 1.000000  1.121580 0.432594 0
0  0.002975 0.073564 0.030980  0.000000 0.000000 1.000000  1.134981 0.414301 0
mount_dovetail_rsr_akr_1913_railed_mount_LOD0
0  0.002975 0.073564 0.030980  0.000000 0.000000 1.000000  1.134981 0.414301 0
0  -0.006262 0.073564 0.030980  0.000000 0.000000 1.000000  1.134981 0.466301 0
0  -0.003039 0.073191 0.030980  0.000000 0.000000 1.000000  1.132880 0.448165 0
mount_dovetail_rsr_akr_1913_railed_mount_LOD0
0  -0.003039 0.073191 0.030980  0.000000 0.000000 1.000000  1.132880 0.448165 0
0  -0.006262 0.073564 0.030980  0.000000 0.000000 1.000000  1.134981 0.466301 0
0  -0.004094 0.072424 0.030980  0.000000 0.000000 1.000000  1.128564 0.454104 0
mount_dovetail_rsr_akr_1913_railed_mount_LOD0
0  -0.004094 0.072424 0.030980  0.000000 0.000000 1.000000  1.128564 0.454104 0
0  -0.006262 0.073564 0.030980  0.000000 0.000000 1.000000  1.134981 0.466301 0
0  -0.004499 0.071184 0.030980  0.000000 0.000000 1.000000  1.121581 0.456391 0
mount_dovetail_rsr_akr_1913_railed_mount_LOD0
0  -0.000275 0.071184 0.030980  0.000002 0.000000 1.000000  1.121580 0.432594 0
0  0.002975 0.068804 0.030980  0.000002 0.000000 1.000000  1.108175 0.414301 0
0  0.002975 0.073564 0.030980  0.000002 0.000000 1.000000  1.134981 0.414301 0
mount_dovetail_rsr_akr_1913_railed_mount_LOD0
0  -0.000680 0.069943 0.030980  0.000000 0.000000 1.000000  1.114596 0.434868 0
0  0.002975 0.068804 0.030980  0.000000 0.000000 1.000000  1.108175 0.414301 0
0  -0.000275 0.071184 0.030980  0.000000 0.000000 1.000000  1.121580 0.432594 0
mount_dovetail_rsr_akr_1913_railed_mount_LOD0
0  -0.001735 0.069177 0.030980  0.000000 0.000000 1.000000  1.110279 0.440817 0
0  0.002975 0.068804 0.030980  0.000000 0.000000 1.000000  1.108175 0.414301 0
0  -0.000680 0.069943 0.030980  0.000000 0.000000 1.000000  1.114596 0.434868 0
mount_dovetail_rsr_akr_1913_railed_mount_LOD0
0  -0.004499 0.071184 0.030980  -0.000003 0.000000 1.000000  1.121581 0.456391 0
0  -0.006262 0.073564 0.030980  -0.000003 0.000000 1.000000  1.134981 0.466301 0
0  -0.006262 0.068804 0.030980  -0.000003 0.000000 1.000000  1.108175 0.466301 0
mount_dovetail_rsr_akr_1913_railed_mount_LOD0
0  -0.006262 0.068804 0.030980  0.000000 0.000000 1.000000  1.108175 0.466301 0
0  0.002975 0.068804 0.030980  0.000000 0.000000 1.000000  1.108175 0.414301 0
0  -0.001735 0.069177 0.030980  0.000000 0.000000 1.000000  1.110279 0.440817 0
mount_dovetail_rsr_akr_1913_railed_mount_LOD0
0  -0.004094 0.069943 0.030980  0.000000 0.000000 1.000000  1.114597 0.454104 0
0  -0.004499 0.071184 0.030980  0.000000 0.000000 1.000000  1.121581 0.456391 0
0  -0.006262 0.068804 0.030980  0.000000 0.000000 1.000000  1.108175 0.466301 0
mount_dovetail_rsr_akr_1913_railed_mount_LOD0
0  -0.003039 0.069177 0.030980  0.000000 0.000000 1.000000  1.110279 0.448165 0
0  -0.006262 0.068804 0.030980  0.000000 0.000000 1.000000  1.108175 0.466301 0
0  -0.001735 0.069177 0.030980  0.000000 0.000000 1.000000  1.110279 0.440817 0
mount_dovetail_rsr_akr_1913_railed_mount_LOD0
0  -0.003039 0.069177 0.030980  0.000000 0.000000 1.000000  1.110279 0.448165 0
0  -0.004094 0.069943 0.030980  0.000000 0.000000 1.000000  1.114597 0.454104 0
0  -0.006262 0.068804 0.030980  0.000000 0.000000 1.000000  1.108175 0.466301 0
mount_dovetail_rsr_akr_1913_railed_mount_LOD0
0  -0.001735 0.083184 0.030980  0.000000 0.000000 1.000000  1.950411 0.139837 0
0  0.002975 0.083556 0.030980  0.000000 0.000000 1.000000  1.923893 0.137735 0
0  -0.003039 0.083184 0.030980  0.000000 0.000000 1.000000  1.957759 0.139835 0
mount_dovetail_rsr_akr_1913_railed_mount_LOD0
0  -0.001735 0.083184 0.030980  0.000000 0.000000 1.000000  1.950411 0.139837 0
0  -0.000680 0.082417 0.030980  0.000000 0.000000 1.000000  1.944462 0.144152 0
0  0.002975 0.083556 0.030980  0.000000 0.000000 1.000000  1.923893 0.137735 0
mount_dovetail_rsr_akr_1913_railed_mount_LOD0
0  -0.000680 0.082417 0.030980  0.000000 0.000000 1.000000  1.944462 0.144152 0
0  -0.000275 0.081177 0.030980  0.000000 0.000000 1.000000  1.942184 0.151136 0
0  0.002975 0.083556 0.030980  0.000000 0.000000 1.000000  1.923893 0.137735 0
mount_dovetail_rsr_akr_1913_railed_mount_LOD0
0  0.002975 0.083556 0.030980  0.000000 0.000000 1.000000  1.923893 0.137735 0
0  -0.006262 0.083556 0.030980  0.000000 0.000000 1.000000  1.975894 0.137735 0
0  -0.003039 0.083184 0.030980  0.000000 0.000000 1.000000  1.957759 0.139835 0
mount_dovetail_rsr_akr_1913_railed_mount_LOD0
0  -0.003039 0.083184 0.030980  0.000000 0.000000 1.000000  1.957759 0.139835 0
0  -0.006262 0.083556 0.030980  0.000000 0.000000 1.000000  1.975894 0.137735 0
0  -0.004094 0.082417 0.030980  0.000000 0.000000 1.000000  1.963693 0.144152 0
mount_dovetail_rsr_akr_1913_railed_mount_LOD0
0  -0.004094 0.082417 0.030980  0.000000 0.000000 1.000000  1.963693 0.144152 0
0  -0.006262 0.083556 0.030980  0.000000 0.000000 1.000000  1.975894 0.137735 0
0  -0.004499 0.081177 0.030980  0.000000 0.000000 1.000000  1.965969 0.151135 0
mount_dovetail_rsr_akr_1913_railed_mount_LOD0
0  -0.000275 0.081177 0.030980  0.000000 0.000000 1.000000  1.942184 0.151136 0
0  0.002975 0.078797 0.030980  0.000000 0.000000 1.000000  1.923893 0.164535 0
0  0.002975 0.083556 0.030980  0.000000 0.000000 1.000000  1.923893 0.137735 0
mount_dovetail_rsr_akr_1913_railed_mount_LOD0
0  -0.000680 0.079936 0.030980  0.000000 0.000000 1.000000  1.944462 0.158121 0
0  0.002975 0.078797 0.030980  0.000000 0.000000 1.000000  1.923893 0.164535 0
0  -0.000275 0.081177 0.030980  0.000000 0.000000 1.000000  1.942184 0.151136 0
mount_dovetail_rsr_akr_1913_railed_mount_LOD0
0  -0.001735 0.079170 0.030980  0.000002 0.000000 1.000000  1.950411 0.162435 0
0  0.002975 0.078797 0.030980  0.000002 0.000000 1.000000  1.923893 0.164535 0
0  -0.000680 0.079936 0.030980  0.000002 0.000000 1.000000  1.944462 0.158121 0
mount_dovetail_rsr_akr_1913_railed_mount_LOD0
0  -0.004499 0.081177 0.030980  0.000000 0.000000 1.000000  1.965969 0.151135 0
0  -0.006262 0.083556 0.030980  0.000000 0.000000 1.000000  1.975894 0.137735 0
0  -0.006262 0.078797 0.030980  0.000000 0.000000 1.000000  1.975894 0.164535 0
mount_dovetail_rsr_akr_1913_railed_mount_LOD0
0  -0.006262 0.078797 0.030980  0.000000 0.000000 1.000000  1.975894 0.164535 0
0  0.002975 0.078797 0.030980  0.000000 0.000000 1.000000  1.923893 0.164535 0
0  -0.001735 0.079170 0.030980  0.000000 0.000000 1.000000  1.950411 0.162435 0
mount_dovetail_rsr_akr_1913_railed_mount_LOD0
0  -0.004094 0.079936 0.030980  0.000000 0.000000 1.000000  1.963693 0.158121 0
0  -0.004499 0.081177 0.030980  0.000000 0.000000 1.000000  1.965969 0.151135 0
0  -0.006262 0.078797 0.030980  0.000000 0.000000 1.000000  1.975894 0.164535 0
mount_dovetail_rsr_akr_1913_railed_mount_LOD0
0  -0.003039 0.079170 0.030980  0.000000 0.000000 1.000000  1.957759 0.162435 0
0  -0.006262 0.078797 0.030980  0.000000 0.000000 1.000000  1.975894 0.164535 0
0  -0.001735 0.079170 0.030980  0.000000 0.000000 1.000000  1.950411 0.162435 0
mount_dovetail_rsr_akr_1913_railed_mount_LOD0
0  -0.003039 0.079170 0.030980  -0.000003 0.000000 1.000000  1.957759 0.162435 0
0  -0.004094 0.079936 0.030980  -0.000003 0.000000 1.000000  1.963693 0.158121 0
0  -0.006262 0.078797 0.030980  -0.000003 0.000000 1.000000  1.975894 0.164535 0
end
