version 1
nodes
0 "root" -1
end
skeleton
time 0
0 0 0 0 0 0 0
end
triangles
mount_casv_vltor_picatinny_rail_sections_LOD0
0  -0.042624 0.009251 -0.008120  0.000000 1.000000 -0.000000  0.939205 0.798233 0
0  -0.046061 0.009251 -0.008120  -0.000000 1.000000 -0.000000  0.939205 0.825772 0
0  -0.046061 0.009251 0.008118  0.000000 1.000000 -0.000000  0.809047 0.825772 0
mount_casv_vltor_picatinny_rail_sections_LOD0
0  -0.042624 0.009251 0.008120  0.000000 1.000000 -0.000000  0.809047 0.798233 0
0  -0.042624 0.009251 -0.008120  0.000000 1.000000 -0.000000  0.939205 0.798233 0
0  -0.046061 0.009251 0.008118  0.000000 1.000000 -0.000000  0.809047 0.825772 0
mount_casv_vltor_picatinny_rail_sections_LOD0
0  -0.042624 0.006754 -0.010617  -0.000004 0.000017 -1.000000  0.690851 0.346032 0
0  -0.042618 0.006247 -0.010617  -0.000005 0.000020 -1.000000  0.690851 0.341971 0
0  -0.044876 0.006248 -0.010617  -0.000001 0.000003 -1.000000  0.708918 0.341971 0
mount_casv_vltor_picatinny_rail_sections_LOD0
0  -0.044876 0.006754 -0.010617  0.000000 0.000000 -1.000000  0.708918 0.346032 0
0  -0.042624 0.006754 -0.010617  -0.000004 0.000017 -1.000000  0.690851 0.346032 0
0  -0.044876 0.006248 -0.010617  -0.000001 0.000003 -1.000000  0.708918 0.341971 0
mount_casv_vltor_picatinny_rail_sections_LOD0
0  -0.042624 0.006754 -0.010617  -0.000000 0.707107 -0.707106  0.711348 0.849719 0
0  -0.044876 0.006754 -0.010617  -0.000001 0.707108 -0.707106  0.693306 0.849719 0
0  -0.046723 0.008592 -0.008779  -0.000000 0.707107 -0.707107  0.678501 0.828884 0
mount_casv_vltor_picatinny_rail_sections_LOD0
0  -0.042624 0.009251 -0.008120  0.000000 0.707107 -0.707107  0.711348 0.821415 0
0  -0.042624 0.006754 -0.010617  -0.000000 0.707107 -0.707106  0.711348 0.849719 0
0  -0.046723 0.008592 -0.008779  -0.000000 0.707107 -0.707107  0.678501 0.828884 0
mount_casv_vltor_picatinny_rail_sections_LOD0
0  -0.046061 0.009251 -0.008120  -0.000001 0.707106 -0.707107  0.683809 0.821413 0
0  -0.042624 0.009251 -0.008120  0.000000 0.707107 -0.707107  0.711348 0.821415 0
0  -0.046723 0.008592 -0.008779  -0.000000 0.707107 -0.707107  0.678501 0.828884 0
mount_casv_vltor_picatinny_rail_sections_LOD0
0  -0.047386 0.003751 -0.008120  -0.705371 0.000109 -0.708838  0.957656 0.007697 0
0  -0.047386 0.007933 -0.008119  -0.705588 0.000167 -0.708622  0.957656 0.041218 0
0  -0.046723 0.008592 -0.008779  -0.705429 0.000118 -0.708780  0.950155 0.046497 0
mount_casv_vltor_picatinny_rail_sections_LOD0
0  -0.044876 0.006248 -0.010617  -0.705341 0.000058 -0.708869  0.929273 0.027703 0
0  -0.047386 0.003751 -0.008120  -0.705371 0.000109 -0.708838  0.957656 0.007697 0
0  -0.046723 0.008592 -0.008779  -0.705429 0.000118 -0.708780  0.950155 0.046497 0
mount_casv_vltor_picatinny_rail_sections_LOD0
0  -0.044876 0.006754 -0.010617  -0.705378 0.000000 -0.708831  0.929272 0.031760 0
0  -0.044876 0.006248 -0.010617  -0.705341 0.000058 -0.708869  0.929273 0.027703 0
0  -0.046723 0.008592 -0.008779  -0.705429 0.000118 -0.708780  0.950155 0.046497 0
mount_casv_vltor_picatinny_rail_sections_LOD0
0  -0.042624 0.006754 0.010617  -0.000422 -0.002017 0.999998  0.684121 0.948648 0
0  -0.044876 0.006754 0.010615  -0.000425 -0.002008 0.999998  0.666054 0.948648 0
0  -0.044876 0.006248 0.010615  -0.000425 -0.002008 0.999998  0.666054 0.944587 0
mount_casv_vltor_picatinny_rail_sections_LOD0
0  -0.042618 0.006247 0.010615  -0.000413 -0.002058 0.999998  0.684121 0.944587 0
0  -0.042624 0.006754 0.010617  -0.000422 -0.002017 0.999998  0.684121 0.948648 0
0  -0.044876 0.006248 0.010615  -0.000425 -0.002008 0.999998  0.666054 0.944587 0
mount_casv_vltor_picatinny_rail_sections_LOD0
0  -0.042624 0.006754 0.010617  -0.000630 0.707106 0.707108  0.744696 0.885922 0
0  -0.042624 0.009251 0.008120  -0.000534 0.707030 0.707184  0.744687 0.914224 0
0  -0.044876 0.006754 0.010615  -0.000559 0.707075 0.707139  0.726653 0.885926 0
mount_casv_vltor_picatinny_rail_sections_LOD0
0  -0.042624 0.009251 0.008120  -0.000534 0.707030 0.707184  0.744687 0.914224 0
0  -0.046723 0.008592 0.008776  -0.000466 0.706942 0.707271  0.711843 0.906761 0
0  -0.044876 0.006754 0.010615  -0.000559 0.707075 0.707139  0.726653 0.885926 0
mount_casv_vltor_picatinny_rail_sections_LOD0
0  -0.046061 0.009251 0.008118  -0.000411 0.706770 0.707443  0.717147 0.914229 0
0  -0.046723 0.008592 0.008776  -0.000466 0.706942 0.707271  0.711843 0.906761 0
0  -0.042624 0.009251 0.008120  -0.000534 0.707030 0.707184  0.744687 0.914224 0
mount_casv_vltor_picatinny_rail_sections_LOD0
0  -0.047386 0.003751 0.008120  -0.705258 0.000479 0.708950  0.682580 0.921987 0
0  -0.046723 0.008592 0.008776  -0.705271 0.000524 0.708938  0.654106 0.894589 0
0  -0.047386 0.007933 0.008117  -0.705220 0.000510 0.708989  0.663273 0.894587 0
mount_casv_vltor_picatinny_rail_sections_LOD0
0  -0.044876 0.006754 0.010615  -0.705178 0.000321 0.709030  0.645526 0.918670 0
0  -0.046723 0.008592 0.008776  -0.705271 0.000524 0.708938  0.654106 0.894589 0
0  -0.047386 0.003751 0.008120  -0.705258 0.000479 0.708950  0.682580 0.921987 0
mount_casv_vltor_picatinny_rail_sections_LOD0
0  -0.044876 0.006248 0.010615  -0.705134 0.000431 0.709074  0.647865 0.921984 0
0  -0.044876 0.006754 0.010615  -0.705178 0.000321 0.709030  0.645526 0.918670 0
0  -0.047386 0.003751 0.008120  -0.705258 0.000479 0.708950  0.682580 0.921987 0
mount_casv_vltor_picatinny_rail_sections_LOD0
0  -0.047386 0.007933 -0.008119  -0.704961 0.709246 -0.000000  0.799354 0.336646 0
0  -0.047386 0.007933 0.008117  -0.704954 0.709253 -0.000000  0.669219 0.336646 0
0  -0.046723 0.008592 0.008776  -0.705231 0.708978 -0.000000  0.663937 0.329153 0
mount_casv_vltor_picatinny_rail_sections_LOD0
0  -0.046723 0.008592 -0.008779  -0.705234 0.708974 -0.000000  0.804645 0.329153 0
0  -0.047386 0.007933 -0.008119  -0.704961 0.709246 -0.000000  0.799354 0.336646 0
0  -0.046723 0.008592 0.008776  -0.705231 0.708978 -0.000000  0.663937 0.329153 0
mount_casv_vltor_picatinny_rail_sections_LOD0
0  -0.046061 0.009251 -0.008120  -0.705847 0.708365 0.000000  0.799362 0.321666 0
0  -0.046723 0.008592 -0.008779  -0.705234 0.708974 -0.000000  0.804645 0.329153 0
0  -0.046723 0.008592 0.008776  -0.705231 0.708978 -0.000000  0.663937 0.329153 0
mount_casv_vltor_picatinny_rail_sections_LOD0
0  -0.046061 0.009251 0.008118  -0.705507 0.708703 -0.000000  0.669211 0.321666 0
0  -0.046061 0.009251 -0.008120  -0.705847 0.708365 0.000000  0.799362 0.321666 0
0  -0.046723 0.008592 0.008776  -0.705231 0.708978 -0.000000  0.663937 0.329153 0
mount_casv_vltor_picatinny_rail_sections_LOD0
0  -0.047386 0.007933 -0.008119  -1.000000 -0.000002 0.000000  0.939687 0.663233 0
0  -0.047386 0.003751 -0.008120  -1.000000 -0.000001 0.000000  0.906168 0.663233 0
0  -0.047386 0.007933 0.008117  -1.000000 -0.000000 0.000000  0.939687 0.533066 0
mount_casv_vltor_picatinny_rail_sections_LOD0
0  -0.047386 0.003751 -0.008120  -1.000000 -0.000001 0.000000  0.906168 0.663233 0
0  -0.047386 0.003751 0.008120  -1.000000 -0.000000 0.000000  0.906168 0.533066 0
0  -0.047386 0.007933 0.008117  -1.000000 -0.000000 0.000000  0.939687 0.533066 0
mount_casv_vltor_picatinny_rail_sections_LOD0
0  -0.047386 -0.000000 0.000000  -1.000000 0.000000 0.000000  0.876103 0.598149 0
0  -0.047386 0.003751 0.008120  -1.000000 -0.000000 0.000000  0.906168 0.533066 0
0  -0.047386 0.003751 -0.008120  -1.000000 -0.000001 0.000000  0.906168 0.663233 0
mount_casv_vltor_picatinny_rail_sections_LOD0
0  -0.047386 -0.000000 -0.008120  -1.000000 0.000000 0.000000  0.876103 0.663233 0
0  -0.047386 -0.000000 0.000000  -1.000000 0.000000 0.000000  0.876103 0.598149 0
0  -0.047386 0.003751 -0.008120  -1.000000 -0.000001 0.000000  0.906168 0.663233 0
mount_casv_vltor_picatinny_rail_sections_LOD0
0  -0.047386 -0.000000 0.008120  -1.000000 0.000000 0.000000  0.876103 0.533066 0
0  -0.047386 0.003751 0.008120  -1.000000 -0.000000 0.000000  0.906168 0.533066 0
0  -0.047386 -0.000000 0.000000  -1.000000 0.000000 0.000000  0.876103 0.598149 0
mount_casv_vltor_picatinny_rail_sections_LOD0
0  0.042624 0.009251 0.008119  0.000000 1.000000 -0.000000  0.676153 0.783519 0
0  0.046060 0.009251 0.008119  -0.000000 1.000000 -0.000000  0.676153 0.755982 0
0  0.046060 0.009251 -0.008119  0.000000 1.000000 -0.000000  0.806312 0.755982 0
mount_casv_vltor_picatinny_rail_sections_LOD0
0  0.042624 0.009251 -0.008121  0.000000 1.000000 0.000000  0.806312 0.783519 0
0  0.042624 0.009251 0.008119  0.000000 1.000000 -0.000000  0.676153 0.783519 0
0  0.046060 0.009251 -0.008119  0.000000 1.000000 -0.000000  0.806312 0.755982 0
mount_casv_vltor_picatinny_rail_sections_LOD0
0  0.042624 0.006754 0.010616  0.000000 0.000000 1.000000  0.675516 0.992119 0
0  0.042624 0.006247 0.010616  0.000000 0.000000 1.000000  0.671453 0.992122 0
0  0.044874 0.006248 0.010616  0.000000 0.000000 1.000000  0.671454 0.974088 0
mount_casv_vltor_picatinny_rail_sections_LOD0
0  0.044874 0.006754 0.010616  0.000000 0.000000 1.000000  0.675509 0.974086 0
0  0.042624 0.006754 0.010616  0.000000 0.000000 1.000000  0.675516 0.992119 0
0  0.044874 0.006248 0.010616  0.000000 0.000000 1.000000  0.671454 0.974088 0
mount_casv_vltor_picatinny_rail_sections_LOD0
0  0.046060 0.009251 0.008119  0.000124 0.707034 0.707180  0.750485 0.819889 0
0  0.042624 0.009251 0.008119  0.000101 0.707075 0.707139  0.778026 0.819889 0
0  0.046722 0.008592 0.008777  0.000125 0.706956 0.707257  0.745179 0.827353 0
mount_casv_vltor_picatinny_rail_sections_LOD0
0  0.042624 0.009251 0.008119  0.000101 0.707075 0.707139  0.778026 0.819889 0
0  0.044874 0.006754 0.010616  0.000110 0.707156 0.707058  0.759991 0.848192 0
0  0.046722 0.008592 0.008777  0.000125 0.706956 0.707257  0.745179 0.827353 0
mount_casv_vltor_picatinny_rail_sections_LOD0
0  0.042624 0.006754 0.010616  0.000000 0.707107 0.707107  0.778026 0.848192 0
0  0.044874 0.006754 0.010616  0.000110 0.707156 0.707058  0.759991 0.848192 0
0  0.042624 0.009251 0.008119  0.000101 0.707075 0.707139  0.778026 0.819889 0
mount_casv_vltor_picatinny_rail_sections_LOD0
0  0.044874 0.006754 0.010616  0.705382 0.000000 0.708828  0.678106 0.898662 0
0  0.044874 0.006248 0.010616  0.705270 0.000130 0.708938  0.680444 0.895348 0
0  0.046722 0.008592 0.008777  0.705163 0.000342 0.709045  0.686696 0.922743 0
mount_casv_vltor_picatinny_rail_sections_LOD0
0  0.044874 0.006248 0.010616  0.705270 0.000130 0.708938  0.680444 0.895348 0
0  0.047385 0.007933 0.008118  0.705183 0.000264 0.709025  0.695862 0.922744 0
0  0.046722 0.008592 0.008777  0.705163 0.000342 0.709045  0.686696 0.922743 0
mount_casv_vltor_picatinny_rail_sections_LOD0
0  0.047385 0.003751 0.008119  0.705215 0.000169 0.708993  0.715174 0.895346 0
0  0.047385 0.007933 0.008118  0.705183 0.000264 0.709025  0.695862 0.922744 0
0  0.044874 0.006248 0.010616  0.705270 0.000130 0.708938  0.680444 0.895348 0
mount_casv_vltor_picatinny_rail_sections_LOD0
0  0.042624 0.006754 -0.010618  0.000633 -0.001137 -0.999999  0.678252 0.951312 0
0  0.044874 0.006754 -0.010616  0.000690 -0.000889 -0.999999  0.678248 0.969347 0
0  0.044874 0.006248 -0.010616  0.000722 -0.000747 -0.999999  0.674191 0.969347 0
mount_casv_vltor_picatinny_rail_sections_LOD0
0  0.042624 0.006247 -0.010617  0.000633 -0.001135 -0.999999  0.674187 0.951312 0
0  0.042624 0.006754 -0.010618  0.000633 -0.001137 -0.999999  0.678252 0.951312 0
0  0.044874 0.006248 -0.010616  0.000722 -0.000747 -0.999999  0.674191 0.969347 0
mount_casv_vltor_picatinny_rail_sections_LOD0
0  0.046060 0.009251 -0.008119  0.000235 0.707049 -0.707165  0.165446 0.753850 0
0  0.046722 0.008592 -0.008778  0.000004 0.707103 -0.707110  0.160144 0.746377 0
0  0.044874 0.006754 -0.010616  0.000456 0.707066 -0.707148  0.174967 0.725552 0
mount_casv_vltor_picatinny_rail_sections_LOD0
0  0.042624 0.009251 -0.008121  0.000489 0.707043 -0.707170  0.192987 0.753854 0
0  0.046060 0.009251 -0.008119  0.000235 0.707049 -0.707165  0.165446 0.753850 0
0  0.044874 0.006754 -0.010616  0.000456 0.707066 -0.707148  0.174967 0.725552 0
mount_casv_vltor_picatinny_rail_sections_LOD0
0  0.042624 0.006754 -0.010618  0.000629 0.707106 -0.707107  0.193001 0.725549 0
0  0.042624 0.009251 -0.008121  0.000489 0.707043 -0.707170  0.192987 0.753854 0
0  0.044874 0.006754 -0.010616  0.000456 0.707066 -0.707148  0.174967 0.725552 0
mount_casv_vltor_picatinny_rail_sections_LOD0
0  0.044874 0.006754 -0.010616  0.705282 -0.000042 -0.708927  0.790614 0.856070 0
0  0.046722 0.008592 -0.008778  0.705542 0.000077 -0.708669  0.782028 0.880148 0
0  0.047385 0.007933 -0.008118  0.705215 0.000127 -0.708993  0.772858 0.880152 0
mount_casv_vltor_picatinny_rail_sections_LOD0
0  0.044874 0.006248 -0.010616  0.705189 0.000246 -0.709020  0.788276 0.852755 0
0  0.044874 0.006754 -0.010616  0.705282 -0.000042 -0.708927  0.790614 0.856070 0
0  0.047385 0.007933 -0.008118  0.705215 0.000127 -0.708993  0.772858 0.880152 0
mount_casv_vltor_picatinny_rail_sections_LOD0
0  0.047385 0.003751 -0.008121  0.705100 0.000508 -0.709107  0.753554 0.852751 0
0  0.044874 0.006248 -0.010616  0.705189 0.000246 -0.709020  0.788276 0.852755 0
0  0.047385 0.007933 -0.008118  0.705215 0.000127 -0.708993  0.772858 0.880152 0
mount_casv_vltor_picatinny_rail_sections_LOD0
0  0.047385 0.007933 0.008118  0.704965 0.709242 -0.000000  0.339003 0.981893 0
0  0.047385 0.007933 -0.008118  0.704956 0.709251 -0.000000  0.469137 0.981893 0
0  0.046722 0.008592 -0.008778  0.705230 0.708979 -0.000000  0.474428 0.989385 0
mount_casv_vltor_picatinny_rail_sections_LOD0
0  0.046722 0.008592 0.008777  0.705234 0.708974 -0.000000  0.333721 0.989385 0
0  0.047385 0.007933 0.008118  0.704965 0.709242 -0.000000  0.339003 0.981893 0
0  0.046722 0.008592 -0.008778  0.705230 0.708979 -0.000000  0.474428 0.989385 0
mount_casv_vltor_picatinny_rail_sections_LOD0
0  0.046060 0.009251 0.008119  0.705504 0.708706 -0.000000  0.338996 0.996873 0
0  0.046722 0.008592 0.008777  0.705234 0.708974 -0.000000  0.333721 0.989385 0
0  0.046722 0.008592 -0.008778  0.705230 0.708979 -0.000000  0.474428 0.989385 0
mount_casv_vltor_picatinny_rail_sections_LOD0
0  0.046060 0.009251 -0.008119  0.705503 0.708707 -0.000000  0.469145 0.996873 0
0  0.046060 0.009251 0.008119  0.705504 0.708706 -0.000000  0.338996 0.996873 0
0  0.046722 0.008592 -0.008778  0.705230 0.708979 -0.000000  0.474428 0.989385 0
mount_casv_vltor_picatinny_rail_sections_LOD0
0  0.047385 0.007933 0.008118  1.000000 0.000000 0.000000  0.939458 0.253592 0
0  0.047385 0.003751 0.008119  1.000000 -0.000001 0.000000  0.939458 0.287111 0
0  0.047385 0.007933 -0.008118  1.000000 -0.000002 0.000000  0.809292 0.253592 0
mount_casv_vltor_picatinny_rail_sections_LOD0
0  0.047385 0.003751 0.008119  1.000000 -0.000001 0.000000  0.939458 0.287111 0
0  0.047385 0.003751 -0.008121  1.000000 -0.000000 0.000000  0.809292 0.287111 0
0  0.047385 0.007933 -0.008118  1.000000 -0.000002 0.000000  0.809292 0.253592 0
mount_casv_vltor_picatinny_rail_sections_LOD0
0  0.047385 -0.000000 -0.000001  1.000000 0.000001 0.000000  0.874375 0.317177 0
0  0.047385 0.003751 -0.008121  1.000000 -0.000000 0.000000  0.809292 0.287111 0
0  0.047385 0.003751 0.008119  1.000000 -0.000001 0.000000  0.939458 0.287111 0
mount_casv_vltor_picatinny_rail_sections_LOD0
0  0.047385 -0.000000 0.008119  1.000000 -0.000002 0.000000  0.939458 0.317177 0
0  0.047385 -0.000000 -0.000001  1.000000 0.000001 0.000000  0.874375 0.317177 0
0  0.047385 0.003751 0.008119  1.000000 -0.000001 0.000000  0.939458 0.287111 0
mount_casv_vltor_picatinny_rail_sections_LOD0
0  0.047385 -0.000000 -0.008121  1.000000 0.000002 0.000000  0.809292 0.317177 0
0  0.047385 0.003751 -0.008121  1.000000 -0.000000 0.000000  0.809292 0.287111 0
0  0.047385 -0.000000 -0.000001  1.000000 0.000001 0.000000  0.874375 0.317177 0
mount_casv_vltor_picatinny_rail_sections_LOD0
0  0.042624 0.006754 -0.010618  -1.000000 -0.000011 0.000000  0.846642 0.743197 0
0  0.042624 0.006247 -0.010617  -1.000000 -0.000005 0.000000  0.846634 0.747261 0
0  0.042624 0.009251 -0.008121  -1.000000 -0.000000 0.000000  0.826627 0.723182 0
mount_casv_vltor_picatinny_rail_sections_LOD0
0  0.042624 0.006247 -0.010617  -1.000000 -0.000005 0.000000  0.846634 0.747261 0
0  0.042624 0.006247 0.010616  -1.000000 0.000000 0.000000  0.676446 0.747260 0
0  0.042624 0.009251 -0.008121  -1.000000 -0.000000 0.000000  0.826627 0.723182 0
mount_casv_vltor_picatinny_rail_sections_LOD0
0  0.042624 0.006247 0.010616  -1.000000 0.000000 0.000000  0.676446 0.747260 0
0  0.042624 0.009251 0.008119  -1.000000 0.000000 0.000000  0.696460 0.723183 0
0  0.042624 0.009251 -0.008121  -1.000000 -0.000000 0.000000  0.826627 0.723182 0
mount_casv_vltor_picatinny_rail_sections_LOD0
0  0.042624 0.006754 0.010616  -1.000000 0.000000 0.000000  0.676446 0.743195 0
0  0.042624 0.009251 0.008119  -1.000000 0.000000 0.000000  0.696460 0.723183 0
0  0.042624 0.006247 0.010616  -1.000000 0.000000 0.000000  0.676446 0.747260 0
mount_casv_vltor_picatinny_rail_sections_LOD0
0  0.037376 0.006247 0.010616  0.000000 1.000000 -0.000000  0.540560 0.248765 0
0  0.042624 0.006247 0.010616  0.000000 1.000000 -0.000000  0.540560 0.206694 0
0  0.042624 0.006247 -0.010617  0.000000 1.000000 -0.000000  0.710746 0.206694 0
mount_casv_vltor_picatinny_rail_sections_LOD0
0  0.037376 0.006247 -0.010617  0.000000 1.000000 -0.000000  0.710746 0.248765 0
0  0.037376 0.006247 0.010616  0.000000 1.000000 -0.000000  0.540560 0.248765 0
0  0.042624 0.006247 -0.010617  0.000000 1.000000 -0.000000  0.710746 0.206694 0
mount_casv_vltor_picatinny_rail_sections_LOD0
0  -0.042624 0.009251 -0.008120  0.999997 0.002587 -0.000502  0.688102 0.662168 0
0  -0.042618 0.006247 -0.010617  0.999960 0.006891 -0.005680  0.708115 0.638091 0
0  -0.042624 0.006754 -0.010617  0.999834 0.012861 -0.012864  0.708116 0.642155 0
mount_casv_vltor_picatinny_rail_sections_LOD0
0  -0.042618 0.006247 -0.010617  0.999960 0.006891 -0.005680  0.708115 0.638091 0
0  -0.042624 0.009251 -0.008120  0.999997 0.002587 -0.000502  0.688102 0.662168 0
0  -0.042618 0.006247 0.010615  0.999960 0.006889 0.005672  0.537936 0.638091 0
mount_casv_vltor_picatinny_rail_sections_LOD0
0  -0.042624 0.009251 -0.008120  0.999997 0.002587 -0.000502  0.688102 0.662168 0
0  -0.042624 0.009251 0.008120  0.999996 0.002592 0.000502  0.557935 0.662169 0
0  -0.042618 0.006247 0.010615  0.999960 0.006889 0.005672  0.537936 0.638091 0
mount_casv_vltor_picatinny_rail_sections_LOD0
0  -0.042624 0.009251 0.008120  0.999996 0.002592 0.000502  0.557935 0.662169 0
0  -0.042624 0.006754 0.010617  0.999836 0.012825 0.012813  0.537920 0.642155 0
0  -0.042618 0.006247 0.010615  0.999960 0.006889 0.005672  0.537936 0.638091 0
mount_casv_vltor_picatinny_rail_sections_LOD0
0  -0.047386 -0.000000 -0.008120  -0.000011 -0.000000 -1.000000  0.763894 0.004631 0
0  -0.047386 0.003751 -0.008120  -0.000011 0.000000 -1.000000  0.763894 0.034696 0
0  0.047385 0.003751 -0.008121  -0.000011 -0.000000 -1.000000  0.004286 0.034696 0
mount_casv_vltor_picatinny_rail_sections_LOD0
0  0.047385 -0.000000 -0.008121  -0.000011 -0.000000 -1.000000  0.004286 0.004631 0
0  -0.047386 -0.000000 -0.008120  -0.000011 -0.000000 -1.000000  0.763894 0.004631 0
0  0.047385 0.003751 -0.008121  -0.000011 -0.000000 -1.000000  0.004286 0.034696 0
mount_casv_vltor_picatinny_rail_sections_LOD0
0  -0.047386 0.003751 0.008120  0.000011 0.000000 1.000000  0.004159 0.069581 0
0  -0.047386 -0.000000 0.008120  0.000011 0.000000 1.000000  0.004159 0.039517 0
0  0.047385 -0.000000 0.008119  0.000011 0.000000 1.000000  0.763767 0.039517 0
mount_casv_vltor_picatinny_rail_sections_LOD0
0  0.047385 0.003751 0.008119  0.000011 0.000000 1.000000  0.763767 0.069581 0
0  -0.047386 0.003751 0.008120  0.000011 0.000000 1.000000  0.004159 0.069581 0
0  0.047385 -0.000000 0.008119  0.000011 0.000000 1.000000  0.763767 0.039517 0
mount_casv_vltor_picatinny_rail_sections_LOD0
0  0.047385 -0.000000 0.008119  0.000000 -1.000000 0.000000  0.004025 0.172669 0
0  -0.047386 -0.000000 0.008120  0.000000 -1.000000 0.000000  0.535751 0.172669 0
0  -0.047386 -0.000000 0.000000  0.000000 -1.000000 0.000000  0.535751 0.218226 0
mount_casv_vltor_picatinny_rail_sections_LOD0
0  0.047385 -0.000000 -0.000001  0.000000 -1.000000 0.000000  0.004025 0.218226 0
0  0.047385 -0.000000 0.008119  0.000000 -1.000000 0.000000  0.004025 0.172669 0
0  -0.047386 -0.000000 0.000000  0.000000 -1.000000 0.000000  0.535751 0.218226 0
mount_casv_vltor_picatinny_rail_sections_LOD0
0  0.047385 -0.000000 -0.008121  0.000000 -1.000000 0.000000  0.004026 0.172669 0
0  0.047385 -0.000000 -0.000001  0.000000 -1.000000 0.000000  0.004026 0.218226 0
0  -0.047386 -0.000000 0.000000  0.000000 -1.000000 0.000000  0.535751 0.218226 0
mount_casv_vltor_picatinny_rail_sections_LOD0
0  -0.047386 -0.000000 -0.008120  0.000000 -1.000000 0.000000  0.535751 0.172669 0
0  0.047385 -0.000000 -0.008121  0.000000 -1.000000 0.000000  0.004026 0.172669 0
0  -0.047386 -0.000000 0.000000  0.000000 -1.000000 0.000000  0.535751 0.218226 0
mount_casv_vltor_picatinny_rail_sections_LOD0
0  0.044874 0.006248 -0.010616  0.000626 -0.706510 -0.707703  0.024152 0.102722 0
0  0.047385 0.003751 -0.008121  0.000207 -0.706916 -0.707297  0.004025 0.074411 0
0  0.042624 0.006247 -0.010617  0.000128 -0.706986 -0.707228  0.042187 0.102722 0
mount_casv_vltor_picatinny_rail_sections_LOD0
0  0.042624 0.006247 -0.010617  0.000128 -0.706986 -0.707228  0.042187 0.102722 0
0  0.047385 0.003751 -0.008121  0.000207 -0.706916 -0.707297  0.004025 0.074411 0
0  0.037376 0.006247 -0.010617  0.000000 -0.707109 -0.707105  0.084259 0.102722 0
mount_casv_vltor_picatinny_rail_sections_LOD0
0  0.037376 0.006247 -0.010617  0.000000 -0.707109 -0.707105  0.084259 0.102722 0
0  0.047385 0.003751 -0.008121  0.000207 -0.706916 -0.707297  0.004025 0.074411 0
0  0.032626 0.006247 -0.010617  -0.000001 -0.707111 -0.707103  0.122331 0.102722 0
mount_casv_vltor_picatinny_rail_sections_LOD0
0  0.032626 0.006247 -0.010617  -0.000001 -0.707111 -0.707103  0.122331 0.102722 0
0  0.047385 0.003751 -0.008121  0.000207 -0.706916 -0.707297  0.004025 0.074411 0
0  0.027376 0.006247 -0.010617  -0.000000 -0.707109 -0.707105  0.164412 0.102722 0
mount_casv_vltor_picatinny_rail_sections_LOD0
0  0.027376 0.006247 -0.010617  -0.000000 -0.707109 -0.707105  0.164412 0.102722 0
0  0.047385 0.003751 -0.008121  0.000207 -0.706916 -0.707297  0.004025 0.074411 0
0  0.022627 0.006247 -0.010617  0.000000 -0.707110 -0.707104  0.202477 0.102722 0
mount_casv_vltor_picatinny_rail_sections_LOD0
0  0.022627 0.006247 -0.010617  0.000000 -0.707110 -0.707104  0.202477 0.102722 0
0  0.047385 0.003751 -0.008121  0.000207 -0.706916 -0.707297  0.004025 0.074411 0
0  0.017377 0.006247 -0.010617  0.000000 -0.707108 -0.707106  0.244557 0.102722 0
mount_casv_vltor_picatinny_rail_sections_LOD0
0  0.017377 0.006247 -0.010617  0.000000 -0.707108 -0.707106  0.244557 0.102722 0
0  0.047385 0.003751 -0.008121  0.000207 -0.706916 -0.707297  0.004025 0.074411 0
0  0.012628 0.006247 -0.010617  0.000000 -0.707109 -0.707104  0.282616 0.102722 0
mount_casv_vltor_picatinny_rail_sections_LOD0
0  0.012628 0.006247 -0.010617  0.000000 -0.707109 -0.707104  0.282616 0.102722 0
0  0.047385 0.003751 -0.008121  0.000207 -0.706916 -0.707297  0.004025 0.074411 0
0  0.007378 0.006247 -0.010617  -0.000007 -0.707169 -0.707044  0.324675 0.102722 0
mount_casv_vltor_picatinny_rail_sections_LOD0
0  0.047385 0.003751 -0.008121  0.000207 -0.706916 -0.707297  0.004025 0.074411 0
0  -0.047386 0.003751 -0.008120  -0.000105 -0.707147 -0.707067  0.763586 0.074411 0
0  0.007378 0.006247 -0.010617  -0.000007 -0.707169 -0.707044  0.324675 0.102722 0
mount_casv_vltor_picatinny_rail_sections_LOD0
0  0.007378 0.006247 -0.010617  -0.000007 -0.707169 -0.707044  0.324675 0.102722 0
0  -0.047386 0.003751 -0.008120  -0.000105 -0.707147 -0.707067  0.763586 0.074411 0
0  0.002628 0.006247 -0.010617  -0.000000 -0.707251 -0.706962  0.362726 0.102722 0
mount_casv_vltor_picatinny_rail_sections_LOD0
0  0.002628 0.006247 -0.010617  -0.000000 -0.707251 -0.706962  0.362726 0.102722 0
0  -0.047386 0.003751 -0.008120  -0.000105 -0.707147 -0.707067  0.763586 0.074411 0
0  -0.002621 0.006247 -0.010617  -0.000000 -0.707251 -0.706963  0.404794 0.102722 0
mount_casv_vltor_picatinny_rail_sections_LOD0
0  -0.002621 0.006247 -0.010617  -0.000000 -0.707251 -0.706963  0.404794 0.102722 0
0  -0.047386 0.003751 -0.008120  -0.000105 -0.707147 -0.707067  0.763586 0.074411 0
0  -0.007371 0.006247 -0.010617  0.000000 -0.707251 -0.706963  0.442865 0.102722 0
mount_casv_vltor_picatinny_rail_sections_LOD0
0  -0.007371 0.006247 -0.010617  0.000000 -0.707251 -0.706963  0.442865 0.102722 0
0  -0.047386 0.003751 -0.008120  -0.000105 -0.707147 -0.707067  0.763586 0.074411 0
0  -0.012620 0.006247 -0.010617  0.000000 -0.707252 -0.706962  0.484937 0.102722 0
mount_casv_vltor_picatinny_rail_sections_LOD0
0  -0.012620 0.006247 -0.010617  0.000000 -0.707252 -0.706962  0.484937 0.102722 0
0  -0.047386 0.003751 -0.008120  -0.000105 -0.707147 -0.707067  0.763586 0.074411 0
0  -0.017370 0.006247 -0.010617  0.000000 -0.707253 -0.706961  0.523008 0.102722 0
mount_casv_vltor_picatinny_rail_sections_LOD0
0  -0.017370 0.006247 -0.010617  0.000000 -0.707253 -0.706961  0.523008 0.102722 0
0  -0.047386 0.003751 -0.008120  -0.000105 -0.707147 -0.707067  0.763586 0.074411 0
0  -0.022619 0.006247 -0.010617  -0.000000 -0.707251 -0.706962  0.565080 0.102722 0
mount_casv_vltor_picatinny_rail_sections_LOD0
0  -0.022619 0.006247 -0.010617  -0.000000 -0.707251 -0.706962  0.565080 0.102722 0
0  -0.047386 0.003751 -0.008120  -0.000105 -0.707147 -0.707067  0.763586 0.074411 0
0  -0.027369 0.006247 -0.010617  -0.000000 -0.707251 -0.706963  0.603151 0.102722 0
mount_casv_vltor_picatinny_rail_sections_LOD0
0  -0.027369 0.006247 -0.010617  -0.000000 -0.707251 -0.706963  0.603151 0.102722 0
0  -0.047386 0.003751 -0.008120  -0.000105 -0.707147 -0.707067  0.763586 0.074411 0
0  -0.032619 0.006247 -0.010617  -0.000000 -0.707252 -0.706961  0.645229 0.102722 0
mount_casv_vltor_picatinny_rail_sections_LOD0
0  -0.032619 0.006247 -0.010617  -0.000000 -0.707252 -0.706961  0.645229 0.102722 0
0  -0.047386 0.003751 -0.008120  -0.000105 -0.707147 -0.707067  0.763586 0.074411 0
0  -0.037368 0.006247 -0.010617  0.000000 -0.707251 -0.706963  0.683291 0.102722 0
mount_casv_vltor_picatinny_rail_sections_LOD0
0  -0.037368 0.006247 -0.010617  0.000000 -0.707251 -0.706963  0.683291 0.102722 0
0  -0.047386 0.003751 -0.008120  -0.000105 -0.707147 -0.707067  0.763586 0.074411 0
0  -0.042618 0.006247 -0.010617  -0.000064 -0.707191 -0.707023  0.725369 0.102722 0
mount_casv_vltor_picatinny_rail_sections_LOD0
0  -0.047386 0.003751 -0.008120  -0.000105 -0.707147 -0.707067  0.763586 0.074411 0
0  -0.044876 0.006248 -0.010617  -0.000314 -0.706952 -0.707261  0.743461 0.102722 0
0  -0.042618 0.006247 -0.010617  -0.000064 -0.707191 -0.707023  0.725369 0.102722 0
mount_casv_vltor_picatinny_rail_sections_LOD0
0  -0.044876 0.006248 0.010615  -0.000306 -0.706672 0.707541  0.024097 0.135400 0
0  -0.047386 0.003751 0.008120  -0.000101 -0.706872 0.707341  0.003978 0.107097 0
0  -0.042618 0.006247 0.010615  -0.000062 -0.706904 0.707309  0.042187 0.135400 0
mount_casv_vltor_picatinny_rail_sections_LOD0
0  -0.047386 0.003751 0.008120  -0.000101 -0.706872 0.707341  0.003978 0.107097 0
0  -0.037368 0.006247 0.010615  0.000000 -0.706963 0.707251  0.084266 0.135400 0
0  -0.042618 0.006247 0.010615  -0.000062 -0.706904 0.707309  0.042187 0.135400 0
mount_casv_vltor_picatinny_rail_sections_LOD0
0  -0.032619 0.006247 0.010615  0.000000 -0.706964 0.707249  0.122329 0.135399 0
0  -0.037368 0.006247 0.010615  0.000000 -0.706963 0.707251  0.084266 0.135400 0
0  -0.047386 0.003751 0.008120  -0.000101 -0.706872 0.707341  0.003978 0.107097 0
mount_casv_vltor_picatinny_rail_sections_LOD0
0  -0.027369 0.006247 0.010615  0.000001 -0.706964 0.707250  0.164409 0.135400 0
0  -0.032619 0.006247 0.010615  0.000000 -0.706964 0.707249  0.122329 0.135399 0
0  -0.047386 0.003751 0.008120  -0.000101 -0.706872 0.707341  0.003978 0.107097 0
mount_casv_vltor_picatinny_rail_sections_LOD0
0  -0.022619 0.006247 0.010615  0.000000 -0.706964 0.707250  0.202480 0.135400 0
0  -0.027369 0.006247 0.010615  0.000001 -0.706964 0.707250  0.164409 0.135400 0
0  -0.047386 0.003751 0.008120  -0.000101 -0.706872 0.707341  0.003978 0.107097 0
mount_casv_vltor_picatinny_rail_sections_LOD0
0  -0.017370 0.006247 0.010615  0.000000 -0.706963 0.707251  0.244553 0.135400 0
0  -0.022619 0.006247 0.010615  0.000000 -0.706964 0.707250  0.202480 0.135400 0
0  -0.047386 0.003751 0.008120  -0.000101 -0.706872 0.707341  0.003978 0.107097 0
mount_casv_vltor_picatinny_rail_sections_LOD0
0  -0.012620 0.006247 0.010615  0.000000 -0.706964 0.707250  0.282625 0.135400 0
0  -0.017370 0.006247 0.010615  0.000000 -0.706963 0.707251  0.244553 0.135400 0
0  -0.047386 0.003751 0.008120  -0.000101 -0.706872 0.707341  0.003978 0.107097 0
mount_casv_vltor_picatinny_rail_sections_LOD0
0  -0.007371 0.006247 0.010615  -0.000001 -0.706957 0.707256  0.324696 0.135400 0
0  -0.012620 0.006247 0.010615  0.000000 -0.706964 0.707250  0.282625 0.135400 0
0  -0.047386 0.003751 0.008120  -0.000101 -0.706872 0.707341  0.003978 0.107097 0
mount_casv_vltor_picatinny_rail_sections_LOD0
0  -0.002621 0.006247 0.010615  -0.000000 -0.706965 0.707248  0.362767 0.135400 0
0  -0.007371 0.006247 0.010615  -0.000001 -0.706957 0.707256  0.324696 0.135400 0
0  -0.047386 0.003751 0.008120  -0.000101 -0.706872 0.707341  0.003978 0.107097 0
mount_casv_vltor_picatinny_rail_sections_LOD0
0  0.002628 0.006247 0.010615  0.000000 -0.706963 0.707250  0.404835 0.135400 0
0  -0.002621 0.006247 0.010615  -0.000000 -0.706965 0.707248  0.362767 0.135400 0
0  -0.047386 0.003751 0.008120  -0.000101 -0.706872 0.707341  0.003978 0.107097 0
mount_casv_vltor_picatinny_rail_sections_LOD0
0  0.007378 0.006247 0.010615  0.000007 -0.707046 0.707168  0.442892 0.135400 0
0  0.002628 0.006247 0.010615  0.000000 -0.706963 0.707250  0.404835 0.135400 0
0  -0.047386 0.003751 0.008120  -0.000101 -0.706872 0.707341  0.003978 0.107097 0
mount_casv_vltor_picatinny_rail_sections_LOD0
0  0.047385 0.003751 0.008119  0.000095 -0.707145 0.707069  0.763549 0.107097 0
0  0.007378 0.006247 0.010615  0.000007 -0.707046 0.707168  0.442892 0.135400 0
0  -0.047386 0.003751 0.008120  -0.000101 -0.706872 0.707341  0.003978 0.107097 0
mount_casv_vltor_picatinny_rail_sections_LOD0
0  0.012628 0.006247 0.010615  0.000000 -0.707105 0.707108  0.484958 0.135400 0
0  0.007378 0.006247 0.010615  0.000007 -0.707046 0.707168  0.442892 0.135400 0
0  0.047385 0.003751 0.008119  0.000095 -0.707145 0.707069  0.763549 0.107097 0
mount_casv_vltor_picatinny_rail_sections_LOD0
0  0.017377 0.006247 0.010615  0.000000 -0.707106 0.707107  0.523017 0.135400 0
0  0.012628 0.006247 0.010615  0.000000 -0.707105 0.707108  0.484958 0.135400 0
0  0.047385 0.003751 0.008119  0.000095 -0.707145 0.707069  0.763549 0.107097 0
mount_casv_vltor_picatinny_rail_sections_LOD0
0  0.022627 0.006247 0.010615  0.000000 -0.707105 0.707109  0.565096 0.135400 0
0  0.017377 0.006247 0.010615  0.000000 -0.707106 0.707107  0.523017 0.135400 0
0  0.047385 0.003751 0.008119  0.000095 -0.707145 0.707069  0.763549 0.107097 0
mount_casv_vltor_picatinny_rail_sections_LOD0
0  0.027376 0.006247 0.010615  -0.000007 -0.707135 0.707078  0.603159 0.135400 0
0  0.022627 0.006247 0.010615  0.000000 -0.707105 0.707109  0.565096 0.135400 0
0  0.047385 0.003751 0.008119  0.000095 -0.707145 0.707069  0.763549 0.107097 0
mount_casv_vltor_picatinny_rail_sections_LOD0
0  0.032626 0.006247 0.010616  -0.000125 -0.707615 0.706598  0.645240 0.135400 0
0  0.027376 0.006247 0.010615  -0.000007 -0.707135 0.707078  0.603159 0.135400 0
0  0.047385 0.003751 0.008119  0.000095 -0.707145 0.707069  0.763549 0.107097 0
mount_casv_vltor_picatinny_rail_sections_LOD0
0  0.037376 0.006247 0.010616  -0.000000 -0.707247 0.706966  0.683310 0.135400 0
0  0.032626 0.006247 0.010616  -0.000125 -0.707615 0.706598  0.645240 0.135400 0
0  0.047385 0.003751 0.008119  0.000095 -0.707145 0.707069  0.763549 0.107097 0
mount_casv_vltor_picatinny_rail_sections_LOD0
0  0.042624 0.006247 0.010616  0.000062 -0.707191 0.707023  0.725381 0.135400 0
0  0.037376 0.006247 0.010616  -0.000000 -0.707247 0.706966  0.683310 0.135400 0
0  0.047385 0.003751 0.008119  0.000095 -0.707145 0.707069  0.763549 0.107097 0
mount_casv_vltor_picatinny_rail_sections_LOD0
0  0.044874 0.006248 0.010616  0.000312 -0.706952 0.707262  0.743415 0.135400 0
0  0.042624 0.006247 0.010616  0.000062 -0.707191 0.707023  0.725381 0.135400 0
0  0.047385 0.003751 0.008119  0.000095 -0.707145 0.707069  0.763549 0.107097 0
mount_casv_vltor_picatinny_rail_sections_LOD0
0  -0.032619 0.006247 0.010615  0.000000 0.000029 1.000000  0.760892 0.981935 0
0  -0.032619 0.006753 0.010615  0.000000 0.000029 1.000000  0.760892 0.985989 0
0  -0.037368 0.006753 0.010615  0.000000 0.000029 1.000000  0.722828 0.985989 0
mount_casv_vltor_picatinny_rail_sections_LOD0
0  -0.037368 0.006247 0.010615  0.000000 0.000029 1.000000  0.722828 0.981935 0
0  -0.032619 0.006247 0.010615  0.000000 0.000029 1.000000  0.760892 0.981935 0
0  -0.037368 0.006753 0.010615  0.000000 0.000029 1.000000  0.722828 0.985989 0
mount_casv_vltor_picatinny_rail_sections_LOD0
0  -0.032619 0.009250 0.008118  0.000000 0.707109 0.707104  0.852344 0.960524 0
0  -0.037368 0.009250 0.008118  0.000000 0.707109 0.707105  0.814280 0.960524 0
0  -0.037368 0.006753 0.010615  0.000000 0.707109 0.707104  0.814280 0.932221 0
mount_casv_vltor_picatinny_rail_sections_LOD0
0  -0.032619 0.006753 0.010615  0.000000 0.707110 0.707104  0.852344 0.932221 0
0  -0.032619 0.009250 0.008118  0.000000 0.707109 0.707104  0.852344 0.960524 0
0  -0.037368 0.006753 0.010615  0.000000 0.707109 0.707104  0.814280 0.932221 0
mount_casv_vltor_picatinny_rail_sections_LOD0
0  -0.002621 0.006247 0.010615  -0.000001 0.000029 1.000000  0.725451 0.955745 0
0  -0.002621 0.006753 0.010615  -0.000001 0.000029 1.000000  0.725451 0.959799 0
0  -0.007371 0.006753 0.010615  -0.000001 0.000028 1.000000  0.687380 0.959799 0
mount_casv_vltor_picatinny_rail_sections_LOD0
0  -0.007371 0.006247 0.010615  -0.000001 0.000028 1.000000  0.687380 0.955745 0
0  -0.002621 0.006247 0.010615  -0.000001 0.000029 1.000000  0.725451 0.955745 0
0  -0.007371 0.006753 0.010615  -0.000001 0.000028 1.000000  0.687380 0.959799 0
mount_casv_vltor_picatinny_rail_sections_LOD0
0  -0.002621 0.009250 0.008118  -0.000001 0.707109 0.707104  0.098958 0.302946 0
0  -0.007371 0.009250 0.008118  -0.000000 0.707109 0.707105  0.098958 0.341017 0
0  -0.007371 0.006753 0.010615  -0.000001 0.707109 0.707104  0.070654 0.341017 0
mount_casv_vltor_picatinny_rail_sections_LOD0
0  -0.002621 0.006753 0.010615  -0.000001 0.707110 0.707104  0.070654 0.302946 0
0  -0.002621 0.009250 0.008118  -0.000001 0.707109 0.707104  0.098958 0.302946 0
0  -0.007371 0.006753 0.010615  -0.000001 0.707109 0.707104  0.070654 0.341017 0
mount_casv_vltor_picatinny_rail_sections_LOD0
0  0.007378 0.006247 0.010615  0.000107 -0.000964 0.999999  0.667692 0.979348 0
0  0.007379 0.006753 0.010615  0.000131 -0.000735 1.000000  0.667692 0.983401 0
0  0.002628 0.006753 0.010616  0.000094 -0.001055 0.999999  0.629621 0.983401 0
mount_casv_vltor_picatinny_rail_sections_LOD0
0  0.002628 0.006247 0.010615  0.000090 -0.001093 0.999999  0.629621 0.979348 0
0  0.007378 0.006247 0.010615  0.000107 -0.000964 0.999999  0.667692 0.979348 0
0  0.002628 0.006753 0.010616  0.000094 -0.001055 0.999999  0.629621 0.983401 0
mount_casv_vltor_picatinny_rail_sections_LOD0
0  0.007379 0.009250 0.008119  0.000089 0.707025 0.707188  0.800956 0.815731 0
0  0.002628 0.009250 0.008119  0.000000 0.707109 0.707105  0.762884 0.815731 0
0  0.002628 0.006753 0.010616  0.000061 0.707052 0.707162  0.762884 0.787430 0
mount_casv_vltor_picatinny_rail_sections_LOD0
0  0.007379 0.006753 0.010615  0.000149 0.706968 0.707246  0.800956 0.787430 0
0  0.007379 0.009250 0.008119  0.000089 0.707025 0.707188  0.800956 0.815731 0
0  0.002628 0.006753 0.010616  0.000061 0.707052 0.707162  0.762884 0.787430 0
mount_casv_vltor_picatinny_rail_sections_LOD0
0  0.037376 0.006247 0.010616  0.000000 0.000028 1.000000  0.725411 0.938648 0
0  0.037376 0.006753 0.010616  0.000000 0.000028 1.000000  0.725411 0.942703 0
0  0.032626 0.006753 0.010616  0.000000 0.000028 1.000000  0.687340 0.942703 0
mount_casv_vltor_picatinny_rail_sections_LOD0
0  0.032626 0.006247 0.010616  0.000000 0.000028 1.000000  0.687340 0.938648 0
0  0.037376 0.006247 0.010616  0.000000 0.000028 1.000000  0.725411 0.938648 0
0  0.032626 0.006753 0.010616  0.000000 0.000028 1.000000  0.687340 0.942703 0
mount_casv_vltor_picatinny_rail_sections_LOD0
0  0.037376 0.009250 0.008119  0.000000 0.707109 0.707104  0.932773 0.752150 0
0  0.032626 0.009250 0.008119  0.000000 0.707109 0.707104  0.894702 0.752150 0
0  0.032626 0.006753 0.010616  0.000000 0.707109 0.707104  0.894702 0.723847 0
mount_casv_vltor_picatinny_rail_sections_LOD0
0  0.037376 0.006753 0.010616  0.000000 0.707109 0.707104  0.932773 0.723847 0
0  0.037376 0.009250 0.008119  0.000000 0.707109 0.707104  0.932773 0.752150 0
0  0.032626 0.006753 0.010616  0.000000 0.707109 0.707104  0.894702 0.723847 0
mount_casv_vltor_picatinny_rail_sections_LOD0
0  -0.022619 0.006247 0.010615  0.000000 0.000028 1.000000  0.725342 0.964192 0
0  -0.022619 0.006753 0.010615  0.000000 0.000028 1.000000  0.725342 0.968246 0
0  -0.027368 0.006753 0.010615  0.000001 0.000031 1.000000  0.687270 0.968246 0
mount_casv_vltor_picatinny_rail_sections_LOD0
0  -0.027369 0.006247 0.010615  0.000001 0.000031 1.000000  0.687270 0.964192 0
0  -0.022619 0.006247 0.010615  0.000000 0.000028 1.000000  0.725342 0.964192 0
0  -0.027368 0.006753 0.010615  0.000001 0.000031 1.000000  0.687270 0.968246 0
mount_casv_vltor_picatinny_rail_sections_LOD0
0  -0.017369 0.006753 0.010615  0.000000 0.000028 1.000000  0.629652 0.966912 0
0  -0.017370 0.006247 0.010615  0.000000 0.000028 1.000000  0.629652 0.962857 0
0  -0.012620 0.006247 0.010615  0.000000 0.000028 1.000000  0.667725 0.962857 0
mount_casv_vltor_picatinny_rail_sections_LOD0
0  -0.012620 0.006753 0.010615  0.000000 0.000028 1.000000  0.667725 0.966912 0
0  -0.017369 0.006753 0.010615  0.000000 0.000028 1.000000  0.629652 0.966912 0
0  -0.012620 0.006247 0.010615  0.000000 0.000028 1.000000  0.667725 0.962857 0
mount_casv_vltor_picatinny_rail_sections_LOD0
0  -0.017369 0.009250 0.008118  0.000000 0.707109 0.707104  0.678371 0.816279 0
0  -0.017369 0.006753 0.010615  0.000000 0.707109 0.707104  0.678371 0.787977 0
0  -0.012620 0.006753 0.010615  0.000000 0.707109 0.707104  0.716442 0.787977 0
mount_casv_vltor_picatinny_rail_sections_LOD0
0  -0.012620 0.009250 0.008118  0.000000 0.707109 0.707104  0.716442 0.816279 0
0  -0.017369 0.009250 0.008118  0.000000 0.707109 0.707104  0.678371 0.816279 0
0  -0.012620 0.006753 0.010615  0.000000 0.707109 0.707104  0.716442 0.787977 0
mount_casv_vltor_picatinny_rail_sections_LOD0
0  -0.022619 0.006247 0.005023  1.000000 -0.000045 0.000043  0.535644 0.222596 0
0  -0.022619 0.009250 0.005023  1.000000 0.000000 0.000000  0.535644 0.246666 0
0  -0.022619 0.009250 0.008118  1.000000 -0.000096 0.000018  0.510838 0.246664 0
mount_casv_vltor_picatinny_rail_sections_LOD0
0  -0.022619 0.006247 0.010615  1.000000 -0.000484 -0.000383  0.490821 0.222598 0
0  -0.022619 0.006247 0.005023  1.000000 -0.000045 0.000043  0.535644 0.222596 0
0  -0.022619 0.009250 0.008118  1.000000 -0.000096 0.000018  0.510838 0.246664 0
mount_casv_vltor_picatinny_rail_sections_LOD0
0  -0.022619 0.006753 0.010615  0.999999 -0.000979 -0.000979  0.490821 0.226654 0
0  -0.022619 0.006247 0.010615  1.000000 -0.000484 -0.000383  0.490821 0.222598 0
0  -0.022619 0.009250 0.008118  1.000000 -0.000096 0.000018  0.510838 0.246664 0
mount_casv_vltor_picatinny_rail_sections_LOD0
0  -0.022619 0.006247 0.005023  0.579811 0.000000 -0.814751  0.830911 0.667282 0
0  -0.024019 0.006247 0.004026  0.694202 -0.000000 -0.719780  0.844693 0.667282 0
0  -0.022619 0.009250 0.005023  0.579812 0.000000 -0.814751  0.830911 0.691349 0
mount_casv_vltor_picatinny_rail_sections_LOD0
0  -0.024019 0.006247 0.004026  0.694202 -0.000000 -0.719780  0.844693 0.667282 0
0  -0.024019 0.009250 0.004026  0.694203 0.000000 -0.719779  0.844693 0.691349 0
0  -0.022619 0.009250 0.005023  0.579812 0.000000 -0.814751  0.830911 0.691349 0
mount_casv_vltor_picatinny_rail_sections_LOD0
0  -0.024019 0.009250 0.004026  0.694203 0.000000 -0.719779  0.844693 0.691349 0
0  -0.024019 0.006247 0.004026  0.694202 -0.000000 -0.719780  0.844693 0.667282 0
0  -0.024924 0.009250 0.002847  0.866003 -0.000000 -0.500038  0.856606 0.691349 0
mount_casv_vltor_picatinny_rail_sections_LOD0
0  -0.024019 0.006247 0.004026  0.694202 -0.000000 -0.719780  0.844693 0.667282 0
0  -0.024924 0.006247 0.002847  0.866001 -0.000000 -0.500042  0.856606 0.667282 0
0  -0.024924 0.009250 0.002847  0.866003 -0.000000 -0.500038  0.856606 0.691349 0
mount_casv_vltor_picatinny_rail_sections_LOD0
0  -0.024924 0.009250 0.002847  0.866003 -0.000000 -0.500038  0.856606 0.691349 0
0  -0.024924 0.006247 0.002847  0.866001 -0.000000 -0.500042  0.856606 0.667282 0
0  -0.025493 0.009250 0.001473  0.965940 -0.000000 -0.258765  0.868525 0.691349 0
mount_casv_vltor_picatinny_rail_sections_LOD0
0  -0.024924 0.006247 0.002847  0.866001 -0.000000 -0.500042  0.856606 0.667282 0
0  -0.025493 0.006247 0.001473  0.965939 -0.000000 -0.258769  0.868525 0.667282 0
0  -0.025493 0.009250 0.001473  0.965940 -0.000000 -0.258765  0.868525 0.691349 0
mount_casv_vltor_picatinny_rail_sections_LOD0
0  -0.025493 0.009250 0.001473  0.965940 -0.000000 -0.258765  0.868525 0.691349 0
0  -0.025493 0.006247 0.001473  0.965939 -0.000000 -0.258769  0.868525 0.667282 0
0  -0.025688 0.009250 -0.000001  1.000000 -0.000000 0.000044  0.880441 0.691349 0
mount_casv_vltor_picatinny_rail_sections_LOD0
0  -0.025493 0.006247 0.001473  0.965939 -0.000000 -0.258769  0.868525 0.667282 0
0  -0.025688 0.006247 -0.000001  1.000000 -0.000000 0.000044  0.880441 0.667282 0
0  -0.025688 0.009250 -0.000001  1.000000 -0.000000 0.000044  0.880441 0.691349 0
mount_casv_vltor_picatinny_rail_sections_LOD0
0  -0.025688 0.009250 -0.000001  1.000000 -0.000000 0.000044  0.880441 0.691349 0
0  -0.025688 0.006247 -0.000001  1.000000 -0.000000 0.000044  0.880441 0.667282 0
0  -0.025493 0.006247 -0.001474  0.965928 0.000000 0.258812  0.892349 0.667282 0
mount_casv_vltor_picatinny_rail_sections_LOD0
0  -0.025493 0.009250 -0.001474  0.965929 0.000000 0.258808  0.892349 0.691349 0
0  -0.025688 0.009250 -0.000001  1.000000 -0.000000 0.000044  0.880441 0.691349 0
0  -0.025493 0.006247 -0.001474  0.965928 0.000000 0.258812  0.892349 0.667282 0
mount_casv_vltor_picatinny_rail_sections_LOD0
0  -0.025493 0.009250 -0.001474  0.965929 0.000000 0.258808  0.892349 0.691349 0
0  -0.025493 0.006247 -0.001474  0.965928 0.000000 0.258812  0.892349 0.667282 0
0  -0.024924 0.006247 -0.002848  0.866001 -0.000000 0.500042  0.904269 0.667282 0
mount_casv_vltor_picatinny_rail_sections_LOD0
0  -0.024924 0.009250 -0.002848  0.866003 0.000000 0.500038  0.904269 0.691349 0
0  -0.025493 0.009250 -0.001474  0.965929 0.000000 0.258808  0.892349 0.691349 0
0  -0.024924 0.006247 -0.002848  0.866001 -0.000000 0.500042  0.904269 0.667282 0
mount_casv_vltor_picatinny_rail_sections_LOD0
0  -0.024924 0.009250 -0.002848  0.866003 0.000000 0.500038  0.904269 0.691349 0
0  -0.024924 0.006247 -0.002848  0.866001 -0.000000 0.500042  0.904269 0.667282 0
0  -0.024019 0.006247 -0.004027  0.694201 -0.000000 0.719781  0.916181 0.667282 0
mount_casv_vltor_picatinny_rail_sections_LOD0
0  -0.024019 0.009250 -0.004027  0.694204 0.000000 0.719779  0.916181 0.691349 0
0  -0.024924 0.009250 -0.002848  0.866003 0.000000 0.500038  0.904269 0.691349 0
0  -0.024019 0.006247 -0.004027  0.694201 -0.000000 0.719781  0.916181 0.667282 0
mount_casv_vltor_picatinny_rail_sections_LOD0
0  -0.024019 0.006247 -0.004027  0.694201 -0.000000 0.719781  0.916181 0.667282 0
0  -0.022619 0.006247 -0.005024  0.579812 0.000000 0.814751  0.929965 0.667282 0
0  -0.024019 0.009250 -0.004027  0.694204 0.000000 0.719779  0.916181 0.691349 0
mount_casv_vltor_picatinny_rail_sections_LOD0
0  -0.022619 0.006247 -0.005024  0.579812 0.000000 0.814751  0.929965 0.667282 0
0  -0.022619 0.009250 -0.005024  0.579811 0.000000 0.814751  0.929965 0.691349 0
0  -0.024019 0.009250 -0.004027  0.694204 0.000000 0.719779  0.916181 0.691349 0
mount_casv_vltor_picatinny_rail_sections_LOD0
0  -0.017369 0.009250 0.005023  -1.000000 -0.000001 0.000000  0.005835 0.338786 0
0  -0.017369 0.006247 0.005023  -1.000000 0.000048 -0.000047  0.029903 0.338786 0
0  -0.017369 0.009250 0.008118  -1.000000 0.000103 -0.000019  0.005835 0.313980 0
mount_casv_vltor_picatinny_rail_sections_LOD0
0  -0.017369 0.006247 0.005023  -1.000000 0.000048 -0.000047  0.029903 0.338786 0
0  -0.017370 0.006247 0.010615  -1.000000 0.000518 0.000413  0.029902 0.293965 0
0  -0.017369 0.009250 0.008118  -1.000000 0.000103 -0.000019  0.005835 0.313980 0
mount_casv_vltor_picatinny_rail_sections_LOD0
0  -0.017369 0.006753 0.010615  -0.999999 0.001048 0.001057  0.025848 0.293965 0
0  -0.017369 0.009250 0.008118  -1.000000 0.000103 -0.000019  0.005835 0.313980 0
0  -0.017370 0.006247 0.010615  -1.000000 0.000518 0.000413  0.029902 0.293965 0
mount_casv_vltor_picatinny_rail_sections_LOD0
0  -0.017369 0.009250 0.005023  -0.579539 -0.000001 -0.814945  0.453572 0.946180 0
0  -0.015968 0.009250 0.004026  -0.694081 -0.000000 -0.719897  0.439783 0.946180 0
0  -0.017369 0.006247 0.005023  -0.579539 -0.000000 -0.814945  0.453572 0.922112 0
mount_casv_vltor_picatinny_rail_sections_LOD0
0  -0.015968 0.009250 0.004026  -0.694081 -0.000000 -0.719897  0.439783 0.946180 0
0  -0.015968 0.006247 0.004026  -0.694082 -0.000000 -0.719896  0.439783 0.922112 0
0  -0.017369 0.006247 0.005023  -0.579539 -0.000000 -0.814945  0.453572 0.922112 0
mount_casv_vltor_picatinny_rail_sections_LOD0
0  -0.015063 0.006247 0.002847  -0.866004 0.000000 -0.500038  0.427870 0.922112 0
0  -0.015968 0.006247 0.004026  -0.694082 -0.000000 -0.719896  0.439783 0.922112 0
0  -0.015968 0.009250 0.004026  -0.694081 -0.000000 -0.719897  0.439783 0.946180 0
mount_casv_vltor_picatinny_rail_sections_LOD0
0  -0.015063 0.009250 0.002847  -0.866001 0.000000 -0.500042  0.427870 0.946180 0
0  -0.015063 0.006247 0.002847  -0.866004 0.000000 -0.500038  0.427870 0.922112 0
0  -0.015968 0.009250 0.004026  -0.694081 -0.000000 -0.719897  0.439783 0.946180 0
mount_casv_vltor_picatinny_rail_sections_LOD0
0  -0.014494 0.006247 0.001473  -0.965940 -0.000000 -0.258765  0.415950 0.922112 0
0  -0.015063 0.006247 0.002847  -0.866004 0.000000 -0.500038  0.427870 0.922112 0
0  -0.015063 0.009250 0.002847  -0.866001 0.000000 -0.500042  0.427870 0.946180 0
mount_casv_vltor_picatinny_rail_sections_LOD0
0  -0.014494 0.009250 0.001473  -0.965939 0.000000 -0.258769  0.415950 0.946180 0
0  -0.014494 0.006247 0.001473  -0.965940 -0.000000 -0.258765  0.415950 0.922112 0
0  -0.015063 0.009250 0.002847  -0.866001 0.000000 -0.500042  0.427870 0.946180 0
mount_casv_vltor_picatinny_rail_sections_LOD0
0  -0.014300 0.006247 -0.000001  -1.000000 -0.000000 0.000044  0.404035 0.922112 0
0  -0.014494 0.006247 0.001473  -0.965940 -0.000000 -0.258765  0.415950 0.922112 0
0  -0.014494 0.009250 0.001473  -0.965939 0.000000 -0.258769  0.415950 0.946180 0
mount_casv_vltor_picatinny_rail_sections_LOD0
0  -0.014300 0.009250 -0.000001  -1.000000 0.000000 0.000044  0.404035 0.946180 0
0  -0.014300 0.006247 -0.000001  -1.000000 -0.000000 0.000044  0.404035 0.922112 0
0  -0.014494 0.009250 0.001473  -0.965939 0.000000 -0.258769  0.415950 0.946180 0
mount_casv_vltor_picatinny_rail_sections_LOD0
0  -0.014300 0.009250 -0.000001  -1.000000 0.000000 0.000044  0.404035 0.946180 0
0  -0.014494 0.009250 -0.001474  -0.965928 0.000000 0.258812  0.392128 0.946180 0
0  -0.014300 0.006247 -0.000001  -1.000000 -0.000000 0.000044  0.404035 0.922112 0
mount_casv_vltor_picatinny_rail_sections_LOD0
0  -0.014494 0.009250 -0.001474  -0.965928 0.000000 0.258812  0.392128 0.946180 0
0  -0.014494 0.006247 -0.001474  -0.965929 0.000000 0.258808  0.392128 0.922112 0
0  -0.014300 0.006247 -0.000001  -1.000000 -0.000000 0.000044  0.404035 0.922112 0
mount_casv_vltor_picatinny_rail_sections_LOD0
0  -0.014494 0.009250 -0.001474  -0.965928 0.000000 0.258812  0.392128 0.946180 0
0  -0.015063 0.009250 -0.002848  -0.866001 0.000000 0.500042  0.380207 0.946180 0
0  -0.014494 0.006247 -0.001474  -0.965929 0.000000 0.258808  0.392128 0.922112 0
mount_casv_vltor_picatinny_rail_sections_LOD0
0  -0.015063 0.009250 -0.002848  -0.866001 0.000000 0.500042  0.380207 0.946180 0
0  -0.015063 0.006247 -0.002848  -0.866004 0.000000 0.500038  0.380207 0.922112 0
0  -0.014494 0.006247 -0.001474  -0.965929 0.000000 0.258808  0.392128 0.922112 0
mount_casv_vltor_picatinny_rail_sections_LOD0
0  -0.015063 0.009250 -0.002848  -0.866001 0.000000 0.500042  0.380207 0.946180 0
0  -0.015968 0.009250 -0.004027  -0.694080 0.000000 0.719898  0.368294 0.946180 0
0  -0.015063 0.006247 -0.002848  -0.866004 0.000000 0.500038  0.380207 0.922112 0
mount_casv_vltor_picatinny_rail_sections_LOD0
0  -0.015968 0.009250 -0.004027  -0.694080 0.000000 0.719898  0.368294 0.946180 0
0  -0.015968 0.006247 -0.004027  -0.694083 0.000000 0.719895  0.368294 0.922112 0
0  -0.015063 0.006247 -0.002848  -0.866004 0.000000 0.500038  0.380207 0.922112 0
mount_casv_vltor_picatinny_rail_sections_LOD0
0  -0.015968 0.006247 -0.004027  -0.694083 0.000000 0.719895  0.368294 0.922112 0
0  -0.015968 0.009250 -0.004027  -0.694080 0.000000 0.719898  0.368294 0.946180 0
0  -0.017369 0.009250 -0.005024  -0.579539 0.000000 0.814945  0.354505 0.946180 0
mount_casv_vltor_picatinny_rail_sections_LOD0
0  -0.017369 0.006247 -0.005024  -0.579539 0.000000 0.814945  0.354505 0.922112 0
0  -0.015968 0.006247 -0.004027  -0.694083 0.000000 0.719895  0.368294 0.922112 0
0  -0.017369 0.009250 -0.005024  -0.579539 0.000000 0.814945  0.354505 0.946180 0
mount_casv_vltor_picatinny_rail_sections_LOD0
0  -0.017370 0.006247 0.010615  -0.000000 1.000000 -0.000000  0.174184 0.809520 0
0  -0.017369 0.006247 0.005023  -0.000000 1.000000 0.000000  0.129361 0.809513 0
0  -0.022619 0.006247 0.010615  -0.000000 1.000000 -0.000000  0.174190 0.767449 0
mount_casv_vltor_picatinny_rail_sections_LOD0
0  -0.017369 0.006247 0.005023  -0.000000 1.000000 0.000000  0.129361 0.809513 0
0  -0.022619 0.006247 0.005023  -0.000000 1.000000 -0.000001  0.129369 0.767441 0
0  -0.022619 0.006247 0.010615  -0.000000 1.000000 -0.000000  0.174190 0.767449 0
mount_casv_vltor_picatinny_rail_sections_LOD0
0  -0.022619 0.006247 0.005023  -0.000000 1.000000 -0.000001  0.129369 0.767441 0
0  -0.017369 0.006247 0.005023  -0.000000 1.000000 0.000000  0.129361 0.809513 0
0  -0.015968 0.006247 0.004026  -0.000000 1.000000 -0.000001  0.121367 0.820748 0
mount_casv_vltor_picatinny_rail_sections_LOD0
0  -0.024019 0.006247 0.004026  -0.000000 1.000000 -0.000001  0.121378 0.756210 0
0  -0.022619 0.006247 0.005023  -0.000000 1.000000 -0.000001  0.129369 0.767441 0
0  -0.015968 0.006247 0.004026  -0.000000 1.000000 -0.000001  0.121367 0.820748 0
mount_casv_vltor_picatinny_rail_sections_LOD0
0  -0.015968 0.006247 0.004026  -0.000000 1.000000 -0.000001  0.121367 0.820748 0
0  -0.015063 0.006247 0.002847  -0.000000 1.000000 0.000001  0.111915 0.828000 0
0  -0.024019 0.006247 0.004026  -0.000000 1.000000 -0.000001  0.121378 0.756210 0
mount_casv_vltor_picatinny_rail_sections_LOD0
0  -0.015063 0.006247 0.002847  -0.000000 1.000000 0.000001  0.111915 0.828000 0
0  -0.024924 0.006247 0.002847  -0.000000 1.000000 -0.000000  0.111925 0.748955 0
0  -0.024019 0.006247 0.004026  -0.000000 1.000000 -0.000001  0.121378 0.756210 0
mount_casv_vltor_picatinny_rail_sections_LOD0
0  -0.015063 0.006247 0.002847  -0.000000 1.000000 0.000001  0.111915 0.828000 0
0  -0.014494 0.006247 0.001473  -0.000000 1.000000 0.000000  0.100903 0.832560 0
0  -0.024924 0.006247 0.002847  -0.000000 1.000000 -0.000000  0.111925 0.748955 0
mount_casv_vltor_picatinny_rail_sections_LOD0
0  -0.014494 0.006247 0.001473  -0.000000 1.000000 0.000000  0.100903 0.832560 0
0  -0.025493 0.006247 0.001473  -0.000000 1.000000 0.000000  0.100908 0.744392 0
0  -0.024924 0.006247 0.002847  -0.000000 1.000000 -0.000000  0.111925 0.748955 0
mount_casv_vltor_picatinny_rail_sections_LOD0
0  -0.014494 0.006247 0.001473  -0.000000 1.000000 0.000000  0.100903 0.832560 0
0  -0.014300 0.006247 -0.000001  -0.000000 1.000000 -0.000000  0.089089 0.834114 0
0  -0.025493 0.006247 0.001473  -0.000000 1.000000 0.000000  0.100908 0.744392 0
mount_casv_vltor_picatinny_rail_sections_LOD0
0  -0.014300 0.006247 -0.000001  -0.000000 1.000000 -0.000000  0.089089 0.834114 0
0  -0.025688 0.006247 -0.000001  -0.000000 1.000000 0.000000  0.089088 0.742837 0
0  -0.025493 0.006247 0.001473  -0.000000 1.000000 0.000000  0.100908 0.744392 0
mount_casv_vltor_picatinny_rail_sections_LOD0
0  -0.014300 0.006247 -0.000001  -0.000000 1.000000 -0.000000  0.089089 0.834114 0
0  -0.014494 0.006247 -0.001474  -0.000000 1.000000 -0.000001  0.077283 0.832558 0
0  -0.025688 0.006247 -0.000001  -0.000000 1.000000 0.000000  0.089088 0.742837 0
mount_casv_vltor_picatinny_rail_sections_LOD0
0  -0.014494 0.006247 -0.001474  -0.000000 1.000000 -0.000001  0.077283 0.832558 0
0  -0.025493 0.006247 -0.001474  -0.000000 1.000000 -0.000000  0.077278 0.744392 0
0  -0.025688 0.006247 -0.000001  -0.000000 1.000000 0.000000  0.089088 0.742837 0
mount_casv_vltor_picatinny_rail_sections_LOD0
0  -0.014494 0.006247 -0.001474  -0.000000 1.000000 -0.000001  0.077283 0.832558 0
0  -0.015063 0.006247 -0.002848  -0.000000 1.000000 -0.000001  0.066270 0.827999 0
0  -0.025493 0.006247 -0.001474  -0.000000 1.000000 -0.000000  0.077278 0.744392 0
mount_casv_vltor_picatinny_rail_sections_LOD0
0  -0.015063 0.006247 -0.002848  -0.000000 1.000000 -0.000001  0.066270 0.827999 0
0  -0.024924 0.006247 -0.002848  -0.000000 1.000000 -0.000001  0.066264 0.748953 0
0  -0.025493 0.006247 -0.001474  -0.000000 1.000000 -0.000000  0.077278 0.744392 0
mount_casv_vltor_picatinny_rail_sections_LOD0
0  -0.015063 0.006247 -0.002848  -0.000000 1.000000 -0.000001  0.066270 0.827999 0
0  -0.015968 0.006247 -0.004027  -0.000000 1.000000 0.000000  0.056821 0.820746 0
0  -0.024924 0.006247 -0.002848  -0.000000 1.000000 -0.000001  0.066264 0.748953 0
mount_casv_vltor_picatinny_rail_sections_LOD0
0  -0.015968 0.006247 -0.004027  -0.000000 1.000000 0.000000  0.056821 0.820746 0
0  -0.024019 0.006247 -0.004027  -0.000000 1.000000 0.000000  0.056812 0.756206 0
0  -0.024924 0.006247 -0.002848  -0.000000 1.000000 -0.000001  0.066264 0.748953 0
mount_casv_vltor_picatinny_rail_sections_LOD0
0  -0.015968 0.006247 -0.004027  -0.000000 1.000000 0.000000  0.056821 0.820746 0
0  -0.017369 0.006247 -0.005024  -0.000000 1.000000 -0.000000  0.048828 0.809510 0
0  -0.024019 0.006247 -0.004027  -0.000000 1.000000 0.000000  0.056812 0.756206 0
mount_casv_vltor_picatinny_rail_sections_LOD0
0  -0.017369 0.006247 -0.005024  -0.000000 1.000000 -0.000000  0.048828 0.809510 0
0  -0.022619 0.006247 -0.005024  -0.000000 1.000000 0.000000  0.048822 0.767438 0
0  -0.024019 0.006247 -0.004027  -0.000000 1.000000 0.000000  0.056812 0.756206 0
mount_casv_vltor_picatinny_rail_sections_LOD0
0  -0.022619 0.006247 -0.005024  -0.000000 1.000000 0.000000  0.048822 0.767438 0
0  -0.017369 0.006247 -0.005024  -0.000000 1.000000 -0.000000  0.048828 0.809510 0
0  -0.022619 0.006247 -0.010617  -0.000000 1.000000 -0.000000  0.003993 0.767446 0
mount_casv_vltor_picatinny_rail_sections_LOD0
0  -0.017369 0.006247 -0.005024  -0.000000 1.000000 -0.000000  0.048828 0.809510 0
0  -0.017370 0.006247 -0.010617  -0.000000 1.000000 -0.000000  0.003999 0.809518 0
0  -0.022619 0.006247 -0.010617  -0.000000 1.000000 -0.000000  0.003993 0.767446 0
mount_casv_vltor_picatinny_rail_sections_LOD0
0  -0.022619 0.009250 0.008118  0.000000 0.707109 0.707104  0.886597 0.931552 0
0  -0.027368 0.009250 0.008118  0.000000 0.707109 0.707104  0.886597 0.969624 0
0  -0.027368 0.006753 0.010615  0.000000 0.707109 0.707104  0.858294 0.969624 0
mount_casv_vltor_picatinny_rail_sections_LOD0
0  -0.022619 0.006753 0.010615  0.000000 0.707109 0.707104  0.858294 0.931552 0
0  -0.022619 0.009250 0.008118  0.000000 0.707109 0.707104  0.886597 0.931552 0
0  -0.027368 0.006753 0.010615  0.000000 0.707109 0.707104  0.858294 0.969624 0
mount_casv_vltor_picatinny_rail_sections_LOD0
0  0.017377 0.006247 0.010615  0.000000 0.000028 1.000000  0.789928 0.919749 0
0  0.017377 0.006753 0.010615  0.000000 0.000028 1.000000  0.789928 0.923804 0
0  0.012628 0.006753 0.010615  0.000000 0.000028 1.000000  0.751865 0.923804 0
mount_casv_vltor_picatinny_rail_sections_LOD0
0  0.012628 0.006247 0.010615  0.000000 0.000028 1.000000  0.751865 0.919749 0
0  0.017377 0.006247 0.010615  0.000000 0.000028 1.000000  0.789928 0.919749 0
0  0.012628 0.006753 0.010615  0.000000 0.000028 1.000000  0.751865 0.923804 0
mount_casv_vltor_picatinny_rail_sections_LOD0
0  0.022627 0.006753 0.010615  0.000000 0.000019 1.000000  0.773513 0.958598 0
0  0.022627 0.006247 0.010615  0.000000 0.000018 1.000000  0.773513 0.954544 0
0  0.027376 0.006247 0.010615  0.000001 0.000029 1.000000  0.811576 0.954544 0
mount_casv_vltor_picatinny_rail_sections_LOD0
0  0.027376 0.006753 0.010615  0.000001 0.000029 1.000000  0.811576 0.958598 0
0  0.022627 0.006753 0.010615  0.000000 0.000019 1.000000  0.773513 0.958598 0
0  0.027376 0.006247 0.010615  0.000001 0.000029 1.000000  0.811576 0.954544 0
mount_casv_vltor_picatinny_rail_sections_LOD0
0  0.022627 0.009250 0.008118  0.000001 0.707109 0.707104  0.553775 0.914556 0
0  0.022627 0.006753 0.010615  0.000000 0.707109 0.707104  0.553775 0.886253 0
0  0.027376 0.006753 0.010615  0.000001 0.707109 0.707104  0.591838 0.886253 0
mount_casv_vltor_picatinny_rail_sections_LOD0
0  0.027376 0.009250 0.008118  0.000001 0.707110 0.707104  0.591838 0.914556 0
0  0.022627 0.009250 0.008118  0.000001 0.707109 0.707104  0.553775 0.914556 0
0  0.027376 0.006753 0.010615  0.000001 0.707109 0.707104  0.591838 0.886253 0
mount_casv_vltor_picatinny_rail_sections_LOD0
0  0.017377 0.006247 0.005023  1.000000 -0.000045 0.000043  0.991647 0.244184 0
0  0.017377 0.009250 0.005023  1.000000 0.000000 0.000000  0.991647 0.268253 0
0  0.017377 0.009250 0.008118  1.000000 -0.000096 0.000018  0.966841 0.268253 0
mount_casv_vltor_picatinny_rail_sections_LOD0
0  0.017377 0.006247 0.010615  1.000000 -0.000484 -0.000383  0.946824 0.244185 0
0  0.017377 0.006247 0.005023  1.000000 -0.000045 0.000043  0.991647 0.244184 0
0  0.017377 0.009250 0.008118  1.000000 -0.000096 0.000018  0.966841 0.268253 0
mount_casv_vltor_picatinny_rail_sections_LOD0
0  0.017377 0.006753 0.010615  0.999999 -0.000979 -0.000979  0.946824 0.248242 0
0  0.017377 0.006247 0.010615  1.000000 -0.000484 -0.000383  0.946824 0.244185 0
0  0.017377 0.009250 0.008118  1.000000 -0.000096 0.000018  0.966841 0.268253 0
mount_casv_vltor_picatinny_rail_sections_LOD0
0  0.017377 0.006247 0.005023  0.579810 0.000000 -0.814752  0.702691 0.474733 0
0  0.015976 0.006247 0.004026  0.694201 -0.000000 -0.719781  0.716475 0.474733 0
0  0.017377 0.009250 0.005023  0.579810 0.000000 -0.814751  0.702691 0.498801 0
mount_casv_vltor_picatinny_rail_sections_LOD0
0  0.015976 0.006247 0.004026  0.694201 -0.000000 -0.719781  0.716475 0.474733 0
0  0.015976 0.009250 0.004026  0.694203 0.000000 -0.719780  0.716475 0.498801 0
0  0.017377 0.009250 0.005023  0.579810 0.000000 -0.814751  0.702691 0.498801 0
mount_casv_vltor_picatinny_rail_sections_LOD0
0  0.015976 0.009250 0.004026  0.694203 0.000000 -0.719780  0.716475 0.498801 0
0  0.015976 0.006247 0.004026  0.694201 -0.000000 -0.719781  0.716475 0.474733 0
0  0.015071 0.009250 0.002847  0.866004 -0.000000 -0.500038  0.728387 0.498801 0
mount_casv_vltor_picatinny_rail_sections_LOD0
0  0.015976 0.006247 0.004026  0.694201 -0.000000 -0.719781  0.716475 0.474733 0
0  0.015071 0.006247 0.002847  0.866002 0.000000 -0.500041  0.728387 0.474733 0
0  0.015071 0.009250 0.002847  0.866004 -0.000000 -0.500038  0.728387 0.498801 0
mount_casv_vltor_picatinny_rail_sections_LOD0
0  0.015071 0.009250 0.002847  0.866004 -0.000000 -0.500038  0.728387 0.498801 0
0  0.015071 0.006247 0.002847  0.866002 0.000000 -0.500041  0.728387 0.474733 0
0  0.014502 0.009250 0.001473  0.966029 -0.000000 -0.258433  0.740307 0.498801 0
mount_casv_vltor_picatinny_rail_sections_LOD0
0  0.015071 0.006247 0.002847  0.866002 0.000000 -0.500041  0.728387 0.474733 0
0  0.014502 0.006247 0.001473  0.966028 0.000000 -0.258437  0.740307 0.474733 0
0  0.014502 0.009250 0.001473  0.966029 -0.000000 -0.258433  0.740307 0.498801 0
mount_casv_vltor_picatinny_rail_sections_LOD0
0  0.014502 0.009250 0.001473  0.966029 -0.000000 -0.258433  0.740307 0.498801 0
0  0.014502 0.006247 0.001473  0.966028 0.000000 -0.258437  0.740307 0.474733 0
0  0.014309 0.009250 -0.000001  1.000000 -0.000000 0.000044  0.752220 0.498801 0
mount_casv_vltor_picatinny_rail_sections_LOD0
0  0.014502 0.006247 0.001473  0.966028 0.000000 -0.258437  0.740307 0.474733 0
0  0.014309 0.006247 -0.000001  1.000000 -0.000000 0.000044  0.752220 0.474733 0
0  0.014309 0.009250 -0.000001  1.000000 -0.000000 0.000044  0.752220 0.498801 0
mount_casv_vltor_picatinny_rail_sections_LOD0
0  0.014309 0.009250 -0.000001  1.000000 -0.000000 0.000044  0.752220 0.498801 0
0  0.014309 0.006247 -0.000001  1.000000 -0.000000 0.000044  0.752220 0.474733 0
0  0.014502 0.006247 -0.001474  0.966017 0.000000 0.258480  0.764128 0.474733 0
mount_casv_vltor_picatinny_rail_sections_LOD0
0  0.014502 0.009250 -0.001474  0.966018 0.000000 0.258476  0.764128 0.498801 0
0  0.014309 0.009250 -0.000001  1.000000 -0.000000 0.000044  0.752220 0.498801 0
0  0.014502 0.006247 -0.001474  0.966017 0.000000 0.258480  0.764128 0.474733 0
mount_casv_vltor_picatinny_rail_sections_LOD0
0  0.014502 0.009250 -0.001474  0.966018 0.000000 0.258476  0.764128 0.498801 0
0  0.014502 0.006247 -0.001474  0.966017 0.000000 0.258480  0.764128 0.474733 0
0  0.015071 0.006247 -0.002848  0.866002 0.000000 0.500041  0.776049 0.474733 0
mount_casv_vltor_picatinny_rail_sections_LOD0
0  0.015071 0.009250 -0.002848  0.866004 0.000000 0.500038  0.776049 0.498801 0
0  0.014502 0.009250 -0.001474  0.966018 0.000000 0.258476  0.764128 0.498801 0
0  0.015071 0.006247 -0.002848  0.866002 0.000000 0.500041  0.776049 0.474733 0
mount_casv_vltor_picatinny_rail_sections_LOD0
0  0.015071 0.009250 -0.002848  0.866004 0.000000 0.500038  0.776049 0.498801 0
0  0.015071 0.006247 -0.002848  0.866002 0.000000 0.500041  0.776049 0.474733 0
0  0.015976 0.006247 -0.004027  0.694201 0.000000 0.719781  0.787962 0.474733 0
mount_casv_vltor_picatinny_rail_sections_LOD0
0  0.015976 0.009250 -0.004027  0.694203 0.000000 0.719779  0.787962 0.498801 0
0  0.015071 0.009250 -0.002848  0.866004 0.000000 0.500038  0.776049 0.498801 0
0  0.015976 0.006247 -0.004027  0.694201 0.000000 0.719781  0.787962 0.474733 0
mount_casv_vltor_picatinny_rail_sections_LOD0
0  0.015976 0.006247 -0.004027  0.694201 0.000000 0.719781  0.787962 0.474733 0
0  0.017377 0.006247 -0.005024  0.579420 -0.000000 0.815029  0.801744 0.474733 0
0  0.015976 0.009250 -0.004027  0.694203 0.000000 0.719779  0.787962 0.498801 0
mount_casv_vltor_picatinny_rail_sections_LOD0
0  0.017377 0.006247 -0.005024  0.579420 -0.000000 0.815029  0.801744 0.474733 0
0  0.017377 0.009250 -0.005024  0.579811 0.000001 0.814751  0.801744 0.498801 0
0  0.015976 0.009250 -0.004027  0.694203 0.000000 0.719779  0.787962 0.498801 0
mount_casv_vltor_picatinny_rail_sections_LOD0
0  0.022627 0.009250 0.005023  -0.579531 0.000000 -0.814951  0.603816 0.852704 0
0  0.024029 0.009250 0.004026  -0.694078 0.000000 -0.719900  0.590026 0.852704 0
0  0.022627 0.006247 0.005023  -0.579530 0.000000 -0.814951  0.603816 0.828637 0
mount_casv_vltor_picatinny_rail_sections_LOD0
0  0.024029 0.009250 0.004026  -0.694078 0.000000 -0.719900  0.590026 0.852704 0
0  0.024029 0.006247 0.004026  -0.694079 0.000000 -0.719899  0.590026 0.828637 0
0  0.022627 0.006247 0.005023  -0.579530 0.000000 -0.814951  0.603816 0.828637 0
mount_casv_vltor_picatinny_rail_sections_LOD0
0  0.024934 0.006247 0.002847  -0.866003 -0.000000 -0.500038  0.578114 0.828637 0
0  0.024029 0.006247 0.004026  -0.694079 0.000000 -0.719899  0.590026 0.828637 0
0  0.024029 0.009250 0.004026  -0.694078 0.000000 -0.719900  0.590026 0.852704 0
mount_casv_vltor_picatinny_rail_sections_LOD0
0  0.024934 0.009250 0.002847  -0.866001 -0.000000 -0.500042  0.578114 0.852704 0
0  0.024934 0.006247 0.002847  -0.866003 -0.000000 -0.500038  0.578114 0.828637 0
0  0.024029 0.009250 0.004026  -0.694078 0.000000 -0.719900  0.590026 0.852704 0
mount_casv_vltor_picatinny_rail_sections_LOD0
0  0.025503 0.006247 0.001473  -0.966029 -0.000000 -0.258434  0.566194 0.828637 0
0  0.024934 0.006247 0.002847  -0.866003 -0.000000 -0.500038  0.578114 0.828637 0
0  0.024934 0.009250 0.002847  -0.866001 -0.000000 -0.500042  0.578114 0.852704 0
mount_casv_vltor_picatinny_rail_sections_LOD0
0  0.025503 0.009250 0.001473  -0.966028 0.000000 -0.258438  0.566194 0.852704 0
0  0.025503 0.006247 0.001473  -0.966029 -0.000000 -0.258434  0.566194 0.828637 0
0  0.024934 0.009250 0.002847  -0.866001 -0.000000 -0.500042  0.578114 0.852704 0
mount_casv_vltor_picatinny_rail_sections_LOD0
0  0.025696 0.006247 -0.000001  -1.000000 -0.000000 0.000044  0.554279 0.828637 0
0  0.025503 0.006247 0.001473  -0.966029 -0.000000 -0.258434  0.566194 0.828637 0
0  0.025503 0.009250 0.001473  -0.966028 0.000000 -0.258438  0.566194 0.852704 0
mount_casv_vltor_picatinny_rail_sections_LOD0
0  0.025696 0.009250 -0.000001  -1.000000 -0.000001 0.000044  0.554279 0.852704 0
0  0.025696 0.006247 -0.000001  -1.000000 -0.000000 0.000044  0.554279 0.828637 0
0  0.025503 0.009250 0.001473  -0.966028 0.000000 -0.258438  0.566194 0.852704 0
mount_casv_vltor_picatinny_rail_sections_LOD0
0  0.025696 0.009250 -0.000001  -1.000000 -0.000001 0.000044  0.554279 0.852704 0
0  0.025503 0.009250 -0.001474  -0.966016 -0.000001 0.258480  0.542373 0.852704 0
0  0.025696 0.006247 -0.000001  -1.000000 -0.000000 0.000044  0.554279 0.828637 0
mount_casv_vltor_picatinny_rail_sections_LOD0
0  0.025503 0.009250 -0.001474  -0.966016 -0.000001 0.258480  0.542373 0.852704 0
0  0.025503 0.006247 -0.001474  -0.966018 0.000001 0.258476  0.542373 0.828637 0
0  0.025696 0.006247 -0.000001  -1.000000 -0.000000 0.000044  0.554279 0.828637 0
mount_casv_vltor_picatinny_rail_sections_LOD0
0  0.025503 0.009250 -0.001474  -0.966016 -0.000001 0.258480  0.542373 0.852704 0
0  0.024934 0.009250 -0.002848  -0.866001 0.000000 0.500042  0.530453 0.852704 0
0  0.025503 0.006247 -0.001474  -0.966018 0.000001 0.258476  0.542373 0.828637 0
mount_casv_vltor_picatinny_rail_sections_LOD0
0  0.024934 0.009250 -0.002848  -0.866001 0.000000 0.500042  0.530453 0.852704 0
0  0.024934 0.006247 -0.002848  -0.866003 0.000001 0.500038  0.530453 0.828637 0
0  0.025503 0.006247 -0.001474  -0.966018 0.000001 0.258476  0.542373 0.828637 0
mount_casv_vltor_picatinny_rail_sections_LOD0
0  0.024934 0.009250 -0.002848  -0.866001 0.000000 0.500042  0.530453 0.852704 0
0  0.024029 0.009250 -0.004027  -0.694075 0.000000 0.719902  0.518539 0.852704 0
0  0.024934 0.006247 -0.002848  -0.866003 0.000001 0.500038  0.530453 0.828637 0
mount_casv_vltor_picatinny_rail_sections_LOD0
0  0.024029 0.009250 -0.004027  -0.694075 0.000000 0.719902  0.518539 0.852704 0
0  0.024029 0.006247 -0.004027  -0.694078 0.000000 0.719900  0.518539 0.828637 0
0  0.024934 0.006247 -0.002848  -0.866003 0.000001 0.500038  0.530453 0.828637 0
mount_casv_vltor_picatinny_rail_sections_LOD0
0  0.024029 0.006247 -0.004027  -0.694078 0.000000 0.719900  0.518539 0.828637 0
0  0.024029 0.009250 -0.004027  -0.694075 0.000000 0.719902  0.518539 0.852704 0
0  0.022627 0.009250 -0.005024  -0.579527 0.000000 0.814953  0.504750 0.852704 0
mount_casv_vltor_picatinny_rail_sections_LOD0
0  0.022627 0.006247 -0.005024  -0.579527 0.000000 0.814953  0.504750 0.828637 0
0  0.024029 0.006247 -0.004027  -0.694078 0.000000 0.719900  0.518539 0.828637 0
0  0.022627 0.009250 -0.005024  -0.579527 0.000000 0.814953  0.504750 0.852704 0
mount_casv_vltor_picatinny_rail_sections_LOD0
0  0.022627 0.006247 0.010615  -0.000000 1.000000 0.000000  0.004062 0.896770 0
0  0.022627 0.006247 0.005023  -0.000000 1.000000 -0.000001  0.048882 0.896770 0
0  0.017377 0.006247 0.010615  -0.000000 1.000000 -0.000000  0.004062 0.938851 0
mount_casv_vltor_picatinny_rail_sections_LOD0
0  0.022627 0.006247 0.005023  -0.000000 1.000000 -0.000001  0.048882 0.896770 0
0  0.017377 0.006247 0.005023  -0.000000 1.000000 -0.000000  0.048884 0.938851 0
0  0.017377 0.006247 0.010615  -0.000000 1.000000 -0.000000  0.004062 0.938851 0
mount_casv_vltor_picatinny_rail_sections_LOD0
0  0.017377 0.006247 0.005023  -0.000000 1.000000 -0.000000  0.048884 0.938851 0
0  0.022627 0.006247 0.005023  -0.000000 1.000000 -0.000001  0.048882 0.896770 0
0  0.024029 0.006247 0.004026  -0.000000 1.000000 -0.000000  0.056877 0.885535 0
mount_casv_vltor_picatinny_rail_sections_LOD0
0  0.015976 0.006247 0.004026  -0.000000 1.000000 -0.000000  0.056874 0.950081 0
0  0.017377 0.006247 0.005023  -0.000000 1.000000 -0.000000  0.048884 0.938851 0
0  0.024029 0.006247 0.004026  -0.000000 1.000000 -0.000000  0.056877 0.885535 0
mount_casv_vltor_picatinny_rail_sections_LOD0
0  0.024029 0.006247 0.004026  -0.000000 1.000000 -0.000000  0.056877 0.885535 0
0  0.024934 0.006247 0.002847  -0.000000 1.000000 -0.000000  0.066328 0.878282 0
0  0.015976 0.006247 0.004026  -0.000000 1.000000 -0.000000  0.056874 0.950081 0
mount_casv_vltor_picatinny_rail_sections_LOD0
0  0.024934 0.006247 0.002847  -0.000000 1.000000 -0.000000  0.066328 0.878282 0
0  0.015071 0.006247 0.002847  -0.000000 1.000000 0.000000  0.066326 0.957337 0
0  0.015976 0.006247 0.004026  -0.000000 1.000000 -0.000000  0.056874 0.950081 0
mount_casv_vltor_picatinny_rail_sections_LOD0
0  0.024934 0.006247 0.002847  -0.000000 1.000000 -0.000000  0.066328 0.878282 0
0  0.025503 0.006247 0.001473  -0.000000 1.000000 0.000000  0.077340 0.873724 0
0  0.015071 0.006247 0.002847  -0.000000 1.000000 0.000000  0.066326 0.957337 0
mount_casv_vltor_picatinny_rail_sections_LOD0
0  0.025503 0.006247 0.001473  -0.000000 1.000000 0.000000  0.077340 0.873724 0
0  0.014502 0.006247 0.001473  -0.000000 1.000000 0.000000  0.077341 0.961899 0
0  0.015071 0.006247 0.002847  -0.000000 1.000000 0.000000  0.066326 0.957337 0
mount_casv_vltor_picatinny_rail_sections_LOD0
0  0.025503 0.006247 0.001473  -0.000000 1.000000 0.000000  0.077340 0.873724 0
0  0.025696 0.006247 -0.000001  -0.000000 1.000000 -0.000000  0.089158 0.872179 0
0  0.014502 0.006247 0.001473  -0.000000 1.000000 0.000000  0.077341 0.961899 0
mount_casv_vltor_picatinny_rail_sections_LOD0
0  0.025696 0.006247 -0.000001  -0.000000 1.000000 -0.000000  0.089158 0.872179 0
0  0.014309 0.006247 -0.000001  -0.000000 1.000000 -0.000000  0.089158 0.963446 0
0  0.014502 0.006247 0.001473  -0.000000 1.000000 0.000000  0.077341 0.961899 0
mount_casv_vltor_picatinny_rail_sections_LOD0
0  0.025696 0.006247 -0.000001  -0.000000 1.000000 -0.000000  0.089158 0.872179 0
0  0.025503 0.006247 -0.001474  -0.000000 1.000000 -0.000001  0.100968 0.873726 0
0  0.014309 0.006247 -0.000001  -0.000000 1.000000 -0.000000  0.089158 0.963446 0
mount_casv_vltor_picatinny_rail_sections_LOD0
0  0.025503 0.006247 -0.001474  -0.000000 1.000000 -0.000001  0.100968 0.873726 0
0  0.014502 0.006247 -0.001474  -0.000000 1.000000 -0.000000  0.100964 0.961902 0
0  0.014309 0.006247 -0.000001  -0.000000 1.000000 -0.000000  0.089158 0.963446 0
mount_casv_vltor_picatinny_rail_sections_LOD0
0  0.025503 0.006247 -0.001474  -0.000000 1.000000 -0.000001  0.100968 0.873726 0
0  0.024934 0.006247 -0.002848  -0.000000 1.000000 -0.000000  0.111982 0.878289 0
0  0.014502 0.006247 -0.001474  -0.000000 1.000000 -0.000000  0.100964 0.961902 0
mount_casv_vltor_picatinny_rail_sections_LOD0
0  0.024934 0.006247 -0.002848  -0.000000 1.000000 -0.000000  0.111982 0.878289 0
0  0.015071 0.006247 -0.002848  -0.000000 1.000000 0.000000  0.111980 0.957342 0
0  0.014502 0.006247 -0.001474  -0.000000 1.000000 -0.000000  0.100964 0.961902 0
mount_casv_vltor_picatinny_rail_sections_LOD0
0  0.024934 0.006247 -0.002848  -0.000000 1.000000 -0.000000  0.111982 0.878289 0
0  0.024029 0.006247 -0.004027  -0.000000 1.000000 -0.000000  0.121432 0.885543 0
0  0.015071 0.006247 -0.002848  -0.000000 1.000000 0.000000  0.111980 0.957342 0
mount_casv_vltor_picatinny_rail_sections_LOD0
0  0.024029 0.006247 -0.004027  -0.000000 1.000000 -0.000000  0.121432 0.885543 0
0  0.015976 0.006247 -0.004027  -0.000000 1.000000 0.000000  0.121433 0.950089 0
0  0.015071 0.006247 -0.002848  -0.000000 1.000000 0.000000  0.111980 0.957342 0
mount_casv_vltor_picatinny_rail_sections_LOD0
0  0.024029 0.006247 -0.004027  -0.000000 1.000000 -0.000000  0.121432 0.885543 0
0  0.022627 0.006247 -0.005024  -0.000000 1.000000 -0.000000  0.129422 0.896780 0
0  0.015976 0.006247 -0.004027  -0.000000 1.000000 0.000000  0.121433 0.950089 0
mount_casv_vltor_picatinny_rail_sections_LOD0
0  0.022627 0.006247 -0.005024  -0.000000 1.000000 -0.000000  0.129422 0.896780 0
0  0.017377 0.006247 -0.005024  -0.000000 1.000000 -0.000000  0.129426 0.938860 0
0  0.015976 0.006247 -0.004027  -0.000000 1.000000 0.000000  0.121433 0.950089 0
mount_casv_vltor_picatinny_rail_sections_LOD0
0  0.017377 0.006247 -0.005024  -0.000000 1.000000 -0.000000  0.129426 0.938860 0
0  0.022627 0.006247 -0.005024  -0.000000 1.000000 -0.000000  0.129422 0.896780 0
0  0.017377 0.006247 -0.010617  -0.000000 1.000000 -0.000000  0.174255 0.938856 0
mount_casv_vltor_picatinny_rail_sections_LOD0
0  0.022627 0.006247 -0.005024  -0.000000 1.000000 -0.000000  0.129422 0.896780 0
0  0.022627 0.006247 -0.010617  -0.000000 1.000000 -0.000000  0.174251 0.896776 0
0  0.017377 0.006247 -0.010617  -0.000000 1.000000 -0.000000  0.174255 0.938856 0
mount_casv_vltor_picatinny_rail_sections_LOD0
0  0.017377 0.009250 0.008118  0.000000 0.707109 0.707104  0.130837 0.304462 0
0  0.012628 0.009250 0.008118  0.000000 0.707109 0.707104  0.130837 0.342525 0
0  0.012628 0.006753 0.010615  0.000000 0.707109 0.707104  0.102533 0.342525 0
mount_casv_vltor_picatinny_rail_sections_LOD0
0  0.017377 0.006753 0.010615  0.000000 0.707110 0.707104  0.102533 0.304462 0
0  0.017377 0.009250 0.008118  0.000000 0.707109 0.707104  0.130837 0.304462 0
0  0.012628 0.006753 0.010615  0.000000 0.707109 0.707104  0.102533 0.342525 0
mount_casv_vltor_picatinny_rail_sections_LOD0
0  -0.042618 0.006247 0.010615  0.000000 1.000000 -0.000000  0.313946 0.299777 0
0  -0.037368 0.006247 0.010615  0.000000 1.000000 -0.000000  0.313946 0.257697 0
0  -0.037368 0.006247 -0.010617  0.000000 1.000000 -0.000000  0.484123 0.257697 0
mount_casv_vltor_picatinny_rail_sections_LOD0
0  -0.042618 0.006247 -0.010617  0.000000 1.000000 -0.000000  0.484123 0.299777 0
0  -0.042618 0.006247 0.010615  0.000000 1.000000 -0.000000  0.313946 0.299777 0
0  -0.037368 0.006247 -0.010617  0.000000 1.000000 -0.000000  0.484123 0.257697 0
mount_casv_vltor_picatinny_rail_sections_LOD0
0  -0.032619 0.006753 -0.010617  0.000000 -0.000037 -1.000000  0.706842 0.923787 0
0  -0.032619 0.006247 -0.010617  0.000000 -0.000037 -1.000000  0.706842 0.919733 0
0  -0.037368 0.006247 -0.010617  0.000000 -0.000037 -1.000000  0.744906 0.919733 0
mount_casv_vltor_picatinny_rail_sections_LOD0
0  -0.037368 0.006753 -0.010617  0.000000 -0.000037 -1.000000  0.744906 0.923787 0
0  -0.032619 0.006753 -0.010617  0.000000 -0.000037 -1.000000  0.706842 0.923787 0
0  -0.037368 0.006247 -0.010617  0.000000 -0.000037 -1.000000  0.744906 0.919733 0
mount_casv_vltor_picatinny_rail_sections_LOD0
0  -0.032619 0.009250 -0.008120  0.000000 0.707109 -0.707105  0.346552 0.709515 0
0  -0.032619 0.006753 -0.010617  0.000000 0.707109 -0.707104  0.318249 0.709515 0
0  -0.037368 0.006753 -0.010617  0.000000 0.707109 -0.707105  0.318249 0.671452 0
mount_casv_vltor_picatinny_rail_sections_LOD0
0  -0.037368 0.009250 -0.008120  0.000000 0.707109 -0.707105  0.346552 0.671452 0
0  -0.032619 0.009250 -0.008120  0.000000 0.707109 -0.707105  0.346552 0.709515 0
0  -0.037368 0.006753 -0.010617  0.000000 0.707109 -0.707105  0.318249 0.671452 0
mount_casv_vltor_picatinny_rail_sections_LOD0
0  -0.032619 0.006247 -0.010617  1.000000 -0.000529 0.000432  0.939844 0.504010 0
0  -0.032619 0.006753 -0.010617  0.999999 -0.000990 0.000979  0.939846 0.508065 0
0  -0.032619 0.009250 -0.008120  1.000000 -0.000197 0.000038  0.919829 0.528076 0
mount_casv_vltor_picatinny_rail_sections_LOD0
0  -0.032619 0.009250 -0.008120  1.000000 -0.000197 0.000038  0.919829 0.528076 0
0  -0.032619 0.009250 0.008118  1.000000 -0.000196 -0.000038  0.789679 0.528078 0
0  -0.032619 0.006247 -0.010617  1.000000 -0.000529 0.000432  0.939844 0.504010 0
mount_casv_vltor_picatinny_rail_sections_LOD0
0  -0.032619 0.009250 0.008118  1.000000 -0.000196 -0.000038  0.789679 0.528078 0
0  -0.032619 0.006247 0.010615  1.000000 -0.000524 -0.000432  0.769664 0.504009 0
0  -0.032619 0.006247 -0.010617  1.000000 -0.000529 0.000432  0.939844 0.504010 0
mount_casv_vltor_picatinny_rail_sections_LOD0
0  -0.032619 0.006753 0.010615  0.999999 -0.000979 -0.000979  0.769664 0.508064 0
0  -0.032619 0.006247 0.010615  1.000000 -0.000524 -0.000432  0.769664 0.504009 0
0  -0.032619 0.009250 0.008118  1.000000 -0.000196 -0.000038  0.789679 0.528078 0
mount_casv_vltor_picatinny_rail_sections_LOD0
0  -0.037368 0.009250 0.008118  0.000000 1.000000 -0.000000  0.540188 0.291335 0
0  -0.032619 0.009250 0.008118  0.000000 1.000000 -0.000000  0.540188 0.253271 0
0  -0.032619 0.009250 -0.008120  0.000000 1.000000 -0.000000  0.670338 0.253271 0
mount_casv_vltor_picatinny_rail_sections_LOD0
0  -0.037368 0.009250 -0.008120  0.000000 1.000000 -0.000000  0.670338 0.291335 0
0  -0.037368 0.009250 0.008118  0.000000 1.000000 -0.000000  0.540188 0.291335 0
0  -0.032619 0.009250 -0.008120  0.000000 1.000000 -0.000000  0.670338 0.253271 0
mount_casv_vltor_picatinny_rail_sections_LOD0
0  -0.002621 0.006247 -0.010617  -0.000000 1.000000 -0.000000  0.309187 0.347432 0
0  -0.002621 0.006247 0.010615  -0.000000 1.000000 -0.000000  0.139009 0.347432 0
0  0.002628 0.006247 0.010615  -0.000000 1.000000 -0.000000  0.139009 0.305361 0
mount_casv_vltor_picatinny_rail_sections_LOD0
0  0.002628 0.006247 -0.010617  -0.000000 1.000000 -0.000000  0.309187 0.305361 0
0  -0.002621 0.006247 -0.010617  -0.000000 1.000000 -0.000000  0.309187 0.347432 0
0  0.002628 0.006247 0.010615  -0.000000 1.000000 -0.000000  0.139009 0.305361 0
mount_casv_vltor_picatinny_rail_sections_LOD0
0  -0.002621 0.006753 -0.010617  -0.000000 -0.000037 -1.000000  0.773457 0.933706 0
0  -0.002621 0.006247 -0.010617  0.000000 -0.000037 -1.000000  0.773457 0.929652 0
0  -0.007371 0.006247 -0.010617  -0.000000 -0.000037 -1.000000  0.811530 0.929652 0
mount_casv_vltor_picatinny_rail_sections_LOD0
0  -0.007371 0.006753 -0.010617  -0.000000 -0.000037 -1.000000  0.811530 0.933706 0
0  -0.002621 0.006753 -0.010617  -0.000000 -0.000037 -1.000000  0.773457 0.933706 0
0  -0.007371 0.006247 -0.010617  -0.000000 -0.000037 -1.000000  0.811530 0.929652 0
mount_casv_vltor_picatinny_rail_sections_LOD0
0  -0.002621 0.009250 -0.008120  -0.000000 0.707109 -0.707105  0.607981 0.857219 0
0  -0.002621 0.006753 -0.010617  -0.000000 0.707109 -0.707104  0.607981 0.828916 0
0  -0.007371 0.006753 -0.010617  -0.000000 0.707109 -0.707105  0.646052 0.828916 0
mount_casv_vltor_picatinny_rail_sections_LOD0
0  -0.007371 0.009250 -0.008120  -0.000000 0.707109 -0.707105  0.646052 0.857219 0
0  -0.002621 0.009250 -0.008120  -0.000000 0.707109 -0.707105  0.607981 0.857219 0
0  -0.007371 0.006753 -0.010617  -0.000000 0.707109 -0.707105  0.646052 0.828916 0
mount_casv_vltor_picatinny_rail_sections_LOD0
0  -0.002621 0.006247 -0.010617  1.000000 -0.000525 0.000433  0.944100 0.506638 0
0  -0.002621 0.006753 -0.010617  0.999999 -0.000979 0.000980  0.948155 0.506637 0
0  -0.002621 0.009250 -0.008120  1.000000 -0.000197 0.000038  0.968168 0.526653 0
mount_casv_vltor_picatinny_rail_sections_LOD0
0  -0.002621 0.009250 -0.008120  1.000000 -0.000197 0.000038  0.968168 0.526653 0
0  -0.002621 0.009250 0.008118  1.000000 -0.000197 -0.000038  0.968168 0.656803 0
0  -0.002621 0.006247 -0.010617  1.000000 -0.000525 0.000433  0.944100 0.506638 0
mount_casv_vltor_picatinny_rail_sections_LOD0
0  -0.002621 0.009250 0.008118  1.000000 -0.000197 -0.000038  0.968168 0.656803 0
0  -0.002621 0.006247 0.010615  1.000000 -0.000525 -0.000433  0.944099 0.676817 0
0  -0.002621 0.006247 -0.010617  1.000000 -0.000525 0.000433  0.944100 0.506638 0
mount_casv_vltor_picatinny_rail_sections_LOD0
0  -0.002621 0.006753 0.010615  0.999999 -0.000979 -0.000980  0.948154 0.676817 0
0  -0.002621 0.006247 0.010615  1.000000 -0.000525 -0.000433  0.944099 0.676817 0
0  -0.002621 0.009250 0.008118  1.000000 -0.000197 -0.000038  0.968168 0.656803 0
mount_casv_vltor_picatinny_rail_sections_LOD0
0  -0.007371 0.009250 0.008118  0.000000 1.000000 -0.000000  0.542147 0.795324 0
0  -0.002621 0.009250 0.008118  0.000000 1.000000 -0.000000  0.542147 0.757252 0
0  -0.002621 0.009250 -0.008120  -0.000000 1.000000 -0.000000  0.672298 0.757252 0
mount_casv_vltor_picatinny_rail_sections_LOD0
0  -0.007371 0.009250 -0.008120  -0.000000 1.000000 0.000000  0.672298 0.795324 0
0  -0.007371 0.009250 0.008118  0.000000 1.000000 -0.000000  0.542147 0.795324 0
0  -0.002621 0.009250 -0.008120  -0.000000 1.000000 -0.000000  0.672298 0.757252 0
mount_casv_vltor_picatinny_rail_sections_LOD0
0  0.007378 0.006753 -0.010617  0.000000 -0.000039 -1.000000  0.629668 0.975102 0
0  0.007378 0.006247 -0.010617  0.000000 -0.000039 -1.000000  0.629668 0.971048 0
0  0.002628 0.006247 -0.010617  0.000000 -0.000039 -1.000000  0.667739 0.971048 0
mount_casv_vltor_picatinny_rail_sections_LOD0
0  0.002628 0.006753 -0.010617  0.000000 -0.000039 -1.000000  0.667739 0.975102 0
0  0.007378 0.006753 -0.010617  0.000000 -0.000039 -1.000000  0.629668 0.975102 0
0  0.002628 0.006247 -0.010617  0.000000 -0.000039 -1.000000  0.667739 0.971048 0
mount_casv_vltor_picatinny_rail_sections_LOD0
0  0.007378 0.009250 -0.008120  -0.000000 0.707109 -0.707104  0.467114 0.922386 0
0  0.007378 0.006753 -0.010617  -0.000000 0.707109 -0.707104  0.467114 0.894083 0
0  0.002628 0.006753 -0.010617  -0.000000 0.707109 -0.707104  0.505184 0.894083 0
mount_casv_vltor_picatinny_rail_sections_LOD0
0  0.002628 0.009250 -0.008120  -0.000000 0.707109 -0.707104  0.505184 0.922386 0
0  0.007378 0.009250 -0.008120  -0.000000 0.707109 -0.707104  0.467114 0.922386 0
0  0.002628 0.006753 -0.010617  -0.000000 0.707109 -0.707104  0.505184 0.894083 0
mount_casv_vltor_picatinny_rail_sections_LOD0
0  0.007378 0.006247 -0.010617  1.000000 -0.000565 0.000466  0.939564 0.062362 0
0  0.007378 0.006753 -0.010617  0.999999 -0.001057 0.001054  0.939564 0.066418 0
0  0.007378 0.009250 -0.008120  1.000000 -0.000211 0.000041  0.919549 0.086431 0
mount_casv_vltor_picatinny_rail_sections_LOD0
0  0.007378 0.009250 -0.008120  1.000000 -0.000211 0.000041  0.919549 0.086431 0
0  0.007379 0.009250 0.008119  1.000000 -0.000212 -0.000041  0.789391 0.086431 0
0  0.007378 0.006247 -0.010617  1.000000 -0.000565 0.000466  0.939564 0.062362 0
mount_casv_vltor_picatinny_rail_sections_LOD0
0  0.007379 0.009250 0.008119  1.000000 -0.000212 -0.000041  0.789391 0.086431 0
0  0.007378 0.006247 0.010615  1.000000 -0.000566 -0.000466  0.769384 0.062362 0
0  0.007378 0.006247 -0.010617  1.000000 -0.000565 0.000466  0.939564 0.062362 0
mount_casv_vltor_picatinny_rail_sections_LOD0
0  0.007379 0.006753 0.010615  0.999999 -0.001057 -0.001056  0.769384 0.066418 0
0  0.007378 0.006247 0.010615  1.000000 -0.000566 -0.000466  0.769384 0.062362 0
0  0.007379 0.009250 0.008119  1.000000 -0.000212 -0.000041  0.789391 0.086431 0
mount_casv_vltor_picatinny_rail_sections_LOD0
0  0.002628 0.009250 0.008119  -0.000000 1.000000 -0.000000  0.958117 0.841620 0
0  0.007379 0.009250 0.008119  -0.000000 1.000000 -0.000000  0.996187 0.841620 0
0  0.007378 0.009250 -0.008120  -0.000000 1.000000 -0.000000  0.996187 0.971778 0
mount_casv_vltor_picatinny_rail_sections_LOD0
0  0.002628 0.009250 -0.008120  -0.000000 1.000000 -0.000000  0.958117 0.971778 0
0  0.002628 0.009250 0.008119  -0.000000 1.000000 -0.000000  0.958117 0.841620 0
0  0.007378 0.009250 -0.008120  -0.000000 1.000000 -0.000000  0.996187 0.971778 0
mount_casv_vltor_picatinny_rail_sections_LOD0
0  0.037376 0.006753 -0.010617  0.000000 -0.000037 -1.000000  0.687324 0.951362 0
0  0.037376 0.006247 -0.010617  0.000000 -0.000037 -1.000000  0.687324 0.947307 0
0  0.032626 0.006247 -0.010617  0.000000 -0.000037 -1.000000  0.725395 0.947307 0
mount_casv_vltor_picatinny_rail_sections_LOD0
0  0.032626 0.006753 -0.010617  0.000000 -0.000037 -1.000000  0.725395 0.951362 0
0  0.037376 0.006753 -0.010617  0.000000 -0.000037 -1.000000  0.687324 0.951362 0
0  0.032626 0.006247 -0.010617  0.000000 -0.000037 -1.000000  0.725395 0.947307 0
mount_casv_vltor_picatinny_rail_sections_LOD0
0  0.037376 0.009250 -0.008120  0.000000 0.707109 -0.707104  0.957572 0.235024 0
0  0.037376 0.006753 -0.010617  0.000000 0.707109 -0.707104  0.957572 0.206721 0
0  0.032626 0.006753 -0.010617  0.000000 0.707109 -0.707104  0.995644 0.206721 0
mount_casv_vltor_picatinny_rail_sections_LOD0
0  0.032626 0.009250 -0.008120  0.000000 0.707109 -0.707105  0.995644 0.235024 0
0  0.037376 0.009250 -0.008120  0.000000 0.707109 -0.707104  0.957572 0.235024 0
0  0.032626 0.006753 -0.010617  0.000000 0.707109 -0.707104  0.995644 0.206721 0
mount_casv_vltor_picatinny_rail_sections_LOD0
0  0.037376 0.006247 -0.010617  1.000000 -0.000517 0.000432  0.670264 0.699753 0
0  0.037376 0.006753 -0.010617  0.999999 -0.000967 0.000979  0.670264 0.703808 0
0  0.037376 0.009250 -0.008120  1.000000 -0.000191 0.000038  0.650251 0.723822 0
mount_casv_vltor_picatinny_rail_sections_LOD0
0  0.037376 0.009250 -0.008120  1.000000 -0.000191 0.000038  0.650251 0.723822 0
0  0.037376 0.009250 0.008119  1.000000 -0.000199 -0.000038  0.520092 0.723822 0
0  0.037376 0.006247 -0.010617  1.000000 -0.000517 0.000432  0.670264 0.699753 0
mount_casv_vltor_picatinny_rail_sections_LOD0
0  0.037376 0.009250 0.008119  1.000000 -0.000199 -0.000038  0.520092 0.723822 0
0  0.037376 0.006247 0.010616  1.000000 -0.000521 -0.000432  0.500077 0.699753 0
0  0.037376 0.006247 -0.010617  1.000000 -0.000517 0.000432  0.670264 0.699753 0
mount_casv_vltor_picatinny_rail_sections_LOD0
0  0.037376 0.006753 0.010616  0.999999 -0.000967 -0.000979  0.500077 0.703808 0
0  0.037376 0.006247 0.010616  1.000000 -0.000521 -0.000432  0.500077 0.699753 0
0  0.037376 0.009250 0.008119  1.000000 -0.000199 -0.000038  0.520092 0.723822 0
mount_casv_vltor_picatinny_rail_sections_LOD0
0  0.032626 0.009250 0.008119  0.000000 1.000000 -0.000000  0.369423 0.846703 0
0  0.037376 0.009250 0.008119  0.000000 1.000000 -0.000000  0.369423 0.808632 0
0  0.037376 0.009250 -0.008120  0.000000 1.000000 -0.000000  0.499582 0.808632 0
mount_casv_vltor_picatinny_rail_sections_LOD0
0  0.032626 0.009250 -0.008120  0.000000 1.000000 -0.000000  0.499582 0.846703 0
0  0.032626 0.009250 0.008119  0.000000 1.000000 -0.000000  0.369423 0.846703 0
0  0.037376 0.009250 -0.008120  0.000000 1.000000 -0.000000  0.499582 0.808632 0
mount_casv_vltor_picatinny_rail_sections_LOD0
0  -0.032619 0.006247 -0.010617  -0.000000 1.000000 -0.000000  0.659922 0.338233 0
0  -0.032619 0.006247 0.010615  -0.000000 1.000000 -0.000000  0.489744 0.338233 0
0  -0.027369 0.006247 0.010615  -0.000000 1.000000 -0.000000  0.489744 0.296154 0
mount_casv_vltor_picatinny_rail_sections_LOD0
0  -0.027369 0.006247 -0.010617  -0.000000 1.000000 -0.000000  0.659922 0.296154 0
0  -0.032619 0.006247 -0.010617  -0.000000 1.000000 -0.000000  0.659922 0.338233 0
0  -0.027369 0.006247 0.010615  -0.000000 1.000000 -0.000000  0.489744 0.296154 0
mount_casv_vltor_picatinny_rail_sections_LOD0
0  -0.022619 0.006247 -0.010617  0.000000 -0.000037 -1.000000  0.773572 0.946106 0
0  -0.027369 0.006247 -0.010617  0.000000 -0.000039 -1.000000  0.811643 0.946106 0
0  -0.027368 0.006753 -0.010617  0.000000 -0.000039 -1.000000  0.811643 0.950160 0
mount_casv_vltor_picatinny_rail_sections_LOD0
0  -0.022619 0.006753 -0.010617  0.000000 -0.000037 -1.000000  0.773572 0.950160 0
0  -0.022619 0.006247 -0.010617  0.000000 -0.000037 -1.000000  0.773572 0.946106 0
0  -0.027368 0.006753 -0.010617  0.000000 -0.000039 -1.000000  0.811643 0.950160 0
mount_casv_vltor_picatinny_rail_sections_LOD0
0  -0.022619 0.009250 -0.008120  0.000000 0.707109 -0.707105  0.508611 0.995683 0
0  -0.022619 0.006753 -0.010617  0.000000 0.707109 -0.707105  0.480308 0.995683 0
0  -0.027368 0.006753 -0.010617  0.000000 0.707109 -0.707104  0.480308 0.957612 0
mount_casv_vltor_picatinny_rail_sections_LOD0
0  -0.027368 0.009250 -0.008120  0.000000 0.707109 -0.707104  0.508611 0.957612 0
0  -0.022619 0.009250 -0.008120  0.000000 0.707109 -0.707105  0.508611 0.995683 0
0  -0.027368 0.006753 -0.010617  0.000000 0.707109 -0.707104  0.480308 0.957612 0
mount_casv_vltor_picatinny_rail_sections_LOD0
0  -0.017369 0.006753 -0.010617  0.000000 -0.000037 -1.000000  0.723600 0.934499 0
0  -0.012620 0.006247 -0.010617  0.000000 -0.000037 -1.000000  0.685526 0.930442 0
0  -0.017370 0.006247 -0.010617  0.000000 -0.000037 -1.000000  0.723598 0.930442 0
mount_casv_vltor_picatinny_rail_sections_LOD0
0  -0.012620 0.006753 -0.010617  0.000000 -0.000037 -1.000000  0.685527 0.934499 0
0  -0.012620 0.006247 -0.010617  0.000000 -0.000037 -1.000000  0.685526 0.930442 0
0  -0.017369 0.006753 -0.010617  0.000000 -0.000037 -1.000000  0.723600 0.934499 0
mount_casv_vltor_picatinny_rail_sections_LOD0
0  -0.022619 0.009250 -0.005024  1.000000 0.000000 0.000000  0.629407 0.951276 0
0  -0.022619 0.006247 -0.005024  1.000000 -0.000045 -0.000043  0.629407 0.927207 0
0  -0.022619 0.009250 -0.008120  1.000000 -0.000097 -0.000018  0.654222 0.951276 0
mount_casv_vltor_picatinny_rail_sections_LOD0
0  -0.022619 0.006247 -0.005024  1.000000 -0.000045 -0.000043  0.629407 0.927207 0
0  -0.022619 0.006247 -0.010617  1.000000 -0.000486 0.000383  0.674238 0.927209 0
0  -0.022619 0.009250 -0.008120  1.000000 -0.000097 -0.000018  0.654222 0.951276 0
mount_casv_vltor_picatinny_rail_sections_LOD0
0  -0.022619 0.006753 -0.010617  0.999999 -0.000985 0.000979  0.674238 0.931264 0
0  -0.022619 0.009250 -0.008120  1.000000 -0.000097 -0.000018  0.654222 0.951276 0
0  -0.022619 0.006247 -0.010617  1.000000 -0.000486 0.000383  0.674238 0.927209 0
mount_casv_vltor_picatinny_rail_sections_LOD0
0  -0.017369 0.009250 -0.005024  -1.000000 0.000000 0.000000  0.028819 0.257867 0
0  -0.017369 0.009250 -0.008120  -1.000000 0.000103 0.000019  0.028819 0.282681 0
0  -0.017369 0.006247 -0.005024  -1.000000 0.000048 0.000047  0.004751 0.257866 0
mount_casv_vltor_picatinny_rail_sections_LOD0
0  -0.017369 0.009250 -0.008120  -1.000000 0.000103 0.000019  0.028819 0.282681 0
0  -0.017370 0.006247 -0.010617  -1.000000 0.000520 -0.000413  0.004751 0.302695 0
0  -0.017369 0.006247 -0.005024  -1.000000 0.000048 0.000047  0.004751 0.257866 0
mount_casv_vltor_picatinny_rail_sections_LOD0
0  -0.017369 0.006753 -0.010617  -0.999999 0.001054 -0.001056  0.008805 0.302695 0
0  -0.017370 0.006247 -0.010617  -1.000000 0.000520 -0.000413  0.004751 0.302695 0
0  -0.017369 0.009250 -0.008120  -1.000000 0.000103 0.000019  0.028819 0.282681 0
mount_casv_vltor_picatinny_rail_sections_LOD0
0  -0.017369 0.009250 -0.008120  0.000000 0.707109 -0.707105  0.957190 0.275054 0
0  -0.012620 0.009250 -0.008120  0.000000 0.707109 -0.707104  0.995262 0.275054 0
0  -0.012620 0.006753 -0.010617  0.000000 0.707109 -0.707104  0.995262 0.303357 0
mount_casv_vltor_picatinny_rail_sections_LOD0
0  -0.017369 0.006753 -0.010617  0.000000 0.707109 -0.707105  0.957190 0.303357 0
0  -0.017369 0.009250 -0.008120  0.000000 0.707109 -0.707105  0.957190 0.275054 0
0  -0.012620 0.006753 -0.010617  0.000000 0.707109 -0.707104  0.995262 0.303357 0
mount_casv_vltor_picatinny_rail_sections_LOD0
0  -0.017369 0.009250 -0.008120  0.000000 1.000000 -0.000000  0.025305 0.819269 0
0  -0.017369 0.009250 -0.005024  0.000000 1.000000 0.000000  0.050120 0.819261 0
0  -0.015968 0.009250 -0.004027  0.000000 1.000000 -0.000000  0.058116 0.830497 0
mount_casv_vltor_picatinny_rail_sections_LOD0
0  -0.012620 0.009250 -0.008120  -0.000000 1.000000 -0.000000  0.025315 0.857338 0
0  -0.017369 0.009250 -0.008120  0.000000 1.000000 -0.000000  0.025305 0.819269 0
0  -0.015968 0.009250 -0.004027  0.000000 1.000000 -0.000000  0.058116 0.830497 0
mount_casv_vltor_picatinny_rail_sections_LOD0
0  -0.015063 0.009250 -0.002848  -0.000001 1.000000 -0.000001  0.067567 0.837751 0
0  -0.012620 0.009250 -0.008120  -0.000000 1.000000 -0.000000  0.025315 0.857338 0
0  -0.015968 0.009250 -0.004027  0.000000 1.000000 -0.000000  0.058116 0.830497 0
mount_casv_vltor_picatinny_rail_sections_LOD0
0  -0.014494 0.009250 -0.001474  0.000000 1.000000 -0.000000  0.078582 0.842312 0
0  -0.012620 0.009250 -0.008120  -0.000000 1.000000 -0.000000  0.025315 0.857338 0
0  -0.015063 0.009250 -0.002848  -0.000001 1.000000 -0.000001  0.067567 0.837751 0
mount_casv_vltor_picatinny_rail_sections_LOD0
0  -0.014300 0.009250 -0.000001  -0.000000 1.000000 -0.000000  0.090391 0.843872 0
0  -0.012620 0.009250 -0.008120  -0.000000 1.000000 -0.000000  0.025315 0.857338 0
0  -0.014494 0.009250 -0.001474  0.000000 1.000000 -0.000000  0.078582 0.842312 0
mount_casv_vltor_picatinny_rail_sections_LOD0
0  -0.012620 0.009250 0.008118  -0.000000 1.000000 -0.000000  0.155461 0.857356 0
0  -0.012620 0.009250 -0.008120  -0.000000 1.000000 -0.000000  0.025315 0.857338 0
0  -0.014300 0.009250 -0.000001  -0.000000 1.000000 -0.000000  0.090391 0.843872 0
mount_casv_vltor_picatinny_rail_sections_LOD0
0  -0.014494 0.009250 0.001473  -0.000001 1.000000 0.000000  0.102205 0.842317 0
0  -0.012620 0.009250 0.008118  -0.000000 1.000000 -0.000000  0.155461 0.857356 0
0  -0.014300 0.009250 -0.000001  -0.000000 1.000000 -0.000000  0.090391 0.843872 0
mount_casv_vltor_picatinny_rail_sections_LOD0
0  -0.015063 0.009250 0.002847  -0.000000 1.000000 0.000000  0.113221 0.837758 0
0  -0.012620 0.009250 0.008118  -0.000000 1.000000 -0.000000  0.155461 0.857356 0
0  -0.014494 0.009250 0.001473  -0.000001 1.000000 0.000000  0.102205 0.842317 0
mount_casv_vltor_picatinny_rail_sections_LOD0
0  -0.015968 0.009250 0.004026  -0.000000 1.000000 -0.000000  0.122675 0.830507 0
0  -0.012620 0.009250 0.008118  -0.000000 1.000000 -0.000000  0.155461 0.857356 0
0  -0.015063 0.009250 0.002847  -0.000000 1.000000 0.000000  0.113221 0.837758 0
mount_casv_vltor_picatinny_rail_sections_LOD0
0  -0.017369 0.009250 0.008118  -0.000000 1.000000 -0.000001  0.155480 0.819286 0
0  -0.012620 0.009250 0.008118  -0.000000 1.000000 -0.000000  0.155461 0.857356 0
0  -0.015968 0.009250 0.004026  -0.000000 1.000000 -0.000000  0.122675 0.830507 0
mount_casv_vltor_picatinny_rail_sections_LOD0
0  -0.017369 0.009250 0.005023  -0.000000 1.000000 -0.000000  0.130672 0.819273 0
0  -0.017369 0.009250 0.008118  -0.000000 1.000000 -0.000001  0.155480 0.819286 0
0  -0.015968 0.009250 0.004026  -0.000000 1.000000 -0.000000  0.122675 0.830507 0
mount_casv_vltor_picatinny_rail_sections_LOD0
0  -0.007371 0.006247 0.010615  0.000000 1.000000 -0.000000  0.765042 0.389478 0
0  -0.007371 0.006247 -0.010617  0.000000 1.000000 -0.000000  0.935219 0.389478 0
0  -0.012620 0.006247 -0.010617  0.000000 1.000000 -0.000000  0.935219 0.431550 0
mount_casv_vltor_picatinny_rail_sections_LOD0
0  -0.012620 0.006247 0.010615  0.000000 1.000000 -0.000000  0.765042 0.431550 0
0  -0.007371 0.006247 0.010615  0.000000 1.000000 -0.000000  0.765042 0.389478 0
0  -0.012620 0.006247 -0.010617  0.000000 1.000000 -0.000000  0.935219 0.431550 0
mount_casv_vltor_picatinny_rail_sections_LOD0
0  0.007378 0.006247 -0.010617  0.000000 1.000000 -0.000000  0.698542 0.489870 0
0  0.007378 0.006247 0.010615  0.000000 1.000000 -0.000000  0.528366 0.489870 0
0  0.012628 0.006247 0.010615  0.000000 1.000000 -0.000000  0.528366 0.447791 0
mount_casv_vltor_picatinny_rail_sections_LOD0
0  0.012628 0.006247 -0.010617  0.000000 1.000000 -0.000000  0.698542 0.447791 0
0  0.007378 0.006247 -0.010617  0.000000 1.000000 -0.000000  0.698542 0.489870 0
0  0.012628 0.006247 0.010615  0.000000 1.000000 -0.000000  0.528366 0.447791 0
mount_casv_vltor_picatinny_rail_sections_LOD0
0  0.017377 0.006247 -0.010617  0.000000 -0.000039 -1.000000  0.729405 0.937978 0
0  0.012628 0.006247 -0.010617  0.000000 -0.000039 -1.000000  0.767470 0.937978 0
0  0.012628 0.006753 -0.010617  0.000000 -0.000039 -1.000000  0.767470 0.942032 0
mount_casv_vltor_picatinny_rail_sections_LOD0
0  0.017377 0.006753 -0.010617  0.000000 -0.000039 -1.000000  0.729405 0.942032 0
0  0.017377 0.006247 -0.010617  0.000000 -0.000039 -1.000000  0.729405 0.937978 0
0  0.012628 0.006753 -0.010617  0.000000 -0.000039 -1.000000  0.767470 0.942032 0
mount_casv_vltor_picatinny_rail_sections_LOD0
0  0.017377 0.009250 -0.008120  0.000000 0.707109 -0.707105  0.191525 0.892833 0
0  0.017377 0.006753 -0.010617  0.000000 0.707109 -0.707104  0.163222 0.892833 0
0  0.012628 0.006753 -0.010617  0.000000 0.707109 -0.707105  0.163222 0.854770 0
mount_casv_vltor_picatinny_rail_sections_LOD0
0  0.012628 0.009250 -0.008120  0.000000 0.707109 -0.707105  0.191525 0.854770 0
0  0.017377 0.009250 -0.008120  0.000000 0.707109 -0.707105  0.191525 0.892833 0
0  0.012628 0.006753 -0.010617  0.000000 0.707109 -0.707105  0.163222 0.854770 0
mount_casv_vltor_picatinny_rail_sections_LOD0
0  0.032626 0.006247 0.010616  0.000000 1.000000 -0.000000  0.313907 0.305279 0
0  0.032626 0.006247 -0.010617  -0.000000 1.000000 -0.000000  0.484089 0.305279 0
0  0.027376 0.006247 -0.010617  0.000000 1.000000 -0.000000  0.484089 0.347358 0
mount_casv_vltor_picatinny_rail_sections_LOD0
0  0.027376 0.006247 0.010615  0.000000 1.000000 -0.000000  0.313907 0.347358 0
0  0.032626 0.006247 0.010616  0.000000 1.000000 -0.000000  0.313907 0.305279 0
0  0.027376 0.006247 -0.010617  0.000000 1.000000 -0.000000  0.484089 0.347358 0
mount_casv_vltor_picatinny_rail_sections_LOD0
0  0.022627 0.006753 -0.010617  0.000000 -0.000039 -1.000000  0.810740 0.966418 0
0  0.027376 0.006753 -0.010617  0.000000 -0.000040 -1.000000  0.772676 0.966418 0
0  0.027376 0.006247 -0.010617  0.000000 -0.000040 -1.000000  0.772676 0.962364 0
mount_casv_vltor_picatinny_rail_sections_LOD0
0  0.022627 0.006247 -0.010617  0.000000 -0.000039 -1.000000  0.810740 0.962364 0
0  0.022627 0.006753 -0.010617  0.000000 -0.000039 -1.000000  0.810740 0.966418 0
0  0.027376 0.006247 -0.010617  0.000000 -0.000040 -1.000000  0.772676 0.962364 0
mount_casv_vltor_picatinny_rail_sections_LOD0
0  0.017377 0.009250 -0.005024  1.000000 0.000000 0.000000  0.509324 0.943467 0
0  0.017377 0.006247 -0.005024  1.000000 -0.000045 -0.000043  0.509324 0.919397 0
0  0.017377 0.009250 -0.008120  1.000000 -0.000096 -0.000018  0.534138 0.943467 0
mount_casv_vltor_picatinny_rail_sections_LOD0
0  0.017377 0.006247 -0.005024  1.000000 -0.000045 -0.000043  0.509324 0.919397 0
0  0.017377 0.006247 -0.010617  1.000000 -0.000483 0.000383  0.554153 0.919398 0
0  0.017377 0.009250 -0.008120  1.000000 -0.000096 -0.000018  0.534138 0.943467 0
mount_casv_vltor_picatinny_rail_sections_LOD0
0  0.017377 0.006753 -0.010617  0.999999 -0.000979 0.000979  0.554153 0.923454 0
0  0.017377 0.009250 -0.008120  1.000000 -0.000096 -0.000018  0.534138 0.943467 0
0  0.017377 0.006247 -0.010617  1.000000 -0.000483 0.000383  0.554153 0.919398 0
mount_casv_vltor_picatinny_rail_sections_LOD0
0  0.022627 0.009250 -0.008120  -0.000000 0.707109 -0.707104  0.099159 0.258627 0
0  0.027376 0.009250 -0.008120  0.000000 0.707109 -0.707105  0.099159 0.296691 0
0  0.027376 0.006753 -0.010617  -0.000000 0.707109 -0.707104  0.070857 0.296691 0
mount_casv_vltor_picatinny_rail_sections_LOD0
0  0.022627 0.006753 -0.010617  -0.000000 0.707110 -0.707104  0.070857 0.258627 0
0  0.022627 0.009250 -0.008120  -0.000000 0.707109 -0.707104  0.099159 0.258627 0
0  0.027376 0.006753 -0.010617  -0.000000 0.707109 -0.707104  0.070857 0.296691 0
mount_casv_vltor_picatinny_rail_sections_LOD0
0  0.022627 0.009250 -0.008120  0.000000 1.000000 -0.000000  0.329436 0.759966 0
0  0.022627 0.009250 -0.005024  0.000000 1.000000 0.000000  0.304622 0.759975 0
0  0.024029 0.009250 -0.004027  0.000000 1.000000 -0.000000  0.296627 0.748739 0
mount_casv_vltor_picatinny_rail_sections_LOD0
0  0.027376 0.009250 -0.008120  -0.000000 1.000000 -0.000000  0.329424 0.721904 0
0  0.022627 0.009250 -0.008120  0.000000 1.000000 -0.000000  0.329436 0.759966 0
0  0.024029 0.009250 -0.004027  0.000000 1.000000 -0.000000  0.296627 0.748739 0
mount_casv_vltor_picatinny_rail_sections_LOD0
0  0.024934 0.009250 -0.002848  -0.000001 1.000000 -0.000000  0.287174 0.741487 0
0  0.027376 0.009250 -0.008120  -0.000000 1.000000 -0.000000  0.329424 0.721904 0
0  0.024029 0.009250 -0.004027  0.000000 1.000000 -0.000000  0.296627 0.748739 0
mount_casv_vltor_picatinny_rail_sections_LOD0
0  0.025503 0.009250 -0.001474  0.000000 1.000000 -0.000000  0.276158 0.736927 0
0  0.027376 0.009250 -0.008120  -0.000000 1.000000 -0.000000  0.329424 0.721904 0
0  0.024934 0.009250 -0.002848  -0.000001 1.000000 -0.000000  0.287174 0.741487 0
mount_casv_vltor_picatinny_rail_sections_LOD0
0  0.025696 0.009250 -0.000001  -0.000000 1.000000 -0.000000  0.264351 0.735377 0
0  0.027376 0.009250 -0.008120  -0.000000 1.000000 -0.000000  0.329424 0.721904 0
0  0.025503 0.009250 -0.001474  0.000000 1.000000 -0.000000  0.276158 0.736927 0
mount_casv_vltor_picatinny_rail_sections_LOD0
0  0.027376 0.009250 0.008118  -0.000000 1.000000 -0.000000  0.199276 0.721900 0
0  0.027376 0.009250 -0.008120  -0.000000 1.000000 -0.000000  0.329424 0.721904 0
0  0.025696 0.009250 -0.000001  -0.000000 1.000000 -0.000000  0.264351 0.735377 0
mount_casv_vltor_picatinny_rail_sections_LOD0
0  0.025503 0.009250 0.001473  -0.000001 1.000000 0.000000  0.252535 0.736924 0
0  0.027376 0.009250 0.008118  -0.000000 1.000000 -0.000000  0.199276 0.721900 0
0  0.025696 0.009250 -0.000001  -0.000000 1.000000 -0.000000  0.264351 0.735377 0
mount_casv_vltor_picatinny_rail_sections_LOD0
0  0.024934 0.009250 0.002847  -0.000000 1.000000 -0.000000  0.241520 0.741482 0
0  0.027376 0.009250 0.008118  -0.000000 1.000000 -0.000000  0.199276 0.721900 0
0  0.025503 0.009250 0.001473  -0.000001 1.000000 0.000000  0.252535 0.736924 0
mount_casv_vltor_picatinny_rail_sections_LOD0
0  0.024029 0.009250 0.004026  -0.000000 1.000000 -0.000001  0.232069 0.748735 0
0  0.027376 0.009250 0.008118  -0.000000 1.000000 -0.000000  0.199276 0.721900 0
0  0.024934 0.009250 0.002847  -0.000000 1.000000 -0.000000  0.241520 0.741482 0
mount_casv_vltor_picatinny_rail_sections_LOD0
0  0.022627 0.009250 0.008118  -0.000000 1.000000 -0.000000  0.199267 0.759964 0
0  0.027376 0.009250 0.008118  -0.000000 1.000000 -0.000000  0.199276 0.721900 0
0  0.024029 0.009250 0.004026  -0.000000 1.000000 -0.000001  0.232069 0.748735 0
mount_casv_vltor_picatinny_rail_sections_LOD0
0  0.022627 0.009250 0.005023  -0.000000 1.000000 -0.000000  0.224075 0.759970 0
0  0.022627 0.009250 0.008118  -0.000000 1.000000 -0.000000  0.199267 0.759964 0
0  0.024029 0.009250 0.004026  -0.000000 1.000000 -0.000001  0.232069 0.748735 0
mount_casv_vltor_picatinny_rail_sections_LOD0
0  -0.022619 0.009250 0.008118  0.000000 1.000000 -0.000000  0.154076 0.759825 0
0  -0.022619 0.009250 0.005023  0.000000 1.000000 -0.000000  0.129269 0.759832 0
0  -0.027368 0.009250 0.008118  0.000000 1.000000 -0.000000  0.154067 0.721754 0
mount_casv_vltor_picatinny_rail_sections_LOD0
0  -0.022619 0.009250 0.005023  0.000000 1.000000 -0.000000  0.129269 0.759832 0
0  -0.024019 0.009250 0.004026  0.000000 1.000000 -0.000000  0.121274 0.748603 0
0  -0.027368 0.009250 0.008118  0.000000 1.000000 -0.000000  0.154067 0.721754 0
mount_casv_vltor_picatinny_rail_sections_LOD0
0  -0.024019 0.009250 0.004026  0.000000 1.000000 -0.000000  0.121274 0.748603 0
0  -0.024924 0.009250 0.002847  0.000000 1.000000 -0.000001  0.111821 0.741350 0
0  -0.027368 0.009250 0.008118  0.000000 1.000000 -0.000000  0.154067 0.721754 0
mount_casv_vltor_picatinny_rail_sections_LOD0
0  -0.024924 0.009250 0.002847  0.000000 1.000000 -0.000001  0.111821 0.741350 0
0  -0.025493 0.009250 0.001473  0.000001 1.000000 -0.000000  0.100807 0.736787 0
0  -0.027368 0.009250 0.008118  0.000000 1.000000 -0.000000  0.154067 0.721754 0
mount_casv_vltor_picatinny_rail_sections_LOD0
0  -0.025493 0.009250 0.001473  0.000001 1.000000 -0.000000  0.100807 0.736787 0
0  -0.025688 0.009250 -0.000001  0.000000 1.000000 -0.000000  0.088990 0.735230 0
0  -0.027368 0.009250 0.008118  0.000000 1.000000 -0.000000  0.154067 0.721754 0
mount_casv_vltor_picatinny_rail_sections_LOD0
0  -0.025688 0.009250 -0.000001  0.000000 1.000000 -0.000000  0.088990 0.735230 0
0  -0.027368 0.009250 -0.008120  0.000000 1.000000 -0.000000  0.023919 0.721737 0
0  -0.027368 0.009250 0.008118  0.000000 1.000000 -0.000000  0.154067 0.721754 0
mount_casv_vltor_picatinny_rail_sections_LOD0
0  -0.025688 0.009250 -0.000001  0.000000 1.000000 -0.000000  0.088990 0.735230 0
0  -0.025493 0.009250 -0.001474  -0.000000 1.000000 -0.000000  0.077181 0.736785 0
0  -0.027368 0.009250 -0.008120  0.000000 1.000000 -0.000000  0.023919 0.721737 0
mount_casv_vltor_picatinny_rail_sections_LOD0
0  -0.025493 0.009250 -0.001474  -0.000000 1.000000 -0.000000  0.077181 0.736785 0
0  -0.024924 0.009250 -0.002848  0.000001 1.000000 -0.000000  0.066167 0.741343 0
0  -0.027368 0.009250 -0.008120  0.000000 1.000000 -0.000000  0.023919 0.721737 0
mount_casv_vltor_picatinny_rail_sections_LOD0
0  -0.024019 0.009250 -0.004027  0.000000 1.000000 0.000000  0.056713 0.748595 0
0  -0.027368 0.009250 -0.008120  0.000000 1.000000 -0.000000  0.023919 0.721737 0
0  -0.024924 0.009250 -0.002848  0.000001 1.000000 -0.000000  0.066167 0.741343 0
mount_casv_vltor_picatinny_rail_sections_LOD0
0  -0.022619 0.009250 -0.008120  0.000000 1.000000 0.000000  0.023901 0.759808 0
0  -0.027368 0.009250 -0.008120  0.000000 1.000000 -0.000000  0.023919 0.721737 0
0  -0.024019 0.009250 -0.004027  0.000000 1.000000 0.000000  0.056713 0.748595 0
mount_casv_vltor_picatinny_rail_sections_LOD0
0  -0.022619 0.009250 -0.005024  0.000000 1.000000 0.000000  0.048717 0.759820 0
0  -0.022619 0.009250 -0.008120  0.000000 1.000000 0.000000  0.023901 0.759808 0
0  -0.024019 0.009250 -0.004027  0.000000 1.000000 0.000000  0.056713 0.748595 0
mount_casv_vltor_picatinny_rail_sections_LOD0
0  0.017377 0.009250 -0.005024  0.000000 1.000000 0.000000  0.460232 0.766515 0
0  0.017377 0.009250 -0.008120  0.000000 1.000000 0.000000  0.485047 0.766523 0
0  0.015976 0.009250 -0.004027  0.000000 1.000000 0.000000  0.452237 0.777742 0
mount_casv_vltor_picatinny_rail_sections_LOD0
0  0.017377 0.009250 -0.008120  0.000000 1.000000 0.000000  0.485047 0.766523 0
0  0.012628 0.009250 -0.008120  0.000000 1.000000 -0.000000  0.485035 0.804587 0
0  0.015976 0.009250 -0.004027  0.000000 1.000000 0.000000  0.452237 0.777742 0
mount_casv_vltor_picatinny_rail_sections_LOD0
0  0.015976 0.009250 -0.004027  0.000000 1.000000 0.000000  0.452237 0.777742 0
0  0.012628 0.009250 -0.008120  0.000000 1.000000 -0.000000  0.485035 0.804587 0
0  0.015071 0.009250 -0.002848  0.000001 1.000000 -0.000000  0.442785 0.784996 0
mount_casv_vltor_picatinny_rail_sections_LOD0
0  0.014502 0.009250 -0.001474  -0.000000 1.000000 -0.000000  0.431769 0.789555 0
0  0.015071 0.009250 -0.002848  0.000001 1.000000 -0.000000  0.442785 0.784996 0
0  0.012628 0.009250 -0.008120  0.000000 1.000000 -0.000000  0.485035 0.804587 0
mount_casv_vltor_picatinny_rail_sections_LOD0
0  0.014309 0.009250 -0.000001  0.000000 1.000000 -0.000000  0.419961 0.791105 0
0  0.014502 0.009250 -0.001474  -0.000000 1.000000 -0.000000  0.431769 0.789555 0
0  0.012628 0.009250 -0.008120  0.000000 1.000000 -0.000000  0.485035 0.804587 0
mount_casv_vltor_picatinny_rail_sections_LOD0
0  0.014309 0.009250 -0.000001  0.000000 1.000000 -0.000000  0.419961 0.791105 0
0  0.012628 0.009250 -0.008120  0.000000 1.000000 -0.000000  0.485035 0.804587 0
0  0.012628 0.009250 0.008118  0.000000 1.000000 -0.000000  0.354887 0.804589 0
mount_casv_vltor_picatinny_rail_sections_LOD0
0  0.014502 0.009250 0.001473  0.000001 1.000000 0.000000  0.408144 0.789558 0
0  0.014309 0.009250 -0.000001  0.000000 1.000000 -0.000000  0.419961 0.791105 0
0  0.012628 0.009250 0.008118  0.000000 1.000000 -0.000000  0.354887 0.804589 0
mount_casv_vltor_picatinny_rail_sections_LOD0
0  0.015071 0.009250 0.002847  0.000000 1.000000 -0.000000  0.397131 0.785000 0
0  0.014502 0.009250 0.001473  0.000001 1.000000 0.000000  0.408144 0.789558 0
0  0.012628 0.009250 0.008118  0.000000 1.000000 -0.000000  0.354887 0.804589 0
mount_casv_vltor_picatinny_rail_sections_LOD0
0  0.015976 0.009250 0.004026  0.000000 1.000000 -0.000000  0.387678 0.777746 0
0  0.015071 0.009250 0.002847  0.000000 1.000000 -0.000000  0.397131 0.785000 0
0  0.012628 0.009250 0.008118  0.000000 1.000000 -0.000000  0.354887 0.804589 0
mount_casv_vltor_picatinny_rail_sections_LOD0
0  0.017377 0.009250 0.005023  0.000000 1.000000 -0.000000  0.379685 0.766520 0
0  0.015976 0.009250 0.004026  0.000000 1.000000 -0.000000  0.387678 0.777746 0
0  0.012628 0.009250 0.008118  0.000000 1.000000 -0.000000  0.354887 0.804589 0
mount_casv_vltor_picatinny_rail_sections_LOD0
0  0.017377 0.009250 0.008118  0.000000 1.000000 -0.000001  0.354878 0.766527 0
0  0.017377 0.009250 0.005023  0.000000 1.000000 -0.000000  0.379685 0.766520 0
0  0.012628 0.009250 0.008118  0.000000 1.000000 -0.000000  0.354887 0.804589 0
mount_casv_vltor_picatinny_rail_sections_LOD0
0  -0.012620 0.006753 0.010615  0.999999 -0.000979 -0.000981  0.975787 0.829919 0
0  -0.012620 0.006247 0.010615  1.000000 -0.000525 -0.000433  0.971732 0.829919 0
0  -0.012620 0.009250 0.008118  1.000000 -0.000197 -0.000038  0.995800 0.809906 0
mount_casv_vltor_picatinny_rail_sections_LOD0
0  -0.012620 0.009250 0.008118  1.000000 -0.000197 -0.000038  0.995800 0.809906 0
0  -0.012620 0.006247 0.010615  1.000000 -0.000525 -0.000433  0.971732 0.829919 0
0  -0.012620 0.006247 -0.010617  1.000000 -0.000525 0.000433  0.971733 0.659741 0
mount_casv_vltor_picatinny_rail_sections_LOD0
0  -0.012620 0.009250 -0.008120  1.000000 -0.000198 0.000038  0.995800 0.679755 0
0  -0.012620 0.009250 0.008118  1.000000 -0.000197 -0.000038  0.995800 0.809906 0
0  -0.012620 0.006247 -0.010617  1.000000 -0.000525 0.000433  0.971733 0.659741 0
mount_casv_vltor_picatinny_rail_sections_LOD0
0  -0.012620 0.006753 -0.010617  0.999999 -0.000979 0.000981  0.975788 0.659739 0
0  -0.012620 0.009250 -0.008120  1.000000 -0.000198 0.000038  0.995800 0.679755 0
0  -0.012620 0.006247 -0.010617  1.000000 -0.000525 0.000433  0.971733 0.659741 0
mount_casv_vltor_picatinny_rail_sections_LOD0
0  0.027376 0.006753 0.010615  0.999999 -0.000979 -0.000979  0.491172 0.674824 0
0  0.027376 0.006247 0.010615  1.000000 -0.000525 -0.000432  0.491172 0.670768 0
0  0.027376 0.009250 0.008118  1.000000 -0.000198 -0.000038  0.511187 0.694837 0
mount_casv_vltor_picatinny_rail_sections_LOD0
0  0.027376 0.009250 0.008118  1.000000 -0.000198 -0.000038  0.511187 0.694837 0
0  0.027376 0.006247 0.010615  1.000000 -0.000525 -0.000432  0.491172 0.670768 0
0  0.027376 0.006247 -0.010617  1.000000 -0.000524 0.000432  0.661353 0.670770 0
mount_casv_vltor_picatinny_rail_sections_LOD0
0  0.027376 0.009250 -0.008120  1.000000 -0.000196 0.000038  0.641338 0.694836 0
0  0.027376 0.009250 0.008118  1.000000 -0.000198 -0.000038  0.511187 0.694837 0
0  0.027376 0.006247 -0.010617  1.000000 -0.000524 0.000432  0.661353 0.670770 0
mount_casv_vltor_picatinny_rail_sections_LOD0
0  0.027376 0.006753 -0.010617  0.999999 -0.000979 0.000979  0.661354 0.674825 0
0  0.027376 0.009250 -0.008120  1.000000 -0.000196 0.000038  0.641338 0.694836 0
0  0.027376 0.006247 -0.010617  1.000000 -0.000524 0.000432  0.661353 0.670770 0
mount_casv_vltor_picatinny_rail_sections_LOD0
0  -0.037368 0.006753 0.010615  -0.999999 0.000967 0.000979  0.872991 0.610045 0
0  -0.037368 0.009250 0.008118  -1.000000 0.000197 0.000038  0.852977 0.630057 0
0  -0.037368 0.006247 0.010615  -1.000000 0.000520 0.000432  0.872991 0.605990 0
mount_casv_vltor_picatinny_rail_sections_LOD0
0  -0.037368 0.006247 0.010615  -1.000000 0.000520 0.000432  0.872991 0.605990 0
0  -0.037368 0.009250 0.008118  -1.000000 0.000197 0.000038  0.852977 0.630057 0
0  -0.037368 0.006247 -0.010617  -1.000000 0.000524 -0.000432  0.702811 0.605990 0
mount_casv_vltor_picatinny_rail_sections_LOD0
0  -0.037368 0.009250 0.008118  -1.000000 0.000197 0.000038  0.852977 0.630057 0
0  -0.037368 0.009250 -0.008120  -1.000000 0.000196 -0.000038  0.722826 0.630059 0
0  -0.037368 0.006247 -0.010617  -1.000000 0.000524 -0.000432  0.702811 0.605990 0
mount_casv_vltor_picatinny_rail_sections_LOD0
0  -0.037368 0.006753 -0.010617  -0.999999 0.000979 -0.000979  0.702811 0.610045 0
0  -0.037368 0.006247 -0.010617  -1.000000 0.000524 -0.000432  0.702811 0.605990 0
0  -0.037368 0.009250 -0.008120  -1.000000 0.000196 -0.000038  0.722826 0.630059 0
mount_casv_vltor_picatinny_rail_sections_LOD0
0  -0.007371 0.006753 0.010615  -0.999999 0.000979 0.000980  0.938934 0.008524 0
0  -0.007371 0.009250 0.008118  -1.000000 0.000197 0.000038  0.918919 0.028537 0
0  -0.007371 0.006247 0.010615  -1.000000 0.000525 0.000433  0.938934 0.004469 0
mount_casv_vltor_picatinny_rail_sections_LOD0
0  -0.007371 0.006247 0.010615  -1.000000 0.000525 0.000433  0.938934 0.004469 0
0  -0.007371 0.009250 0.008118  -1.000000 0.000197 0.000038  0.918919 0.028537 0
0  -0.007371 0.006247 -0.010617  -1.000000 0.000525 -0.000433  0.768754 0.004469 0
mount_casv_vltor_picatinny_rail_sections_LOD0
0  -0.007371 0.009250 0.008118  -1.000000 0.000197 0.000038  0.918919 0.028537 0
0  -0.007371 0.009250 -0.008120  -1.000000 0.000197 -0.000038  0.788769 0.028538 0
0  -0.007371 0.006247 -0.010617  -1.000000 0.000525 -0.000433  0.768754 0.004469 0
mount_casv_vltor_picatinny_rail_sections_LOD0
0  -0.007371 0.006753 -0.010617  -0.999999 0.000979 -0.000980  0.768754 0.008524 0
0  -0.007371 0.006247 -0.010617  -1.000000 0.000525 -0.000433  0.768754 0.004469 0
0  -0.007371 0.009250 -0.008120  -1.000000 0.000197 -0.000038  0.788769 0.028538 0
mount_casv_vltor_picatinny_rail_sections_LOD0
0  0.002628 0.006753 0.010616  -0.999999 0.000977 0.000978  0.991921 0.669638 0
0  0.002628 0.009250 0.008119  -1.000000 0.000197 0.000038  0.971909 0.649623 0
0  0.002628 0.006247 0.010615  -1.000000 0.000524 0.000433  0.995977 0.669630 0
mount_casv_vltor_picatinny_rail_sections_LOD0
0  0.002628 0.006247 0.010615  -1.000000 0.000524 0.000433  0.995977 0.669630 0
0  0.002628 0.009250 0.008119  -1.000000 0.000197 0.000038  0.971909 0.649623 0
0  0.002628 0.006247 -0.010617  -1.000000 0.000524 -0.000433  0.995978 0.499450 0
mount_casv_vltor_picatinny_rail_sections_LOD0
0  0.002628 0.009250 0.008119  -1.000000 0.000197 0.000038  0.971909 0.649623 0
0  0.002628 0.009250 -0.008120  -1.000000 0.000197 -0.000038  0.971909 0.519464 0
0  0.002628 0.006247 -0.010617  -1.000000 0.000524 -0.000433  0.995978 0.499450 0
mount_casv_vltor_picatinny_rail_sections_LOD0
0  0.002628 0.006753 -0.010617  -0.999999 0.000979 -0.000980  0.991923 0.499450 0
0  0.002628 0.006247 -0.010617  -1.000000 0.000524 -0.000433  0.995978 0.499450 0
0  0.002628 0.009250 -0.008120  -1.000000 0.000197 -0.000038  0.971909 0.519464 0
mount_casv_vltor_picatinny_rail_sections_LOD0
0  0.032626 0.006753 0.010616  -0.999999 0.000991 0.000979  0.872216 0.582229 0
0  0.032626 0.009250 0.008119  -1.000000 0.000196 0.000038  0.852201 0.602242 0
0  0.032626 0.006247 0.010616  -1.000000 0.000529 0.000432  0.872216 0.578174 0
mount_casv_vltor_picatinny_rail_sections_LOD0
0  0.032626 0.006247 0.010616  -1.000000 0.000529 0.000432  0.872216 0.578174 0
0  0.032626 0.009250 0.008119  -1.000000 0.000196 0.000038  0.852201 0.602242 0
0  0.032626 0.006247 -0.010617  -1.000000 0.000524 -0.000432  0.702029 0.578174 0
mount_casv_vltor_picatinny_rail_sections_LOD0
0  0.032626 0.009250 0.008119  -1.000000 0.000196 0.000038  0.852201 0.602242 0
0  0.032626 0.009250 -0.008120  -1.000000 0.000195 -0.000038  0.722042 0.602242 0
0  0.032626 0.006247 -0.010617  -1.000000 0.000524 -0.000432  0.702029 0.578174 0
mount_casv_vltor_picatinny_rail_sections_LOD0
0  0.032626 0.006753 -0.010617  -0.999999 0.000979 -0.000979  0.702029 0.582229 0
0  0.032626 0.006247 -0.010617  -1.000000 0.000524 -0.000432  0.702029 0.578174 0
0  0.032626 0.009250 -0.008120  -1.000000 0.000195 -0.000038  0.722042 0.602242 0
mount_casv_vltor_picatinny_rail_sections_LOD0
0  -0.027368 0.006753 0.010615  -0.999999 0.000967 0.000979  0.769110 0.053604 0
0  -0.027368 0.009250 0.008118  -1.000000 0.000195 0.000038  0.789125 0.033591 0
0  -0.027369 0.006247 0.010615  -1.000000 0.000518 0.000432  0.769110 0.057660 0
mount_casv_vltor_picatinny_rail_sections_LOD0
0  -0.027369 0.006247 -0.010617  -1.000000 0.000525 -0.000432  0.939290 0.057660 0
0  -0.027369 0.006247 0.010615  -1.000000 0.000518 0.000432  0.769110 0.057660 0
0  -0.027368 0.009250 0.008118  -1.000000 0.000195 0.000038  0.789125 0.033591 0
mount_casv_vltor_picatinny_rail_sections_LOD0
0  -0.027368 0.009250 -0.008120  -1.000000 0.000199 -0.000038  0.919275 0.033591 0
0  -0.027369 0.006247 -0.010617  -1.000000 0.000525 -0.000432  0.939290 0.057660 0
0  -0.027368 0.009250 0.008118  -1.000000 0.000195 0.000038  0.789125 0.033591 0
mount_casv_vltor_picatinny_rail_sections_LOD0
0  -0.027368 0.006753 -0.010617  -0.999999 0.000979 -0.000979  0.939290 0.053604 0
0  -0.027369 0.006247 -0.010617  -1.000000 0.000525 -0.000432  0.939290 0.057660 0
0  -0.027368 0.009250 -0.008120  -1.000000 0.000199 -0.000038  0.919275 0.033591 0
mount_casv_vltor_picatinny_rail_sections_LOD0
0  0.012628 0.006753 0.010615  -0.999999 0.000979 0.000981  0.680118 0.732555 0
0  0.012628 0.009250 0.008118  -1.000000 0.000197 0.000038  0.660103 0.752567 0
0  0.012628 0.006247 0.010615  -1.000000 0.000525 0.000433  0.680118 0.728500 0
mount_casv_vltor_picatinny_rail_sections_LOD0
0  0.012628 0.006247 -0.010617  -1.000000 0.000525 -0.000433  0.509938 0.728500 0
0  0.012628 0.006247 0.010615  -1.000000 0.000525 0.000433  0.680118 0.728500 0
0  0.012628 0.009250 0.008118  -1.000000 0.000197 0.000038  0.660103 0.752567 0
mount_casv_vltor_picatinny_rail_sections_LOD0
0  0.012628 0.009250 -0.008120  -1.000000 0.000197 -0.000038  0.529953 0.752569 0
0  0.012628 0.006247 -0.010617  -1.000000 0.000525 -0.000433  0.509938 0.728500 0
0  0.012628 0.009250 0.008118  -1.000000 0.000197 0.000038  0.660103 0.752567 0
mount_casv_vltor_picatinny_rail_sections_LOD0
0  0.012628 0.006753 -0.010617  -0.999999 0.000979 -0.000981  0.509938 0.732555 0
0  0.012628 0.006247 -0.010617  -1.000000 0.000525 -0.000433  0.509938 0.728500 0
0  0.012628 0.009250 -0.008120  -1.000000 0.000197 -0.000038  0.529953 0.752569 0
mount_casv_vltor_picatinny_rail_sections_LOD0
0  0.022627 0.009250 0.005023  -1.000000 0.000000 0.000000  0.452432 0.225685 0
0  0.022627 0.006247 0.005023  -1.000000 0.000031 -0.000030  0.452432 0.249754 0
0  0.022627 0.009250 0.008118  -1.000000 0.000066 -0.000013  0.477238 0.225685 0
mount_casv_vltor_picatinny_rail_sections_LOD0
0  0.022627 0.006247 0.005023  -1.000000 0.000031 -0.000030  0.452432 0.249754 0
0  0.022627 0.006247 0.010615  -1.000000 0.000335 0.000266  0.497253 0.249753 0
0  0.022627 0.009250 0.008118  -1.000000 0.000066 -0.000013  0.477238 0.225685 0
mount_casv_vltor_picatinny_rail_sections_LOD0
0  0.022627 0.006753 0.010615  -1.000000 0.000680 0.000681  0.497253 0.245697 0
0  0.022627 0.009250 0.008118  -1.000000 0.000066 -0.000013  0.477238 0.225685 0
0  0.022627 0.006247 0.010615  -1.000000 0.000335 0.000266  0.497253 0.249753 0
mount_casv_vltor_picatinny_rail_sections_LOD0
0  0.022627 0.009250 -0.005024  -1.000000 0.000000 0.000000  0.183236 0.993163 0
0  0.022627 0.009250 -0.008120  -1.000000 0.000051 0.000010  0.183236 0.968348 0
0  0.022627 0.006247 -0.005024  -1.000000 0.000024 0.000024  0.159167 0.993163 0
mount_casv_vltor_picatinny_rail_sections_LOD0
0  0.022627 0.009250 -0.008120  -1.000000 0.000051 0.000010  0.183236 0.968348 0
0  0.022627 0.006247 -0.010617  -1.000000 0.000261 -0.000207  0.159165 0.948335 0
0  0.022627 0.006247 -0.005024  -1.000000 0.000024 0.000024  0.159167 0.993163 0
mount_casv_vltor_picatinny_rail_sections_LOD0
0  0.022627 0.006753 -0.010617  -1.000000 0.000530 -0.000530  0.163221 0.948334 0
0  0.022627 0.006247 -0.010617  -1.000000 0.000261 -0.000207  0.159165 0.948335 0
0  0.022627 0.009250 -0.008120  -1.000000 0.000051 0.000010  0.183236 0.968348 0
mount_casv_vltor_picatinny_rail_sections_LOD0
0  -0.019469 -0.003782 0.001034  0.246001 -0.772085 0.585977  0.624550 0.498496 0
0  -0.019362 -0.003040 0.001327  0.349802 -0.387179 0.853071  0.624550 0.494062 0
0  -0.020520 -0.003782 0.001034  -0.246008 -0.772061 0.586006  0.631012 0.498496 0
mount_casv_vltor_picatinny_rail_sections_LOD0
0  -0.019362 -0.003040 0.001327  0.349802 -0.387179 0.853071  0.624550 0.494062 0
0  -0.020627 -0.003040 0.001327  -0.349811 -0.386987 0.853155  0.631012 0.494062 0
0  -0.020520 -0.003782 0.001034  -0.246008 -0.772061 0.586006  0.631012 0.498496 0
mount_casv_vltor_picatinny_rail_sections_LOD0
0  -0.021264 -0.003782 0.000291  -0.598680 -0.764189 0.239994  0.637472 0.498496 0
0  -0.020520 -0.003782 0.001034  -0.246008 -0.772061 0.586006  0.631012 0.498496 0
0  -0.020627 -0.003040 0.001327  -0.349811 -0.386987 0.853155  0.631012 0.494062 0
mount_casv_vltor_picatinny_rail_sections_LOD0
0  -0.021521 -0.003040 0.000432  -0.856828 -0.365826 0.363342  0.637472 0.494062 0
0  -0.021264 -0.003782 0.000291  -0.598680 -0.764189 0.239994  0.637472 0.498496 0
0  -0.020627 -0.003040 0.001327  -0.349811 -0.386987 0.853155  0.631012 0.494062 0
mount_casv_vltor_picatinny_rail_sections_LOD0
0  -0.021264 -0.003782 -0.000761  -0.604529 -0.753445 -0.258583  0.643932 0.498496 0
0  -0.021264 -0.003782 0.000291  -0.598680 -0.764189 0.239994  0.637472 0.498496 0
0  -0.021521 -0.003040 0.000432  -0.856828 -0.365826 0.363342  0.637472 0.494062 0
mount_casv_vltor_picatinny_rail_sections_LOD0
0  -0.021521 -0.003040 -0.000832  -0.873190 -0.336530 -0.352542  0.643932 0.494062 0
0  -0.021264 -0.003782 -0.000761  -0.604529 -0.753445 -0.258583  0.643932 0.498496 0
0  -0.021521 -0.003040 0.000432  -0.856828 -0.365826 0.363342  0.637472 0.494062 0
mount_casv_vltor_picatinny_rail_sections_LOD0
0  -0.020520 -0.003782 -0.001504  -0.251972 -0.746134 -0.616275  0.650392 0.498496 0
0  -0.021264 -0.003782 -0.000761  -0.604529 -0.753445 -0.258583  0.643932 0.498496 0
0  -0.021521 -0.003040 -0.000832  -0.873190 -0.336530 -0.352542  0.643932 0.494062 0
mount_casv_vltor_picatinny_rail_sections_LOD0
0  -0.020627 -0.003040 -0.001727  -0.366444 -0.315474 -0.875326  0.650392 0.494062 0
0  -0.020520 -0.003782 -0.001504  -0.251972 -0.746134 -0.616275  0.650392 0.498496 0
0  -0.021521 -0.003040 -0.000832  -0.873190 -0.336530 -0.352542  0.643932 0.494062 0
mount_casv_vltor_picatinny_rail_sections_LOD0
0  -0.019469 -0.003782 -0.001504  0.251988 -0.746136 -0.616265  0.656852 0.498496 0
0  -0.020520 -0.003782 -0.001504  -0.251972 -0.746134 -0.616275  0.650392 0.498496 0
0  -0.020627 -0.003040 -0.001727  -0.366444 -0.315474 -0.875326  0.650392 0.494062 0
mount_casv_vltor_picatinny_rail_sections_LOD0
0  -0.019362 -0.003040 -0.001727  0.366525 -0.315730 -0.875200  0.656852 0.494062 0
0  -0.019469 -0.003782 -0.001504  0.251988 -0.746136 -0.616265  0.656852 0.498496 0
0  -0.020627 -0.003040 -0.001727  -0.366444 -0.315474 -0.875326  0.650392 0.494062 0
mount_casv_vltor_picatinny_rail_sections_LOD0
0  -0.018726 -0.003782 -0.000761  0.604033 -0.753945 -0.258286  0.663310 0.498496 0
0  -0.019469 -0.003782 -0.001504  0.251988 -0.746136 -0.616265  0.656852 0.498496 0
0  -0.019362 -0.003040 -0.001727  0.366525 -0.315730 -0.875200  0.656852 0.494062 0
mount_casv_vltor_picatinny_rail_sections_LOD0
0  -0.018468 -0.003040 -0.000832  0.873087 -0.337298 -0.352063  0.663310 0.494062 0
0  -0.018726 -0.003782 -0.000761  0.604033 -0.753945 -0.258286  0.663310 0.498496 0
0  -0.019362 -0.003040 -0.001727  0.366525 -0.315730 -0.875200  0.656852 0.494062 0
mount_casv_vltor_picatinny_rail_sections_LOD0
0  -0.018726 -0.003782 0.000291  0.598126 -0.764659 0.239878  0.669772 0.498496 0
0  -0.018726 -0.003782 -0.000761  0.604033 -0.753945 -0.258286  0.663310 0.498496 0
0  -0.018468 -0.003040 -0.000832  0.873087 -0.337298 -0.352063  0.663310 0.494062 0
mount_casv_vltor_picatinny_rail_sections_LOD0
0  -0.018468 -0.003040 0.000432  0.856494 -0.366853 0.363093  0.669772 0.494062 0
0  -0.018726 -0.003782 0.000291  0.598126 -0.764659 0.239878  0.669772 0.498496 0
0  -0.018468 -0.003040 -0.000832  0.873087 -0.337298 -0.352063  0.663310 0.494062 0
mount_casv_vltor_picatinny_rail_sections_LOD0
0  -0.018726 -0.003782 0.000291  0.598126 -0.764659 0.239878  0.669772 0.498496 0
0  -0.018468 -0.003040 0.000432  0.856494 -0.366853 0.363093  0.669772 0.494062 0
0  -0.019362 -0.003040 0.001327  0.349953 -0.387222 0.852990  0.676230 0.494062 0
mount_casv_vltor_picatinny_rail_sections_LOD0
0  -0.019469 -0.003782 0.001034  0.245985 -0.772077 0.585993  0.676230 0.498496 0
0  -0.018726 -0.003782 0.000291  0.598126 -0.764659 0.239878  0.669772 0.498496 0
0  -0.019362 -0.003040 0.001327  0.349953 -0.387222 0.852990  0.676230 0.494062 0
mount_casv_vltor_picatinny_rail_sections_LOD0
0  -0.019362 -0.003040 0.001327  0.382960 0.000019 0.923765  0.946968 0.139566 0
0  -0.019362 0.000006 0.001327  0.382960 -0.000018 0.923765  0.929877 0.139566 0
0  -0.020627 -0.003040 0.001327  -0.382949 0.000000 0.923770  0.946968 0.132468 0
mount_casv_vltor_picatinny_rail_sections_LOD0
0  -0.019362 0.000006 0.001327  0.382960 -0.000018 0.923765  0.929877 0.139566 0
0  -0.020627 0.000006 0.001327  -0.382930 -0.000000 0.923777  0.929877 0.132468 0
0  -0.020627 -0.003040 0.001327  -0.382949 0.000000 0.923770  0.946968 0.132468 0
mount_casv_vltor_picatinny_rail_sections_LOD0
0  -0.021521 -0.003040 0.000432  -0.923986 0.000000 0.382427  0.946968 0.125372 0
0  -0.020627 -0.003040 0.001327  -0.382949 0.000000 0.923770  0.946968 0.132468 0
0  -0.020627 0.000006 0.001327  -0.382930 -0.000000 0.923777  0.929877 0.132468 0
mount_casv_vltor_picatinny_rail_sections_LOD0
0  -0.021521 0.000006 0.000432  -0.923986 -0.000001 0.382427  0.929877 0.125370 0
0  -0.021521 -0.003040 0.000432  -0.923986 0.000000 0.382427  0.946968 0.125372 0
0  -0.020627 0.000006 0.001327  -0.382930 -0.000000 0.923777  0.929877 0.132468 0
mount_casv_vltor_picatinny_rail_sections_LOD0
0  -0.021521 -0.003040 0.000432  -0.923986 0.000000 0.382427  0.946968 0.125372 0
0  -0.021521 0.000006 0.000432  -0.923986 -0.000001 0.382427  0.929877 0.125370 0
0  -0.021521 0.000006 -0.000832  -0.923986 -0.000000 -0.382427  0.929877 0.118278 0
mount_casv_vltor_picatinny_rail_sections_LOD0
0  -0.021521 -0.003040 -0.000832  -0.923986 0.000001 -0.382427  0.946968 0.118278 0
0  -0.021521 -0.003040 0.000432  -0.923986 0.000000 0.382427  0.946968 0.125372 0
0  -0.021521 0.000006 -0.000832  -0.923986 -0.000000 -0.382427  0.929877 0.118278 0
mount_casv_vltor_picatinny_rail_sections_LOD0
0  -0.021521 -0.003040 -0.000832  -0.923986 0.000001 -0.382427  0.946968 0.118278 0
0  -0.021521 0.000006 -0.000832  -0.923986 -0.000000 -0.382427  0.929877 0.118278 0
0  -0.020627 -0.003040 -0.001727  -0.382930 -0.000000 -0.923777  0.946968 0.111182 0
mount_casv_vltor_picatinny_rail_sections_LOD0
0  -0.021521 0.000006 -0.000832  -0.923986 -0.000000 -0.382427  0.929877 0.118278 0
0  -0.020627 0.000006 -0.001727  -0.382949 -0.000000 -0.923770  0.929877 0.111182 0
0  -0.020627 -0.003040 -0.001727  -0.382930 -0.000000 -0.923777  0.946968 0.111182 0
mount_casv_vltor_picatinny_rail_sections_LOD0
0  -0.020627 -0.003040 -0.001727  -0.382930 -0.000000 -0.923777  0.946968 0.111182 0
0  -0.020627 0.000006 -0.001727  -0.382949 -0.000000 -0.923770  0.929877 0.111182 0
0  -0.019362 -0.003040 -0.001727  0.382949 -0.000000 -0.923770  0.946968 0.104087 0
mount_casv_vltor_picatinny_rail_sections_LOD0
0  -0.020627 0.000006 -0.001727  -0.382949 -0.000000 -0.923770  0.929877 0.111182 0
0  -0.019362 0.000006 -0.001727  0.382930 -0.000000 -0.923777  0.929877 0.104087 0
0  -0.019362 -0.003040 -0.001727  0.382949 -0.000000 -0.923770  0.946968 0.104087 0
mount_casv_vltor_picatinny_rail_sections_LOD0
0  -0.019362 -0.003040 -0.001727  0.382949 -0.000000 -0.923770  0.946968 0.104087 0
0  -0.019362 0.000006 -0.001727  0.382930 -0.000000 -0.923777  0.929877 0.104087 0
0  -0.018468 -0.003040 -0.000832  0.923989 -0.000000 -0.382418  0.946968 0.096988 0
mount_casv_vltor_picatinny_rail_sections_LOD0
0  -0.019362 0.000006 -0.001727  0.382930 -0.000000 -0.923777  0.929877 0.104087 0
0  -0.018468 0.000006 -0.000832  0.923982 -0.000000 -0.382437  0.929877 0.096988 0
0  -0.018468 -0.003040 -0.000832  0.923989 -0.000000 -0.382418  0.946968 0.096988 0
mount_casv_vltor_picatinny_rail_sections_LOD0
0  -0.018468 -0.003040 -0.000832  0.923989 -0.000000 -0.382418  0.946968 0.096988 0
0  -0.018468 0.000006 -0.000832  0.923982 -0.000000 -0.382437  0.929877 0.096988 0
0  -0.018468 -0.003040 0.000432  0.923982 0.000000 0.382437  0.946968 0.089897 0
mount_casv_vltor_picatinny_rail_sections_LOD0
0  -0.018468 0.000006 -0.000832  0.923982 -0.000000 -0.382437  0.929877 0.096988 0
0  -0.018468 0.000006 0.000432  0.923989 0.000000 0.382418  0.929877 0.089897 0
0  -0.018468 -0.003040 0.000432  0.923982 0.000000 0.382437  0.946968 0.089897 0
mount_casv_vltor_picatinny_rail_sections_LOD0
0  -0.018468 -0.003040 0.000432  0.923982 0.000000 0.382437  0.946968 0.089897 0
0  -0.018468 0.000006 0.000432  0.923989 0.000000 0.382418  0.929877 0.089897 0
0  -0.019362 -0.003040 0.001327  0.383096 0.000018 0.923708  0.946968 0.082801 0
mount_casv_vltor_picatinny_rail_sections_LOD0
0  -0.018468 0.000006 0.000432  0.923989 0.000000 0.382418  0.929877 0.089897 0
0  -0.019362 0.000006 0.001327  0.383096 -0.000017 0.923708  0.929877 0.082801 0
0  -0.019362 -0.003040 0.001327  0.383096 0.000018 0.923708  0.946968 0.082801 0
mount_casv_vltor_picatinny_rail_sections_LOD0
0  -0.021264 -0.003782 0.000291  -0.598714 -0.764134 0.240084  0.006345 0.889703 0
0  -0.019469 -0.003782 0.001034  0.246043 -0.771993 0.586080  0.017246 0.889698 0
0  -0.020520 -0.003782 0.001034  -0.246025 -0.771993 0.586088  0.011797 0.891954 0
mount_casv_vltor_picatinny_rail_sections_LOD0
0  -0.019469 -0.003782 0.001034  0.246043 -0.771993 0.586080  0.017246 0.889698 0
0  -0.021264 -0.003782 0.000291  -0.598714 -0.764134 0.240084  0.006345 0.889703 0
0  -0.021264 -0.003782 -0.000761  -0.604605 -0.753393 -0.258558  0.004088 0.884246 0
mount_casv_vltor_picatinny_rail_sections_LOD0
0  -0.018726 -0.003782 0.000291  0.598211 -0.764598 0.239862  0.019501 0.884252 0
0  -0.019469 -0.003782 0.001034  0.246043 -0.771993 0.586080  0.017246 0.889698 0
0  -0.021264 -0.003782 -0.000761  -0.604605 -0.753393 -0.258558  0.004088 0.884246 0
mount_casv_vltor_picatinny_rail_sections_LOD0
0  -0.018726 -0.003782 0.000291  0.598211 -0.764598 0.239862  0.019501 0.884252 0
0  -0.021264 -0.003782 -0.000761  -0.604605 -0.753393 -0.258558  0.004088 0.884246 0
0  -0.020520 -0.003782 -0.001504  -0.251986 -0.746097 -0.616314  0.006348 0.878798 0
mount_casv_vltor_picatinny_rail_sections_LOD0
0  -0.018726 -0.003782 -0.000761  0.604092 -0.753866 -0.258378  0.017241 0.878798 0
0  -0.018726 -0.003782 0.000291  0.598211 -0.764598 0.239862  0.019501 0.884252 0
0  -0.020520 -0.003782 -0.001504  -0.251986 -0.746097 -0.616314  0.006348 0.878798 0
mount_casv_vltor_picatinny_rail_sections_LOD0
0  -0.019469 -0.003782 -0.001504  0.251950 -0.746097 -0.616328  0.011795 0.876543 0
0  -0.018726 -0.003782 -0.000761  0.604092 -0.753866 -0.258378  0.017241 0.878798 0
0  -0.020520 -0.003782 -0.001504  -0.251986 -0.746097 -0.616314  0.006348 0.878798 0
mount_casv_vltor_picatinny_rail_sections_LOD0
0  0.020524 -0.003782 0.001034  0.246000 -0.772086 0.585975  0.953348 0.086294 0
0  0.020631 -0.003040 0.001327  0.349802 -0.387180 0.853071  0.957782 0.086294 0
0  0.019473 -0.003782 0.001034  -0.246006 -0.772063 0.586003  0.953348 0.092756 0
mount_casv_vltor_picatinny_rail_sections_LOD0
0  0.020631 -0.003040 0.001327  0.349802 -0.387180 0.853071  0.957782 0.086294 0
0  0.019366 -0.003040 0.001327  -0.349812 -0.386988 0.853154  0.957782 0.092756 0
0  0.019473 -0.003782 0.001034  -0.246006 -0.772063 0.586003  0.953348 0.092756 0
mount_casv_vltor_picatinny_rail_sections_LOD0
0  0.018729 -0.003782 0.000291  -0.598677 -0.764191 0.239994  0.953348 0.099217 0
0  0.019473 -0.003782 0.001034  -0.246006 -0.772063 0.586003  0.953348 0.092756 0
0  0.019366 -0.003040 0.001327  -0.349812 -0.386988 0.853154  0.957782 0.092756 0
mount_casv_vltor_picatinny_rail_sections_LOD0
0  0.018472 -0.003040 0.000432  -0.856661 -0.366081 0.363478  0.957782 0.099217 0
0  0.018729 -0.003782 0.000291  -0.598677 -0.764191 0.239994  0.953348 0.099217 0
0  0.019366 -0.003040 0.001327  -0.349812 -0.386988 0.853154  0.957782 0.092756 0
mount_casv_vltor_picatinny_rail_sections_LOD0
0  0.018729 -0.003782 -0.000761  -0.604527 -0.753447 -0.258583  0.953348 0.105676 0
0  0.018729 -0.003782 0.000291  -0.598677 -0.764191 0.239994  0.953348 0.099217 0
0  0.018472 -0.003040 0.000432  -0.856661 -0.366081 0.363478  0.957782 0.099217 0
mount_casv_vltor_picatinny_rail_sections_LOD0
0  0.018472 -0.003040 -0.000832  -0.873190 -0.336530 -0.352542  0.957782 0.105676 0
0  0.018729 -0.003782 -0.000761  -0.604527 -0.753447 -0.258583  0.953348 0.105676 0
0  0.018472 -0.003040 0.000432  -0.856661 -0.366081 0.363478  0.957782 0.099217 0
mount_casv_vltor_picatinny_rail_sections_LOD0
0  0.019473 -0.003782 -0.001504  -0.251972 -0.746133 -0.616275  0.953348 0.112136 0
0  0.018729 -0.003782 -0.000761  -0.604527 -0.753447 -0.258583  0.953348 0.105676 0
0  0.018472 -0.003040 -0.000832  -0.873190 -0.336530 -0.352542  0.957782 0.105676 0
mount_casv_vltor_picatinny_rail_sections_LOD0
0  0.019366 -0.003040 -0.001727  -0.366631 -0.315882 -0.875100  0.957782 0.112136 0
0  0.019473 -0.003782 -0.001504  -0.251972 -0.746133 -0.616275  0.953348 0.112136 0
0  0.018472 -0.003040 -0.000832  -0.873190 -0.336530 -0.352542  0.957782 0.105676 0
mount_casv_vltor_picatinny_rail_sections_LOD0
0  0.020524 -0.003782 -0.001504  0.251987 -0.746139 -0.616263  0.953348 0.118596 0
0  0.019473 -0.003782 -0.001504  -0.251972 -0.746133 -0.616275  0.953348 0.112136 0
0  0.019366 -0.003040 -0.001727  -0.366631 -0.315882 -0.875100  0.957782 0.112136 0
mount_casv_vltor_picatinny_rail_sections_LOD0
0  0.020631 -0.003040 -0.001727  0.366525 -0.315730 -0.875199  0.957782 0.118596 0
0  0.020524 -0.003782 -0.001504  0.251987 -0.746139 -0.616263  0.953348 0.118596 0
0  0.019366 -0.003040 -0.001727  -0.366631 -0.315882 -0.875100  0.957782 0.112136 0
mount_casv_vltor_picatinny_rail_sections_LOD0
0  0.021267 -0.003782 -0.000761  0.604033 -0.753945 -0.258286  0.953348 0.125054 0
0  0.020524 -0.003782 -0.001504  0.251987 -0.746139 -0.616263  0.953348 0.118596 0
0  0.020631 -0.003040 -0.001727  0.366525 -0.315730 -0.875199  0.957782 0.118596 0
mount_casv_vltor_picatinny_rail_sections_LOD0
0  0.021525 -0.003040 -0.000832  0.873087 -0.337297 -0.352064  0.957782 0.125054 0
0  0.021267 -0.003782 -0.000761  0.604033 -0.753945 -0.258286  0.953348 0.125054 0
0  0.020631 -0.003040 -0.001727  0.366525 -0.315730 -0.875199  0.957782 0.118596 0
mount_casv_vltor_picatinny_rail_sections_LOD0
0  0.021267 -0.003782 0.000291  0.598125 -0.764659 0.239879  0.953348 0.131516 0
0  0.021267 -0.003782 -0.000761  0.604033 -0.753945 -0.258286  0.953348 0.125054 0
0  0.021525 -0.003040 -0.000832  0.873087 -0.337297 -0.352064  0.957782 0.125054 0
mount_casv_vltor_picatinny_rail_sections_LOD0
0  0.021525 -0.003040 0.000432  0.856494 -0.366853 0.363094  0.957782 0.131516 0
0  0.021267 -0.003782 0.000291  0.598125 -0.764659 0.239879  0.953348 0.131516 0
0  0.021525 -0.003040 -0.000832  0.873087 -0.337297 -0.352064  0.957782 0.125054 0
mount_casv_vltor_picatinny_rail_sections_LOD0
0  0.021267 -0.003782 0.000291  0.598125 -0.764659 0.239879  0.953348 0.131516 0
0  0.021525 -0.003040 0.000432  0.856494 -0.366853 0.363094  0.957782 0.131516 0
0  0.020631 -0.003040 0.001327  0.349953 -0.387219 0.852991  0.957782 0.137974 0
mount_casv_vltor_picatinny_rail_sections_LOD0
0  0.020524 -0.003782 0.001034  0.245985 -0.772077 0.585994  0.953348 0.137974 0
0  0.021267 -0.003782 0.000291  0.598125 -0.764659 0.239879  0.953348 0.131516 0
0  0.020631 -0.003040 0.001327  0.349953 -0.387219 0.852991  0.957782 0.137974 0
mount_casv_vltor_picatinny_rail_sections_LOD0
0  0.020631 -0.003040 0.001327  0.382960 0.000019 0.923765  0.021531 0.871020 0
0  0.020631 0.000006 0.001327  0.382960 -0.000018 0.923765  0.004440 0.871020 0
0  0.019366 -0.003040 0.001327  -0.382949 0.000000 0.923770  0.021531 0.863922 0
mount_casv_vltor_picatinny_rail_sections_LOD0
0  0.020631 0.000006 0.001327  0.382960 -0.000018 0.923765  0.004440 0.871020 0
0  0.019366 0.000006 0.001327  -0.382930 0.000001 0.923777  0.004440 0.863922 0
0  0.019366 -0.003040 0.001327  -0.382949 0.000000 0.923770  0.021531 0.863922 0
mount_casv_vltor_picatinny_rail_sections_LOD0
0  0.018472 -0.003040 0.000432  -0.923986 0.000000 0.382427  0.021531 0.856826 0
0  0.019366 -0.003040 0.001327  -0.382949 0.000000 0.923770  0.021531 0.863922 0
0  0.019366 0.000006 0.001327  -0.382930 0.000001 0.923777  0.004440 0.863922 0
mount_casv_vltor_picatinny_rail_sections_LOD0
0  0.018472 0.000006 0.000432  -0.923986 -0.000000 0.382427  0.004440 0.856824 0
0  0.018472 -0.003040 0.000432  -0.923986 0.000000 0.382427  0.021531 0.856826 0
0  0.019366 0.000006 0.001327  -0.382930 0.000001 0.923777  0.004440 0.863922 0
mount_casv_vltor_picatinny_rail_sections_LOD0
0  0.018472 -0.003040 0.000432  -0.923986 0.000000 0.382427  0.021531 0.856826 0
0  0.018472 0.000006 0.000432  -0.923986 -0.000000 0.382427  0.004440 0.856824 0
0  0.018472 0.000006 -0.000832  -0.923986 -0.000000 -0.382427  0.004440 0.849732 0
mount_casv_vltor_picatinny_rail_sections_LOD0
0  0.018472 -0.003040 -0.000832  -0.923986 0.000000 -0.382427  0.021531 0.849732 0
0  0.018472 -0.003040 0.000432  -0.923986 0.000000 0.382427  0.021531 0.856826 0
0  0.018472 0.000006 -0.000832  -0.923986 -0.000000 -0.382427  0.004440 0.849732 0
mount_casv_vltor_picatinny_rail_sections_LOD0
0  0.018472 -0.003040 -0.000832  -0.923986 0.000000 -0.382427  0.021531 0.849732 0
0  0.018472 0.000006 -0.000832  -0.923986 -0.000000 -0.382427  0.004440 0.849732 0
0  0.019366 -0.003040 -0.001727  -0.382930 -0.000001 -0.923777  0.021531 0.842636 0
mount_casv_vltor_picatinny_rail_sections_LOD0
0  0.018472 0.000006 -0.000832  -0.923986 -0.000000 -0.382427  0.004440 0.849732 0
0  0.019366 0.000006 -0.001727  -0.382949 -0.000000 -0.923770  0.004440 0.842636 0
0  0.019366 -0.003040 -0.001727  -0.382930 -0.000001 -0.923777  0.021531 0.842636 0
mount_casv_vltor_picatinny_rail_sections_LOD0
0  0.019366 -0.003040 -0.001727  -0.382930 -0.000001 -0.923777  0.021531 0.842636 0
0  0.019366 0.000006 -0.001727  -0.382949 -0.000000 -0.923770  0.004440 0.842636 0
0  0.020631 -0.003040 -0.001727  0.382949 -0.000001 -0.923770  0.021531 0.835541 0
mount_casv_vltor_picatinny_rail_sections_LOD0
0  0.019366 0.000006 -0.001727  -0.382949 -0.000000 -0.923770  0.004440 0.842636 0
0  0.020631 0.000006 -0.001727  0.382930 -0.000000 -0.923777  0.004440 0.835541 0
0  0.020631 -0.003040 -0.001727  0.382949 -0.000001 -0.923770  0.021531 0.835541 0
mount_casv_vltor_picatinny_rail_sections_LOD0
0  0.020631 -0.003040 -0.001727  0.382949 -0.000001 -0.923770  0.021531 0.835541 0
0  0.020631 0.000006 -0.001727  0.382930 -0.000000 -0.923777  0.004440 0.835541 0
0  0.021525 -0.003040 -0.000832  0.923989 -0.000001 -0.382418  0.021531 0.828442 0
mount_casv_vltor_picatinny_rail_sections_LOD0
0  0.020631 0.000006 -0.001727  0.382930 -0.000000 -0.923777  0.004440 0.835541 0
0  0.021525 0.000006 -0.000832  0.923982 0.000000 -0.382436  0.004440 0.828442 0
0  0.021525 -0.003040 -0.000832  0.923989 -0.000001 -0.382418  0.021531 0.828442 0
mount_casv_vltor_picatinny_rail_sections_LOD0
0  0.021525 -0.003040 -0.000832  0.923989 -0.000001 -0.382418  0.021531 0.828442 0
0  0.021525 0.000006 -0.000832  0.923982 0.000000 -0.382436  0.004440 0.828442 0
0  0.021525 -0.003040 0.000432  0.923982 -0.000000 0.382437  0.021531 0.821351 0
mount_casv_vltor_picatinny_rail_sections_LOD0
0  0.021525 0.000006 -0.000832  0.923982 0.000000 -0.382436  0.004440 0.828442 0
0  0.021525 0.000006 0.000432  0.923989 0.000000 0.382418  0.004440 0.821351 0
0  0.021525 -0.003040 0.000432  0.923982 -0.000000 0.382437  0.021531 0.821351 0
mount_casv_vltor_picatinny_rail_sections_LOD0
0  0.021525 -0.003040 0.000432  0.923982 -0.000000 0.382437  0.021531 0.821351 0
0  0.021525 0.000006 0.000432  0.923989 0.000000 0.382418  0.004440 0.821351 0
0  0.020631 -0.003040 0.001327  0.383096 0.000018 0.923708  0.021531 0.814255 0
mount_casv_vltor_picatinny_rail_sections_LOD0
0  0.021525 0.000006 0.000432  0.923989 0.000000 0.382418  0.004440 0.821351 0
0  0.020631 0.000006 0.001327  0.383096 -0.000019 0.923708  0.004440 0.814255 0
0  0.020631 -0.003040 0.001327  0.383096 0.000018 0.923708  0.021531 0.814255 0
mount_casv_vltor_picatinny_rail_sections_LOD0
0  0.018729 -0.003782 0.000291  -0.598714 -0.764134 0.240084  0.441590 0.165301 0
0  0.020524 -0.003782 0.001034  0.246044 -0.771992 0.586080  0.452491 0.165297 0
0  0.019473 -0.003782 0.001034  -0.246024 -0.771993 0.586088  0.447043 0.167552 0
mount_casv_vltor_picatinny_rail_sections_LOD0
0  0.020524 -0.003782 0.001034  0.246044 -0.771992 0.586080  0.452491 0.165297 0
0  0.018729 -0.003782 0.000291  -0.598714 -0.764134 0.240084  0.441590 0.165301 0
0  0.018729 -0.003782 -0.000761  -0.604605 -0.753393 -0.258558  0.439333 0.159845 0
mount_casv_vltor_picatinny_rail_sections_LOD0
0  0.021267 -0.003782 0.000291  0.598211 -0.764598 0.239862  0.454746 0.159851 0
0  0.020524 -0.003782 0.001034  0.246044 -0.771992 0.586080  0.452491 0.165297 0
0  0.018729 -0.003782 -0.000761  -0.604605 -0.753393 -0.258558  0.439333 0.159845 0
mount_casv_vltor_picatinny_rail_sections_LOD0
0  0.021267 -0.003782 0.000291  0.598211 -0.764598 0.239862  0.454746 0.159851 0
0  0.018729 -0.003782 -0.000761  -0.604605 -0.753393 -0.258558  0.439333 0.159845 0
0  0.019473 -0.003782 -0.001504  -0.251986 -0.746097 -0.616313  0.441593 0.154396 0
mount_casv_vltor_picatinny_rail_sections_LOD0
0  0.021267 -0.003782 -0.000761  0.604092 -0.753866 -0.258378  0.452486 0.154396 0
0  0.021267 -0.003782 0.000291  0.598211 -0.764598 0.239862  0.454746 0.159851 0
0  0.019473 -0.003782 -0.001504  -0.251986 -0.746097 -0.616313  0.441593 0.154396 0
mount_casv_vltor_picatinny_rail_sections_LOD0
0  0.020524 -0.003782 -0.001504  0.251950 -0.746097 -0.616328  0.447040 0.152141 0
0  0.021267 -0.003782 -0.000761  0.604092 -0.753866 -0.258378  0.452486 0.154396 0
0  0.019473 -0.003782 -0.001504  -0.251986 -0.746097 -0.616313  0.441593 0.154396 0
end
