version 1
nodes
0 "root" -1
end
skeleton
time 0
0 0 0 0 0 0 0
end
triangles
mount_casv_vltor_picatinny_rail_sections_LOD0
0  0.012625 0.006754 0.010617  0.000000 -0.000003 1.000000  0.630031 0.959383 0
0  0.012625 0.006248 0.010617  0.000000 -0.000004 1.000000  0.630031 0.955326 0
0  0.017375 0.006248 0.010617  0.000000 -0.000000 1.000000  0.668103 0.955326 0
mount_casv_vltor_picatinny_rail_sections_LOD0
0  0.017375 0.006754 0.010617  0.000000 0.000000 1.000000  0.668103 0.959383 0
0  0.012625 0.006754 0.010617  0.000000 -0.000003 1.000000  0.630031 0.959383 0
0  0.017375 0.006248 0.010617  0.000000 -0.000000 1.000000  0.668103 0.955326 0
mount_casv_vltor_picatinny_rail_sections_LOD0
0  0.012625 0.009251 0.008110  -0.000606 0.707945 0.706268  0.510496 0.914244 0
0  0.012625 0.006754 0.010617  -0.000670 0.707901 0.706311  0.510496 0.885912 0
0  0.017375 0.006754 0.010617  -0.000882 0.707683 0.706530  0.548568 0.885912 0
mount_casv_vltor_picatinny_rail_sections_LOD0
0  0.017375 0.009251 0.008120  -0.000730 0.707847 0.706365  0.548568 0.914244 0
0  0.012625 0.009251 0.008110  -0.000606 0.707945 0.706268  0.510496 0.914244 0
0  0.017375 0.006754 0.010617  -0.000882 0.707683 0.706530  0.548568 0.885912 0
mount_casv_vltor_picatinny_rail_sections_LOD0
0  0.017375 0.009251 0.005025  1.000000 0.000000 0.000000  0.886121 0.748613 0
0  0.017375 0.009251 0.008120  1.000000 0.000000 0.000000  0.861315 0.748613 0
0  0.017375 0.006248 0.005025  1.000000 0.000000 0.000000  0.886121 0.724545 0
mount_casv_vltor_picatinny_rail_sections_LOD0
0  0.017375 0.009251 0.008120  1.000000 0.000000 0.000000  0.861315 0.748613 0
0  0.017375 0.006248 0.010617  1.000000 0.000000 0.000000  0.841300 0.724545 0
0  0.017375 0.006248 0.005025  1.000000 0.000000 0.000000  0.886121 0.724545 0
mount_casv_vltor_picatinny_rail_sections_LOD0
0  0.017375 0.006754 0.010617  1.000000 0.000000 0.000000  0.841300 0.728601 0
0  0.017375 0.006248 0.010617  1.000000 0.000000 0.000000  0.841300 0.724545 0
0  0.017375 0.009251 0.008120  1.000000 0.000000 0.000000  0.861315 0.748613 0
mount_casv_vltor_picatinny_rail_sections_LOD0
0  0.015974 0.009251 0.004028  0.694199 0.000000 -0.719783  0.716250 0.471339 0
0  0.017375 0.009251 0.005025  0.579797 -0.000002 -0.814761  0.702468 0.471339 0
0  0.017375 0.006248 0.005025  0.579800 0.000000 -0.814758  0.702468 0.447270 0
mount_casv_vltor_picatinny_rail_sections_LOD0
0  0.015974 0.006248 0.004028  0.694197 0.000001 -0.719785  0.716250 0.447270 0
0  0.015974 0.009251 0.004028  0.694199 0.000000 -0.719783  0.716250 0.471339 0
0  0.017375 0.006248 0.005025  0.579800 0.000000 -0.814758  0.702468 0.447270 0
mount_casv_vltor_picatinny_rail_sections_LOD0
0  0.015069 0.009251 0.002849  0.866004 0.000000 -0.500037  0.728163 0.471339 0
0  0.015974 0.009251 0.004028  0.694199 0.000000 -0.719783  0.716250 0.471339 0
0  0.015974 0.006248 0.004028  0.694197 0.000001 -0.719785  0.716250 0.447270 0
mount_casv_vltor_picatinny_rail_sections_LOD0
0  0.015069 0.006248 0.002849  0.866001 0.000000 -0.500042  0.728163 0.447270 0
0  0.015069 0.009251 0.002849  0.866004 0.000000 -0.500037  0.728163 0.471339 0
0  0.015974 0.006248 0.004028  0.694197 0.000001 -0.719785  0.716250 0.447270 0
mount_casv_vltor_picatinny_rail_sections_LOD0
0  0.014500 0.009251 0.001475  0.965944 0.000000 -0.258753  0.740083 0.471339 0
0  0.015069 0.009251 0.002849  0.866004 0.000000 -0.500037  0.728163 0.471339 0
0  0.015069 0.006248 0.002849  0.866001 0.000000 -0.500042  0.728163 0.447270 0
mount_casv_vltor_picatinny_rail_sections_LOD0
0  0.014500 0.006248 0.001475  0.965943 0.000000 -0.258756  0.740083 0.447270 0
0  0.014500 0.009251 0.001475  0.965944 0.000000 -0.258753  0.740083 0.471339 0
0  0.015069 0.006248 0.002849  0.866001 0.000000 -0.500042  0.728163 0.447270 0
mount_casv_vltor_picatinny_rail_sections_LOD0
0  0.014306 0.009251 0.000001  1.000000 0.000000 0.000002  0.751999 0.471339 0
0  0.014500 0.009251 0.001475  0.965944 0.000000 -0.258753  0.740083 0.471339 0
0  0.014500 0.006248 0.001475  0.965943 0.000000 -0.258756  0.740083 0.447270 0
mount_casv_vltor_picatinny_rail_sections_LOD0
0  0.014306 0.006248 0.000001  1.000000 -0.000000 -0.000002  0.751999 0.447270 0
0  0.014306 0.009251 0.000001  1.000000 0.000000 0.000002  0.751999 0.471339 0
0  0.014500 0.006248 0.001475  0.965943 0.000000 -0.258756  0.740083 0.447270 0
mount_casv_vltor_picatinny_rail_sections_LOD0
0  0.014306 0.009251 0.000001  1.000000 0.000000 0.000002  0.751999 0.471339 0
0  0.014306 0.006248 0.000001  1.000000 -0.000000 -0.000002  0.751999 0.447270 0
0  0.014500 0.009251 -0.001473  0.965943 -0.000001 0.258755  0.763915 0.471339 0
mount_casv_vltor_picatinny_rail_sections_LOD0
0  0.014306 0.006248 0.000001  1.000000 -0.000000 -0.000002  0.751999 0.447270 0
0  0.014500 0.006248 -0.001473  0.965944 -0.000000 0.258752  0.763915 0.447270 0
0  0.014500 0.009251 -0.001473  0.965943 -0.000001 0.258755  0.763915 0.471339 0
mount_casv_vltor_picatinny_rail_sections_LOD0
0  0.014500 0.009251 -0.001473  0.965943 -0.000001 0.258755  0.763915 0.471339 0
0  0.014500 0.006248 -0.001473  0.965944 -0.000000 0.258752  0.763915 0.447270 0
0  0.015069 0.009251 -0.002847  0.866002 -0.000000 0.500041  0.775834 0.471339 0
mount_casv_vltor_picatinny_rail_sections_LOD0
0  0.014500 0.006248 -0.001473  0.965944 -0.000000 0.258752  0.763915 0.447270 0
0  0.015069 0.006248 -0.002847  0.866004 -0.000000 0.500038  0.775834 0.447270 0
0  0.015069 0.009251 -0.002847  0.866002 -0.000000 0.500041  0.775834 0.471339 0
mount_casv_vltor_picatinny_rail_sections_LOD0
0  0.015069 0.009251 -0.002847  0.866002 -0.000000 0.500041  0.775834 0.471339 0
0  0.015069 0.006248 -0.002847  0.866004 -0.000000 0.500038  0.775834 0.447270 0
0  0.015974 0.009251 -0.004026  0.694197 -0.000001 0.719785  0.787747 0.471339 0
mount_casv_vltor_picatinny_rail_sections_LOD0
0  0.015069 0.006248 -0.002847  0.866004 -0.000000 0.500038  0.775834 0.447270 0
0  0.015974 0.006248 -0.004026  0.694198 -0.000001 0.719784  0.787747 0.447270 0
0  0.015974 0.009251 -0.004026  0.694197 -0.000001 0.719785  0.787747 0.471339 0
mount_casv_vltor_picatinny_rail_sections_LOD0
0  0.015974 0.009251 -0.004026  0.694197 -0.000001 0.719785  0.787747 0.471339 0
0  0.015974 0.006248 -0.004026  0.694198 -0.000001 0.719784  0.787747 0.447270 0
0  0.017375 0.009251 -0.005023  0.579801 -0.000001 0.814758  0.801530 0.471339 0
mount_casv_vltor_picatinny_rail_sections_LOD0
0  0.015974 0.006248 -0.004026  0.694198 -0.000001 0.719784  0.787747 0.447270 0
0  0.017375 0.006248 -0.005023  0.579797 0.000002 0.814761  0.801530 0.447270 0
0  0.017375 0.009251 -0.005023  0.579801 -0.000001 0.814758  0.801530 0.471339 0
mount_casv_vltor_picatinny_rail_sections_LOD0
0  0.024027 0.006248 0.004028  -0.694078 -0.000000 -0.719899  0.448340 0.894459 0
0  0.022625 0.006248 0.005025  -0.579531 -0.000002 -0.814950  0.462129 0.894478 0
0  0.022625 0.009251 0.005025  -0.579527 0.000000 -0.814953  0.462097 0.918547 0
mount_casv_vltor_picatinny_rail_sections_LOD0
0  0.024027 0.009251 0.004028  -0.694075 0.000001 -0.719903  0.448306 0.918528 0
0  0.024027 0.006248 0.004028  -0.694078 -0.000000 -0.719899  0.448340 0.894459 0
0  0.022625 0.009251 0.005025  -0.579527 0.000000 -0.814953  0.462097 0.918547 0
mount_casv_vltor_picatinny_rail_sections_LOD0
0  0.024932 0.006248 0.002849  -0.866004 0.000001 -0.500037  0.436428 0.894442 0
0  0.024027 0.006248 0.004028  -0.694078 -0.000000 -0.719899  0.448340 0.894459 0
0  0.024027 0.009251 0.004028  -0.694075 0.000001 -0.719903  0.448306 0.918528 0
mount_casv_vltor_picatinny_rail_sections_LOD0
0  0.024932 0.009251 0.002849  -0.866002 -0.000000 -0.500040  0.436393 0.918512 0
0  0.024932 0.006248 0.002849  -0.866004 0.000001 -0.500037  0.436428 0.894442 0
0  0.024027 0.009251 0.004028  -0.694075 0.000001 -0.719903  0.448306 0.918528 0
mount_casv_vltor_picatinny_rail_sections_LOD0
0  0.025501 0.006248 0.001475  -0.966828 -0.001732 -0.255422  0.424507 0.894425 0
0  0.024932 0.006248 0.002849  -0.866004 0.000001 -0.500037  0.436428 0.894442 0
0  0.024932 0.009251 0.002849  -0.866002 -0.000000 -0.500040  0.436393 0.918512 0
mount_casv_vltor_picatinny_rail_sections_LOD0
0  0.025501 0.009251 0.001475  -0.966849 -0.001774 -0.255344  0.424471 0.918495 0
0  0.025501 0.006248 0.001475  -0.966828 -0.001732 -0.255422  0.424507 0.894425 0
0  0.024932 0.009251 0.002849  -0.866002 -0.000000 -0.500040  0.436393 0.918512 0
mount_casv_vltor_picatinny_rail_sections_LOD0
0  0.025695 0.006248 0.000001  -0.999994 -0.003371 0.000001  0.412590 0.894406 0
0  0.025501 0.006248 0.001475  -0.966828 -0.001732 -0.255422  0.424507 0.894425 0
0  0.025501 0.009251 0.001475  -0.966849 -0.001774 -0.255344  0.424471 0.918495 0
mount_casv_vltor_picatinny_rail_sections_LOD0
0  0.025674 0.009251 0.000001  -0.999994 -0.003491 -0.000000  0.412573 0.918477 0
0  0.025695 0.006248 0.000001  -0.999994 -0.003371 0.000001  0.412590 0.894406 0
0  0.025501 0.009251 0.001475  -0.966849 -0.001774 -0.255344  0.424471 0.918495 0
mount_casv_vltor_picatinny_rail_sections_LOD0
0  0.025695 0.006248 0.000001  -0.999994 -0.003371 0.000001  0.412590 0.894406 0
0  0.025674 0.009251 0.000001  -0.999994 -0.003491 -0.000000  0.412573 0.918477 0
0  0.025501 0.009251 -0.001473  -0.966839 -0.001753 0.255381  0.400674 0.918478 0
mount_casv_vltor_picatinny_rail_sections_LOD0
0  0.025501 0.006248 -0.001473  -0.966838 -0.001752 0.255383  0.400671 0.894408 0
0  0.025695 0.006248 0.000001  -0.999994 -0.003371 0.000001  0.412590 0.894406 0
0  0.025501 0.009251 -0.001473  -0.966839 -0.001753 0.255381  0.400674 0.918478 0
mount_casv_vltor_picatinny_rail_sections_LOD0
0  0.025501 0.006248 -0.001473  -0.966838 -0.001752 0.255383  0.400671 0.894408 0
0  0.025501 0.009251 -0.001473  -0.966839 -0.001753 0.255381  0.400674 0.918478 0
0  0.024932 0.009251 -0.002847  -0.866001 -0.000000 0.500041  0.388753 0.918479 0
mount_casv_vltor_picatinny_rail_sections_LOD0
0  0.024932 0.006248 -0.002847  -0.866004 -0.000000 0.500038  0.388751 0.894410 0
0  0.025501 0.006248 -0.001473  -0.966838 -0.001752 0.255383  0.400671 0.894408 0
0  0.024932 0.009251 -0.002847  -0.866001 -0.000000 0.500041  0.388753 0.918479 0
mount_casv_vltor_picatinny_rail_sections_LOD0
0  0.024932 0.006248 -0.002847  -0.866004 -0.000000 0.500038  0.388751 0.894410 0
0  0.024932 0.009251 -0.002847  -0.866001 -0.000000 0.500041  0.388753 0.918479 0
0  0.024027 0.009251 -0.004026  -0.694076 0.000001 0.719901  0.376838 0.918479 0
mount_casv_vltor_picatinny_rail_sections_LOD0
0  0.024027 0.006248 -0.004026  -0.694076 -0.000002 0.719901  0.376836 0.894410 0
0  0.024932 0.006248 -0.002847  -0.866004 -0.000000 0.500038  0.388751 0.894410 0
0  0.024027 0.009251 -0.004026  -0.694076 0.000001 0.719901  0.376838 0.918479 0
mount_casv_vltor_picatinny_rail_sections_LOD0
0  0.024027 0.006248 -0.004026  -0.694076 -0.000002 0.719901  0.376836 0.894410 0
0  0.024027 0.009251 -0.004026  -0.694076 0.000001 0.719901  0.376838 0.918479 0
0  0.022625 0.006248 -0.005023  -0.579528 -0.000000 0.814953  0.363049 0.894412 0
mount_casv_vltor_picatinny_rail_sections_LOD0
0  0.024027 0.009251 -0.004026  -0.694076 0.000001 0.719901  0.376838 0.918479 0
0  0.022625 0.009251 -0.005023  -0.579531 0.000002 0.814950  0.363049 0.918481 0
0  0.022625 0.006248 -0.005023  -0.579528 -0.000000 0.814953  0.363049 0.894412 0
mount_casv_vltor_picatinny_rail_sections_LOD0
0  0.017375 0.006754 -0.010616  -0.000000 -0.000003 -1.000000  0.679740 0.976494 0
0  0.017375 0.006248 -0.010616  0.000000 -0.000004 -1.000000  0.679740 0.972438 0
0  0.012625 0.006248 -0.010616  -0.000000 -0.000000 -1.000000  0.717813 0.972438 0
mount_casv_vltor_picatinny_rail_sections_LOD0
0  0.012625 0.006754 -0.010616  -0.000000 0.000000 -1.000000  0.717813 0.976494 0
0  0.017375 0.006754 -0.010616  -0.000000 -0.000003 -1.000000  0.679740 0.976494 0
0  0.012625 0.006248 -0.010616  -0.000000 -0.000000 -1.000000  0.717813 0.972438 0
mount_casv_vltor_picatinny_rail_sections_LOD0
0  0.017375 0.009251 -0.008119  0.000607 0.706529 -0.707684  0.065476 0.341706 0
0  0.017375 0.006754 -0.010616  0.000704 0.706420 -0.707792  0.037201 0.341706 0
0  0.012625 0.006754 -0.010616  0.000885 0.706264 -0.707948  0.037201 0.303636 0
mount_casv_vltor_picatinny_rail_sections_LOD0
0  0.012625 0.009251 -0.008129  0.000824 0.706306 -0.707907  0.065476 0.303636 0
0  0.017375 0.009251 -0.008119  0.000607 0.706529 -0.707684  0.065476 0.341706 0
0  0.012625 0.006754 -0.010616  0.000885 0.706264 -0.707948  0.037201 0.303636 0
mount_casv_vltor_picatinny_rail_sections_LOD0
0  0.017375 0.009251 -0.005023  1.000000 -0.000000 0.000000  0.572118 0.948658 0
0  0.017375 0.006248 -0.005023  1.000000 0.000000 0.000000  0.596189 0.948657 0
0  0.017375 0.006248 -0.010616  1.000000 -0.000000 0.000000  0.596188 0.993487 0
mount_casv_vltor_picatinny_rail_sections_LOD0
0  0.017375 0.009251 -0.008119  1.000000 -0.000002 0.000000  0.572118 0.973472 0
0  0.017375 0.009251 -0.005023  1.000000 -0.000000 0.000000  0.572118 0.948658 0
0  0.017375 0.006248 -0.010616  1.000000 -0.000000 0.000000  0.596188 0.993487 0
mount_casv_vltor_picatinny_rail_sections_LOD0
0  0.017375 0.006754 -0.010616  1.000000 0.000000 0.000000  0.592131 0.993488 0
0  0.017375 0.009251 -0.008119  1.000000 -0.000002 0.000000  0.572118 0.973472 0
0  0.017375 0.006248 -0.010616  1.000000 -0.000000 0.000000  0.596188 0.993487 0
mount_casv_vltor_picatinny_rail_sections_LOD0
0  0.012625 0.009251 -0.008129  0.000001 1.000000 -0.000001  0.330041 0.996032 0
0  0.017375 0.009251 -0.005023  -0.000001 1.000000 0.000001  0.305157 0.957952 0
0  0.017375 0.009251 -0.008119  0.000002 1.000000 -0.000002  0.329971 0.957959 0
mount_casv_vltor_picatinny_rail_sections_LOD0
0  0.015974 0.009251 -0.004026  0.000003 1.000000 -0.000001  0.297161 0.969180 0
0  0.017375 0.009251 -0.005023  -0.000001 1.000000 0.000001  0.305157 0.957952 0
0  0.012625 0.009251 -0.008129  0.000001 1.000000 -0.000001  0.330041 0.996032 0
mount_casv_vltor_picatinny_rail_sections_LOD0
0  0.015069 0.009251 -0.002847  -0.000006 1.000000 0.000001  0.287710 0.976433 0
0  0.015974 0.009251 -0.004026  0.000003 1.000000 -0.000001  0.297161 0.969180 0
0  0.012625 0.009251 -0.008129  0.000001 1.000000 -0.000001  0.330041 0.996032 0
mount_casv_vltor_picatinny_rail_sections_LOD0
0  0.014500 0.009251 -0.001473  -0.000001 1.000000 0.000001  0.276695 0.980994 0
0  0.015069 0.009251 -0.002847  -0.000006 1.000000 0.000001  0.287710 0.976433 0
0  0.012625 0.009251 -0.008129  0.000001 1.000000 -0.000001  0.330041 0.996032 0
mount_casv_vltor_picatinny_rail_sections_LOD0
0  0.014306 0.009251 0.000001  0.000002 1.000000 0.000000  0.264880 0.982549 0
0  0.014500 0.009251 -0.001473  -0.000001 1.000000 0.000001  0.276695 0.980994 0
0  0.012625 0.009251 -0.008129  0.000001 1.000000 -0.000001  0.330041 0.996032 0
mount_casv_vltor_picatinny_rail_sections_LOD0
0  0.012625 0.009251 0.008110  -0.000000 1.000000 -0.000000  0.199885 0.996028 0
0  0.014306 0.009251 0.000001  0.000002 1.000000 0.000000  0.264880 0.982549 0
0  0.012625 0.009251 -0.008129  0.000001 1.000000 -0.000001  0.330041 0.996032 0
mount_casv_vltor_picatinny_rail_sections_LOD0
0  0.014500 0.009251 0.001475  0.000001 1.000000 0.000000  0.253061 0.980989 0
0  0.014306 0.009251 0.000001  0.000002 1.000000 0.000000  0.264880 0.982549 0
0  0.012625 0.009251 0.008110  -0.000000 1.000000 -0.000000  0.199885 0.996028 0
mount_casv_vltor_picatinny_rail_sections_LOD0
0  0.015069 0.009251 0.002849  -0.000000 1.000000 0.000000  0.242047 0.976428 0
0  0.014500 0.009251 0.001475  0.000001 1.000000 0.000000  0.253061 0.980989 0
0  0.012625 0.009251 0.008110  -0.000000 1.000000 -0.000000  0.199885 0.996028 0
mount_casv_vltor_picatinny_rail_sections_LOD0
0  0.015974 0.009251 0.004028  -0.000001 1.000000 -0.000002  0.232594 0.969176 0
0  0.015069 0.009251 0.002849  -0.000000 1.000000 0.000000  0.242047 0.976428 0
0  0.012625 0.009251 0.008110  -0.000000 1.000000 -0.000000  0.199885 0.996028 0
mount_casv_vltor_picatinny_rail_sections_LOD0
0  0.017375 0.009251 0.005025  -0.000002 1.000000 -0.000001  0.224597 0.957949 0
0  0.015974 0.009251 0.004028  -0.000001 1.000000 -0.000002  0.232594 0.969176 0
0  0.012625 0.009251 0.008110  -0.000000 1.000000 -0.000000  0.199885 0.996028 0
mount_casv_vltor_picatinny_rail_sections_LOD0
0  0.017375 0.009251 0.008120  -0.000000 1.000000 0.000001  0.199790 0.957958 0
0  0.017375 0.009251 0.005025  -0.000002 1.000000 -0.000001  0.224597 0.957949 0
0  0.012625 0.009251 0.008110  -0.000000 1.000000 -0.000000  0.199885 0.996028 0
mount_casv_vltor_picatinny_rail_sections_LOD0
0  0.022625 0.006248 0.005025  -1.000000 0.000000 0.000000  0.596994 0.941375 0
0  0.022625 0.006248 0.010617  -1.000000 -0.000003 0.000000  0.596995 0.896553 0
0  0.022625 0.009251 0.005025  -1.000000 0.000000 0.000000  0.621063 0.941375 0
mount_casv_vltor_picatinny_rail_sections_LOD0
0  0.022625 0.006248 0.010617  -1.000000 -0.000003 0.000000  0.596995 0.896553 0
0  0.022625 0.009251 0.008120  -1.000000 -0.000000 0.000000  0.621063 0.916568 0
0  0.022625 0.009251 0.005025  -1.000000 0.000000 0.000000  0.621063 0.941375 0
mount_casv_vltor_picatinny_rail_sections_LOD0
0  0.022625 0.006754 0.010617  -1.000000 -0.000006 0.000000  0.601052 0.896551 0
0  0.022625 0.009251 0.008120  -1.000000 -0.000000 0.000000  0.621063 0.916568 0
0  0.022625 0.006248 0.010617  -1.000000 -0.000003 0.000000  0.596995 0.896553 0
mount_casv_vltor_picatinny_rail_sections_LOD0
0  0.022625 0.006754 0.010617  0.000000 -0.000002 1.000000  0.758443 0.419928 0
0  0.022625 0.006248 0.010617  0.000000 -0.000002 1.000000  0.754386 0.419928 0
0  0.024875 0.006248 0.010617  0.000000 -0.000002 1.000000  0.754386 0.401893 0
mount_casv_vltor_picatinny_rail_sections_LOD0
0  0.024875 0.006754 0.010617  0.000000 -0.000002 1.000000  0.758443 0.401893 0
0  0.022625 0.006754 0.010617  0.000000 -0.000002 1.000000  0.758443 0.419928 0
0  0.024875 0.006248 0.010617  0.000000 -0.000002 1.000000  0.754386 0.401893 0
mount_casv_vltor_picatinny_rail_sections_LOD0
0  0.026061 0.009251 0.008120  0.000000 0.707107 0.707107  0.777951 0.913844 0
0  0.024875 0.006754 0.010617  0.000000 0.707107 0.707107  0.768440 0.885543 0
0  0.026723 0.008592 0.008779  0.000000 0.707106 0.707107  0.783256 0.906374 0
mount_casv_vltor_picatinny_rail_sections_LOD0
0  0.022625 0.006754 0.010617  0.000000 0.707107 0.707107  0.750407 0.885541 0
0  0.024875 0.006754 0.010617  0.000000 0.707107 0.707107  0.768440 0.885543 0
0  0.026061 0.009251 0.008120  0.000000 0.707107 0.707107  0.777951 0.913844 0
mount_casv_vltor_picatinny_rail_sections_LOD0
0  0.022625 0.009251 0.008120  0.000000 0.707107 0.707107  0.750408 0.913845 0
0  0.022625 0.006754 0.010617  0.000000 0.707107 0.707107  0.750407 0.885541 0
0  0.026061 0.009251 0.008120  0.000000 0.707107 0.707107  0.777951 0.913844 0
mount_casv_vltor_picatinny_rail_sections_LOD0
0  0.024875 0.006754 0.010617  0.705205 0.000034 0.709003  0.574874 0.499123 0
0  0.027386 0.007933 0.008119  0.705282 -0.000042 0.708927  0.592631 0.523202 0
0  0.026723 0.008592 0.008779  0.705349 -0.000327 0.708860  0.583460 0.523198 0
mount_casv_vltor_picatinny_rail_sections_LOD0
0  0.027386 0.003751 0.008120  0.705222 0.000155 0.708987  0.611940 0.495803 0
0  0.027386 0.007933 0.008119  0.705282 -0.000042 0.708927  0.592631 0.523202 0
0  0.024875 0.006754 0.010617  0.705205 0.000034 0.709003  0.574874 0.499123 0
mount_casv_vltor_picatinny_rail_sections_LOD0
0  0.024875 0.006248 0.010617  0.705126 -0.000008 0.709082  0.577211 0.495806 0
0  0.027386 0.003751 0.008120  0.705222 0.000155 0.708987  0.611940 0.495803 0
0  0.024875 0.006754 0.010617  0.705205 0.000034 0.709003  0.574874 0.499123 0
mount_casv_vltor_picatinny_rail_sections_LOD0
0  0.027386 0.003751 -0.008120  1.000000 -0.000000 0.000000  0.935788 0.466505 0
0  0.027386 0.007933 -0.008117  1.000000 -0.000001 0.000000  0.935788 0.500024 0
0  0.027386 0.007933 0.008119  1.000000 0.000001 0.000000  0.805621 0.500024 0
mount_casv_vltor_picatinny_rail_sections_LOD0
0  0.027386 0.003751 0.008120  1.000000 0.000000 0.000000  0.805621 0.466505 0
0  0.027386 0.003751 -0.008120  1.000000 -0.000000 0.000000  0.935788 0.466505 0
0  0.027386 0.007933 0.008119  1.000000 0.000001 0.000000  0.805621 0.500024 0
mount_casv_vltor_picatinny_rail_sections_LOD0
0  0.027386 -0.000000 0.000000  1.000000 -0.000001 0.000000  0.870704 0.436439 0
0  0.027386 0.003751 -0.008120  1.000000 -0.000000 0.000000  0.935788 0.466505 0
0  0.027386 0.003751 0.008120  1.000000 0.000000 0.000000  0.805621 0.466505 0
mount_casv_vltor_picatinny_rail_sections_LOD0
0  0.027386 -0.000000 0.008120  1.000000 -0.000001 0.000000  0.805621 0.436439 0
0  0.027386 -0.000000 0.000000  1.000000 -0.000001 0.000000  0.870704 0.436439 0
0  0.027386 0.003751 0.008120  1.000000 0.000000 0.000000  0.805621 0.466505 0
mount_casv_vltor_picatinny_rail_sections_LOD0
0  0.027386 -0.000000 -0.008120  1.000000 0.000000 0.000000  0.935788 0.436439 0
0  0.027386 0.003751 -0.008120  1.000000 -0.000000 0.000000  0.935788 0.466505 0
0  0.027386 -0.000000 0.000000  1.000000 -0.000001 0.000000  0.870704 0.436439 0
mount_casv_vltor_picatinny_rail_sections_LOD0
0  0.022625 0.006754 -0.010617  0.000634 -0.001134 -0.999999  0.750147 0.424060 0
0  0.024875 0.006754 -0.010615  0.000701 -0.000842 -0.999999  0.750147 0.442093 0
0  0.024875 0.006248 -0.010615  0.000722 -0.000746 -0.999999  0.746091 0.442093 0
mount_casv_vltor_picatinny_rail_sections_LOD0
0  0.022625 0.006248 -0.010616  0.000656 -0.001038 -0.999999  0.746091 0.424060 0
0  0.022625 0.006754 -0.010617  0.000634 -0.001134 -0.999999  0.750147 0.424060 0
0  0.024875 0.006248 -0.010615  0.000722 -0.000746 -0.999999  0.746091 0.442093 0
mount_casv_vltor_picatinny_rail_sections_LOD0
0  0.026061 0.009251 -0.008118  0.000554 0.706975 -0.707238  0.706289 0.892377 0
0  0.026723 0.008592 -0.008776  0.000743 0.706930 -0.707283  0.711589 0.884910 0
0  0.024875 0.006754 -0.010615  0.000555 0.707043 -0.707170  0.696768 0.864077 0
mount_casv_vltor_picatinny_rail_sections_LOD0
0  0.022625 0.009251 -0.008120  0.000489 0.707044 -0.707169  0.678748 0.892378 0
0  0.026061 0.009251 -0.008118  0.000554 0.706975 -0.707238  0.706289 0.892377 0
0  0.024875 0.006754 -0.010615  0.000555 0.707043 -0.707170  0.696768 0.864077 0
mount_casv_vltor_picatinny_rail_sections_LOD0
0  0.022625 0.006754 -0.010617  0.000627 0.707106 -0.707107  0.678734 0.864074 0
0  0.022625 0.009251 -0.008120  0.000489 0.707044 -0.707169  0.678748 0.892378 0
0  0.024875 0.006754 -0.010615  0.000555 0.707043 -0.707170  0.696768 0.864077 0
mount_casv_vltor_picatinny_rail_sections_LOD0
0  0.024875 0.006754 -0.010615  0.705258 0.000056 -0.708950  0.524336 0.638343 0
0  0.026723 0.008592 -0.008776  0.705174 0.000416 -0.709034  0.509594 0.659231 0
0  0.027386 0.007933 -0.008117  0.705141 0.000441 -0.709067  0.514871 0.666727 0
mount_casv_vltor_picatinny_rail_sections_LOD0
0  0.024875 0.006248 -0.010615  0.705189 0.000247 -0.709020  0.528391 0.638344 0
0  0.024875 0.006754 -0.010615  0.705258 0.000056 -0.708950  0.524336 0.638343 0
0  0.027386 0.007933 -0.008117  0.705141 0.000441 -0.709067  0.514871 0.666727 0
mount_casv_vltor_picatinny_rail_sections_LOD0
0  0.027386 0.003751 -0.008120  0.705100 0.000509 -0.709107  0.548393 0.666727 0
0  0.024875 0.006248 -0.010615  0.705189 0.000247 -0.709020  0.528391 0.638344 0
0  0.027386 0.007933 -0.008117  0.705141 0.000441 -0.709067  0.514871 0.666727 0
mount_casv_vltor_picatinny_rail_sections_LOD0
0  0.022625 0.009251 -0.005023  -1.000000 -0.000002 0.000000  0.890300 0.225024 0
0  0.022625 0.009251 -0.008120  -1.000000 -0.000001 0.000000  0.915124 0.225024 0
0  0.022625 0.006248 -0.005023  -1.000000 -0.000001 0.000000  0.890300 0.249093 0
mount_casv_vltor_picatinny_rail_sections_LOD0
0  0.022625 0.009251 -0.008120  -1.000000 -0.000001 0.000000  0.915124 0.225024 0
0  0.022625 0.006248 -0.010616  -1.000000 0.000000 0.000000  0.935131 0.249092 0
0  0.022625 0.006248 -0.005023  -1.000000 -0.000001 0.000000  0.890300 0.249093 0
mount_casv_vltor_picatinny_rail_sections_LOD0
0  0.022625 0.006754 -0.010617  -1.000000 0.000000 0.000000  0.935138 0.245035 0
0  0.022625 0.006248 -0.010616  -1.000000 0.000000 0.000000  0.935131 0.249092 0
0  0.022625 0.009251 -0.008120  -1.000000 -0.000001 0.000000  0.915124 0.225024 0
mount_casv_vltor_picatinny_rail_sections_LOD0
0  0.026723 0.008592 -0.008776  0.705229 0.708980 -0.000000  0.145192 0.988160 0
0  0.026061 0.009251 -0.008118  0.705502 0.708708 -0.000000  0.139918 0.995647 0
0  0.026061 0.009251 0.008120  0.705503 0.708707 -0.000000  0.009769 0.995647 0
mount_casv_vltor_picatinny_rail_sections_LOD0
0  0.026723 0.008592 0.008779  0.705233 0.708976 -0.000000  0.004485 0.988160 0
0  0.026723 0.008592 -0.008776  0.705229 0.708980 -0.000000  0.145192 0.988160 0
0  0.026061 0.009251 0.008120  0.705503 0.708707 -0.000000  0.009769 0.995647 0
mount_casv_vltor_picatinny_rail_sections_LOD0
0  0.027386 0.007933 -0.008117  0.704956 0.709251 -0.000000  0.139910 0.980667 0
0  0.026723 0.008592 -0.008776  0.705229 0.708980 -0.000000  0.145192 0.988160 0
0  0.026723 0.008592 0.008779  0.705233 0.708976 -0.000000  0.004485 0.988160 0
mount_casv_vltor_picatinny_rail_sections_LOD0
0  0.027386 0.007933 0.008119  0.704963 0.709244 -0.000000  0.009775 0.980667 0
0  0.027386 0.007933 -0.008117  0.704956 0.709251 -0.000000  0.139910 0.980667 0
0  0.026723 0.008592 0.008779  0.705233 0.708976 -0.000000  0.004485 0.988160 0
mount_casv_vltor_picatinny_rail_sections_LOD0
0  -0.012625 0.006754 -0.010616  0.000098 -0.000917 -1.000000  0.773044 0.942151 0
0  -0.012625 0.006247 -0.010615  0.000105 -0.000984 -1.000000  0.773044 0.938094 0
0  -0.017375 0.006248 -0.010616  0.000039 -0.000401 -1.000000  0.811115 0.938094 0
mount_casv_vltor_picatinny_rail_sections_LOD0
0  -0.017375 0.006754 -0.010616  0.000046 -0.000477 -1.000000  0.811115 0.942151 0
0  -0.012625 0.006754 -0.010616  0.000098 -0.000917 -1.000000  0.773044 0.942151 0
0  -0.017375 0.006248 -0.010616  0.000039 -0.000401 -1.000000  0.811115 0.938094 0
mount_casv_vltor_picatinny_rail_sections_LOD0
0  -0.012625 0.009251 -0.008108  0.000835 0.707823 -0.706390  0.067086 0.297886 0
0  -0.012625 0.006754 -0.010616  0.000858 0.707803 -0.706410  0.038754 0.297886 0
0  -0.017375 0.006754 -0.010616  0.000970 0.707740 -0.706473  0.038754 0.259815 0
mount_casv_vltor_picatinny_rail_sections_LOD0
0  -0.017375 0.009251 -0.008119  0.000897 0.707772 -0.706441  0.067086 0.259815 0
0  -0.012625 0.009251 -0.008108  0.000835 0.707823 -0.706390  0.067086 0.297886 0
0  -0.017375 0.006754 -0.010616  0.000970 0.707740 -0.706473  0.038754 0.259815 0
mount_casv_vltor_picatinny_rail_sections_LOD0
0  -0.017375 0.009251 -0.005024  -1.000000 0.000000 0.000000  0.589976 0.919237 0
0  -0.017375 0.009251 -0.008119  -1.000000 -0.000001 0.000000  0.565169 0.919238 0
0  -0.017375 0.006248 -0.005024  -1.000000 -0.000000 0.000000  0.589976 0.943305 0
mount_casv_vltor_picatinny_rail_sections_LOD0
0  -0.017375 0.009251 -0.008119  -1.000000 -0.000001 0.000000  0.565169 0.919238 0
0  -0.017375 0.006248 -0.010616  -1.000000 -0.000000 0.000000  0.545153 0.943305 0
0  -0.017375 0.006248 -0.005024  -1.000000 -0.000000 0.000000  0.589976 0.943305 0
mount_casv_vltor_picatinny_rail_sections_LOD0
0  -0.017375 0.006754 -0.010616  -1.000000 0.000000 0.000000  0.545153 0.939249 0
0  -0.017375 0.006248 -0.010616  -1.000000 -0.000000 0.000000  0.545153 0.943305 0
0  -0.017375 0.009251 -0.008119  -1.000000 -0.000001 0.000000  0.565169 0.919238 0
mount_casv_vltor_picatinny_rail_sections_LOD0
0  -0.015974 0.009251 -0.004027  -0.694197 -0.000000 0.719785  0.906077 0.167728 0
0  -0.017375 0.009251 -0.005024  -0.579802 0.000002 0.814757  0.892295 0.167728 0
0  -0.017375 0.006248 -0.005024  -0.579799 -0.000000 0.814760  0.892295 0.143659 0
mount_casv_vltor_picatinny_rail_sections_LOD0
0  -0.015974 0.006248 -0.004027  -0.694194 -0.000000 0.719788  0.906077 0.143659 0
0  -0.015974 0.009251 -0.004027  -0.694197 -0.000000 0.719785  0.906077 0.167728 0
0  -0.017375 0.006248 -0.005024  -0.579799 -0.000000 0.814760  0.892295 0.143659 0
mount_casv_vltor_picatinny_rail_sections_LOD0
0  -0.015069 0.009251 -0.002848  -0.866004 0.000001 0.500038  0.917990 0.167728 0
0  -0.015974 0.009251 -0.004027  -0.694197 -0.000000 0.719785  0.906077 0.167728 0
0  -0.015974 0.006248 -0.004027  -0.694194 -0.000000 0.719788  0.906077 0.143659 0
mount_casv_vltor_picatinny_rail_sections_LOD0
0  -0.015069 0.006248 -0.002848  -0.866002 0.000000 0.500040  0.917990 0.143659 0
0  -0.015069 0.009251 -0.002848  -0.866004 0.000001 0.500038  0.917990 0.167728 0
0  -0.015974 0.006248 -0.004027  -0.694194 -0.000000 0.719788  0.906077 0.143659 0
mount_casv_vltor_picatinny_rail_sections_LOD0
0  -0.014500 0.009251 -0.001474  -0.965944 0.000000 0.258751  0.929909 0.167728 0
0  -0.015069 0.009251 -0.002848  -0.866004 0.000001 0.500038  0.917990 0.167728 0
0  -0.015069 0.006248 -0.002848  -0.866002 0.000000 0.500040  0.917990 0.143659 0
mount_casv_vltor_picatinny_rail_sections_LOD0
0  -0.014500 0.006248 -0.001474  -0.965942 -0.000001 0.258757  0.929909 0.143659 0
0  -0.014500 0.009251 -0.001474  -0.965944 0.000000 0.258751  0.929909 0.167728 0
0  -0.015069 0.006248 -0.002848  -0.866002 0.000000 0.500040  0.917990 0.143659 0
mount_casv_vltor_picatinny_rail_sections_LOD0
0  -0.014306 0.009251 0.000000  -1.000000 -0.000000 -0.000003  0.941825 0.167728 0
0  -0.014500 0.009251 -0.001474  -0.965944 0.000000 0.258751  0.929909 0.167728 0
0  -0.014500 0.006248 -0.001474  -0.965942 -0.000001 0.258757  0.929909 0.143659 0
mount_casv_vltor_picatinny_rail_sections_LOD0
0  -0.014306 0.006248 0.000000  -1.000000 -0.000000 0.000003  0.941825 0.143659 0
0  -0.014306 0.009251 0.000000  -1.000000 -0.000000 -0.000003  0.941825 0.167728 0
0  -0.014500 0.006248 -0.001474  -0.965942 -0.000001 0.258757  0.929909 0.143659 0
mount_casv_vltor_picatinny_rail_sections_LOD0
0  -0.014306 0.009251 0.000000  -1.000000 -0.000000 -0.000003  0.941825 0.167728 0
0  -0.014306 0.006248 0.000000  -1.000000 -0.000000 0.000003  0.941825 0.143659 0
0  -0.014500 0.009251 0.001474  -0.965943 -0.000001 -0.258756  0.953741 0.167728 0
mount_casv_vltor_picatinny_rail_sections_LOD0
0  -0.014306 0.006248 0.000000  -1.000000 -0.000000 0.000003  0.941825 0.143659 0
0  -0.014500 0.006248 0.001474  -0.965943 0.000000 -0.258754  0.953741 0.143659 0
0  -0.014500 0.009251 0.001474  -0.965943 -0.000001 -0.258756  0.953741 0.167728 0
mount_casv_vltor_picatinny_rail_sections_LOD0
0  -0.014500 0.009251 0.001474  -0.965943 -0.000001 -0.258756  0.953741 0.167728 0
0  -0.014500 0.006248 0.001474  -0.965943 0.000000 -0.258754  0.953741 0.143659 0
0  -0.015069 0.009251 0.002848  -0.866002 0.000000 -0.500041  0.965661 0.167728 0
mount_casv_vltor_picatinny_rail_sections_LOD0
0  -0.014500 0.006248 0.001474  -0.965943 0.000000 -0.258754  0.953741 0.143659 0
0  -0.015069 0.006248 0.002848  -0.866004 0.000001 -0.500038  0.965661 0.143659 0
0  -0.015069 0.009251 0.002848  -0.866002 0.000000 -0.500041  0.965661 0.167728 0
mount_casv_vltor_picatinny_rail_sections_LOD0
0  -0.015069 0.009251 0.002848  -0.866002 0.000000 -0.500041  0.965661 0.167728 0
0  -0.015069 0.006248 0.002848  -0.866004 0.000001 -0.500038  0.965661 0.143659 0
0  -0.015974 0.009251 0.004027  -0.694196 0.000001 -0.719786  0.977574 0.167728 0
mount_casv_vltor_picatinny_rail_sections_LOD0
0  -0.015069 0.006248 0.002848  -0.866004 0.000001 -0.500038  0.965661 0.143659 0
0  -0.015974 0.006248 0.004027  -0.694200 0.000000 -0.719782  0.977574 0.143659 0
0  -0.015974 0.009251 0.004027  -0.694196 0.000001 -0.719786  0.977574 0.167728 0
mount_casv_vltor_picatinny_rail_sections_LOD0
0  -0.015974 0.009251 0.004027  -0.694196 0.000001 -0.719786  0.977574 0.167728 0
0  -0.015974 0.006248 0.004027  -0.694200 0.000000 -0.719782  0.977574 0.143659 0
0  -0.017375 0.009251 0.005024  -0.579800 0.000000 -0.814759  0.991357 0.167728 0
mount_casv_vltor_picatinny_rail_sections_LOD0
0  -0.015974 0.006248 0.004027  -0.694200 0.000000 -0.719782  0.977574 0.143659 0
0  -0.017375 0.006248 0.005024  -0.579803 -0.000002 -0.814757  0.991357 0.143659 0
0  -0.017375 0.009251 0.005024  -0.579800 0.000000 -0.814759  0.991357 0.167728 0
mount_casv_vltor_picatinny_rail_sections_LOD0
0  -0.024027 0.006248 -0.004027  0.694078 -0.000000 0.719900  0.588203 0.857216 0
0  -0.022625 0.006248 -0.005024  0.579525 0.000002 0.814954  0.601994 0.857216 0
0  -0.022625 0.009251 -0.005024  0.579529 -0.000000 0.814952  0.601994 0.881284 0
mount_casv_vltor_picatinny_rail_sections_LOD0
0  -0.024027 0.009251 -0.004027  0.694076 -0.000001 0.719902  0.588203 0.881284 0
0  -0.024027 0.006248 -0.004027  0.694078 -0.000000 0.719900  0.588203 0.857216 0
0  -0.022625 0.009251 -0.005024  0.579529 -0.000000 0.814952  0.601994 0.881284 0
mount_casv_vltor_picatinny_rail_sections_LOD0
0  -0.024932 0.006248 -0.002848  0.866003 0.000001 0.500038  0.576291 0.857216 0
0  -0.024027 0.006248 -0.004027  0.694078 -0.000000 0.719900  0.588203 0.857216 0
0  -0.024027 0.009251 -0.004027  0.694076 -0.000001 0.719902  0.588203 0.881284 0
mount_casv_vltor_picatinny_rail_sections_LOD0
0  -0.024932 0.009251 -0.002848  0.866001 0.000000 0.500043  0.576291 0.881284 0
0  -0.024932 0.006248 -0.002848  0.866003 0.000001 0.500038  0.576291 0.857216 0
0  -0.024027 0.009251 -0.004027  0.694076 -0.000001 0.719902  0.588203 0.881284 0
mount_casv_vltor_picatinny_rail_sections_LOD0
0  -0.025501 0.006248 -0.001474  0.966831 -0.001731 0.255410  0.564371 0.857216 0
0  -0.024932 0.006248 -0.002848  0.866003 0.000001 0.500038  0.576291 0.857216 0
0  -0.024932 0.009251 -0.002848  0.866001 0.000000 0.500043  0.576291 0.881284 0
mount_casv_vltor_picatinny_rail_sections_LOD0
0  -0.025501 0.009251 -0.001474  0.966850 -0.001770 0.255338  0.564371 0.881284 0
0  -0.025501 0.006248 -0.001474  0.966831 -0.001731 0.255410  0.564371 0.857216 0
0  -0.024932 0.009251 -0.002848  0.866001 0.000000 0.500043  0.576291 0.881284 0
mount_casv_vltor_picatinny_rail_sections_LOD0
0  -0.025695 0.006248 0.000000  0.999994 -0.003504 0.000000  0.552465 0.857216 0
0  -0.025501 0.006248 -0.001474  0.966831 -0.001731 0.255410  0.564371 0.857216 0
0  -0.025501 0.009251 -0.001474  0.966850 -0.001770 0.255338  0.564371 0.881284 0
mount_casv_vltor_picatinny_rail_sections_LOD0
0  -0.025674 0.009251 0.000000  0.999994 -0.003478 -0.000000  0.552465 0.881284 0
0  -0.025695 0.006248 0.000000  0.999994 -0.003504 0.000000  0.552465 0.857216 0
0  -0.025501 0.009251 -0.001474  0.966850 -0.001770 0.255338  0.564371 0.881284 0
mount_casv_vltor_picatinny_rail_sections_LOD0
0  -0.025695 0.006248 0.000000  0.999994 -0.003504 0.000000  0.552465 0.857216 0
0  -0.025674 0.009251 0.000000  0.999994 -0.003478 -0.000000  0.552465 0.881284 0
0  -0.025501 0.009251 0.001474  0.966881 -0.001830 -0.255221  0.540559 0.881284 0
mount_casv_vltor_picatinny_rail_sections_LOD0
0  -0.025501 0.006248 0.001474  0.966820 -0.001711 -0.255451  0.540559 0.857216 0
0  -0.025695 0.006248 0.000000  0.999994 -0.003504 0.000000  0.552465 0.857216 0
0  -0.025501 0.009251 0.001474  0.966881 -0.001830 -0.255221  0.540559 0.881284 0
mount_casv_vltor_picatinny_rail_sections_LOD0
0  -0.025501 0.006248 0.001474  0.966820 -0.001711 -0.255451  0.540559 0.857216 0
0  -0.025501 0.009251 0.001474  0.966881 -0.001830 -0.255221  0.540559 0.881284 0
0  -0.024932 0.009251 0.002848  0.866002 -0.000000 -0.500041  0.528639 0.881284 0
mount_casv_vltor_picatinny_rail_sections_LOD0
0  -0.024932 0.006248 0.002848  0.866003 0.000002 -0.500038  0.528639 0.857216 0
0  -0.025501 0.006248 0.001474  0.966820 -0.001711 -0.255451  0.540559 0.857216 0
0  -0.024932 0.009251 0.002848  0.866002 -0.000000 -0.500041  0.528639 0.881284 0
mount_casv_vltor_picatinny_rail_sections_LOD0
0  -0.024932 0.006248 0.002848  0.866003 0.000002 -0.500038  0.528639 0.857216 0
0  -0.024932 0.009251 0.002848  0.866002 -0.000000 -0.500041  0.528639 0.881284 0
0  -0.024027 0.009251 0.004027  0.694077 0.000001 -0.719901  0.516727 0.881284 0
mount_casv_vltor_picatinny_rail_sections_LOD0
0  -0.024027 0.006248 0.004027  0.694080 0.000002 -0.719898  0.516727 0.857216 0
0  -0.024932 0.006248 0.002848  0.866003 0.000002 -0.500038  0.528639 0.857216 0
0  -0.024027 0.009251 0.004027  0.694077 0.000001 -0.719901  0.516727 0.881284 0
mount_casv_vltor_picatinny_rail_sections_LOD0
0  -0.024027 0.006248 0.004027  0.694080 0.000002 -0.719898  0.516727 0.857216 0
0  -0.024027 0.009251 0.004027  0.694077 0.000001 -0.719901  0.516727 0.881284 0
0  -0.022625 0.006248 0.005024  0.579529 0.000000 -0.814952  0.502937 0.857216 0
mount_casv_vltor_picatinny_rail_sections_LOD0
0  -0.024027 0.009251 0.004027  0.694077 0.000001 -0.719901  0.516727 0.881284 0
0  -0.022625 0.009251 0.005024  0.579525 -0.000001 -0.814954  0.502937 0.881284 0
0  -0.022625 0.006248 0.005024  0.579529 0.000000 -0.814952  0.502937 0.857216 0
mount_casv_vltor_picatinny_rail_sections_LOD0
0  -0.017375 0.006754 0.010617  0.000001 -0.000003 1.000000  0.729657 0.966947 0
0  -0.017375 0.006248 0.010617  0.000001 -0.000002 1.000000  0.729657 0.962891 0
0  -0.012625 0.006247 0.010617  0.000000 -0.000014 1.000000  0.767730 0.962891 0
mount_casv_vltor_picatinny_rail_sections_LOD0
0  -0.012625 0.006754 0.010617  0.000000 -0.000015 1.000000  0.767730 0.966947 0
0  -0.017375 0.006754 0.010617  0.000001 -0.000003 1.000000  0.729657 0.966947 0
0  -0.012625 0.006247 0.010617  0.000000 -0.000014 1.000000  0.767730 0.962891 0
mount_casv_vltor_picatinny_rail_sections_LOD0
0  -0.017375 0.009251 0.008120  -0.000666 0.706473 0.707740  0.130743 0.297731 0
0  -0.017375 0.006754 0.010617  -0.000805 0.706390 0.707823  0.102470 0.297731 0
0  -0.012625 0.006754 0.010617  -0.000811 0.706389 0.707823  0.102470 0.259660 0
mount_casv_vltor_picatinny_rail_sections_LOD0
0  -0.012625 0.009251 0.008131  -0.000844 0.706352 0.707860  0.130743 0.259660 0
0  -0.017375 0.009251 0.008120  -0.000666 0.706473 0.707740  0.130743 0.297731 0
0  -0.012625 0.006754 0.010617  -0.000811 0.706389 0.707823  0.102470 0.259660 0
mount_casv_vltor_picatinny_rail_sections_LOD0
0  -0.017375 0.009251 0.005024  -1.000000 0.000000 0.000000  0.359377 0.858080 0
0  -0.017375 0.006248 0.005024  -1.000000 0.000000 0.000000  0.335307 0.858080 0
0  -0.017375 0.006248 0.010617  -1.000000 0.000000 0.000000  0.335309 0.902909 0
mount_casv_vltor_picatinny_rail_sections_LOD0
0  -0.017375 0.009251 0.008120  -1.000000 0.000000 0.000000  0.359377 0.882895 0
0  -0.017375 0.009251 0.005024  -1.000000 0.000000 0.000000  0.359377 0.858080 0
0  -0.017375 0.006248 0.010617  -1.000000 0.000000 0.000000  0.335309 0.902909 0
mount_casv_vltor_picatinny_rail_sections_LOD0
0  -0.017375 0.006754 0.010617  -1.000000 0.000000 0.000000  0.339365 0.902910 0
0  -0.017375 0.009251 0.008120  -1.000000 0.000000 0.000000  0.359377 0.882895 0
0  -0.017375 0.006248 0.010617  -1.000000 0.000000 0.000000  0.335309 0.902909 0
mount_casv_vltor_picatinny_rail_sections_LOD0
0  -0.012625 0.009251 0.008131  -0.000001 1.000000 -0.000001  0.355842 0.670398 0
0  -0.017375 0.009251 0.005024  0.000000 1.000000 -0.000001  0.380734 0.708479 0
0  -0.017375 0.009251 0.008120  -0.000001 1.000000 0.000001  0.355919 0.708471 0
mount_casv_vltor_picatinny_rail_sections_LOD0
0  -0.015974 0.009251 0.004027  0.000000 1.000000 -0.000002  0.388728 0.697252 0
0  -0.017375 0.009251 0.005024  0.000000 1.000000 -0.000001  0.380734 0.708479 0
0  -0.012625 0.009251 0.008131  -0.000001 1.000000 -0.000001  0.355842 0.670398 0
mount_casv_vltor_picatinny_rail_sections_LOD0
0  -0.015069 0.009251 0.002848  -0.000001 1.000000 -0.000001  0.398181 0.690000 0
0  -0.015974 0.009251 0.004027  0.000000 1.000000 -0.000002  0.388728 0.697252 0
0  -0.012625 0.009251 0.008131  -0.000001 1.000000 -0.000001  0.355842 0.670398 0
mount_casv_vltor_picatinny_rail_sections_LOD0
0  -0.014500 0.009251 0.001474  -0.000003 1.000000 -0.000000  0.409196 0.685440 0
0  -0.015069 0.009251 0.002848  -0.000001 1.000000 -0.000001  0.398181 0.690000 0
0  -0.012625 0.009251 0.008131  -0.000001 1.000000 -0.000001  0.355842 0.670398 0
mount_casv_vltor_picatinny_rail_sections_LOD0
0  -0.014306 0.009251 0.000000  -0.000003 1.000000 -0.000001  0.421011 0.683884 0
0  -0.014500 0.009251 0.001474  -0.000003 1.000000 -0.000000  0.409196 0.685440 0
0  -0.012625 0.009251 0.008131  -0.000001 1.000000 -0.000001  0.355842 0.670398 0
mount_casv_vltor_picatinny_rail_sections_LOD0
0  -0.012625 0.009251 -0.008108  0.000000 1.000000 -0.000001  0.485996 0.670400 0
0  -0.014306 0.009251 0.000000  -0.000003 1.000000 -0.000001  0.421011 0.683884 0
0  -0.012625 0.009251 0.008131  -0.000001 1.000000 -0.000001  0.355842 0.670398 0
mount_casv_vltor_picatinny_rail_sections_LOD0
0  -0.014500 0.009251 -0.001474  -0.000007 1.000000 -0.000001  0.432827 0.685440 0
0  -0.014306 0.009251 0.000000  -0.000003 1.000000 -0.000001  0.421011 0.683884 0
0  -0.012625 0.009251 -0.008108  0.000000 1.000000 -0.000001  0.485996 0.670400 0
mount_casv_vltor_picatinny_rail_sections_LOD0
0  -0.015069 0.009251 -0.002848  0.000007 1.000000 0.000001  0.443841 0.690001 0
0  -0.014500 0.009251 -0.001474  -0.000007 1.000000 -0.000001  0.432827 0.685440 0
0  -0.012625 0.009251 -0.008108  0.000000 1.000000 -0.000001  0.485996 0.670400 0
mount_casv_vltor_picatinny_rail_sections_LOD0
0  -0.015974 0.009251 -0.004027  -0.000000 1.000000 -0.000000  0.453294 0.697254 0
0  -0.015069 0.009251 -0.002848  0.000007 1.000000 0.000001  0.443841 0.690001 0
0  -0.012625 0.009251 -0.008108  0.000000 1.000000 -0.000001  0.485996 0.670400 0
mount_casv_vltor_picatinny_rail_sections_LOD0
0  -0.017375 0.009251 -0.005024  0.000002 1.000000 0.000000  0.461290 0.708482 0
0  -0.015974 0.009251 -0.004027  -0.000000 1.000000 -0.000000  0.453294 0.697254 0
0  -0.012625 0.009251 -0.008108  0.000000 1.000000 -0.000001  0.485996 0.670400 0
mount_casv_vltor_picatinny_rail_sections_LOD0
0  -0.017375 0.009251 -0.008119  0.000000 1.000000 -0.000002  0.486097 0.708473 0
0  -0.017375 0.009251 -0.005024  0.000002 1.000000 0.000000  0.461290 0.708482 0
0  -0.012625 0.009251 -0.008108  0.000000 1.000000 -0.000001  0.485996 0.670400 0
mount_casv_vltor_picatinny_rail_sections_LOD0
0  -0.022625 0.006248 -0.005024  1.000000 0.000002 0.000000  0.625860 0.945841 0
0  -0.022625 0.006248 -0.010616  1.000000 0.000000 0.000000  0.625859 0.990662 0
0  -0.022625 0.009251 -0.005024  1.000000 0.000001 0.000000  0.601790 0.945841 0
mount_casv_vltor_picatinny_rail_sections_LOD0
0  -0.022625 0.006248 -0.010616  1.000000 0.000000 0.000000  0.625859 0.990662 0
0  -0.022625 0.009251 -0.008119  1.000000 -0.000002 0.000000  0.601790 0.970647 0
0  -0.022625 0.009251 -0.005024  1.000000 0.000001 0.000000  0.601790 0.945841 0
mount_casv_vltor_picatinny_rail_sections_LOD0
0  -0.022625 0.006754 -0.010616  1.000000 0.000000 0.000000  0.621802 0.990664 0
0  -0.022625 0.009251 -0.008119  1.000000 -0.000002 0.000000  0.601790 0.970647 0
0  -0.022625 0.006248 -0.010616  1.000000 0.000000 0.000000  0.625859 0.990662 0
mount_casv_vltor_picatinny_rail_sections_LOD0
0  0.027386 -0.000000 -0.008120  -0.000018 0.000002 -1.000000  0.004073 0.222870 0
0  -0.027386 -0.000000 -0.008119  -0.000019 -0.000000 -1.000000  0.443079 0.222870 0
0  -0.027386 0.003751 -0.008119  -0.000019 -0.000000 -1.000000  0.443079 0.252935 0
mount_casv_vltor_picatinny_rail_sections_LOD0
0  0.027386 0.003751 -0.008120  -0.000018 0.000002 -1.000000  0.004073 0.252935 0
0  0.027386 -0.000000 -0.008120  -0.000018 0.000002 -1.000000  0.004073 0.222870 0
0  -0.027386 0.003751 -0.008119  -0.000019 -0.000000 -1.000000  0.443079 0.252935 0
mount_casv_vltor_picatinny_rail_sections_LOD0
0  0.027386 -0.000000 0.000000  0.000000 -1.000000 0.000000  0.004022 0.717295 0
0  -0.027386 -0.000000 0.000001  0.000000 -1.000000 0.000002  0.311326 0.717295 0
0  -0.027386 -0.000000 -0.008119  0.000000 -1.000000 0.000002  0.311326 0.671738 0
mount_casv_vltor_picatinny_rail_sections_LOD0
0  0.027386 -0.000000 -0.008120  0.000000 -1.000000 0.000000  0.004022 0.671738 0
0  0.027386 -0.000000 0.000000  0.000000 -1.000000 0.000000  0.004022 0.717295 0
0  -0.027386 -0.000000 -0.008119  0.000000 -1.000000 0.000002  0.311326 0.671738 0
mount_casv_vltor_picatinny_rail_sections_LOD0
0  0.027386 0.003751 0.008120  0.000018 0.000000 1.000000  0.979374 0.202747 0
0  -0.027386 0.003751 0.008121  0.000018 -0.000001 1.000000  0.540367 0.202747 0
0  -0.027386 -0.000000 0.008121  0.000018 -0.000001 1.000000  0.540367 0.172683 0
mount_casv_vltor_picatinny_rail_sections_LOD0
0  0.027386 -0.000000 0.008120  0.000018 0.000000 1.000000  0.979374 0.172683 0
0  0.027386 0.003751 0.008120  0.000018 0.000000 1.000000  0.979374 0.202747 0
0  -0.027386 -0.000000 0.008121  0.000018 -0.000001 1.000000  0.540367 0.172683 0
mount_casv_vltor_picatinny_rail_sections_LOD0
0  -0.022625 0.006754 -0.010616  0.000000 0.000000 -1.000000  0.749771 0.420536 0
0  -0.022625 0.006248 -0.010616  0.000000 0.000000 -1.000000  0.745716 0.420536 0
0  -0.024876 0.006248 -0.010616  0.000000 0.000000 -1.000000  0.745716 0.402494 0
mount_casv_vltor_picatinny_rail_sections_LOD0
0  -0.024876 0.006754 -0.010616  0.000000 0.000000 -1.000000  0.749771 0.402494 0
0  -0.022625 0.006754 -0.010616  0.000000 0.000000 -1.000000  0.749771 0.420536 0
0  -0.024876 0.006248 -0.010616  0.000000 0.000000 -1.000000  0.745716 0.402494 0
mount_casv_vltor_picatinny_rail_sections_LOD0
0  -0.026061 0.009251 -0.008119  -0.000320 0.707031 -0.707182  0.636010 0.889879 0
0  -0.024876 0.006754 -0.010616  -0.000100 0.707082 -0.707131  0.626512 0.861575 0
0  -0.026723 0.008592 -0.008777  -0.000744 0.706932 -0.707281  0.641316 0.882414 0
mount_casv_vltor_picatinny_rail_sections_LOD0
0  -0.022625 0.006754 -0.010616  0.000000 0.707106 -0.707107  0.608470 0.861575 0
0  -0.024876 0.006754 -0.010616  -0.000100 0.707082 -0.707131  0.626512 0.861575 0
0  -0.026061 0.009251 -0.008119  -0.000320 0.707031 -0.707182  0.636010 0.889879 0
mount_casv_vltor_picatinny_rail_sections_LOD0
0  -0.022625 0.009251 -0.008119  0.000000 0.707107 -0.707107  0.608470 0.889879 0
0  -0.022625 0.006754 -0.010616  0.000000 0.707106 -0.707107  0.608470 0.861575 0
0  -0.026061 0.009251 -0.008119  -0.000320 0.707031 -0.707182  0.636010 0.889879 0
mount_casv_vltor_picatinny_rail_sections_LOD0
0  -0.027386 0.003751 -0.008119  -0.705333 0.000246 -0.708877  0.197168 0.815273 0
0  -0.027386 0.007933 -0.008118  -0.705049 0.000169 -0.709158  0.177854 0.842669 0
0  -0.026723 0.008592 -0.008777  -0.705272 0.000210 -0.708937  0.168686 0.842669 0
mount_casv_vltor_picatinny_rail_sections_LOD0
0  -0.024876 0.006248 -0.010616  -0.705467 0.000163 -0.708742  0.162442 0.815274 0
0  -0.027386 0.003751 -0.008119  -0.705333 0.000246 -0.708877  0.197168 0.815273 0
0  -0.026723 0.008592 -0.008777  -0.705272 0.000210 -0.708937  0.168686 0.842669 0
mount_casv_vltor_picatinny_rail_sections_LOD0
0  -0.024876 0.006754 -0.010616  -0.705571 0.000000 -0.708640  0.160104 0.818588 0
0  -0.024876 0.006248 -0.010616  -0.705467 0.000163 -0.708742  0.162442 0.815274 0
0  -0.026723 0.008592 -0.008777  -0.705272 0.000210 -0.708937  0.168686 0.842669 0
mount_casv_vltor_picatinny_rail_sections_LOD0
0  -0.027386 0.003751 0.008121  -1.000000 0.000000 0.000000  0.804895 0.283327 0
0  -0.027386 0.007933 0.008118  -1.000000 0.000000 0.000000  0.804895 0.316845 0
0  -0.027386 0.007933 -0.008118  -1.000000 -0.000001 0.000000  0.674728 0.316845 0
mount_casv_vltor_picatinny_rail_sections_LOD0
0  -0.027386 0.003751 -0.008119  -1.000000 -0.000000 0.000000  0.674728 0.283327 0
0  -0.027386 0.003751 0.008121  -1.000000 0.000000 0.000000  0.804895 0.283327 0
0  -0.027386 0.007933 -0.008118  -1.000000 -0.000001 0.000000  0.674728 0.316845 0
mount_casv_vltor_picatinny_rail_sections_LOD0
0  -0.027386 -0.000000 0.000001  -1.000000 0.000001 0.000000  0.739812 0.253261 0
0  -0.027386 0.003751 0.008121  -1.000000 0.000000 0.000000  0.804895 0.283327 0
0  -0.027386 0.003751 -0.008119  -1.000000 -0.000000 0.000000  0.674728 0.283327 0
mount_casv_vltor_picatinny_rail_sections_LOD0
0  -0.027386 -0.000000 -0.008119  -1.000000 0.000000 0.000000  0.674728 0.253261 0
0  -0.027386 -0.000000 0.000001  -1.000000 0.000001 0.000000  0.739812 0.253261 0
0  -0.027386 0.003751 -0.008119  -1.000000 -0.000000 0.000000  0.674728 0.283327 0
mount_casv_vltor_picatinny_rail_sections_LOD0
0  -0.027386 -0.000000 0.008121  -1.000000 0.000000 0.000000  0.804895 0.253261 0
0  -0.027386 0.003751 0.008121  -1.000000 0.000000 0.000000  0.804895 0.283327 0
0  -0.027386 -0.000000 0.000001  -1.000000 0.000001 0.000000  0.739812 0.253261 0
mount_casv_vltor_picatinny_rail_sections_LOD0
0  -0.022625 0.006754 0.010618  -0.000634 -0.001135 0.999999  0.732438 0.345958 0
0  -0.024876 0.006754 0.010616  -0.000690 -0.000889 0.999999  0.714395 0.345958 0
0  -0.024876 0.006248 0.010616  -0.000721 -0.000746 0.999999  0.714395 0.341903 0
mount_casv_vltor_picatinny_rail_sections_LOD0
0  -0.022625 0.006248 0.010617  -0.000656 -0.001038 0.999999  0.732438 0.341903 0
0  -0.022625 0.006754 0.010618  -0.000634 -0.001135 0.999999  0.732438 0.345958 0
0  -0.024876 0.006248 0.010616  -0.000721 -0.000746 0.999999  0.714395 0.341903 0
mount_casv_vltor_picatinny_rail_sections_LOD0
0  -0.026061 0.009251 0.008119  -0.000234 0.707052 0.707162  0.791169 0.890048 0
0  -0.026723 0.008592 0.008778  0.000000 0.707108 0.707106  0.785864 0.882575 0
0  -0.024876 0.006754 0.010616  -0.000454 0.707067 0.707146  0.800677 0.861748 0
mount_casv_vltor_picatinny_rail_sections_LOD0
0  -0.022625 0.009251 0.008121  -0.000489 0.707045 0.707169  0.818711 0.890046 0
0  -0.026061 0.009251 0.008119  -0.000234 0.707052 0.707162  0.791169 0.890048 0
0  -0.024876 0.006754 0.010616  -0.000454 0.707067 0.707146  0.800677 0.861748 0
mount_casv_vltor_picatinny_rail_sections_LOD0
0  -0.022625 0.006754 0.010618  -0.000627 0.707107 0.707106  0.818720 0.861742 0
0  -0.022625 0.009251 0.008121  -0.000489 0.707045 0.707169  0.818711 0.890046 0
0  -0.024876 0.006754 0.010616  -0.000454 0.707067 0.707146  0.800677 0.861748 0
mount_casv_vltor_picatinny_rail_sections_LOD0
0  -0.027386 0.003751 0.008121  -0.705292 0.000353 0.708917  0.695471 0.853311 0
0  -0.026723 0.008592 0.008778  -0.705426 0.000418 0.708783  0.723947 0.880707 0
0  -0.027386 0.007933 0.008118  -0.705767 0.000511 0.708444  0.714774 0.880714 0
mount_casv_vltor_picatinny_rail_sections_LOD0
0  -0.024876 0.006754 0.010616  -0.705113 0.000214 0.709095  0.732524 0.856632 0
0  -0.026723 0.008592 0.008778  -0.705426 0.000418 0.708783  0.723947 0.880707 0
0  -0.027386 0.003751 0.008121  -0.705292 0.000353 0.708917  0.695471 0.853311 0
mount_casv_vltor_picatinny_rail_sections_LOD0
0  -0.024876 0.006248 0.010616  -0.704984 0.000000 0.709223  0.730186 0.853317 0
0  -0.024876 0.006754 0.010616  -0.705113 0.000214 0.709095  0.732524 0.856632 0
0  -0.027386 0.003751 0.008121  -0.705292 0.000353 0.708917  0.695471 0.853311 0
mount_casv_vltor_picatinny_rail_sections_LOD0
0  -0.022625 0.009251 0.005024  1.000000 0.000000 0.000000  0.809579 0.995637 0
0  -0.022625 0.009251 0.008121  1.000000 -0.000001 0.000000  0.784757 0.995635 0
0  -0.022625 0.006248 0.005024  1.000000 -0.000001 0.000000  0.809580 0.971567 0
mount_casv_vltor_picatinny_rail_sections_LOD0
0  -0.022625 0.009251 0.008121  1.000000 -0.000001 0.000000  0.784757 0.995635 0
0  -0.022625 0.006248 0.010617  1.000000 -0.000001 0.000000  0.764752 0.971567 0
0  -0.022625 0.006248 0.005024  1.000000 -0.000001 0.000000  0.809580 0.971567 0
mount_casv_vltor_picatinny_rail_sections_LOD0
0  -0.022625 0.006754 0.010618  1.000000 0.000000 0.000000  0.764742 0.975625 0
0  -0.022625 0.006248 0.010617  1.000000 -0.000001 0.000000  0.764752 0.971567 0
0  -0.022625 0.009251 0.008121  1.000000 -0.000001 0.000000  0.784757 0.995635 0
mount_casv_vltor_picatinny_rail_sections_LOD0
0  -0.026723 0.008592 0.008778  -0.705234 0.708975 -0.000001  0.920941 0.099604 0
0  -0.026061 0.009251 0.008119  -0.705507 0.708703 -0.000001  0.915660 0.107091 0
0  -0.026061 0.009251 -0.008119  -0.705504 0.708706 -0.000001  0.785508 0.107091 0
mount_casv_vltor_picatinny_rail_sections_LOD0
0  -0.026723 0.008592 -0.008777  -0.705230 0.708979 -0.000000  0.780234 0.099604 0
0  -0.026723 0.008592 0.008778  -0.705234 0.708975 -0.000001  0.920941 0.099604 0
0  -0.026061 0.009251 -0.008119  -0.705504 0.708706 -0.000001  0.785508 0.107091 0
mount_casv_vltor_picatinny_rail_sections_LOD0
0  -0.027386 0.007933 0.008118  -0.704960 0.709247 -0.000000  0.915651 0.092113 0
0  -0.026723 0.008592 0.008778  -0.705234 0.708975 -0.000001  0.920941 0.099604 0
0  -0.026723 0.008592 -0.008777  -0.705230 0.708979 -0.000000  0.780234 0.099604 0
mount_casv_vltor_picatinny_rail_sections_LOD0
0  -0.027386 0.007933 -0.008118  -0.704956 0.709251 -0.000000  0.785516 0.092113 0
0  -0.027386 0.007933 0.008118  -0.704960 0.709247 -0.000000  0.915651 0.092113 0
0  -0.026723 0.008592 -0.008777  -0.705230 0.708979 -0.000000  0.780234 0.099604 0
mount_casv_vltor_picatinny_rail_sections_LOD0
0  0.017375 0.006248 0.005025  -0.000000 1.000000 0.000005  0.224520 0.810984 0
0  0.017375 0.006248 0.010617  -0.000000 1.000000 -0.000000  0.179697 0.810982 0
0  0.022625 0.006248 0.010617  -0.000000 1.000000 -0.000000  0.179699 0.768904 0
mount_casv_vltor_picatinny_rail_sections_LOD0
0  0.022625 0.006248 0.005025  -0.000000 1.000000 0.000005  0.224520 0.768904 0
0  0.017375 0.006248 0.005025  -0.000000 1.000000 0.000005  0.224520 0.810984 0
0  0.022625 0.006248 0.010617  -0.000000 1.000000 -0.000000  0.179699 0.768904 0
mount_casv_vltor_picatinny_rail_sections_LOD0
0  0.015974 0.006248 0.004028  -0.000000 1.000000 0.000005  0.232509 0.822213 0
0  0.017375 0.006248 0.005025  -0.000000 1.000000 0.000005  0.224520 0.810984 0
0  0.022625 0.006248 0.005025  -0.000000 1.000000 0.000005  0.224520 0.768904 0
mount_casv_vltor_picatinny_rail_sections_LOD0
0  0.024027 0.006248 0.004028  -0.000000 1.000000 0.000006  0.232511 0.757667 0
0  0.015974 0.006248 0.004028  -0.000000 1.000000 0.000005  0.232509 0.822213 0
0  0.022625 0.006248 0.005025  -0.000000 1.000000 0.000005  0.224520 0.768904 0
mount_casv_vltor_picatinny_rail_sections_LOD0
0  0.015069 0.006248 0.002849  -0.000000 1.000000 0.000001  0.241959 0.829469 0
0  0.015974 0.006248 0.004028  -0.000000 1.000000 0.000005  0.232509 0.822213 0
0  0.024027 0.006248 0.004028  -0.000000 1.000000 0.000006  0.232511 0.757667 0
mount_casv_vltor_picatinny_rail_sections_LOD0
0  0.024932 0.006248 0.002849  -0.000000 1.000000 0.000000  0.241963 0.750414 0
0  0.015069 0.006248 0.002849  -0.000000 1.000000 0.000001  0.241959 0.829469 0
0  0.024027 0.006248 0.004028  -0.000000 1.000000 0.000006  0.232511 0.757667 0
mount_casv_vltor_picatinny_rail_sections_LOD0
0  0.014500 0.006248 0.001475  -0.000000 1.000000 -0.000003  0.252973 0.834031 0
0  0.015069 0.006248 0.002849  -0.000000 1.000000 0.000001  0.241959 0.829469 0
0  0.024932 0.006248 0.002849  -0.000000 1.000000 0.000000  0.241963 0.750414 0
mount_casv_vltor_picatinny_rail_sections_LOD0
0  0.025501 0.006248 0.001475  -0.000000 1.000000 -0.000003  0.252977 0.745855 0
0  0.014500 0.006248 0.001475  -0.000000 1.000000 -0.000003  0.252973 0.834031 0
0  0.024932 0.006248 0.002849  -0.000000 1.000000 0.000000  0.241963 0.750414 0
mount_casv_vltor_picatinny_rail_sections_LOD0
0  0.014306 0.006248 0.000001  -0.000000 1.000000 -0.000004  0.264790 0.835586 0
0  0.014500 0.006248 0.001475  -0.000000 1.000000 -0.000003  0.252973 0.834031 0
0  0.025501 0.006248 0.001475  -0.000000 1.000000 -0.000003  0.252977 0.745855 0
mount_casv_vltor_picatinny_rail_sections_LOD0
0  0.025695 0.006248 0.000001  -0.000000 1.000000 -0.000005  0.264793 0.744301 0
0  0.014306 0.006248 0.000001  -0.000000 1.000000 -0.000004  0.264790 0.835586 0
0  0.025501 0.006248 0.001475  -0.000000 1.000000 -0.000003  0.252977 0.745855 0
mount_casv_vltor_picatinny_rail_sections_LOD0
0  0.014500 0.006248 -0.001473  -0.000000 1.000000 -0.000003  0.276606 0.834032 0
0  0.014306 0.006248 0.000001  -0.000000 1.000000 -0.000004  0.264790 0.835586 0
0  0.025695 0.006248 0.000001  -0.000000 1.000000 -0.000005  0.264793 0.744301 0
mount_casv_vltor_picatinny_rail_sections_LOD0
0  0.025501 0.006248 -0.001473  -0.000000 1.000000 -0.000004  0.276610 0.745858 0
0  0.014500 0.006248 -0.001473  -0.000000 1.000000 -0.000003  0.276606 0.834032 0
0  0.025695 0.006248 0.000001  -0.000000 1.000000 -0.000005  0.264793 0.744301 0
mount_casv_vltor_picatinny_rail_sections_LOD0
0  0.015069 0.006248 -0.002847  -0.000000 1.000000 0.000002  0.287621 0.829473 0
0  0.014500 0.006248 -0.001473  -0.000000 1.000000 -0.000003  0.276606 0.834032 0
0  0.025501 0.006248 -0.001473  -0.000000 1.000000 -0.000004  0.276610 0.745858 0
mount_casv_vltor_picatinny_rail_sections_LOD0
0  0.024932 0.006248 -0.002847  -0.000000 1.000000 0.000001  0.287624 0.750419 0
0  0.015069 0.006248 -0.002847  -0.000000 1.000000 0.000002  0.287621 0.829473 0
0  0.025501 0.006248 -0.001473  -0.000000 1.000000 -0.000004  0.276610 0.745858 0
mount_casv_vltor_picatinny_rail_sections_LOD0
0  0.015974 0.006248 -0.004026  -0.000000 1.000000 0.000003  0.297074 0.822221 0
0  0.015069 0.006248 -0.002847  -0.000000 1.000000 0.000002  0.287621 0.829473 0
0  0.024932 0.006248 -0.002847  -0.000000 1.000000 0.000001  0.287624 0.750419 0
mount_casv_vltor_picatinny_rail_sections_LOD0
0  0.024027 0.006248 -0.004026  -0.000000 1.000000 0.000002  0.297074 0.757674 0
0  0.015974 0.006248 -0.004026  -0.000000 1.000000 0.000003  0.297074 0.822221 0
0  0.024932 0.006248 -0.002847  -0.000000 1.000000 0.000001  0.287624 0.750419 0
mount_casv_vltor_picatinny_rail_sections_LOD0
0  0.017375 0.006248 -0.005023  -0.000000 1.000000 -0.000004  0.305069 0.810990 0
0  0.015974 0.006248 -0.004026  -0.000000 1.000000 0.000003  0.297074 0.822221 0
0  0.024027 0.006248 -0.004026  -0.000000 1.000000 0.000002  0.297074 0.757674 0
mount_casv_vltor_picatinny_rail_sections_LOD0
0  0.022625 0.006248 -0.005023  -0.000000 1.000000 -0.000005  0.305067 0.768911 0
0  0.017375 0.006248 -0.005023  -0.000000 1.000000 -0.000004  0.305069 0.810990 0
0  0.024027 0.006248 -0.004026  -0.000000 1.000000 0.000002  0.297074 0.757674 0
mount_casv_vltor_picatinny_rail_sections_LOD0
0  0.017375 0.006248 -0.010616  -0.000000 1.000000 -0.000000  0.349899 0.810986 0
0  0.017375 0.006248 -0.005023  -0.000000 1.000000 -0.000004  0.305069 0.810990 0
0  0.022625 0.006248 -0.005023  -0.000000 1.000000 -0.000005  0.305067 0.768911 0
mount_casv_vltor_picatinny_rail_sections_LOD0
0  0.022625 0.006248 -0.010616  -0.000000 1.000000 -0.000000  0.349896 0.768906 0
0  0.017375 0.006248 -0.010616  -0.000000 1.000000 -0.000000  0.349899 0.810986 0
0  0.022625 0.006248 -0.005023  -0.000000 1.000000 -0.000005  0.305067 0.768911 0
mount_casv_vltor_picatinny_rail_sections_LOD0
0  -0.022625 0.009251 0.008121  0.000004 1.000000 0.000001  0.023458 0.947650 0
0  -0.022625 0.009251 0.005024  0.000001 1.000000 -0.000002  0.048281 0.947637 0
0  -0.026061 0.009251 0.008119  0.000003 1.000000 -0.000001  0.023488 0.975191 0
mount_casv_vltor_picatinny_rail_sections_LOD0
0  -0.022625 0.009251 0.005024  0.000001 1.000000 -0.000002  0.048281 0.947637 0
0  -0.024027 0.009251 0.004027  0.000001 1.000000 -0.000003  0.056280 0.958873 0
0  -0.026061 0.009251 0.008119  0.000003 1.000000 -0.000001  0.023488 0.975191 0
mount_casv_vltor_picatinny_rail_sections_LOD0
0  -0.024027 0.009251 0.004027  0.000001 1.000000 -0.000003  0.056280 0.958873 0
0  -0.024932 0.009251 0.002848  0.000003 1.000000 -0.000002  0.065732 0.966127 0
0  -0.026061 0.009251 0.008119  0.000003 1.000000 -0.000001  0.023488 0.975191 0
mount_casv_vltor_picatinny_rail_sections_LOD0
0  -0.024932 0.009251 0.002848  0.000003 1.000000 -0.000002  0.065732 0.966127 0
0  -0.025501 0.009251 0.001474  0.000011 1.000000 -0.000001  0.076748 0.970687 0
0  -0.026061 0.009251 0.008119  0.000003 1.000000 -0.000001  0.023488 0.975191 0
mount_casv_vltor_picatinny_rail_sections_LOD0
0  -0.025501 0.009251 0.001474  0.000011 1.000000 -0.000001  0.076748 0.970687 0
0  -0.025674 0.009251 0.000000  0.000018 1.000000 -0.000001  0.088562 0.972075 0
0  -0.026061 0.009251 0.008119  0.000003 1.000000 -0.000001  0.023488 0.975191 0
mount_casv_vltor_picatinny_rail_sections_LOD0
0  -0.025674 0.009251 0.000000  0.000018 1.000000 -0.000001  0.088562 0.972075 0
0  -0.026061 0.009251 -0.008119  -0.000000 1.000000 -0.000001  0.153635 0.975180 0
0  -0.026061 0.009251 0.008119  0.000003 1.000000 -0.000001  0.023488 0.975191 0
mount_casv_vltor_picatinny_rail_sections_LOD0
0  -0.025501 0.009251 -0.001474  0.000019 1.000000 -0.000001  0.100375 0.970688 0
0  -0.026061 0.009251 -0.008119  -0.000000 1.000000 -0.000001  0.153635 0.975180 0
0  -0.025674 0.009251 0.000000  0.000018 1.000000 -0.000001  0.088562 0.972075 0
mount_casv_vltor_picatinny_rail_sections_LOD0
0  -0.024932 0.009251 -0.002848  -0.000012 1.000000 0.000001  0.111387 0.966126 0
0  -0.026061 0.009251 -0.008119  -0.000000 1.000000 -0.000001  0.153635 0.975180 0
0  -0.025501 0.009251 -0.001474  0.000019 1.000000 -0.000001  0.100375 0.970688 0
mount_casv_vltor_picatinny_rail_sections_LOD0
0  -0.024027 0.009251 -0.004027  0.000001 1.000000 -0.000001  0.120839 0.958873 0
0  -0.026061 0.009251 -0.008119  -0.000000 1.000000 -0.000001  0.153635 0.975180 0
0  -0.024932 0.009251 -0.002848  -0.000012 1.000000 0.000001  0.111387 0.966126 0
mount_casv_vltor_picatinny_rail_sections_LOD0
0  -0.022625 0.009251 -0.005024  -0.000002 1.000000 0.000000  0.128832 0.947636 0
0  -0.026061 0.009251 -0.008119  -0.000000 1.000000 -0.000001  0.153635 0.975180 0
0  -0.024027 0.009251 -0.004027  0.000001 1.000000 -0.000001  0.120839 0.958873 0
mount_casv_vltor_picatinny_rail_sections_LOD0
0  -0.022625 0.009251 -0.008119  0.000000 1.000000 -0.000002  0.153640 0.947641 0
0  -0.026061 0.009251 -0.008119  -0.000000 1.000000 -0.000001  0.153635 0.975180 0
0  -0.022625 0.009251 -0.005024  -0.000002 1.000000 0.000000  0.128832 0.947636 0
mount_casv_vltor_picatinny_rail_sections_LOD0
0  0.022625 0.009251 0.008120  0.000000 1.000000 0.000002  0.023200 0.889042 0
0  0.026061 0.009251 0.008120  0.000001 1.000000 0.000000  0.023213 0.861502 0
0  0.022625 0.009251 0.005025  0.000002 1.000000 -0.000001  0.048006 0.889055 0
mount_casv_vltor_picatinny_rail_sections_LOD0
0  0.022625 0.009251 0.005025  0.000002 1.000000 -0.000001  0.048006 0.889055 0
0  0.026061 0.009251 0.008120  0.000001 1.000000 0.000000  0.023213 0.861502 0
0  0.024027 0.009251 0.004028  0.000001 1.000000 -0.000001  0.056002 0.877822 0
mount_casv_vltor_picatinny_rail_sections_LOD0
0  0.024027 0.009251 0.004028  0.000001 1.000000 -0.000001  0.056002 0.877822 0
0  0.026061 0.009251 0.008120  0.000001 1.000000 0.000000  0.023213 0.861502 0
0  0.024932 0.009251 0.002849  0.000000 1.000000 -0.000000  0.065456 0.870572 0
mount_casv_vltor_picatinny_rail_sections_LOD0
0  0.024932 0.009251 0.002849  0.000000 1.000000 -0.000000  0.065456 0.870572 0
0  0.026061 0.009251 0.008120  0.000001 1.000000 0.000000  0.023213 0.861502 0
0  0.025501 0.009251 0.001475  -0.000002 1.000000 -0.000000  0.076470 0.866015 0
mount_casv_vltor_picatinny_rail_sections_LOD0
0  0.025501 0.009251 0.001475  -0.000002 1.000000 -0.000000  0.076470 0.866015 0
0  0.026061 0.009251 0.008120  0.000001 1.000000 0.000000  0.023213 0.861502 0
0  0.025674 0.009251 0.000001  -0.000002 1.000000 -0.000000  0.088284 0.864629 0
mount_casv_vltor_picatinny_rail_sections_LOD0
0  0.025674 0.009251 0.000001  -0.000002 1.000000 -0.000000  0.088284 0.864629 0
0  0.026061 0.009251 0.008120  0.000001 1.000000 0.000000  0.023213 0.861502 0
0  0.026061 0.009251 -0.008118  0.000001 1.000000 -0.000001  0.153357 0.861528 0
mount_casv_vltor_picatinny_rail_sections_LOD0
0  0.025501 0.009251 -0.001473  0.000003 1.000000 -0.000000  0.100096 0.866022 0
0  0.025674 0.009251 0.000001  -0.000002 1.000000 -0.000000  0.088284 0.864629 0
0  0.026061 0.009251 -0.008118  0.000001 1.000000 -0.000001  0.153357 0.861528 0
mount_casv_vltor_picatinny_rail_sections_LOD0
0  0.024932 0.009251 -0.002847  0.000012 1.000000 -0.000000  0.111109 0.870581 0
0  0.025501 0.009251 -0.001473  0.000003 1.000000 -0.000000  0.100096 0.866022 0
0  0.026061 0.009251 -0.008118  0.000001 1.000000 -0.000001  0.153357 0.861528 0
mount_casv_vltor_picatinny_rail_sections_LOD0
0  0.024027 0.009251 -0.004026  -0.000004 1.000000 -0.000002  0.120559 0.877834 0
0  0.024932 0.009251 -0.002847  0.000012 1.000000 -0.000000  0.111109 0.870581 0
0  0.026061 0.009251 -0.008118  0.000001 1.000000 -0.000001  0.153357 0.861528 0
mount_casv_vltor_picatinny_rail_sections_LOD0
0  0.022625 0.009251 -0.005023  0.000002 1.000000 0.000000  0.128552 0.889073 0
0  0.024027 0.009251 -0.004026  -0.000004 1.000000 -0.000002  0.120559 0.877834 0
0  0.026061 0.009251 -0.008118  0.000001 1.000000 -0.000001  0.153357 0.861528 0
mount_casv_vltor_picatinny_rail_sections_LOD0
0  0.022625 0.009251 -0.008120  -0.000000 1.000000 -0.000002  0.153377 0.889067 0
0  0.022625 0.009251 -0.005023  0.000002 1.000000 0.000000  0.128552 0.889073 0
0  0.026061 0.009251 -0.008118  0.000001 1.000000 -0.000001  0.153357 0.861528 0
mount_casv_vltor_picatinny_rail_sections_LOD0
0  0.012625 0.006754 -0.010616  -1.000000 0.000000 0.000000  0.782766 0.837273 0
0  0.012625 0.006248 -0.010616  -1.000000 -0.000001 0.000000  0.782766 0.833217 0
0  0.012625 0.009251 -0.008129  -1.000000 -0.000001 0.000000  0.802700 0.857285 0
mount_casv_vltor_picatinny_rail_sections_LOD0
0  0.012625 0.006248 -0.010616  -1.000000 -0.000001 0.000000  0.782766 0.833217 0
0  0.012625 0.006248 0.010617  -1.000000 0.000002 0.000000  0.952952 0.833216 0
0  0.012625 0.009251 -0.008129  -1.000000 -0.000001 0.000000  0.802700 0.857285 0
mount_casv_vltor_picatinny_rail_sections_LOD0
0  0.012625 0.006248 0.010617  -1.000000 0.000002 0.000000  0.952952 0.833216 0
0  0.012625 0.009251 0.008110  -1.000000 -0.000000 0.000000  0.932860 0.857286 0
0  0.012625 0.009251 -0.008129  -1.000000 -0.000001 0.000000  0.802700 0.857285 0
mount_casv_vltor_picatinny_rail_sections_LOD0
0  0.012625 0.006754 0.010617  -1.000000 0.000006 0.000000  0.952952 0.837271 0
0  0.012625 0.009251 0.008110  -1.000000 -0.000000 0.000000  0.932860 0.857286 0
0  0.012625 0.006248 0.010617  -1.000000 0.000002 0.000000  0.952952 0.833216 0
mount_casv_vltor_picatinny_rail_sections_LOD0
0  -0.012625 0.006754 -0.010616  1.000000 -0.000069 0.000075  0.754729 0.131548 0
0  -0.012625 0.009251 -0.008108  1.000000 -0.000015 0.000003  0.774831 0.111534 0
0  -0.012625 0.006247 -0.010615  1.000000 -0.000037 0.000033  0.754729 0.135604 0
mount_casv_vltor_picatinny_rail_sections_LOD0
0  -0.012625 0.006247 -0.010615  1.000000 -0.000037 0.000033  0.754729 0.135604 0
0  -0.012625 0.009251 -0.008108  1.000000 -0.000015 0.000003  0.774831 0.111534 0
0  -0.012625 0.009251 0.008131  1.000000 -0.000016 -0.000003  0.904990 0.111534 0
mount_casv_vltor_picatinny_rail_sections_LOD0
0  -0.012625 0.006247 0.010617  1.000000 -0.000040 -0.000033  0.924916 0.135604 0
0  -0.012625 0.006247 -0.010615  1.000000 -0.000037 0.000033  0.754729 0.135604 0
0  -0.012625 0.009251 0.008131  1.000000 -0.000016 -0.000003  0.904990 0.111534 0
mount_casv_vltor_picatinny_rail_sections_LOD0
0  -0.012625 0.006754 0.010617  1.000000 -0.000075 -0.000076  0.924916 0.131549 0
0  -0.012625 0.006247 0.010617  1.000000 -0.000040 -0.000033  0.924916 0.135604 0
0  -0.012625 0.009251 0.008131  1.000000 -0.000016 -0.000003  0.904990 0.111534 0
mount_casv_vltor_picatinny_rail_sections_LOD0
0  -0.027386 -0.000000 0.008121  0.000000 -1.000000 0.000000  0.311326 0.671737 0
0  -0.027386 -0.000000 0.000001  0.000000 -1.000000 0.000000  0.311326 0.717295 0
0  0.027386 -0.000000 0.000000  0.000000 -1.000000 0.000000  0.004022 0.717295 0
mount_casv_vltor_picatinny_rail_sections_LOD0
0  0.027386 -0.000000 0.008120  0.000000 -1.000000 0.000000  0.004022 0.671737 0
0  -0.027386 -0.000000 0.008121  0.000000 -1.000000 0.000000  0.311326 0.671737 0
0  0.027386 -0.000000 0.000000  0.000000 -1.000000 0.000000  0.004022 0.717295 0
mount_casv_vltor_picatinny_rail_sections_LOD0
0  -0.022625 0.006248 0.010617  -0.000000 1.000000 -0.000000  0.335551 0.759205 0
0  -0.017375 0.006248 0.010617  -0.000000 1.000000 -0.000000  0.335551 0.717125 0
0  -0.022625 0.006248 0.005024  -0.000000 1.000000 0.000004  0.380380 0.759205 0
mount_casv_vltor_picatinny_rail_sections_LOD0
0  -0.017375 0.006248 0.010617  -0.000000 1.000000 -0.000000  0.335551 0.717125 0
0  -0.017375 0.006248 0.005024  -0.000000 1.000000 0.000005  0.380378 0.717126 0
0  -0.022625 0.006248 0.005024  -0.000000 1.000000 0.000004  0.380380 0.759205 0
mount_casv_vltor_picatinny_rail_sections_LOD0
0  -0.022625 0.006248 0.005024  -0.000000 1.000000 0.000004  0.380380 0.759205 0
0  -0.017375 0.006248 0.005024  -0.000000 1.000000 0.000005  0.380378 0.717126 0
0  -0.024027 0.006248 0.004027  -0.000000 1.000000 0.000002  0.388371 0.770443 0
mount_casv_vltor_picatinny_rail_sections_LOD0
0  -0.017375 0.006248 0.005024  -0.000000 1.000000 0.000005  0.380378 0.717126 0
0  -0.015974 0.006248 0.004027  -0.000000 1.000000 0.000002  0.388371 0.705898 0
0  -0.024027 0.006248 0.004027  -0.000000 1.000000 0.000002  0.388371 0.770443 0
mount_casv_vltor_picatinny_rail_sections_LOD0
0  -0.024027 0.006248 0.004027  -0.000000 1.000000 0.000002  0.388371 0.770443 0
0  -0.015974 0.006248 0.004027  -0.000000 1.000000 0.000002  0.388371 0.705898 0
0  -0.024932 0.006248 0.002848  -0.000000 1.000000 -0.000003  0.397821 0.777698 0
mount_casv_vltor_picatinny_rail_sections_LOD0
0  -0.015974 0.006248 0.004027  -0.000000 1.000000 0.000002  0.388371 0.705898 0
0  -0.015069 0.006248 0.002848  -0.000000 1.000000 -0.000004  0.397824 0.698644 0
0  -0.024932 0.006248 0.002848  -0.000000 1.000000 -0.000003  0.397821 0.777698 0
mount_casv_vltor_picatinny_rail_sections_LOD0
0  -0.024932 0.006248 0.002848  -0.000000 1.000000 -0.000003  0.397821 0.777698 0
0  -0.015069 0.006248 0.002848  -0.000000 1.000000 -0.000004  0.397824 0.698644 0
0  -0.025501 0.006248 0.001474  -0.000000 1.000000 0.000000  0.408836 0.782260 0
mount_casv_vltor_picatinny_rail_sections_LOD0
0  -0.015069 0.006248 0.002848  -0.000000 1.000000 -0.000004  0.397824 0.698644 0
0  -0.014500 0.006248 0.001474  -0.000000 1.000000 0.000001  0.408837 0.694083 0
0  -0.025501 0.006248 0.001474  -0.000000 1.000000 0.000000  0.408836 0.782260 0
mount_casv_vltor_picatinny_rail_sections_LOD0
0  -0.025501 0.006248 0.001474  -0.000000 1.000000 0.000000  0.408836 0.782260 0
0  -0.014500 0.006248 0.001474  -0.000000 1.000000 0.000001  0.408837 0.694083 0
0  -0.025695 0.006248 0.000000  -0.000000 1.000000 -0.000001  0.420654 0.783815 0
mount_casv_vltor_picatinny_rail_sections_LOD0
0  -0.014500 0.006248 0.001474  -0.000000 1.000000 0.000001  0.408837 0.694083 0
0  -0.014306 0.006248 0.000000  -0.000000 1.000000 0.000001  0.420653 0.692531 0
0  -0.025695 0.006248 0.000000  -0.000000 1.000000 -0.000001  0.420654 0.783815 0
mount_casv_vltor_picatinny_rail_sections_LOD0
0  -0.025695 0.006248 0.000000  -0.000000 1.000000 -0.000001  0.420654 0.783815 0
0  -0.014306 0.006248 0.000000  -0.000000 1.000000 0.000001  0.420653 0.692531 0
0  -0.025501 0.006248 -0.001474  -0.000000 1.000000 -0.000004  0.432472 0.782261 0
mount_casv_vltor_picatinny_rail_sections_LOD0
0  -0.014306 0.006248 0.000000  -0.000000 1.000000 0.000001  0.420653 0.692531 0
0  -0.014500 0.006248 -0.001474  -0.000000 1.000000 -0.000002  0.432470 0.694086 0
0  -0.025501 0.006248 -0.001474  -0.000000 1.000000 -0.000004  0.432472 0.782261 0
mount_casv_vltor_picatinny_rail_sections_LOD0
0  -0.025501 0.006248 -0.001474  -0.000000 1.000000 -0.000004  0.432472 0.782261 0
0  -0.014500 0.006248 -0.001474  -0.000000 1.000000 -0.000002  0.432470 0.694086 0
0  -0.024932 0.006248 -0.002848  -0.000000 1.000000 0.000000  0.443487 0.777700 0
mount_casv_vltor_picatinny_rail_sections_LOD0
0  -0.014500 0.006248 -0.001474  -0.000000 1.000000 -0.000002  0.432470 0.694086 0
0  -0.015069 0.006248 -0.002848  -0.000000 1.000000 0.000002  0.443487 0.698647 0
0  -0.024932 0.006248 -0.002848  -0.000000 1.000000 0.000000  0.443487 0.777700 0
mount_casv_vltor_picatinny_rail_sections_LOD0
0  -0.024932 0.006248 -0.002848  -0.000000 1.000000 0.000000  0.443487 0.777700 0
0  -0.015069 0.006248 -0.002848  -0.000000 1.000000 0.000002  0.443487 0.698647 0
0  -0.024027 0.006248 -0.004027  -0.000000 1.000000 0.000002  0.452941 0.770446 0
mount_casv_vltor_picatinny_rail_sections_LOD0
0  -0.015069 0.006248 -0.002848  -0.000000 1.000000 0.000002  0.443487 0.698647 0
0  -0.015974 0.006248 -0.004027  -0.000000 1.000000 0.000004  0.452938 0.705900 0
0  -0.024027 0.006248 -0.004027  -0.000000 1.000000 0.000002  0.452941 0.770446 0
mount_casv_vltor_picatinny_rail_sections_LOD0
0  -0.024027 0.006248 -0.004027  -0.000000 1.000000 0.000002  0.452941 0.770446 0
0  -0.015974 0.006248 -0.004027  -0.000000 1.000000 0.000004  0.452938 0.705900 0
0  -0.022625 0.006248 -0.005024  -0.000000 1.000000 -0.000005  0.460933 0.759209 0
mount_casv_vltor_picatinny_rail_sections_LOD0
0  -0.015974 0.006248 -0.004027  -0.000000 1.000000 0.000004  0.452938 0.705900 0
0  -0.017375 0.006248 -0.005024  -0.000000 1.000000 -0.000004  0.460931 0.717129 0
0  -0.022625 0.006248 -0.005024  -0.000000 1.000000 -0.000005  0.460933 0.759209 0
mount_casv_vltor_picatinny_rail_sections_LOD0
0  -0.022625 0.006248 -0.005024  -0.000000 1.000000 -0.000005  0.460933 0.759209 0
0  -0.017375 0.006248 -0.005024  -0.000000 1.000000 -0.000004  0.460931 0.717129 0
0  -0.022625 0.006248 -0.010616  -0.000000 1.000000 -0.000000  0.505754 0.759209 0
mount_casv_vltor_picatinny_rail_sections_LOD0
0  -0.017375 0.006248 -0.005024  -0.000000 1.000000 -0.000004  0.460931 0.717129 0
0  -0.017375 0.006248 -0.010616  -0.000000 1.000000 -0.000000  0.505753 0.717128 0
0  -0.022625 0.006248 -0.010616  -0.000000 1.000000 -0.000000  0.505754 0.759209 0
mount_casv_vltor_picatinny_rail_sections_LOD0
0  0.012625 0.006248 0.010617  -0.000094 1.000000 -0.000001  0.701867 0.532294 0
0  0.012625 0.006248 -0.010616  -0.000095 1.000000 -0.000000  0.872052 0.532294 0
0  0.007374 0.006247 -0.010615  -0.000095 1.000000 -0.000000  0.872052 0.574374 0
mount_casv_vltor_picatinny_rail_sections_LOD0
0  0.007374 0.006247 0.010617  -0.000094 1.000000 -0.000001  0.701867 0.574374 0
0  0.012625 0.006248 0.010617  -0.000094 1.000000 -0.000001  0.701867 0.532294 0
0  0.007374 0.006247 -0.010615  -0.000095 1.000000 -0.000000  0.872052 0.574374 0
mount_casv_vltor_picatinny_rail_sections_LOD0
0  0.024875 0.006248 -0.010615  0.000314 -0.706668 -0.707545  0.024218 0.168352 0
0  0.027386 0.003751 -0.008120  0.000102 -0.706878 -0.707335  0.004098 0.140049 0
0  0.022625 0.006248 -0.010616  0.000064 -0.706907 -0.707307  0.042253 0.168352 0
mount_casv_vltor_picatinny_rail_sections_LOD0
0  0.022625 0.006248 -0.010616  0.000064 -0.706907 -0.707307  0.042253 0.168352 0
0  0.027386 0.003751 -0.008120  0.000102 -0.706878 -0.707335  0.004098 0.140049 0
0  0.017375 0.006248 -0.010616  -0.000000 -0.706967 -0.707247  0.084333 0.168352 0
mount_casv_vltor_picatinny_rail_sections_LOD0
0  0.017375 0.006248 -0.010616  -0.000000 -0.706967 -0.707247  0.084333 0.168352 0
0  0.027386 0.003751 -0.008120  0.000102 -0.706878 -0.707335  0.004098 0.140049 0
0  0.012625 0.006248 -0.010616  0.000000 -0.706966 -0.707247  0.122405 0.168352 0
mount_casv_vltor_picatinny_rail_sections_LOD0
0  0.012625 0.006248 -0.010616  0.000000 -0.706966 -0.707247  0.122405 0.168352 0
0  0.027386 0.003751 -0.008120  0.000102 -0.706878 -0.707335  0.004098 0.140049 0
0  0.007374 0.006247 -0.010615  0.000000 -0.706969 -0.707245  0.164485 0.168352 0
mount_casv_vltor_picatinny_rail_sections_LOD0
0  0.027386 0.003751 -0.008120  0.000102 -0.706878 -0.707335  0.004098 0.140049 0
0  0.002624 0.006247 -0.010615  0.000000 -0.706967 -0.707246  0.202557 0.168352 0
0  0.007374 0.006247 -0.010615  0.000000 -0.706969 -0.707245  0.164485 0.168352 0
mount_casv_vltor_picatinny_rail_sections_LOD0
0  -0.002626 0.006247 -0.010615  -0.000012 -0.707046 -0.707168  0.244637 0.168352 0
0  0.002624 0.006247 -0.010615  0.000000 -0.706967 -0.707246  0.202557 0.168352 0
0  0.027386 0.003751 -0.008120  0.000102 -0.706878 -0.707335  0.004098 0.140049 0
mount_casv_vltor_picatinny_rail_sections_LOD0
0  -0.027386 0.003751 -0.008119  -0.000002 -0.707101 -0.707113  0.443106 0.140049 0
0  -0.002626 0.006247 -0.010615  -0.000012 -0.707046 -0.707168  0.244637 0.168352 0
0  0.027386 0.003751 -0.008120  0.000102 -0.706878 -0.707335  0.004098 0.140049 0
mount_casv_vltor_picatinny_rail_sections_LOD0
0  -0.007376 0.006247 -0.010615  -0.000000 -0.707110 -0.707103  0.282711 0.168352 0
0  -0.002626 0.006247 -0.010615  -0.000012 -0.707046 -0.707168  0.244637 0.168352 0
0  -0.027386 0.003751 -0.008119  -0.000002 -0.707101 -0.707113  0.443106 0.140049 0
mount_casv_vltor_picatinny_rail_sections_LOD0
0  -0.012625 0.006247 -0.010615  0.000000 -0.707111 -0.707103  0.324789 0.168352 0
0  -0.007376 0.006247 -0.010615  -0.000000 -0.707110 -0.707103  0.282711 0.168352 0
0  -0.027386 0.003751 -0.008119  -0.000002 -0.707101 -0.707113  0.443106 0.140049 0
mount_casv_vltor_picatinny_rail_sections_LOD0
0  -0.017375 0.006248 -0.010616  -0.000000 -0.707110 -0.707103  0.362861 0.168352 0
0  -0.012625 0.006247 -0.010615  0.000000 -0.707111 -0.707103  0.324789 0.168352 0
0  -0.027386 0.003751 -0.008119  -0.000002 -0.707101 -0.707113  0.443106 0.140049 0
mount_casv_vltor_picatinny_rail_sections_LOD0
0  -0.022625 0.006248 -0.010616  -0.000000 -0.707111 -0.707103  0.404941 0.168352 0
0  -0.017375 0.006248 -0.010616  -0.000000 -0.707110 -0.707103  0.362861 0.168352 0
0  -0.027386 0.003751 -0.008119  -0.000002 -0.707101 -0.707113  0.443106 0.140049 0
mount_casv_vltor_picatinny_rail_sections_LOD0
0  -0.024876 0.006248 -0.010616  0.000000 -0.707111 -0.707103  0.422985 0.168352 0
0  -0.022625 0.006248 -0.010616  -0.000000 -0.707111 -0.707103  0.404941 0.168352 0
0  -0.027386 0.003751 -0.008119  -0.000002 -0.707101 -0.707113  0.443106 0.140049 0
mount_casv_vltor_picatinny_rail_sections_LOD0
0  0.024875 0.006248 0.010617  0.000000 -0.707106 0.707107  0.867407 0.168228 0
0  0.022625 0.006248 0.010617  0.000000 -0.707106 0.707108  0.849371 0.168228 0
0  0.027386 0.003751 0.008120  0.000006 -0.707097 0.707116  0.887534 0.139925 0
mount_casv_vltor_picatinny_rail_sections_LOD0
0  0.022625 0.006248 0.010617  0.000000 -0.707106 0.707108  0.849371 0.168228 0
0  0.017375 0.006248 0.010617  0.000000 -0.707107 0.707106  0.807292 0.168228 0
0  0.027386 0.003751 0.008120  0.000006 -0.707097 0.707116  0.887534 0.139925 0
mount_casv_vltor_picatinny_rail_sections_LOD0
0  0.017375 0.006248 0.010617  0.000000 -0.707107 0.707106  0.807292 0.168228 0
0  0.012625 0.006248 0.010617  0.000060 -0.706927 0.707286  0.769220 0.168228 0
0  0.027386 0.003751 0.008120  0.000006 -0.707097 0.707116  0.887534 0.139925 0
mount_casv_vltor_picatinny_rail_sections_LOD0
0  0.012625 0.006248 0.010617  0.000060 -0.706927 0.707286  0.769220 0.168228 0
0  0.007374 0.006247 0.010617  0.000004 -0.707161 0.707052  0.727141 0.168228 0
0  0.027386 0.003751 0.008120  0.000006 -0.707097 0.707116  0.887534 0.139925 0
mount_casv_vltor_picatinny_rail_sections_LOD0
0  0.027386 0.003751 0.008120  0.000006 -0.707097 0.707116  0.887534 0.139925 0
0  0.007374 0.006247 0.010617  0.000004 -0.707161 0.707052  0.727141 0.168228 0
0  0.002624 0.006247 0.010617  0.000000 -0.707175 0.707038  0.689069 0.168228 0
mount_casv_vltor_picatinny_rail_sections_LOD0
0  -0.002626 0.006247 0.010617  0.000012 -0.707098 0.707116  0.646990 0.168228 0
0  0.027386 0.003751 0.008120  0.000006 -0.707097 0.707116  0.887534 0.139925 0
0  0.002624 0.006247 0.010617  0.000000 -0.707175 0.707038  0.689069 0.168228 0
mount_casv_vltor_picatinny_rail_sections_LOD0
0  -0.027386 0.003751 0.008121  -0.000109 -0.706877 0.707337  0.448523 0.139925 0
0  0.027386 0.003751 0.008120  0.000006 -0.707097 0.707116  0.887534 0.139925 0
0  -0.002626 0.006247 0.010617  0.000012 -0.707098 0.707116  0.646990 0.168228 0
mount_casv_vltor_picatinny_rail_sections_LOD0
0  -0.007376 0.006247 0.010617  0.000000 -0.707034 0.707179  0.608915 0.168228 0
0  -0.027386 0.003751 0.008121  -0.000109 -0.706877 0.707337  0.448523 0.139925 0
0  -0.002626 0.006247 0.010617  0.000012 -0.707098 0.707116  0.646990 0.168228 0
mount_casv_vltor_picatinny_rail_sections_LOD0
0  -0.012625 0.006247 0.010617  -0.000005 -0.707018 0.707196  0.566832 0.168228 0
0  -0.027386 0.003751 0.008121  -0.000109 -0.706877 0.707337  0.448523 0.139925 0
0  -0.007376 0.006247 0.010617  0.000000 -0.707034 0.707179  0.608915 0.168228 0
mount_casv_vltor_picatinny_rail_sections_LOD0
0  -0.017375 0.006248 0.010617  -0.000065 -0.706836 0.707378  0.528759 0.168228 0
0  -0.027386 0.003751 0.008121  -0.000109 -0.706877 0.707337  0.448523 0.139925 0
0  -0.012625 0.006247 0.010617  -0.000005 -0.707018 0.707196  0.566832 0.168228 0
mount_casv_vltor_picatinny_rail_sections_LOD0
0  -0.022625 0.006248 0.010617  -0.000063 -0.706904 0.707309  0.486680 0.168228 0
0  -0.027386 0.003751 0.008121  -0.000109 -0.706877 0.707337  0.448523 0.139925 0
0  -0.017375 0.006248 0.010617  -0.000065 -0.706836 0.707378  0.528759 0.168228 0
mount_casv_vltor_picatinny_rail_sections_LOD0
0  -0.024876 0.006248 0.010616  -0.000314 -0.706666 0.707547  0.468637 0.168228 0
0  -0.027386 0.003751 0.008121  -0.000109 -0.706877 0.707337  0.448523 0.139925 0
0  -0.022625 0.006248 0.010617  -0.000063 -0.706904 0.707309  0.486680 0.168228 0
mount_casv_vltor_picatinny_rail_sections_LOD0
0  -0.002626 0.006247 0.010617  0.000000 0.000041 1.000000  0.725451 0.955745 0
0  -0.002626 0.006753 0.010617  0.000000 0.000041 1.000000  0.725451 0.959799 0
0  -0.007376 0.006753 0.010617  0.000000 0.000041 1.000000  0.687380 0.959799 0
mount_casv_vltor_picatinny_rail_sections_LOD0
0  -0.007376 0.006247 0.010617  0.000000 0.000041 1.000000  0.687380 0.955745 0
0  -0.002626 0.006247 0.010617  0.000000 0.000041 1.000000  0.725451 0.955745 0
0  -0.007376 0.006753 0.010617  0.000000 0.000041 1.000000  0.687380 0.959799 0
mount_casv_vltor_picatinny_rail_sections_LOD0
0  -0.002626 0.009250 0.008120  0.000000 0.707111 0.707103  0.098958 0.302946 0
0  -0.007376 0.009250 0.008120  0.000000 0.707110 0.707103  0.098958 0.341017 0
0  -0.007376 0.006753 0.010617  0.000000 0.707111 0.707103  0.070654 0.341017 0
mount_casv_vltor_picatinny_rail_sections_LOD0
0  -0.002626 0.006753 0.010617  0.000000 0.707111 0.707103  0.070654 0.302946 0
0  -0.002626 0.009250 0.008120  0.000000 0.707111 0.707103  0.098958 0.302946 0
0  -0.007376 0.006753 0.010617  0.000000 0.707111 0.707103  0.070654 0.341017 0
mount_casv_vltor_picatinny_rail_sections_LOD0
0  0.007374 0.006247 0.010617  0.000117 -0.000856 1.000000  0.667692 0.979348 0
0  0.007373 0.006753 0.010617  0.000101 -0.001008 1.000000  0.667692 0.983401 0
0  0.002623 0.006753 0.010618  0.000095 -0.001038 0.999999  0.629621 0.983401 0
mount_casv_vltor_picatinny_rail_sections_LOD0
0  0.002624 0.006247 0.010617  0.000096 -0.001029 0.999999  0.629621 0.979348 0
0  0.007374 0.006247 0.010617  0.000117 -0.000856 1.000000  0.667692 0.979348 0
0  0.002623 0.006753 0.010618  0.000095 -0.001038 0.999999  0.629621 0.983401 0
mount_casv_vltor_picatinny_rail_sections_LOD0
0  0.007373 0.009250 0.008121  0.000088 0.707025 0.707189  0.800956 0.815731 0
0  0.002623 0.009250 0.008121  0.000000 0.707109 0.707104  0.762884 0.815731 0
0  0.002623 0.006753 0.010618  0.000061 0.707051 0.707162  0.762884 0.787430 0
mount_casv_vltor_picatinny_rail_sections_LOD0
0  0.007373 0.006753 0.010617  -0.000061 0.707346 0.706868  0.800956 0.787430 0
0  0.007373 0.009250 0.008121  0.000088 0.707025 0.707189  0.800956 0.815731 0
0  0.002623 0.006753 0.010618  0.000061 0.707051 0.707162  0.762884 0.787430 0
mount_casv_vltor_picatinny_rail_sections_LOD0
0  -0.002626 0.006247 -0.010615  0.000000 1.000000 -0.000001  0.309187 0.347432 0
0  -0.002626 0.006247 0.010617  0.000000 1.000000 -0.000001  0.139009 0.347432 0
0  0.002624 0.006247 0.010617  0.000000 1.000000 -0.000001  0.139009 0.305361 0
mount_casv_vltor_picatinny_rail_sections_LOD0
0  0.002624 0.006247 -0.010615  0.000000 1.000000 -0.000001  0.309187 0.305361 0
0  -0.002626 0.006247 -0.010615  0.000000 1.000000 -0.000001  0.309187 0.347432 0
0  0.002624 0.006247 0.010617  0.000000 1.000000 -0.000001  0.139009 0.305361 0
mount_casv_vltor_picatinny_rail_sections_LOD0
0  -0.002626 0.006753 -0.010615  -0.000000 0.000932 -1.000000  0.773457 0.933706 0
0  -0.002626 0.006247 -0.010615  -0.000000 0.000932 -1.000000  0.773457 0.929652 0
0  -0.007376 0.006247 -0.010615  -0.000000 0.000932 -1.000000  0.811530 0.929652 0
mount_casv_vltor_picatinny_rail_sections_LOD0
0  -0.007376 0.006753 -0.010615  0.000000 0.000932 -1.000000  0.811530 0.933706 0
0  -0.002626 0.006753 -0.010615  -0.000000 0.000932 -1.000000  0.773457 0.933706 0
0  -0.007376 0.006247 -0.010615  -0.000000 0.000932 -1.000000  0.811530 0.929652 0
mount_casv_vltor_picatinny_rail_sections_LOD0
0  -0.002626 0.009250 -0.008118  -0.000000 0.707110 -0.707103  0.607981 0.857219 0
0  -0.002626 0.006753 -0.010615  -0.000000 0.707111 -0.707103  0.607981 0.828916 0
0  -0.007376 0.006753 -0.010615  -0.000000 0.707110 -0.707103  0.646052 0.828916 0
mount_casv_vltor_picatinny_rail_sections_LOD0
0  -0.007376 0.009250 -0.008118  0.000000 0.707110 -0.707104  0.646052 0.857219 0
0  -0.002626 0.009250 -0.008118  -0.000000 0.707110 -0.707103  0.607981 0.857219 0
0  -0.007376 0.006753 -0.010615  -0.000000 0.707110 -0.707103  0.646052 0.828916 0
mount_casv_vltor_picatinny_rail_sections_LOD0
0  -0.002626 0.006247 -0.010615  1.000000 0.000041 -0.000033  0.944100 0.506638 0
0  -0.002626 0.006753 -0.010615  1.000000 0.000076 -0.000075  0.948155 0.506637 0
0  -0.002626 0.009250 -0.008118  1.000000 0.000015 -0.000003  0.968168 0.526653 0
mount_casv_vltor_picatinny_rail_sections_LOD0
0  -0.002626 0.009250 -0.008118  1.000000 0.000015 -0.000003  0.968168 0.526653 0
0  -0.002626 0.009250 0.008120  1.000000 0.000015 0.000003  0.968168 0.656803 0
0  -0.002626 0.006247 -0.010615  1.000000 0.000041 -0.000033  0.944100 0.506638 0
mount_casv_vltor_picatinny_rail_sections_LOD0
0  -0.002626 0.009250 0.008120  1.000000 0.000015 0.000003  0.968168 0.656803 0
0  -0.002626 0.006247 0.010617  1.000000 0.000041 0.000033  0.944099 0.676817 0
0  -0.002626 0.006247 -0.010615  1.000000 0.000041 -0.000033  0.944100 0.506638 0
mount_casv_vltor_picatinny_rail_sections_LOD0
0  -0.002626 0.006753 0.010617  1.000000 0.000076 0.000075  0.948154 0.676817 0
0  -0.002626 0.006247 0.010617  1.000000 0.000041 0.000033  0.944099 0.676817 0
0  -0.002626 0.009250 0.008120  1.000000 0.000015 0.000003  0.968168 0.656803 0
mount_casv_vltor_picatinny_rail_sections_LOD0
0  -0.007376 0.009250 0.008120  -0.000000 1.000000 -0.000000  0.542147 0.795324 0
0  -0.002626 0.009250 0.008120  -0.000000 1.000000 -0.000000  0.542147 0.757252 0
0  -0.002626 0.009250 -0.008118  -0.000000 1.000000 -0.000000  0.672298 0.757252 0
mount_casv_vltor_picatinny_rail_sections_LOD0
0  -0.007376 0.009250 -0.008118  -0.000000 1.000000 -0.000000  0.672298 0.795324 0
0  -0.007376 0.009250 0.008120  -0.000000 1.000000 -0.000000  0.542147 0.795324 0
0  -0.002626 0.009250 -0.008118  -0.000000 1.000000 -0.000000  0.672298 0.757252 0
mount_casv_vltor_picatinny_rail_sections_LOD0
0  0.007373 0.006753 -0.010615  -0.000000 0.000932 -1.000000  0.629668 0.975102 0
0  0.007374 0.006247 -0.010615  0.000000 0.000932 -1.000000  0.629668 0.971048 0
0  0.002624 0.006247 -0.010615  -0.000000 0.000932 -1.000000  0.667739 0.971048 0
mount_casv_vltor_picatinny_rail_sections_LOD0
0  0.002623 0.006753 -0.010615  -0.000000 0.000932 -1.000000  0.667739 0.975102 0
0  0.007373 0.006753 -0.010615  -0.000000 0.000932 -1.000000  0.629668 0.975102 0
0  0.002624 0.006247 -0.010615  -0.000000 0.000932 -1.000000  0.667739 0.971048 0
mount_casv_vltor_picatinny_rail_sections_LOD0
0  0.007373 0.009250 -0.008118  -0.000000 0.707110 -0.707103  0.467114 0.922386 0
0  0.007373 0.006753 -0.010615  0.000000 0.707110 -0.707103  0.467114 0.894083 0
0  0.002623 0.006753 -0.010615  -0.000000 0.707110 -0.707103  0.505184 0.894083 0
mount_casv_vltor_picatinny_rail_sections_LOD0
0  0.002623 0.009250 -0.008118  -0.000000 0.707110 -0.707103  0.505184 0.922386 0
0  0.007373 0.009250 -0.008118  -0.000000 0.707110 -0.707103  0.467114 0.922386 0
0  0.002623 0.006753 -0.010615  -0.000000 0.707110 -0.707103  0.505184 0.894083 0
mount_casv_vltor_picatinny_rail_sections_LOD0
0  0.007374 0.006247 -0.010615  1.000000 0.000525 -0.000434  0.939564 0.062362 0
0  0.007373 0.006753 -0.010615  0.999999 0.000981 -0.000982  0.939564 0.066418 0
0  0.007373 0.009250 -0.008118  1.000000 0.000197 -0.000038  0.919549 0.086431 0
mount_casv_vltor_picatinny_rail_sections_LOD0
0  0.007373 0.009250 -0.008118  1.000000 0.000197 -0.000038  0.919549 0.086431 0
0  0.007373 0.009250 0.008121  1.000000 0.000197 0.000038  0.789391 0.086431 0
0  0.007374 0.006247 -0.010615  1.000000 0.000525 -0.000434  0.939564 0.062362 0
mount_casv_vltor_picatinny_rail_sections_LOD0
0  0.007373 0.009250 0.008121  1.000000 0.000197 0.000038  0.789391 0.086431 0
0  0.007374 0.006247 0.010617  1.000000 0.000527 0.000433  0.769384 0.062362 0
0  0.007374 0.006247 -0.010615  1.000000 0.000525 -0.000434  0.939564 0.062362 0
mount_casv_vltor_picatinny_rail_sections_LOD0
0  0.007373 0.006753 0.010617  0.999999 0.000983 0.000981  0.769384 0.066418 0
0  0.007374 0.006247 0.010617  1.000000 0.000527 0.000433  0.769384 0.062362 0
0  0.007373 0.009250 0.008121  1.000000 0.000197 0.000038  0.789391 0.086431 0
mount_casv_vltor_picatinny_rail_sections_LOD0
0  0.002623 0.009250 0.008121  -0.000000 1.000000 -0.000001  0.958117 0.841620 0
0  0.007373 0.009250 0.008121  -0.000000 1.000000 -0.000001  0.996187 0.841620 0
0  0.007373 0.009250 -0.008118  -0.000000 1.000000 -0.000001  0.996187 0.971778 0
mount_casv_vltor_picatinny_rail_sections_LOD0
0  0.002623 0.009250 -0.008118  -0.000000 1.000000 -0.000001  0.958117 0.971778 0
0  0.002623 0.009250 0.008121  -0.000000 1.000000 -0.000001  0.958117 0.841620 0
0  0.007373 0.009250 -0.008118  -0.000000 1.000000 -0.000001  0.996187 0.971778 0
mount_casv_vltor_picatinny_rail_sections_LOD0
0  -0.007376 0.006247 0.010617  -0.000000 1.000000 -0.000001  0.765042 0.389478 0
0  -0.007376 0.006247 -0.010615  -0.000000 1.000000 -0.000001  0.935219 0.389478 0
0  -0.012625 0.006247 -0.010615  -0.000000 1.000000 -0.000001  0.935219 0.431550 0
mount_casv_vltor_picatinny_rail_sections_LOD0
0  -0.012625 0.006247 0.010617  -0.000000 1.000000 -0.000001  0.765042 0.431550 0
0  -0.007376 0.006247 0.010617  -0.000000 1.000000 -0.000001  0.765042 0.389478 0
0  -0.012625 0.006247 -0.010615  -0.000000 1.000000 -0.000001  0.935219 0.431550 0
mount_casv_vltor_picatinny_rail_sections_LOD0
0  -0.007376 0.006753 0.010617  -1.000000 0.000000 0.000000  0.938934 0.008524 0
0  -0.007376 0.009250 0.008120  -1.000000 -0.000000 0.000000  0.918919 0.028537 0
0  -0.007376 0.006247 0.010617  -1.000000 0.000000 0.000000  0.938934 0.004469 0
mount_casv_vltor_picatinny_rail_sections_LOD0
0  -0.007376 0.006247 0.010617  -1.000000 0.000000 0.000000  0.938934 0.004469 0
0  -0.007376 0.009250 0.008120  -1.000000 -0.000000 0.000000  0.918919 0.028537 0
0  -0.007376 0.006247 -0.010615  -1.000000 -0.000000 0.000000  0.768754 0.004469 0
mount_casv_vltor_picatinny_rail_sections_LOD0
0  -0.007376 0.009250 0.008120  -1.000000 -0.000000 0.000000  0.918919 0.028537 0
0  -0.007376 0.009250 -0.008118  -1.000000 -0.000000 0.000000  0.788769 0.028538 0
0  -0.007376 0.006247 -0.010615  -1.000000 -0.000000 0.000000  0.768754 0.004469 0
mount_casv_vltor_picatinny_rail_sections_LOD0
0  -0.007376 0.006753 -0.010615  -1.000000 0.000000 0.000000  0.768754 0.008524 0
0  -0.007376 0.006247 -0.010615  -1.000000 -0.000000 0.000000  0.768754 0.004469 0
0  -0.007376 0.009250 -0.008118  -1.000000 -0.000000 0.000000  0.788769 0.028538 0
mount_casv_vltor_picatinny_rail_sections_LOD0
0  0.002623 0.006753 0.010618  -0.999999 -0.001054 -0.001054  0.991921 0.669638 0
0  0.002623 0.009250 0.008121  -1.000000 -0.000212 -0.000041  0.971909 0.649623 0
0  0.002624 0.006247 0.010617  -1.000000 -0.000565 -0.000466  0.995977 0.669630 0
mount_casv_vltor_picatinny_rail_sections_LOD0
0  0.002624 0.006247 0.010617  -1.000000 -0.000565 -0.000466  0.995977 0.669630 0
0  0.002623 0.009250 0.008121  -1.000000 -0.000212 -0.000041  0.971909 0.649623 0
0  0.002624 0.006247 -0.010615  -1.000000 -0.000566 0.000467  0.995978 0.499450 0
mount_casv_vltor_picatinny_rail_sections_LOD0
0  0.002623 0.009250 0.008121  -1.000000 -0.000212 -0.000041  0.971909 0.649623 0
0  0.002623 0.009250 -0.008118  -1.000000 -0.000212 0.000041  0.971909 0.519464 0
0  0.002624 0.006247 -0.010615  -1.000000 -0.000566 0.000467  0.995978 0.499450 0
mount_casv_vltor_picatinny_rail_sections_LOD0
0  0.002623 0.006753 -0.010615  -0.999999 -0.001057 0.001057  0.991923 0.499450 0
0  0.002624 0.006247 -0.010615  -1.000000 -0.000566 0.000467  0.995978 0.499450 0
0  0.002623 0.009250 -0.008118  -1.000000 -0.000212 0.000041  0.971909 0.519464 0
mount_casv_vltor_picatinny_rail_sections_LOD0
0  -0.019441 -0.003782 0.001150  0.246002 -0.772080 0.585983  0.624550 0.498496 0
0  -0.019334 -0.003040 0.001443  0.349795 -0.387218 0.853056  0.624550 0.494062 0
0  -0.020492 -0.003782 0.001150  -0.246011 -0.772054 0.586013  0.631012 0.498496 0
mount_casv_vltor_picatinny_rail_sections_LOD0
0  -0.019334 -0.003040 0.001443  0.349795 -0.387218 0.853056  0.624550 0.494062 0
0  -0.020599 -0.003040 0.001443  -0.349811 -0.386977 0.853160  0.631012 0.494062 0
0  -0.020492 -0.003782 0.001150  -0.246011 -0.772054 0.586013  0.631012 0.498496 0
mount_casv_vltor_picatinny_rail_sections_LOD0
0  -0.021236 -0.003782 0.000407  -0.598677 -0.764189 0.240002  0.637472 0.498496 0
0  -0.020492 -0.003782 0.001150  -0.246011 -0.772054 0.586013  0.631012 0.498496 0
0  -0.020599 -0.003040 0.001443  -0.349811 -0.386977 0.853160  0.631012 0.494062 0
mount_casv_vltor_picatinny_rail_sections_LOD0
0  -0.021493 -0.003040 0.000548  -0.856829 -0.365822 0.363343  0.637472 0.494062 0
0  -0.021236 -0.003782 0.000407  -0.598677 -0.764189 0.240002  0.637472 0.498496 0
0  -0.020599 -0.003040 0.001443  -0.349811 -0.386977 0.853160  0.631012 0.494062 0
mount_casv_vltor_picatinny_rail_sections_LOD0
0  -0.021236 -0.003782 -0.000645  -0.604529 -0.753445 -0.258583  0.643932 0.498496 0
0  -0.021236 -0.003782 0.000407  -0.598677 -0.764189 0.240002  0.637472 0.498496 0
0  -0.021493 -0.003040 0.000548  -0.856829 -0.365822 0.363343  0.637472 0.494062 0
mount_casv_vltor_picatinny_rail_sections_LOD0
0  -0.021493 -0.003040 -0.000716  -0.873193 -0.336526 -0.352541  0.643932 0.494062 0
0  -0.021236 -0.003782 -0.000645  -0.604529 -0.753445 -0.258583  0.643932 0.498496 0
0  -0.021493 -0.003040 0.000548  -0.856829 -0.365822 0.363343  0.637472 0.494062 0
mount_casv_vltor_picatinny_rail_sections_LOD0
0  -0.020492 -0.003782 -0.001388  -0.251956 -0.746167 -0.616241  0.650392 0.498496 0
0  -0.021236 -0.003782 -0.000645  -0.604529 -0.753445 -0.258583  0.643932 0.498496 0
0  -0.021493 -0.003040 -0.000716  -0.873193 -0.336526 -0.352541  0.643932 0.494062 0
mount_casv_vltor_picatinny_rail_sections_LOD0
0  -0.020599 -0.003040 -0.001611  -0.366507 -0.315605 -0.875252  0.650392 0.494062 0
0  -0.020492 -0.003782 -0.001388  -0.251956 -0.746167 -0.616241  0.650392 0.498496 0
0  -0.021493 -0.003040 -0.000716  -0.873193 -0.336526 -0.352541  0.643932 0.494062 0
mount_casv_vltor_picatinny_rail_sections_LOD0
0  -0.019441 -0.003782 -0.001388  0.251988 -0.746134 -0.616268  0.656852 0.498496 0
0  -0.020492 -0.003782 -0.001388  -0.251956 -0.746167 -0.616241  0.650392 0.498496 0
0  -0.020599 -0.003040 -0.001611  -0.366507 -0.315605 -0.875252  0.650392 0.494062 0
mount_casv_vltor_picatinny_rail_sections_LOD0
0  -0.019334 -0.003040 -0.001611  0.366527 -0.315724 -0.875200  0.656852 0.494062 0
0  -0.019441 -0.003782 -0.001388  0.251988 -0.746134 -0.616268  0.656852 0.498496 0
0  -0.020599 -0.003040 -0.001611  -0.366507 -0.315605 -0.875252  0.650392 0.494062 0
mount_casv_vltor_picatinny_rail_sections_LOD0
0  -0.018698 -0.003782 -0.000645  0.604037 -0.753942 -0.258285  0.663310 0.498496 0
0  -0.019441 -0.003782 -0.001388  0.251988 -0.746134 -0.616268  0.656852 0.498496 0
0  -0.019334 -0.003040 -0.001611  0.366527 -0.315724 -0.875200  0.656852 0.494062 0
mount_casv_vltor_picatinny_rail_sections_LOD0
0  -0.018440 -0.003040 -0.000716  0.873090 -0.337293 -0.352061  0.663310 0.494062 0
0  -0.018698 -0.003782 -0.000645  0.604037 -0.753942 -0.258285  0.663310 0.498496 0
0  -0.019334 -0.003040 -0.001611  0.366527 -0.315724 -0.875200  0.656852 0.494062 0
mount_casv_vltor_picatinny_rail_sections_LOD0
0  -0.018698 -0.003782 0.000407  0.598128 -0.764656 0.239885  0.669772 0.498496 0
0  -0.018698 -0.003782 -0.000645  0.604037 -0.753942 -0.258285  0.663310 0.498496 0
0  -0.018440 -0.003040 -0.000716  0.873090 -0.337293 -0.352061  0.663310 0.494062 0
mount_casv_vltor_picatinny_rail_sections_LOD0
0  -0.018440 -0.003040 0.000548  0.856497 -0.366847 0.363092  0.669772 0.494062 0
0  -0.018698 -0.003782 0.000407  0.598128 -0.764656 0.239885  0.669772 0.498496 0
0  -0.018440 -0.003040 -0.000716  0.873090 -0.337293 -0.352061  0.663310 0.494062 0
mount_casv_vltor_picatinny_rail_sections_LOD0
0  -0.018698 -0.003782 0.000407  0.598128 -0.764656 0.239885  0.669772 0.498496 0
0  -0.018440 -0.003040 0.000548  0.856497 -0.366847 0.363092  0.669772 0.494062 0
0  -0.019334 -0.003040 0.001443  0.349953 -0.387210 0.852995  0.676230 0.494062 0
mount_casv_vltor_picatinny_rail_sections_LOD0
0  -0.019441 -0.003782 0.001150  0.245989 -0.772073 0.585997  0.676230 0.498496 0
0  -0.018698 -0.003782 0.000407  0.598128 -0.764656 0.239885  0.669772 0.498496 0
0  -0.019334 -0.003040 0.001443  0.349953 -0.387210 0.852995  0.676230 0.494062 0
mount_casv_vltor_picatinny_rail_sections_LOD0
0  -0.019334 -0.003040 0.001443  0.382960 0.000019 0.923765  0.946968 0.139566 0
0  -0.019334 0.000006 0.001443  0.382960 -0.000018 0.923765  0.929877 0.139566 0
0  -0.020599 -0.003040 0.001443  -0.382949 -0.000000 0.923770  0.946968 0.132468 0
mount_casv_vltor_picatinny_rail_sections_LOD0
0  -0.019334 0.000006 0.001443  0.382960 -0.000018 0.923765  0.929877 0.139566 0
0  -0.020599 0.000006 0.001443  -0.382928 -0.000000 0.923778  0.929877 0.132468 0
0  -0.020599 -0.003040 0.001443  -0.382949 -0.000000 0.923770  0.946968 0.132468 0
mount_casv_vltor_picatinny_rail_sections_LOD0
0  -0.021493 -0.003040 0.000548  -0.923985 0.000000 0.382428  0.946968 0.125372 0
0  -0.020599 -0.003040 0.001443  -0.382949 -0.000000 0.923770  0.946968 0.132468 0
0  -0.020599 0.000006 0.001443  -0.382928 -0.000000 0.923778  0.929877 0.132468 0
mount_casv_vltor_picatinny_rail_sections_LOD0
0  -0.021493 0.000006 0.000548  -0.923984 -0.000001 0.382430  0.929877 0.125370 0
0  -0.021493 -0.003040 0.000548  -0.923985 0.000000 0.382428  0.946968 0.125372 0
0  -0.020599 0.000006 0.001443  -0.382928 -0.000000 0.923778  0.929877 0.132468 0
mount_casv_vltor_picatinny_rail_sections_LOD0
0  -0.021493 -0.003040 0.000548  -0.923985 0.000000 0.382428  0.946968 0.125372 0
0  -0.021493 0.000006 0.000548  -0.923984 -0.000001 0.382430  0.929877 0.125370 0
0  -0.021493 0.000006 -0.000716  -0.923986 -0.000000 -0.382426  0.929877 0.118278 0
mount_casv_vltor_picatinny_rail_sections_LOD0
0  -0.021493 -0.003040 -0.000716  -0.923985 0.000002 -0.382429  0.946968 0.118278 0
0  -0.021493 -0.003040 0.000548  -0.923985 0.000000 0.382428  0.946968 0.125372 0
0  -0.021493 0.000006 -0.000716  -0.923986 -0.000000 -0.382426  0.929877 0.118278 0
mount_casv_vltor_picatinny_rail_sections_LOD0
0  -0.021493 -0.003040 -0.000716  -0.923985 0.000002 -0.382429  0.946968 0.118278 0
0  -0.021493 0.000006 -0.000716  -0.923986 -0.000000 -0.382426  0.929877 0.118278 0
0  -0.020599 -0.003040 -0.001611  -0.382930 -0.000001 -0.923777  0.946968 0.111182 0
mount_casv_vltor_picatinny_rail_sections_LOD0
0  -0.021493 0.000006 -0.000716  -0.923986 -0.000000 -0.382426  0.929877 0.118278 0
0  -0.020599 0.000006 -0.001611  -0.382951 -0.000002 -0.923769  0.929877 0.111182 0
0  -0.020599 -0.003040 -0.001611  -0.382930 -0.000001 -0.923777  0.946968 0.111182 0
mount_casv_vltor_picatinny_rail_sections_LOD0
0  -0.020599 -0.003040 -0.001611  -0.382930 -0.000001 -0.923777  0.946968 0.111182 0
0  -0.020599 0.000006 -0.001611  -0.382951 -0.000002 -0.923769  0.929877 0.111182 0
0  -0.019334 -0.003040 -0.001611  0.382948 -0.000002 -0.923770  0.946968 0.104087 0
mount_casv_vltor_picatinny_rail_sections_LOD0
0  -0.020599 0.000006 -0.001611  -0.382951 -0.000002 -0.923769  0.929877 0.111182 0
0  -0.019334 0.000006 -0.001611  0.382932 -0.000001 -0.923777  0.929877 0.104087 0
0  -0.019334 -0.003040 -0.001611  0.382948 -0.000002 -0.923770  0.946968 0.104087 0
mount_casv_vltor_picatinny_rail_sections_LOD0
0  -0.019334 -0.003040 -0.001611  0.382948 -0.000002 -0.923770  0.946968 0.104087 0
0  -0.019334 0.000006 -0.001611  0.382932 -0.000001 -0.923777  0.929877 0.104087 0
0  -0.018440 -0.003040 -0.000716  0.923989 -0.000001 -0.382419  0.946968 0.096988 0
mount_casv_vltor_picatinny_rail_sections_LOD0
0  -0.019334 0.000006 -0.001611  0.382932 -0.000001 -0.923777  0.929877 0.104087 0
0  -0.018440 0.000006 -0.000716  0.923983 0.000001 -0.382434  0.929877 0.096988 0
0  -0.018440 -0.003040 -0.000716  0.923989 -0.000001 -0.382419  0.946968 0.096988 0
mount_casv_vltor_picatinny_rail_sections_LOD0
0  -0.018440 -0.003040 -0.000716  0.923989 -0.000001 -0.382419  0.946968 0.096988 0
0  -0.018440 0.000006 -0.000716  0.923983 0.000001 -0.382434  0.929877 0.096988 0
0  -0.018440 -0.003040 0.000548  0.923982 -0.000001 0.382436  0.946968 0.089897 0
mount_casv_vltor_picatinny_rail_sections_LOD0
0  -0.018440 0.000006 -0.000716  0.923983 0.000001 -0.382434  0.929877 0.096988 0
0  -0.018440 0.000006 0.000548  0.923989 -0.000000 0.382420  0.929877 0.089897 0
0  -0.018440 -0.003040 0.000548  0.923982 -0.000001 0.382436  0.946968 0.089897 0
mount_casv_vltor_picatinny_rail_sections_LOD0
0  -0.018440 -0.003040 0.000548  0.923982 -0.000001 0.382436  0.946968 0.089897 0
0  -0.018440 0.000006 0.000548  0.923989 -0.000000 0.382420  0.929877 0.089897 0
0  -0.019334 -0.003040 0.001443  0.383094 0.000018 0.923709  0.946968 0.082801 0
mount_casv_vltor_picatinny_rail_sections_LOD0
0  -0.018440 0.000006 0.000548  0.923989 -0.000000 0.382420  0.929877 0.089897 0
0  -0.019334 0.000006 0.001443  0.383092 -0.000018 0.923710  0.929877 0.082801 0
0  -0.019334 -0.003040 0.001443  0.383094 0.000018 0.923709  0.946968 0.082801 0
mount_casv_vltor_picatinny_rail_sections_LOD0
0  -0.021236 -0.003782 0.000407  -0.598720 -0.764127 0.240093  0.006345 0.889703 0
0  -0.019441 -0.003782 0.001150  0.246045 -0.771995 0.586077  0.017246 0.889698 0
0  -0.020492 -0.003782 0.001150  -0.246022 -0.772003 0.586075  0.011797 0.891954 0
mount_casv_vltor_picatinny_rail_sections_LOD0
0  -0.019441 -0.003782 0.001150  0.246045 -0.771995 0.586077  0.017246 0.889698 0
0  -0.021236 -0.003782 0.000407  -0.598720 -0.764127 0.240093  0.006345 0.889703 0
0  -0.021236 -0.003782 -0.000645  -0.604606 -0.753392 -0.258556  0.004088 0.884246 0
mount_casv_vltor_picatinny_rail_sections_LOD0
0  -0.018698 -0.003782 0.000407  0.598210 -0.764598 0.239863  0.019501 0.884252 0
0  -0.019441 -0.003782 0.001150  0.246045 -0.771995 0.586077  0.017246 0.889698 0
0  -0.021236 -0.003782 -0.000645  -0.604606 -0.753392 -0.258556  0.004088 0.884246 0
mount_casv_vltor_picatinny_rail_sections_LOD0
0  -0.018698 -0.003782 0.000407  0.598210 -0.764598 0.239863  0.019501 0.884252 0
0  -0.021236 -0.003782 -0.000645  -0.604606 -0.753392 -0.258556  0.004088 0.884246 0
0  -0.020492 -0.003782 -0.001388  -0.251984 -0.746098 -0.616313  0.006348 0.878798 0
mount_casv_vltor_picatinny_rail_sections_LOD0
0  -0.018698 -0.003782 -0.000645  0.604088 -0.753872 -0.258370  0.017241 0.878798 0
0  -0.018698 -0.003782 0.000407  0.598210 -0.764598 0.239863  0.019501 0.884252 0
0  -0.020492 -0.003782 -0.001388  -0.251984 -0.746098 -0.616313  0.006348 0.878798 0
mount_casv_vltor_picatinny_rail_sections_LOD0
0  -0.019441 -0.003782 -0.001388  0.251951 -0.746091 -0.616336  0.011795 0.876543 0
0  -0.018698 -0.003782 -0.000645  0.604088 -0.753872 -0.258370  0.017241 0.878798 0
0  -0.020492 -0.003782 -0.001388  -0.251984 -0.746098 -0.616313  0.006348 0.878798 0
mount_casv_vltor_picatinny_rail_sections_LOD0
0  0.020552 -0.003782 0.001150  0.246001 -0.772078 0.585985  0.953348 0.086294 0
0  0.020659 -0.003040 0.001443  0.349796 -0.387218 0.853057  0.957782 0.086294 0
0  0.019501 -0.003782 0.001150  -0.246010 -0.772054 0.586013  0.953348 0.092756 0
mount_casv_vltor_picatinny_rail_sections_LOD0
0  0.020659 -0.003040 0.001443  0.349796 -0.387218 0.853057  0.957782 0.086294 0
0  0.019394 -0.003040 0.001443  -0.349811 -0.386979 0.853159  0.957782 0.092756 0
0  0.019501 -0.003782 0.001150  -0.246010 -0.772054 0.586013  0.953348 0.092756 0
mount_casv_vltor_picatinny_rail_sections_LOD0
0  0.018757 -0.003782 0.000407  -0.598631 -0.764190 0.240115  0.953348 0.099217 0
0  0.019501 -0.003782 0.001150  -0.246010 -0.772054 0.586013  0.953348 0.092756 0
0  0.019394 -0.003040 0.001443  -0.349811 -0.386979 0.853159  0.957782 0.092756 0
mount_casv_vltor_picatinny_rail_sections_LOD0
0  0.018500 -0.003040 0.000548  -0.856662 -0.366080 0.363476  0.957782 0.099217 0
0  0.018757 -0.003782 0.000407  -0.598631 -0.764190 0.240115  0.953348 0.099217 0
0  0.019394 -0.003040 0.001443  -0.349811 -0.386979 0.853159  0.957782 0.092756 0
mount_casv_vltor_picatinny_rail_sections_LOD0
0  0.018757 -0.003782 -0.000645  -0.604531 -0.753443 -0.258584  0.953348 0.105676 0
0  0.018757 -0.003782 0.000407  -0.598631 -0.764190 0.240115  0.953348 0.099217 0
0  0.018500 -0.003040 0.000548  -0.856662 -0.366080 0.363476  0.957782 0.099217 0
mount_casv_vltor_picatinny_rail_sections_LOD0
0  0.018500 -0.003040 -0.000716  -0.873193 -0.336526 -0.352541  0.957782 0.105676 0
0  0.018757 -0.003782 -0.000645  -0.604531 -0.753443 -0.258584  0.953348 0.105676 0
0  0.018500 -0.003040 0.000548  -0.856662 -0.366080 0.363476  0.957782 0.099217 0
mount_casv_vltor_picatinny_rail_sections_LOD0
0  0.019501 -0.003782 -0.001388  -0.251972 -0.746130 -0.616279  0.953348 0.112136 0
0  0.018757 -0.003782 -0.000645  -0.604531 -0.753443 -0.258584  0.953348 0.105676 0
0  0.018500 -0.003040 -0.000716  -0.873193 -0.336526 -0.352541  0.957782 0.105676 0
mount_casv_vltor_picatinny_rail_sections_LOD0
0  0.019394 -0.003040 -0.001611  -0.366508 -0.315607 -0.875251  0.957782 0.112136 0
0  0.019501 -0.003782 -0.001388  -0.251972 -0.746130 -0.616279  0.953348 0.112136 0
0  0.018500 -0.003040 -0.000716  -0.873193 -0.336526 -0.352541  0.957782 0.105676 0
mount_casv_vltor_picatinny_rail_sections_LOD0
0  0.020552 -0.003782 -0.001388  0.251987 -0.746135 -0.616267  0.953348 0.118596 0
0  0.019501 -0.003782 -0.001388  -0.251972 -0.746130 -0.616279  0.953348 0.112136 0
0  0.019394 -0.003040 -0.001611  -0.366508 -0.315607 -0.875251  0.957782 0.112136 0
mount_casv_vltor_picatinny_rail_sections_LOD0
0  0.020659 -0.003040 -0.001611  0.366527 -0.315725 -0.875200  0.957782 0.118596 0
0  0.020552 -0.003782 -0.001388  0.251987 -0.746135 -0.616267  0.953348 0.118596 0
0  0.019394 -0.003040 -0.001611  -0.366508 -0.315607 -0.875251  0.957782 0.112136 0
mount_casv_vltor_picatinny_rail_sections_LOD0
0  0.021295 -0.003782 -0.000645  0.604038 -0.753941 -0.258285  0.953348 0.125054 0
0  0.020552 -0.003782 -0.001388  0.251987 -0.746135 -0.616267  0.953348 0.118596 0
0  0.020659 -0.003040 -0.001611  0.366527 -0.315725 -0.875200  0.957782 0.118596 0
mount_casv_vltor_picatinny_rail_sections_LOD0
0  0.021553 -0.003040 -0.000716  0.873089 -0.337295 -0.352062  0.957782 0.125054 0
0  0.021295 -0.003782 -0.000645  0.604038 -0.753941 -0.258285  0.953348 0.125054 0
0  0.020659 -0.003040 -0.001611  0.366527 -0.315725 -0.875200  0.957782 0.118596 0
mount_casv_vltor_picatinny_rail_sections_LOD0
0  0.021295 -0.003782 0.000407  0.598124 -0.764658 0.239885  0.953348 0.131516 0
0  0.021295 -0.003782 -0.000645  0.604038 -0.753941 -0.258285  0.953348 0.125054 0
0  0.021553 -0.003040 -0.000716  0.873089 -0.337295 -0.352062  0.957782 0.125054 0
mount_casv_vltor_picatinny_rail_sections_LOD0
0  0.021553 -0.003040 0.000548  0.856495 -0.366852 0.363093  0.957782 0.131516 0
0  0.021295 -0.003782 0.000407  0.598124 -0.764658 0.239885  0.953348 0.131516 0
0  0.021553 -0.003040 -0.000716  0.873089 -0.337295 -0.352062  0.957782 0.125054 0
mount_casv_vltor_picatinny_rail_sections_LOD0
0  0.021295 -0.003782 0.000407  0.598124 -0.764658 0.239885  0.953348 0.131516 0
0  0.021553 -0.003040 0.000548  0.856495 -0.366852 0.363093  0.957782 0.131516 0
0  0.020659 -0.003040 0.001443  0.349952 -0.387213 0.852995  0.957782 0.137974 0
mount_casv_vltor_picatinny_rail_sections_LOD0
0  0.020552 -0.003782 0.001150  0.245983 -0.772079 0.585992  0.953348 0.137974 0
0  0.021295 -0.003782 0.000407  0.598124 -0.764658 0.239885  0.953348 0.131516 0
0  0.020659 -0.003040 0.001443  0.349952 -0.387213 0.852995  0.957782 0.137974 0
mount_casv_vltor_picatinny_rail_sections_LOD0
0  0.020659 -0.003040 0.001443  0.382960 0.000019 0.923765  0.021531 0.871020 0
0  0.020659 0.000006 0.001443  0.382960 -0.000018 0.923765  0.004440 0.871020 0
0  0.019394 -0.003040 0.001443  -0.382949 0.000000 0.923769  0.021531 0.863922 0
mount_casv_vltor_picatinny_rail_sections_LOD0
0  0.020659 0.000006 0.001443  0.382960 -0.000018 0.923765  0.004440 0.871020 0
0  0.019394 0.000006 0.001443  -0.382929 -0.000001 0.923778  0.004440 0.863922 0
0  0.019394 -0.003040 0.001443  -0.382949 0.000000 0.923769  0.021531 0.863922 0
mount_casv_vltor_picatinny_rail_sections_LOD0
0  0.018500 -0.003040 0.000548  -0.923986 -0.000000 0.382427  0.021531 0.856826 0
0  0.019394 -0.003040 0.001443  -0.382949 0.000000 0.923769  0.021531 0.863922 0
0  0.019394 0.000006 0.001443  -0.382929 -0.000001 0.923778  0.004440 0.863922 0
mount_casv_vltor_picatinny_rail_sections_LOD0
0  0.018500 0.000006 0.000548  -0.923985 -0.000002 0.382430  0.004440 0.856824 0
0  0.018500 -0.003040 0.000548  -0.923986 -0.000000 0.382427  0.021531 0.856826 0
0  0.019394 0.000006 0.001443  -0.382929 -0.000001 0.923778  0.004440 0.863922 0
mount_casv_vltor_picatinny_rail_sections_LOD0
0  0.018500 -0.003040 0.000548  -0.923986 -0.000000 0.382427  0.021531 0.856826 0
0  0.018500 0.000006 0.000548  -0.923985 -0.000002 0.382430  0.004440 0.856824 0
0  0.018500 0.000006 -0.000716  -0.923986 -0.000001 -0.382425  0.004440 0.849732 0
mount_casv_vltor_picatinny_rail_sections_LOD0
0  0.018500 -0.003040 -0.000716  -0.923985 0.000001 -0.382428  0.021531 0.849732 0
0  0.018500 -0.003040 0.000548  -0.923986 -0.000000 0.382427  0.021531 0.856826 0
0  0.018500 0.000006 -0.000716  -0.923986 -0.000001 -0.382425  0.004440 0.849732 0
mount_casv_vltor_picatinny_rail_sections_LOD0
0  0.018500 -0.003040 -0.000716  -0.923985 0.000001 -0.382428  0.021531 0.849732 0
0  0.018500 0.000006 -0.000716  -0.923986 -0.000001 -0.382425  0.004440 0.849732 0
0  0.019394 -0.003040 -0.001611  -0.382931 -0.000001 -0.923777  0.021531 0.842636 0
mount_casv_vltor_picatinny_rail_sections_LOD0
0  0.018500 0.000006 -0.000716  -0.923986 -0.000001 -0.382425  0.004440 0.849732 0
0  0.019394 0.000006 -0.001611  -0.382951 -0.000002 -0.923769  0.004440 0.842636 0
0  0.019394 -0.003040 -0.001611  -0.382931 -0.000001 -0.923777  0.021531 0.842636 0
mount_casv_vltor_picatinny_rail_sections_LOD0
0  0.019394 -0.003040 -0.001611  -0.382931 -0.000001 -0.923777  0.021531 0.842636 0
0  0.019394 0.000006 -0.001611  -0.382951 -0.000002 -0.923769  0.004440 0.842636 0
0  0.020659 -0.003040 -0.001611  0.382948 -0.000002 -0.923770  0.021531 0.835541 0
mount_casv_vltor_picatinny_rail_sections_LOD0
0  0.019394 0.000006 -0.001611  -0.382951 -0.000002 -0.923769  0.004440 0.842636 0
0  0.020659 0.000006 -0.001611  0.382931 -0.000001 -0.923777  0.004440 0.835541 0
0  0.020659 -0.003040 -0.001611  0.382948 -0.000002 -0.923770  0.021531 0.835541 0
mount_casv_vltor_picatinny_rail_sections_LOD0
0  0.020659 -0.003040 -0.001611  0.382948 -0.000002 -0.923770  0.021531 0.835541 0
0  0.020659 0.000006 -0.001611  0.382931 -0.000001 -0.923777  0.004440 0.835541 0
0  0.021553 -0.003040 -0.000716  0.923989 -0.000000 -0.382419  0.021531 0.828442 0
mount_casv_vltor_picatinny_rail_sections_LOD0
0  0.020659 0.000006 -0.001611  0.382931 -0.000001 -0.923777  0.004440 0.835541 0
0  0.021553 0.000006 -0.000716  0.923983 0.000001 -0.382434  0.004440 0.828442 0
0  0.021553 -0.003040 -0.000716  0.923989 -0.000000 -0.382419  0.021531 0.828442 0
mount_casv_vltor_picatinny_rail_sections_LOD0
0  0.021553 -0.003040 -0.000716  0.923989 -0.000000 -0.382419  0.021531 0.828442 0
0  0.021553 0.000006 -0.000716  0.923983 0.000001 -0.382434  0.004440 0.828442 0
0  0.021553 -0.003040 0.000548  0.923982 -0.000000 0.382436  0.021531 0.821351 0
mount_casv_vltor_picatinny_rail_sections_LOD0
0  0.021553 0.000006 -0.000716  0.923983 0.000001 -0.382434  0.004440 0.828442 0
0  0.021553 0.000006 0.000548  0.923988 -0.000000 0.382420  0.004440 0.821351 0
0  0.021553 -0.003040 0.000548  0.923982 -0.000000 0.382436  0.021531 0.821351 0
mount_casv_vltor_picatinny_rail_sections_LOD0
0  0.021553 -0.003040 0.000548  0.923982 -0.000000 0.382436  0.021531 0.821351 0
0  0.021553 0.000006 0.000548  0.923988 -0.000000 0.382420  0.004440 0.821351 0
0  0.020659 -0.003040 0.001443  0.383094 0.000018 0.923710  0.021531 0.814255 0
mount_casv_vltor_picatinny_rail_sections_LOD0
0  0.021553 0.000006 0.000548  0.923988 -0.000000 0.382420  0.004440 0.821351 0
0  0.020659 0.000006 0.001443  0.383091 -0.000018 0.923710  0.004440 0.814255 0
0  0.020659 -0.003040 0.001443  0.383094 0.000018 0.923710  0.021531 0.814255 0
mount_casv_vltor_picatinny_rail_sections_LOD0
0  0.018757 -0.003782 0.000407  -0.598691 -0.764127 0.240165  0.441590 0.165301 0
0  0.020552 -0.003782 0.001150  0.246044 -0.771995 0.586077  0.452491 0.165297 0
0  0.019501 -0.003782 0.001150  -0.246022 -0.772003 0.586075  0.447043 0.167553 0
mount_casv_vltor_picatinny_rail_sections_LOD0
0  0.020552 -0.003782 0.001150  0.246044 -0.771995 0.586077  0.452491 0.165297 0
0  0.018757 -0.003782 0.000407  -0.598691 -0.764127 0.240165  0.441590 0.165301 0
0  0.018757 -0.003782 -0.000645  -0.604606 -0.753392 -0.258556  0.439333 0.159845 0
mount_casv_vltor_picatinny_rail_sections_LOD0
0  0.021295 -0.003782 0.000407  0.598210 -0.764598 0.239864  0.454746 0.159851 0
0  0.020552 -0.003782 0.001150  0.246044 -0.771995 0.586077  0.452491 0.165297 0
0  0.018757 -0.003782 -0.000645  -0.604606 -0.753392 -0.258556  0.439333 0.159845 0
mount_casv_vltor_picatinny_rail_sections_LOD0
0  0.021295 -0.003782 0.000407  0.598210 -0.764598 0.239864  0.454746 0.159851 0
0  0.018757 -0.003782 -0.000645  -0.604606 -0.753392 -0.258556  0.439333 0.159845 0
0  0.019501 -0.003782 -0.001388  -0.251984 -0.746098 -0.616313  0.441593 0.154396 0
mount_casv_vltor_picatinny_rail_sections_LOD0
0  0.021295 -0.003782 -0.000645  0.604088 -0.753872 -0.258371  0.452486 0.154396 0
0  0.021295 -0.003782 0.000407  0.598210 -0.764598 0.239864  0.454746 0.159851 0
0  0.019501 -0.003782 -0.001388  -0.251984 -0.746098 -0.616313  0.441593 0.154396 0
mount_casv_vltor_picatinny_rail_sections_LOD0
0  0.020552 -0.003782 -0.001388  0.251950 -0.746092 -0.616334  0.447040 0.152141 0
0  0.021295 -0.003782 -0.000645  0.604088 -0.753872 -0.258371  0.452486 0.154396 0
0  0.019501 -0.003782 -0.001388  -0.251984 -0.746098 -0.616313  0.441593 0.154396 0
end
