version 1
nodes
0 "root" -1
end
skeleton
time 0
0 0 0 0 0 0 0
end
triangles
mount_casv_vltor_picatinny_rail_sections_LOD0
0  -0.062625 0.009251 -0.008119  0.000000 1.000000 -0.000000  0.991002 0.134718 0
0  -0.066061 0.009251 -0.008119  -0.000000 1.000000 -0.000000  0.963462 0.134718 0
0  -0.066061 0.009251 0.008119  0.000000 1.000000 -0.000000  0.963462 0.004559 0
mount_casv_vltor_picatinny_rail_sections_LOD0
0  -0.062625 0.009251 0.008121  0.000000 1.000000 -0.000000  0.991002 0.004559 0
0  -0.062625 0.009251 -0.008119  0.000000 1.000000 -0.000000  0.991002 0.134718 0
0  -0.066061 0.009251 0.008119  0.000000 1.000000 -0.000000  0.963462 0.004559 0
mount_casv_vltor_picatinny_rail_sections_LOD0
0  -0.062625 0.006754 -0.010616  -0.000000 -0.000004 -1.000000  0.783976 0.441490 0
0  -0.062620 0.006247 -0.010616  -0.000000 -0.000004 -1.000000  0.783976 0.437429 0
0  -0.064876 0.006248 -0.010616  -0.000000 -0.000004 -1.000000  0.802036 0.437429 0
mount_casv_vltor_picatinny_rail_sections_LOD0
0  -0.064876 0.006754 -0.010616  0.000000 -0.000004 -1.000000  0.802036 0.441490 0
0  -0.062625 0.006754 -0.010616  -0.000000 -0.000004 -1.000000  0.783976 0.441490 0
0  -0.064876 0.006248 -0.010616  -0.000000 -0.000004 -1.000000  0.802036 0.437429 0
mount_casv_vltor_picatinny_rail_sections_LOD0
0  -0.062625 0.006754 -0.010616  -0.000111 0.707177 -0.707037  0.716284 0.821110 0
0  -0.064876 0.006754 -0.010616  -0.000222 0.707000 -0.707214  0.734327 0.821110 0
0  -0.066723 0.008592 -0.008777  -0.000072 0.706941 -0.707273  0.749132 0.841950 0
mount_casv_vltor_picatinny_rail_sections_LOD0
0  -0.062625 0.009251 -0.008119  -0.000148 0.707030 -0.707183  0.716287 0.849412 0
0  -0.062625 0.006754 -0.010616  -0.000111 0.707177 -0.707037  0.716284 0.821110 0
0  -0.066723 0.008592 -0.008777  -0.000072 0.706941 -0.707273  0.749132 0.841950 0
mount_casv_vltor_picatinny_rail_sections_LOD0
0  -0.066061 0.009251 -0.008119  0.000000 0.706570 -0.707643  0.743826 0.849414 0
0  -0.062625 0.009251 -0.008119  -0.000148 0.707030 -0.707183  0.716287 0.849412 0
0  -0.066723 0.008592 -0.008777  -0.000072 0.706941 -0.707273  0.749132 0.841950 0
mount_casv_vltor_picatinny_rail_sections_LOD0
0  -0.067386 0.003751 -0.008119  -0.705332 0.000245 -0.708878  0.564305 0.538524 0
0  -0.067386 0.007933 -0.008118  -0.705049 0.000167 -0.709159  0.544991 0.565920 0
0  -0.066723 0.008592 -0.008777  -0.705271 0.000209 -0.708938  0.535824 0.565920 0
mount_casv_vltor_picatinny_rail_sections_LOD0
0  -0.064876 0.006248 -0.010616  -0.705468 0.000163 -0.708742  0.529580 0.538525 0
0  -0.067386 0.003751 -0.008119  -0.705332 0.000245 -0.708878  0.564305 0.538524 0
0  -0.066723 0.008592 -0.008777  -0.705271 0.000209 -0.708938  0.535824 0.565920 0
mount_casv_vltor_picatinny_rail_sections_LOD0
0  -0.064876 0.006754 -0.010616  -0.705404 0.000235 -0.708806  0.527242 0.541839 0
0  -0.064876 0.006248 -0.010616  -0.705468 0.000163 -0.708742  0.529580 0.538525 0
0  -0.066723 0.008592 -0.008777  -0.705271 0.000209 -0.708938  0.535824 0.565920 0
mount_casv_vltor_picatinny_rail_sections_LOD0
0  -0.062625 0.006754 0.010618  -0.000615 -0.001218 0.999999  0.756196 0.346204 0
0  -0.064876 0.006754 0.010616  -0.000690 -0.000888 0.999999  0.738136 0.346204 0
0  -0.064876 0.006248 0.010616  -0.000720 -0.000743 0.999999  0.738136 0.342145 0
mount_casv_vltor_picatinny_rail_sections_LOD0
0  -0.062620 0.006247 0.010617  -0.000638 -0.001118 0.999999  0.756196 0.342145 0
0  -0.062625 0.006754 0.010618  -0.000615 -0.001218 0.999999  0.756196 0.346204 0
0  -0.064876 0.006248 0.010616  -0.000720 -0.000743 0.999999  0.738136 0.342145 0
mount_casv_vltor_picatinny_rail_sections_LOD0
0  -0.062625 0.006754 0.010618  -0.000627 0.707105 0.707108  0.679942 0.859679 0
0  -0.062625 0.009251 0.008121  -0.000434 0.707061 0.707152  0.651641 0.859668 0
0  -0.064876 0.006754 0.010616  -0.000450 0.707025 0.707188  0.679937 0.841638 0
mount_casv_vltor_picatinny_rail_sections_LOD0
0  -0.062625 0.009251 0.008121  -0.000434 0.707061 0.707152  0.651641 0.859668 0
0  -0.066723 0.008592 0.008778  -0.000343 0.707092 0.707121  0.659107 0.826824 0
0  -0.064876 0.006754 0.010616  -0.000450 0.707025 0.707188  0.679937 0.841638 0
mount_casv_vltor_picatinny_rail_sections_LOD0
0  -0.066061 0.009251 0.008119  -0.000412 0.707309 0.706904  0.651635 0.832129 0
0  -0.066723 0.008592 0.008778  -0.000343 0.707092 0.707121  0.659107 0.826824 0
0  -0.062625 0.009251 0.008121  -0.000434 0.707061 0.707152  0.651641 0.859668 0
mount_casv_vltor_picatinny_rail_sections_LOD0
0  -0.067386 0.003751 0.008121  -0.705291 0.000354 0.708918  0.609669 0.894905 0
0  -0.066723 0.008592 0.008778  -0.705423 0.000418 0.708786  0.638145 0.922302 0
0  -0.067386 0.007933 0.008118  -0.705756 0.000509 0.708454  0.628973 0.922308 0
mount_casv_vltor_picatinny_rail_sections_LOD0
0  -0.064876 0.006754 0.010616  -0.705115 0.000216 0.709093  0.646722 0.898226 0
0  -0.066723 0.008592 0.008778  -0.705423 0.000418 0.708786  0.638145 0.922302 0
0  -0.067386 0.003751 0.008121  -0.705291 0.000354 0.708918  0.609669 0.894905 0
mount_casv_vltor_picatinny_rail_sections_LOD0
0  -0.064876 0.006248 0.010616  -0.705186 0.000388 0.709022  0.644385 0.894912 0
0  -0.064876 0.006754 0.010616  -0.705115 0.000216 0.709093  0.646722 0.898226 0
0  -0.067386 0.003751 0.008121  -0.705291 0.000354 0.708918  0.609669 0.894905 0
mount_casv_vltor_picatinny_rail_sections_LOD0
0  -0.067386 0.007933 -0.008118  -0.704965 0.709242 -0.000000  0.860930 0.976655 0
0  -0.067386 0.007933 0.008118  -0.704954 0.709253 -0.000000  0.991064 0.976655 0
0  -0.066723 0.008592 0.008778  -0.705229 0.708979 -0.000000  0.996353 0.984146 0
mount_casv_vltor_picatinny_rail_sections_LOD0
0  -0.066723 0.008592 -0.008777  -0.705236 0.708972 -0.000000  0.855647 0.984146 0
0  -0.067386 0.007933 -0.008118  -0.704965 0.709242 -0.000000  0.860930 0.976655 0
0  -0.066723 0.008592 0.008778  -0.705229 0.708979 -0.000000  0.996353 0.984146 0
mount_casv_vltor_picatinny_rail_sections_LOD0
0  -0.066061 0.009251 -0.008119  -0.705507 0.708703 -0.000000  0.860921 0.991635 0
0  -0.066723 0.008592 -0.008777  -0.705236 0.708972 -0.000000  0.855647 0.984146 0
0  -0.066723 0.008592 0.008778  -0.705229 0.708979 -0.000000  0.996353 0.984146 0
mount_casv_vltor_picatinny_rail_sections_LOD0
0  -0.066061 0.009251 0.008119  -0.705504 0.708706 -0.000000  0.991072 0.991635 0
0  -0.066061 0.009251 -0.008119  -0.705507 0.708703 -0.000000  0.860921 0.991635 0
0  -0.066723 0.008592 0.008778  -0.705229 0.708979 -0.000000  0.996353 0.984146 0
mount_casv_vltor_picatinny_rail_sections_LOD0
0  -0.067386 0.007933 -0.008118  -1.000000 -0.000003 0.000000  0.823489 0.926185 0
0  -0.067386 0.003751 -0.008119  -1.000000 -0.000001 0.000000  0.823489 0.892667 0
0  -0.067386 0.007933 0.008118  -1.000000 0.000005 0.000000  0.953655 0.926185 0
mount_casv_vltor_picatinny_rail_sections_LOD0
0  -0.067386 0.003751 -0.008119  -1.000000 -0.000001 0.000000  0.823489 0.892667 0
0  -0.067386 0.003751 0.008121  -1.000000 0.000003 0.000000  0.953655 0.892667 0
0  -0.067386 0.007933 0.008118  -1.000000 0.000005 0.000000  0.953655 0.926185 0
mount_casv_vltor_picatinny_rail_sections_LOD0
0  -0.067386 0.000000 0.000001  -1.000000 -0.000003 0.000000  0.888573 0.862601 0
0  -0.067386 0.003751 0.008121  -1.000000 0.000003 0.000000  0.953655 0.892667 0
0  -0.067386 0.003751 -0.008119  -1.000000 -0.000001 0.000000  0.823489 0.892667 0
mount_casv_vltor_picatinny_rail_sections_LOD0
0  -0.067386 0.000000 -0.008119  -1.000000 0.000000 0.000000  0.823489 0.862601 0
0  -0.067386 0.000000 0.000001  -1.000000 -0.000003 0.000000  0.888573 0.862601 0
0  -0.067386 0.003751 -0.008119  -1.000000 -0.000001 0.000000  0.823489 0.892667 0
mount_casv_vltor_picatinny_rail_sections_LOD0
0  -0.067386 0.000000 0.008121  -1.000000 0.000000 0.000000  0.953655 0.862601 0
0  -0.067386 0.003751 0.008121  -1.000000 0.000003 0.000000  0.953655 0.892667 0
0  -0.067386 0.000000 0.000001  -1.000000 -0.000003 0.000000  0.888573 0.862601 0
mount_casv_vltor_picatinny_rail_sections_LOD0
0  0.067386 0.000000 -0.000001  0.000000 -1.000000 0.000000  0.760612 0.351632 0
0  0.067386 0.000000 0.008119  0.000000 -1.000000 0.000000  0.760612 0.397189 0
0  -0.002619 0.000000 0.008120  0.000000 -1.000000 0.000000  0.367840 0.397189 0
mount_casv_vltor_picatinny_rail_sections_LOD0
0  -0.002619 0.000000 0.000000  0.000000 -1.000000 0.000000  0.367840 0.351632 0
0  0.067386 0.000000 -0.000001  0.000000 -1.000000 0.000000  0.760612 0.351632 0
0  -0.002619 0.000000 0.008120  0.000000 -1.000000 0.000000  0.367840 0.397189 0
mount_casv_vltor_picatinny_rail_sections_LOD0
0  -0.002619 0.000000 0.000000  0.000000 -1.000000 0.000000  0.367840 0.351632 0
0  -0.002619 0.000000 0.008120  0.000000 -1.000000 0.000000  0.367840 0.397189 0
0  -0.067386 0.000000 0.008121  0.000000 -1.000000 0.000000  0.004457 0.397189 0
mount_casv_vltor_picatinny_rail_sections_LOD0
0  -0.067386 0.000000 0.000001  0.000000 -1.000000 0.000000  0.004457 0.351632 0
0  -0.002619 0.000000 0.000000  0.000000 -1.000000 0.000000  0.367840 0.351632 0
0  -0.067386 0.000000 0.008121  0.000000 -1.000000 0.000000  0.004457 0.397189 0
mount_casv_vltor_picatinny_rail_sections_LOD0
0  0.062625 0.009251 0.008119  0.000000 1.000000 -0.000000  0.568191 0.564717 0
0  0.066061 0.009251 0.008119  -0.000000 1.000000 -0.000000  0.568193 0.537175 0
0  0.066061 0.009251 -0.008119  0.000000 1.000000 -0.000000  0.698352 0.537175 0
mount_casv_vltor_picatinny_rail_sections_LOD0
0  0.062625 0.009251 -0.008121  0.000000 1.000000 -0.000000  0.698352 0.564717 0
0  0.062625 0.009251 0.008119  0.000000 1.000000 -0.000000  0.568191 0.564717 0
0  0.066061 0.009251 -0.008119  0.000000 1.000000 -0.000000  0.698352 0.537175 0
mount_casv_vltor_picatinny_rail_sections_LOD0
0  0.067386 0.003751 -0.008121  -0.000008 -0.000000 -1.000000  0.004475 0.431293 0
0  0.067386 0.000000 -0.008121  -0.000008 0.000000 -1.000000  0.004475 0.401228 0
0  -0.002619 0.000000 -0.008120  -0.000008 -0.000000 -1.000000  0.565578 0.401228 0
mount_casv_vltor_picatinny_rail_sections_LOD0
0  -0.002619 0.003751 -0.008120  -0.000008 -0.000000 -1.000000  0.565578 0.431293 0
0  0.067386 0.003751 -0.008121  -0.000008 -0.000000 -1.000000  0.004475 0.431293 0
0  -0.002619 0.000000 -0.008120  -0.000008 -0.000000 -1.000000  0.565578 0.401228 0
mount_casv_vltor_picatinny_rail_sections_LOD0
0  0.062625 0.006754 0.010616  0.000000 0.000002 1.000000  0.758596 0.441799 0
0  0.062625 0.006247 0.010616  0.000000 0.000002 1.000000  0.754538 0.441799 0
0  0.064875 0.006248 0.010616  0.000000 0.000002 1.000000  0.754538 0.423766 0
mount_casv_vltor_picatinny_rail_sections_LOD0
0  0.064875 0.006754 0.010616  0.000000 0.000002 1.000000  0.758596 0.423766 0
0  0.062625 0.006754 0.010616  0.000000 0.000002 1.000000  0.758596 0.441799 0
0  0.064875 0.006248 0.010616  0.000000 0.000002 1.000000  0.754538 0.423766 0
mount_casv_vltor_picatinny_rail_sections_LOD0
0  0.066061 0.009251 0.008119  0.000000 0.707101 0.707112  0.791933 0.895033 0
0  0.062625 0.009251 0.008119  0.000001 0.707107 0.707106  0.819473 0.895033 0
0  0.066723 0.008592 0.008778  0.000002 0.707106 0.707107  0.786627 0.902503 0
mount_casv_vltor_picatinny_rail_sections_LOD0
0  0.062625 0.009251 0.008119  0.000001 0.707107 0.707106  0.819473 0.895033 0
0  0.064875 0.006754 0.010616  0.000001 0.707108 0.707105  0.801439 0.923336 0
0  0.066723 0.008592 0.008778  0.000002 0.707106 0.707107  0.786627 0.902503 0
mount_casv_vltor_picatinny_rail_sections_LOD0
0  0.062625 0.006754 0.010616  -0.000000 0.707107 0.707106  0.819473 0.923336 0
0  0.064875 0.006754 0.010616  0.000001 0.707108 0.707105  0.801439 0.923336 0
0  0.062625 0.009251 0.008119  0.000001 0.707107 0.707106  0.819473 0.895033 0
mount_casv_vltor_picatinny_rail_sections_LOD0
0  0.064875 0.006754 0.010616  0.705188 0.000000 0.709020  0.438616 0.974492 0
0  0.064875 0.006248 0.010616  0.705225 0.000044 0.708984  0.440953 0.977807 0
0  0.066723 0.008592 0.008778  0.705354 -0.000269 0.708855  0.447203 0.950416 0
mount_casv_vltor_picatinny_rail_sections_LOD0
0  0.064875 0.006248 0.010616  0.705225 0.000044 0.708984  0.440953 0.977807 0
0  0.067386 0.007933 0.008118  0.705288 -0.000052 0.708921  0.456375 0.950411 0
0  0.066723 0.008592 0.008778  0.705354 -0.000269 0.708855  0.447203 0.950416 0
mount_casv_vltor_picatinny_rail_sections_LOD0
0  0.067386 0.003751 0.008119  0.705215 0.000169 0.708994  0.475683 0.977810 0
0  0.067386 0.007933 0.008118  0.705288 -0.000052 0.708921  0.456375 0.950411 0
0  0.064875 0.006248 0.010616  0.705225 0.000044 0.708984  0.440953 0.977807 0
mount_casv_vltor_picatinny_rail_sections_LOD0
0  0.062625 0.006754 -0.010618  0.000635 -0.001137 -0.999999  0.780283 0.441364 0
0  0.064875 0.006754 -0.010616  0.000690 -0.000892 -0.999999  0.762248 0.441364 0
0  0.064875 0.006248 -0.010616  0.000722 -0.000750 -0.999999  0.762248 0.437306 0
mount_casv_vltor_picatinny_rail_sections_LOD0
0  0.062625 0.006247 -0.010617  0.000636 -0.001135 -0.999999  0.780283 0.437306 0
0  0.062625 0.006754 -0.010618  0.000635 -0.001137 -0.999999  0.780283 0.441364 0
0  0.064875 0.006248 -0.010616  0.000722 -0.000750 -0.999999  0.762248 0.437306 0
mount_casv_vltor_picatinny_rail_sections_LOD0
0  0.066061 0.009251 -0.008119  0.000376 0.707293 -0.706921  0.646968 0.864074 0
0  0.066723 0.008592 -0.008777  0.000732 0.706934 -0.707279  0.641664 0.871540 0
0  0.064875 0.006754 -0.010616  0.000554 0.707044 -0.707170  0.656487 0.892373 0
mount_casv_vltor_picatinny_rail_sections_LOD0
0  0.062625 0.009251 -0.008121  0.000489 0.707044 -0.707169  0.674507 0.864071 0
0  0.066061 0.009251 -0.008119  0.000376 0.707293 -0.706921  0.646968 0.864074 0
0  0.064875 0.006754 -0.010616  0.000554 0.707044 -0.707170  0.656487 0.892373 0
mount_casv_vltor_picatinny_rail_sections_LOD0
0  0.062625 0.006754 -0.010618  0.000629 0.707107 -0.707106  0.674521 0.892375 0
0  0.062625 0.009251 -0.008121  0.000489 0.707044 -0.707169  0.674507 0.864071 0
0  0.064875 0.006754 -0.010616  0.000554 0.707044 -0.707170  0.656487 0.892373 0
mount_casv_vltor_picatinny_rail_sections_LOD0
0  0.064875 0.006754 -0.010616  0.705258 0.000054 -0.708951  0.730300 0.878576 0
0  0.066723 0.008592 -0.008777  0.705172 0.000404 -0.709036  0.738888 0.854495 0
0  0.067386 0.007933 -0.008118  0.705140 0.000435 -0.709068  0.748053 0.854492 0
mount_casv_vltor_picatinny_rail_sections_LOD0
0  0.064875 0.006248 -0.010616  0.705188 0.000246 -0.709020  0.732638 0.881891 0
0  0.064875 0.006754 -0.010616  0.705258 0.000054 -0.708951  0.730300 0.878576 0
0  0.067386 0.007933 -0.008118  0.705140 0.000435 -0.709068  0.748053 0.854492 0
mount_casv_vltor_picatinny_rail_sections_LOD0
0  0.067386 0.003751 -0.008121  0.705099 0.000507 -0.709108  0.767360 0.881892 0
0  0.064875 0.006248 -0.010616  0.705188 0.000246 -0.709020  0.732638 0.881891 0
0  0.067386 0.007933 -0.008118  0.705140 0.000435 -0.709068  0.748053 0.854492 0
mount_casv_vltor_picatinny_rail_sections_LOD0
0  0.066061 0.009251 0.008119  0.705229 0.708979 0.000152  0.815507 0.337232 0
0  0.066723 0.008592 0.008778  0.705180 0.709028 0.000211  0.810225 0.329745 0
0  0.067386 0.007933 0.008118  0.705229 0.708979 0.000152  0.815515 0.322254 0
mount_casv_vltor_picatinny_rail_sections_LOD0
0  0.067386 0.007933 0.008118  0.705229 0.708979 0.000152  0.815515 0.322254 0
0  0.066061 0.009251 -0.008119  0.705229 0.708980 -0.000152  0.945658 0.337232 0
0  0.066061 0.009251 0.008119  0.705229 0.708979 0.000152  0.815507 0.337232 0
mount_casv_vltor_picatinny_rail_sections_LOD0
0  0.067386 0.007933 0.008118  0.705229 0.708979 0.000152  0.815515 0.322254 0
0  0.067386 0.007933 -0.008118  0.705229 0.708980 -0.000152  0.945650 0.322254 0
0  0.066061 0.009251 -0.008119  0.705229 0.708980 -0.000152  0.945658 0.337232 0
mount_casv_vltor_picatinny_rail_sections_LOD0
0  0.067386 0.007933 -0.008118  0.705229 0.708980 -0.000152  0.945650 0.322254 0
0  0.066723 0.008592 -0.008777  0.705180 0.709028 -0.000212  0.950931 0.329745 0
0  0.066061 0.009251 -0.008119  0.705229 0.708980 -0.000152  0.945658 0.337232 0
mount_casv_vltor_picatinny_rail_sections_LOD0
0  0.067386 0.007933 0.008118  1.000000 0.000000 0.000000  0.568634 0.633087 0
0  0.067386 0.003751 0.008119  1.000000 -0.000000 0.000000  0.568634 0.599567 0
0  0.067386 0.007933 -0.008118  1.000000 -0.000002 0.000000  0.698801 0.633087 0
mount_casv_vltor_picatinny_rail_sections_LOD0
0  0.067386 0.003751 0.008119  1.000000 -0.000000 0.000000  0.568634 0.599567 0
0  0.067386 0.003751 -0.008121  1.000000 -0.000001 0.000000  0.698801 0.599567 0
0  0.067386 0.007933 -0.008118  1.000000 -0.000002 0.000000  0.698801 0.633087 0
mount_casv_vltor_picatinny_rail_sections_LOD0
0  0.067386 0.000000 -0.000001  1.000000 0.000000 0.000000  0.633718 0.569502 0
0  0.067386 0.003751 -0.008121  1.000000 -0.000001 0.000000  0.698801 0.599567 0
0  0.067386 0.003751 0.008119  1.000000 -0.000000 0.000000  0.568634 0.599567 0
mount_casv_vltor_picatinny_rail_sections_LOD0
0  0.067386 0.000000 0.008119  1.000000 0.000000 0.000000  0.568634 0.569502 0
0  0.067386 0.000000 -0.000001  1.000000 0.000000 0.000000  0.633718 0.569502 0
0  0.067386 0.003751 0.008119  1.000000 -0.000000 0.000000  0.568634 0.599567 0
mount_casv_vltor_picatinny_rail_sections_LOD0
0  0.067386 0.000000 -0.008121  1.000000 0.000000 0.000000  0.698801 0.569502 0
0  0.067386 0.003751 -0.008121  1.000000 -0.000001 0.000000  0.698801 0.599567 0
0  0.067386 0.000000 -0.000001  1.000000 0.000000 0.000000  0.633718 0.569502 0
mount_casv_vltor_picatinny_rail_sections_LOD0
0  0.062625 0.006754 -0.010618  -1.000000 -0.000023 0.000000  0.872044 0.654483 0
0  0.062625 0.006247 -0.010617  -1.000000 -0.000010 0.000000  0.872036 0.658547 0
0  0.062625 0.009251 -0.008121  -1.000000 -0.000001 0.000000  0.852030 0.634470 0
mount_casv_vltor_picatinny_rail_sections_LOD0
0  0.062625 0.006247 -0.010617  -1.000000 -0.000010 0.000000  0.872036 0.658547 0
0  0.062625 0.006247 0.010616  -1.000000 0.000000 0.000000  0.701849 0.658547 0
0  0.062625 0.009251 -0.008121  -1.000000 -0.000001 0.000000  0.852030 0.634470 0
mount_casv_vltor_picatinny_rail_sections_LOD0
0  0.062625 0.006247 0.010616  -1.000000 0.000000 0.000000  0.701849 0.658547 0
0  0.062625 0.009251 0.008119  -1.000000 0.000000 0.000000  0.721864 0.634470 0
0  0.062625 0.009251 -0.008121  -1.000000 -0.000001 0.000000  0.852030 0.634470 0
mount_casv_vltor_picatinny_rail_sections_LOD0
0  0.062625 0.006754 0.010616  -1.000000 0.000000 0.000000  0.701849 0.654483 0
0  0.062625 0.009251 0.008119  -1.000000 0.000000 0.000000  0.721864 0.634470 0
0  0.062625 0.006247 0.010616  -1.000000 0.000000 0.000000  0.701849 0.658547 0
mount_casv_vltor_picatinny_rail_sections_LOD0
0  -0.002619 0.003751 0.008120  0.000008 0.000000 1.000000  0.523540 0.466814 0
0  -0.067386 0.003751 0.008121  0.000008 0.000000 1.000000  0.004422 0.466814 0
0  -0.067386 0.000000 0.008121  0.000008 0.000000 1.000000  0.004422 0.436749 0
mount_casv_vltor_picatinny_rail_sections_LOD0
0  -0.002619 0.000000 0.008120  0.000008 0.000000 1.000000  0.523540 0.436749 0
0  -0.002619 0.003751 0.008120  0.000008 0.000000 1.000000  0.523540 0.466814 0
0  -0.067386 0.000000 0.008121  0.000008 0.000000 1.000000  0.004422 0.436749 0
mount_casv_vltor_picatinny_rail_sections_LOD0
0  -0.002619 0.000000 0.000000  0.000000 -1.000000 0.000000  0.367841 0.351632 0
0  -0.067386 0.000000 0.000001  0.000000 -1.000000 0.000000  0.004457 0.351632 0
0  -0.067386 0.000000 -0.008119  0.000000 -1.000000 0.000000  0.004457 0.397189 0
mount_casv_vltor_picatinny_rail_sections_LOD0
0  -0.002619 0.000000 -0.008120  0.000000 -1.000000 0.000000  0.367841 0.397189 0
0  -0.002619 0.000000 0.000000  0.000000 -1.000000 0.000000  0.367841 0.351632 0
0  -0.067386 0.000000 -0.008119  0.000000 -1.000000 0.000000  0.004457 0.397189 0
mount_casv_vltor_picatinny_rail_sections_LOD0
0  -0.002619 0.000000 0.000000  0.000000 -1.000000 0.000000  0.367841 0.351632 0
0  -0.002619 0.000000 -0.008120  0.000000 -1.000000 0.000000  0.367841 0.397189 0
0  0.067386 0.000000 -0.008121  0.000000 -1.000000 0.000000  0.760613 0.397189 0
mount_casv_vltor_picatinny_rail_sections_LOD0
0  0.067386 0.000000 -0.000001  0.000000 -1.000000 0.000000  0.760613 0.351632 0
0  -0.002619 0.000000 0.000000  0.000000 -1.000000 0.000000  0.367841 0.351632 0
0  0.067386 0.000000 -0.008121  0.000000 -1.000000 0.000000  0.760613 0.397189 0
mount_casv_vltor_picatinny_rail_sections_LOD0
0  -0.062625 0.006754 0.010618  0.999903 0.009819 0.009841  0.778106 0.522287 0
0  -0.062620 0.006247 0.010617  0.999977 0.005272 0.004350  0.778098 0.526350 0
0  -0.062625 0.009251 0.008121  0.999998 0.001987 0.000385  0.758092 0.502273 0
mount_casv_vltor_picatinny_rail_sections_LOD0
0  -0.062620 0.006247 0.010617  0.999977 0.005272 0.004350  0.778098 0.526350 0
0  -0.062620 0.006247 -0.010616  0.999977 0.005274 -0.004353  0.607910 0.526350 0
0  -0.062625 0.009251 0.008121  0.999998 0.001987 0.000385  0.758092 0.502273 0
mount_casv_vltor_picatinny_rail_sections_LOD0
0  -0.062620 0.006247 -0.010616  0.999977 0.005274 -0.004353  0.607910 0.526350 0
0  -0.062625 0.009251 -0.008119  0.999998 0.001984 -0.000385  0.627927 0.502273 0
0  -0.062625 0.009251 0.008121  0.999998 0.001987 0.000385  0.758092 0.502273 0
mount_casv_vltor_picatinny_rail_sections_LOD0
0  -0.062625 0.006754 -0.010616  0.999903 0.009838 -0.009860  0.607910 0.522284 0
0  -0.062625 0.009251 -0.008119  0.999998 0.001984 -0.000385  0.627927 0.502273 0
0  -0.062620 0.006247 -0.010616  0.999977 0.005274 -0.004353  0.607910 0.526350 0
mount_casv_vltor_picatinny_rail_sections_LOD0
0  -0.052616 0.006247 0.010616  0.000001 0.000002 1.000000  0.760655 0.989676 0
0  -0.052616 0.006753 0.010616  0.000001 0.000002 1.000000  0.760655 0.993730 0
0  -0.057365 0.006753 0.010616  0.000000 0.000004 1.000000  0.722591 0.993730 0
mount_casv_vltor_picatinny_rail_sections_LOD0
0  -0.057365 0.006247 0.010616  0.000000 0.000004 1.000000  0.722591 0.989676 0
0  -0.052616 0.006247 0.010616  0.000001 0.000002 1.000000  0.760655 0.989676 0
0  -0.057365 0.006753 0.010616  0.000000 0.000004 1.000000  0.722591 0.993730 0
mount_casv_vltor_picatinny_rail_sections_LOD0
0  -0.052616 0.009250 0.008119  0.000000 0.707110 0.707103  0.505158 0.954515 0
0  -0.057365 0.009250 0.008119  -0.000000 0.707110 0.707103  0.467094 0.954515 0
0  -0.057365 0.006753 0.010616  0.000000 0.707110 0.707103  0.467094 0.926212 0
mount_casv_vltor_picatinny_rail_sections_LOD0
0  -0.052616 0.006753 0.010616  0.000000 0.707110 0.707103  0.505158 0.926212 0
0  -0.052616 0.009250 0.008119  0.000000 0.707110 0.707103  0.505158 0.954515 0
0  -0.057365 0.006753 0.010616  0.000000 0.707110 0.707103  0.467094 0.926212 0
mount_casv_vltor_picatinny_rail_sections_LOD0
0  -0.042616 0.006247 0.010616  0.000001 0.000002 1.000000  0.767496 0.954009 0
0  -0.042616 0.006753 0.010616  0.000001 0.000002 1.000000  0.767496 0.958064 0
0  -0.047366 0.006753 0.010616  0.000000 0.000002 1.000000  0.729423 0.958064 0
mount_casv_vltor_picatinny_rail_sections_LOD0
0  -0.047366 0.006247 0.010616  0.000000 0.000002 1.000000  0.729423 0.954009 0
0  -0.042616 0.006247 0.010616  0.000001 0.000002 1.000000  0.767496 0.954009 0
0  -0.047366 0.006753 0.010616  0.000000 0.000002 1.000000  0.729423 0.958064 0
mount_casv_vltor_picatinny_rail_sections_LOD0
0  -0.037367 0.006753 0.010616  0.000000 0.000004 1.000000  0.629728 0.991065 0
0  -0.037367 0.006247 0.010616  0.000000 0.000004 1.000000  0.629728 0.987011 0
0  -0.032617 0.006247 0.010616  0.000000 0.000002 1.000000  0.667800 0.987011 0
mount_casv_vltor_picatinny_rail_sections_LOD0
0  -0.032617 0.006753 0.010616  0.000000 0.000002 1.000000  0.667800 0.991065 0
0  -0.037367 0.006753 0.010616  0.000000 0.000004 1.000000  0.629728 0.991065 0
0  -0.032617 0.006247 0.010616  0.000000 0.000002 1.000000  0.667800 0.987011 0
mount_casv_vltor_picatinny_rail_sections_LOD0
0  -0.037367 0.009250 0.008119  0.000000 0.707110 0.707104  0.919376 0.969374 0
0  -0.037367 0.006753 0.010616  -0.000000 0.707109 0.707104  0.891073 0.969374 0
0  -0.032617 0.006753 0.010616  0.000000 0.707110 0.707104  0.891073 0.931302 0
mount_casv_vltor_picatinny_rail_sections_LOD0
0  -0.032617 0.009250 0.008119  0.000001 0.707110 0.707104  0.919376 0.931302 0
0  -0.037367 0.009250 0.008119  0.000000 0.707110 0.707104  0.919376 0.969374 0
0  -0.032617 0.006753 0.010616  0.000000 0.707110 0.707104  0.891073 0.931302 0
mount_casv_vltor_picatinny_rail_sections_LOD0
0  -0.022618 0.006247 0.010616  0.000000 0.000002 1.000000  0.718199 0.989010 0
0  -0.022618 0.006753 0.010616  0.000000 0.000002 1.000000  0.718199 0.993065 0
0  -0.027367 0.006753 0.010616  0.000000 0.000002 1.000000  0.680136 0.993065 0
mount_casv_vltor_picatinny_rail_sections_LOD0
0  -0.027367 0.006247 0.010616  0.000000 0.000002 1.000000  0.680136 0.989010 0
0  -0.022618 0.006247 0.010616  0.000000 0.000002 1.000000  0.718199 0.989010 0
0  -0.027367 0.006753 0.010616  0.000000 0.000002 1.000000  0.680136 0.993065 0
mount_casv_vltor_picatinny_rail_sections_LOD0
0  -0.022618 0.009250 0.008119  0.000000 0.707110 0.707104  0.362808 0.815470 0
0  -0.027367 0.009250 0.008119  0.000000 0.707110 0.707104  0.362808 0.853533 0
0  -0.027367 0.006753 0.010616  0.000000 0.707110 0.707104  0.334505 0.853533 0
mount_casv_vltor_picatinny_rail_sections_LOD0
0  -0.022618 0.006753 0.010616  0.000000 0.707110 0.707104  0.334505 0.815470 0
0  -0.022618 0.009250 0.008119  0.000000 0.707110 0.707104  0.362808 0.815470 0
0  -0.027367 0.006753 0.010616  0.000000 0.707110 0.707104  0.334505 0.853533 0
mount_casv_vltor_picatinny_rail_sections_LOD0
0  -0.012619 0.006247 0.010616  0.000000 0.000002 1.000000  0.760892 0.981935 0
0  -0.012619 0.006753 0.010616  0.000000 0.000002 1.000000  0.760892 0.985989 0
0  -0.017368 0.006753 0.010616  0.000000 0.000004 1.000000  0.722828 0.985989 0
mount_casv_vltor_picatinny_rail_sections_LOD0
0  -0.017368 0.006247 0.010616  0.000000 0.000004 1.000000  0.722828 0.981935 0
0  -0.012619 0.006247 0.010616  0.000000 0.000002 1.000000  0.760892 0.981935 0
0  -0.017368 0.006753 0.010616  0.000000 0.000004 1.000000  0.722828 0.985989 0
mount_casv_vltor_picatinny_rail_sections_LOD0
0  -0.012619 0.009250 0.008119  0.000000 0.707110 0.707104  0.852344 0.960524 0
0  -0.017368 0.009250 0.008119  0.000000 0.707110 0.707104  0.814280 0.960524 0
0  -0.017368 0.006753 0.010616  0.000000 0.707110 0.707104  0.814280 0.932221 0
mount_casv_vltor_picatinny_rail_sections_LOD0
0  -0.012619 0.006753 0.010616  0.000000 0.707110 0.707104  0.852344 0.932221 0
0  -0.012619 0.009250 0.008119  0.000000 0.707110 0.707104  0.852344 0.960524 0
0  -0.017368 0.006753 0.010616  0.000000 0.707110 0.707104  0.814280 0.932221 0
mount_casv_vltor_picatinny_rail_sections_LOD0
0  0.017379 0.006247 0.010616  0.000000 0.000002 1.000000  0.725451 0.955745 0
0  0.017379 0.006753 0.010616  0.000000 0.000002 1.000000  0.725451 0.959799 0
0  0.012629 0.006753 0.010616  0.000000 0.000002 1.000000  0.687380 0.959799 0
mount_casv_vltor_picatinny_rail_sections_LOD0
0  0.012629 0.006247 0.010616  0.000000 0.000002 1.000000  0.687380 0.955745 0
0  0.017379 0.006247 0.010616  0.000000 0.000002 1.000000  0.725451 0.955745 0
0  0.012629 0.006753 0.010616  0.000000 0.000002 1.000000  0.687380 0.959799 0
mount_casv_vltor_picatinny_rail_sections_LOD0
0  0.017379 0.009250 0.008119  0.000000 0.707110 0.707104  0.098958 0.302946 0
0  0.012629 0.009250 0.008119  0.000000 0.707110 0.707104  0.098958 0.341017 0
0  0.012629 0.006753 0.010616  0.000000 0.707110 0.707104  0.070654 0.341017 0
mount_casv_vltor_picatinny_rail_sections_LOD0
0  0.017379 0.006753 0.010616  0.000000 0.707109 0.707104  0.070654 0.302946 0
0  0.017379 0.009250 0.008119  0.000000 0.707110 0.707104  0.098958 0.302946 0
0  0.012629 0.006753 0.010616  0.000000 0.707110 0.707104  0.070654 0.341017 0
mount_casv_vltor_picatinny_rail_sections_LOD0
0  0.027378 0.006247 0.010616  0.000107 -0.000894 1.000000  0.667692 0.979348 0
0  0.027378 0.006753 0.010616  0.000089 -0.001046 0.999999  0.667692 0.983401 0
0  0.022628 0.006753 0.010617  0.000078 -0.001175 0.999999  0.629621 0.983401 0
mount_casv_vltor_picatinny_rail_sections_LOD0
0  0.022628 0.006247 0.010616  0.000101 -0.000927 1.000000  0.629621 0.979348 0
0  0.027378 0.006247 0.010616  0.000107 -0.000894 1.000000  0.667692 0.979348 0
0  0.022628 0.006753 0.010617  0.000078 -0.001175 0.999999  0.629621 0.983401 0
mount_casv_vltor_picatinny_rail_sections_LOD0
0  0.027378 0.009250 0.008119  0.000089 0.707026 0.707188  0.800956 0.815731 0
0  0.022628 0.009250 0.008119  0.000000 0.707109 0.707104  0.762884 0.815731 0
0  0.022628 0.006753 0.010617  0.000061 0.707052 0.707162  0.762884 0.787430 0
mount_casv_vltor_picatinny_rail_sections_LOD0
0  0.027378 0.006753 0.010616  0.000150 0.706968 0.707246  0.800956 0.787430 0
0  0.027378 0.009250 0.008119  0.000089 0.707026 0.707188  0.800956 0.815731 0
0  0.022628 0.006753 0.010617  0.000061 0.707052 0.707162  0.762884 0.787430 0
mount_casv_vltor_picatinny_rail_sections_LOD0
0  0.057376 0.006247 0.010616  0.000001 0.000002 1.000000  0.725411 0.938648 0
0  0.057376 0.006753 0.010616  0.000001 0.000002 1.000000  0.725411 0.942703 0
0  0.052626 0.006753 0.010616  0.000000 0.000004 1.000000  0.687340 0.942703 0
mount_casv_vltor_picatinny_rail_sections_LOD0
0  0.052626 0.006247 0.010616  0.000000 0.000004 1.000000  0.687340 0.938648 0
0  0.057376 0.006247 0.010616  0.000001 0.000002 1.000000  0.725411 0.938648 0
0  0.052626 0.006753 0.010616  0.000000 0.000004 1.000000  0.687340 0.942703 0
mount_casv_vltor_picatinny_rail_sections_LOD0
0  0.057376 0.009250 0.008119  0.000000 0.707110 0.707104  0.932773 0.752150 0
0  0.052626 0.009250 0.008119  0.000000 0.707110 0.707104  0.894702 0.752150 0
0  0.052626 0.006753 0.010616  0.000000 0.707110 0.707104  0.894702 0.723847 0
mount_casv_vltor_picatinny_rail_sections_LOD0
0  0.057376 0.006753 0.010616  0.000000 0.707110 0.707104  0.932773 0.723847 0
0  0.057376 0.009250 0.008119  0.000000 0.707110 0.707104  0.932773 0.752150 0
0  0.052626 0.006753 0.010616  0.000000 0.707110 0.707104  0.894702 0.723847 0
mount_casv_vltor_picatinny_rail_sections_LOD0
0  -0.042616 0.006247 0.005024  1.000000 0.000002 0.000000  0.513528 0.948083 0
0  -0.042616 0.009250 0.005024  1.000000 0.000003 0.000000  0.537597 0.948083 0
0  -0.042616 0.009250 0.008119  1.000000 0.000001 0.000000  0.537596 0.972889 0
mount_casv_vltor_picatinny_rail_sections_LOD0
0  -0.042616 0.006247 0.010616  1.000000 -0.000005 0.000000  0.513529 0.992906 0
0  -0.042616 0.006247 0.005024  1.000000 0.000002 0.000000  0.513528 0.948083 0
0  -0.042616 0.009250 0.008119  1.000000 0.000001 0.000000  0.537596 0.972889 0
mount_casv_vltor_picatinny_rail_sections_LOD0
0  -0.042616 0.006753 0.010616  1.000000 -0.000012 0.000000  0.517586 0.992907 0
0  -0.042616 0.006247 0.010616  1.000000 -0.000005 0.000000  0.513529 0.992906 0
0  -0.042616 0.009250 0.008119  1.000000 0.000001 0.000000  0.537596 0.972889 0
mount_casv_vltor_picatinny_rail_sections_LOD0
0  -0.042616 0.006247 0.005024  0.579811 -0.000001 -0.814751  0.334696 0.954165 0
0  -0.044017 0.006247 0.004027  0.694201 -0.000000 -0.719781  0.348478 0.954165 0
0  -0.042616 0.009250 0.005024  0.579811 -0.000000 -0.814751  0.334696 0.978233 0
mount_casv_vltor_picatinny_rail_sections_LOD0
0  -0.044017 0.006247 0.004027  0.694201 -0.000000 -0.719781  0.348478 0.954165 0
0  -0.044017 0.009250 0.004027  0.694203 0.000000 -0.719780  0.348478 0.978233 0
0  -0.042616 0.009250 0.005024  0.579811 -0.000000 -0.814751  0.334696 0.978233 0
mount_casv_vltor_picatinny_rail_sections_LOD0
0  -0.044017 0.009250 0.004027  0.694203 0.000000 -0.719780  0.348478 0.978233 0
0  -0.044017 0.006247 0.004027  0.694201 -0.000000 -0.719781  0.348478 0.954165 0
0  -0.044922 0.009250 0.002848  0.866004 0.000000 -0.500037  0.360392 0.978233 0
mount_casv_vltor_picatinny_rail_sections_LOD0
0  -0.044017 0.006247 0.004027  0.694201 -0.000000 -0.719781  0.348478 0.954165 0
0  -0.044922 0.006247 0.002848  0.866002 0.000000 -0.500041  0.360392 0.954165 0
0  -0.044922 0.009250 0.002848  0.866004 0.000000 -0.500037  0.360392 0.978233 0
mount_casv_vltor_picatinny_rail_sections_LOD0
0  -0.044922 0.009250 0.002848  0.866004 0.000000 -0.500037  0.360392 0.978233 0
0  -0.044922 0.006247 0.002848  0.866002 0.000000 -0.500041  0.360392 0.954165 0
0  -0.045491 0.009250 0.001474  0.965940 0.000000 -0.258765  0.372310 0.978233 0
mount_casv_vltor_picatinny_rail_sections_LOD0
0  -0.044922 0.006247 0.002848  0.866002 0.000000 -0.500041  0.360392 0.954165 0
0  -0.045491 0.006247 0.001474  0.965939 0.000000 -0.258769  0.372310 0.954165 0
0  -0.045491 0.009250 0.001474  0.965940 0.000000 -0.258765  0.372310 0.978233 0
mount_casv_vltor_picatinny_rail_sections_LOD0
0  -0.045491 0.009250 0.001474  0.965940 0.000000 -0.258765  0.372310 0.978233 0
0  -0.045491 0.006247 0.001474  0.965939 0.000000 -0.258769  0.372310 0.954165 0
0  -0.045685 0.009250 -0.000000  1.000000 0.000000 0.000044  0.384225 0.978233 0
mount_casv_vltor_picatinny_rail_sections_LOD0
0  -0.045491 0.006247 0.001474  0.965939 0.000000 -0.258769  0.372310 0.954165 0
0  -0.045685 0.006247 -0.000000  1.000000 0.000000 0.000044  0.384225 0.954165 0
0  -0.045685 0.009250 -0.000000  1.000000 0.000000 0.000044  0.384225 0.978233 0
mount_casv_vltor_picatinny_rail_sections_LOD0
0  -0.045685 0.009250 -0.000000  1.000000 0.000000 0.000044  0.384225 0.978233 0
0  -0.045685 0.006247 -0.000000  1.000000 0.000000 0.000044  0.384225 0.954165 0
0  -0.045491 0.006247 -0.001473  0.965928 0.000000 0.258812  0.396134 0.954165 0
mount_casv_vltor_picatinny_rail_sections_LOD0
0  -0.045491 0.009250 -0.001473  0.965929 0.000000 0.258808  0.396134 0.978233 0
0  -0.045685 0.009250 -0.000000  1.000000 0.000000 0.000044  0.384225 0.978233 0
0  -0.045491 0.006247 -0.001473  0.965928 0.000000 0.258812  0.396134 0.954165 0
mount_casv_vltor_picatinny_rail_sections_LOD0
0  -0.045491 0.009250 -0.001473  0.965929 0.000000 0.258808  0.396134 0.978233 0
0  -0.045491 0.006247 -0.001473  0.965928 0.000000 0.258812  0.396134 0.954165 0
0  -0.044922 0.006247 -0.002847  0.866002 0.000001 0.500041  0.408054 0.954165 0
mount_casv_vltor_picatinny_rail_sections_LOD0
0  -0.044922 0.009250 -0.002847  0.866004 -0.000000 0.500037  0.408054 0.978233 0
0  -0.045491 0.009250 -0.001473  0.965929 0.000000 0.258808  0.396134 0.978233 0
0  -0.044922 0.006247 -0.002847  0.866002 0.000001 0.500041  0.408054 0.954165 0
mount_casv_vltor_picatinny_rail_sections_LOD0
0  -0.044922 0.009250 -0.002847  0.866004 -0.000000 0.500037  0.408054 0.978233 0
0  -0.044922 0.006247 -0.002847  0.866002 0.000001 0.500041  0.408054 0.954165 0
0  -0.044017 0.006247 -0.004026  0.694201 0.000001 0.719781  0.419966 0.954165 0
mount_casv_vltor_picatinny_rail_sections_LOD0
0  -0.044017 0.009250 -0.004026  0.694203 -0.000001 0.719779  0.419966 0.978233 0
0  -0.044922 0.009250 -0.002847  0.866004 -0.000000 0.500037  0.408054 0.978233 0
0  -0.044017 0.006247 -0.004026  0.694201 0.000001 0.719781  0.419966 0.954165 0
mount_casv_vltor_picatinny_rail_sections_LOD0
0  -0.044017 0.006247 -0.004026  0.694201 0.000001 0.719781  0.419966 0.954165 0
0  -0.042616 0.006247 -0.005023  0.579811 0.000001 0.814751  0.433750 0.954165 0
0  -0.044017 0.009250 -0.004026  0.694203 -0.000001 0.719779  0.419966 0.978233 0
mount_casv_vltor_picatinny_rail_sections_LOD0
0  -0.042616 0.006247 -0.005023  0.579811 0.000001 0.814751  0.433750 0.954165 0
0  -0.042616 0.009250 -0.005023  0.579811 0.000000 0.814751  0.433750 0.978233 0
0  -0.044017 0.009250 -0.004026  0.694203 -0.000001 0.719779  0.419966 0.978233 0
mount_casv_vltor_picatinny_rail_sections_LOD0
0  -0.037367 0.009250 0.005024  -1.000000 0.000000 0.000001  0.566397 0.993001 0
0  -0.037367 0.006247 0.005024  -1.000000 -0.000000 0.000001  0.542328 0.993001 0
0  -0.037367 0.009250 0.008119  -1.000000 -0.000001 0.000001  0.566397 0.968195 0
mount_casv_vltor_picatinny_rail_sections_LOD0
0  -0.037367 0.006247 0.005024  -1.000000 -0.000000 0.000001  0.542328 0.993001 0
0  -0.037367 0.006247 0.010616  -1.000000 -0.000000 0.000000  0.542329 0.948178 0
0  -0.037367 0.009250 0.008119  -1.000000 -0.000001 0.000001  0.566397 0.968195 0
mount_casv_vltor_picatinny_rail_sections_LOD0
0  -0.037367 0.006753 0.010616  -1.000000 0.000000 0.000000  0.546385 0.948178 0
0  -0.037367 0.009250 0.008119  -1.000000 -0.000001 0.000001  0.566397 0.968195 0
0  -0.037367 0.006247 0.010616  -1.000000 -0.000000 0.000000  0.542329 0.948178 0
mount_casv_vltor_picatinny_rail_sections_LOD0
0  -0.037367 0.009250 0.005024  -0.579529 -0.000001 -0.814952  0.939186 0.719956 0
0  -0.035965 0.009250 0.004027  -0.694077 -0.000000 -0.719901  0.925397 0.719956 0
0  -0.037367 0.006247 0.005024  -0.579529 0.000000 -0.814952  0.939186 0.695888 0
mount_casv_vltor_picatinny_rail_sections_LOD0
0  -0.035965 0.009250 0.004027  -0.694077 -0.000000 -0.719901  0.925397 0.719956 0
0  -0.035965 0.006247 0.004027  -0.694078 0.000001 -0.719900  0.925397 0.695888 0
0  -0.037367 0.006247 0.005024  -0.579529 0.000000 -0.814952  0.939186 0.695888 0
mount_casv_vltor_picatinny_rail_sections_LOD0
0  -0.035060 0.006247 0.002848  -0.866003 0.000000 -0.500038  0.913484 0.695888 0
0  -0.035965 0.006247 0.004027  -0.694078 0.000001 -0.719900  0.925397 0.695888 0
0  -0.035965 0.009250 0.004027  -0.694077 -0.000000 -0.719901  0.925397 0.719956 0
mount_casv_vltor_picatinny_rail_sections_LOD0
0  -0.035060 0.009250 0.002848  -0.866001 -0.000001 -0.500042  0.913484 0.719956 0
0  -0.035060 0.006247 0.002848  -0.866003 0.000000 -0.500038  0.913484 0.695888 0
0  -0.035965 0.009250 0.004027  -0.694077 -0.000000 -0.719901  0.925397 0.719956 0
mount_casv_vltor_picatinny_rail_sections_LOD0
0  -0.034491 0.006247 0.001474  -0.965940 0.000000 -0.258765  0.901565 0.695888 0
0  -0.035060 0.006247 0.002848  -0.866003 0.000000 -0.500038  0.913484 0.695888 0
0  -0.035060 0.009250 0.002848  -0.866001 -0.000001 -0.500042  0.913484 0.719956 0
mount_casv_vltor_picatinny_rail_sections_LOD0
0  -0.034491 0.009250 0.001474  -0.965939 -0.000001 -0.258769  0.901565 0.719956 0
0  -0.034491 0.006247 0.001474  -0.965940 0.000000 -0.258765  0.901565 0.695888 0
0  -0.035060 0.009250 0.002848  -0.866001 -0.000001 -0.500042  0.913484 0.719956 0
mount_casv_vltor_picatinny_rail_sections_LOD0
0  -0.034297 0.006247 -0.000000  -1.000000 -0.000000 0.000044  0.889649 0.695888 0
0  -0.034491 0.006247 0.001474  -0.965940 0.000000 -0.258765  0.901565 0.695888 0
0  -0.034491 0.009250 0.001474  -0.965939 -0.000001 -0.258769  0.901565 0.719956 0
mount_casv_vltor_picatinny_rail_sections_LOD0
0  -0.034297 0.009250 -0.000000  -1.000000 0.000000 0.000044  0.889649 0.719956 0
0  -0.034297 0.006247 -0.000000  -1.000000 -0.000000 0.000044  0.889649 0.695888 0
0  -0.034491 0.009250 0.001474  -0.965939 -0.000001 -0.258769  0.901565 0.719956 0
mount_casv_vltor_picatinny_rail_sections_LOD0
0  -0.034297 0.009250 -0.000000  -1.000000 0.000000 0.000044  0.889649 0.719956 0
0  -0.034491 0.009250 -0.001473  -0.965928 0.000001 0.258812  0.877741 0.719956 0
0  -0.034297 0.006247 -0.000000  -1.000000 -0.000000 0.000044  0.889649 0.695888 0
mount_casv_vltor_picatinny_rail_sections_LOD0
0  -0.034491 0.009250 -0.001473  -0.965928 0.000001 0.258812  0.877741 0.719956 0
0  -0.034491 0.006247 -0.001473  -0.965929 -0.000001 0.258808  0.877741 0.695888 0
0  -0.034297 0.006247 -0.000000  -1.000000 -0.000000 0.000044  0.889649 0.695888 0
mount_casv_vltor_picatinny_rail_sections_LOD0
0  -0.034491 0.009250 -0.001473  -0.965928 0.000001 0.258812  0.877741 0.719956 0
0  -0.035060 0.009250 -0.002847  -0.866001 0.000001 0.500042  0.865821 0.719956 0
0  -0.034491 0.006247 -0.001473  -0.965929 -0.000001 0.258808  0.877741 0.695888 0
mount_casv_vltor_picatinny_rail_sections_LOD0
0  -0.035060 0.009250 -0.002847  -0.866001 0.000001 0.500042  0.865821 0.719956 0
0  -0.035060 0.006247 -0.002847  -0.866003 0.000000 0.500038  0.865821 0.695888 0
0  -0.034491 0.006247 -0.001473  -0.965929 -0.000001 0.258808  0.877741 0.695888 0
mount_casv_vltor_picatinny_rail_sections_LOD0
0  -0.035060 0.009250 -0.002847  -0.866001 0.000001 0.500042  0.865821 0.719956 0
0  -0.035965 0.009250 -0.004026  -0.694076 0.000000 0.719902  0.853908 0.719956 0
0  -0.035060 0.006247 -0.002847  -0.866003 0.000000 0.500038  0.865821 0.695888 0
mount_casv_vltor_picatinny_rail_sections_LOD0
0  -0.035965 0.009250 -0.004026  -0.694076 0.000000 0.719902  0.853908 0.719956 0
0  -0.035965 0.006247 -0.004026  -0.694078 0.000000 0.719899  0.853908 0.695888 0
0  -0.035060 0.006247 -0.002847  -0.866003 0.000000 0.500038  0.865821 0.695888 0
mount_casv_vltor_picatinny_rail_sections_LOD0
0  -0.035965 0.006247 -0.004026  -0.694078 0.000000 0.719899  0.853908 0.695888 0
0  -0.035965 0.009250 -0.004026  -0.694076 0.000000 0.719902  0.853908 0.719956 0
0  -0.037367 0.009250 -0.005023  -0.579529 0.000000 0.814952  0.840119 0.719956 0
mount_casv_vltor_picatinny_rail_sections_LOD0
0  -0.037367 0.006247 -0.005023  -0.579529 0.000001 0.814952  0.840119 0.695888 0
0  -0.035965 0.006247 -0.004026  -0.694078 0.000000 0.719899  0.853908 0.695888 0
0  -0.037367 0.009250 -0.005023  -0.579529 0.000000 0.814952  0.840119 0.719956 0
mount_casv_vltor_picatinny_rail_sections_LOD0
0  -0.037367 0.006247 0.010616  -0.000000 1.000000 -0.000000  0.350325 0.950242 0
0  -0.037367 0.006247 0.005024  -0.000000 1.000000 0.000000  0.305504 0.950240 0
0  -0.042616 0.006247 0.010616  -0.000000 1.000000 -0.000000  0.350327 0.908170 0
mount_casv_vltor_picatinny_rail_sections_LOD0
0  -0.037367 0.006247 0.005024  -0.000000 1.000000 0.000000  0.305504 0.950240 0
0  -0.042616 0.006247 0.005024  -0.000000 1.000000 -0.000001  0.305506 0.908169 0
0  -0.042616 0.006247 0.010616  -0.000000 1.000000 -0.000000  0.350327 0.908170 0
mount_casv_vltor_picatinny_rail_sections_LOD0
0  -0.042616 0.006247 0.005024  -0.000000 1.000000 -0.000001  0.305506 0.908169 0
0  -0.037367 0.006247 0.005024  -0.000000 1.000000 0.000000  0.305504 0.950240 0
0  -0.035965 0.006247 0.004027  -0.000000 1.000000 -0.000000  0.297510 0.961476 0
mount_casv_vltor_picatinny_rail_sections_LOD0
0  -0.044017 0.006247 0.004027  -0.000000 1.000000 -0.000001  0.297515 0.896938 0
0  -0.042616 0.006247 0.005024  -0.000000 1.000000 -0.000001  0.305506 0.908169 0
0  -0.035965 0.006247 0.004027  -0.000000 1.000000 -0.000000  0.297510 0.961476 0
mount_casv_vltor_picatinny_rail_sections_LOD0
0  -0.035965 0.006247 0.004027  -0.000000 1.000000 -0.000000  0.297510 0.961476 0
0  -0.035060 0.006247 0.002848  -0.000000 1.000000 -0.000000  0.288057 0.968731 0
0  -0.044017 0.006247 0.004027  -0.000000 1.000000 -0.000001  0.297515 0.896938 0
mount_casv_vltor_picatinny_rail_sections_LOD0
0  -0.035060 0.006247 0.002848  -0.000000 1.000000 -0.000000  0.288057 0.968731 0
0  -0.044922 0.006247 0.002848  -0.000000 1.000000 0.000000  0.288065 0.889684 0
0  -0.044017 0.006247 0.004027  -0.000000 1.000000 -0.000001  0.297515 0.896938 0
mount_casv_vltor_picatinny_rail_sections_LOD0
0  -0.035060 0.006247 0.002848  -0.000000 1.000000 -0.000000  0.288057 0.968731 0
0  -0.034491 0.006247 0.001474  -0.000000 1.000000 0.000001  0.277042 0.973290 0
0  -0.044922 0.006247 0.002848  -0.000000 1.000000 0.000000  0.288065 0.889684 0
mount_casv_vltor_picatinny_rail_sections_LOD0
0  -0.034491 0.006247 0.001474  -0.000000 1.000000 0.000001  0.277042 0.973290 0
0  -0.045491 0.006247 0.001474  -0.000000 1.000000 -0.000000  0.277050 0.885123 0
0  -0.044922 0.006247 0.002848  -0.000000 1.000000 0.000000  0.288065 0.889684 0
mount_casv_vltor_picatinny_rail_sections_LOD0
0  -0.034491 0.006247 0.001474  -0.000000 1.000000 0.000001  0.277042 0.973290 0
0  -0.034297 0.006247 -0.000000  -0.000000 1.000000 0.000000  0.265228 0.974844 0
0  -0.045491 0.006247 0.001474  -0.000000 1.000000 -0.000000  0.277050 0.885123 0
mount_casv_vltor_picatinny_rail_sections_LOD0
0  -0.034297 0.006247 -0.000000  -0.000000 1.000000 0.000000  0.265228 0.974844 0
0  -0.045685 0.006247 -0.000000  -0.000000 1.000000 -0.000000  0.265231 0.883567 0
0  -0.045491 0.006247 0.001474  -0.000000 1.000000 -0.000000  0.277050 0.885123 0
mount_casv_vltor_picatinny_rail_sections_LOD0
0  -0.034297 0.006247 -0.000000  -0.000000 1.000000 0.000000  0.265228 0.974844 0
0  -0.034491 0.006247 -0.001473  -0.000000 1.000000 -0.000000  0.253420 0.973290 0
0  -0.045685 0.006247 -0.000000  -0.000000 1.000000 -0.000000  0.265231 0.883567 0
mount_casv_vltor_picatinny_rail_sections_LOD0
0  -0.034491 0.006247 -0.001473  -0.000000 1.000000 -0.000000  0.253420 0.973290 0
0  -0.045491 0.006247 -0.001473  -0.000000 1.000000 -0.000000  0.253421 0.885123 0
0  -0.045685 0.006247 -0.000000  -0.000000 1.000000 -0.000000  0.265231 0.883567 0
mount_casv_vltor_picatinny_rail_sections_LOD0
0  -0.034491 0.006247 -0.001473  -0.000000 1.000000 -0.000000  0.253420 0.973290 0
0  -0.035060 0.006247 -0.002847  -0.000000 1.000000 -0.000000  0.242408 0.968731 0
0  -0.045491 0.006247 -0.001473  -0.000000 1.000000 -0.000000  0.253421 0.885123 0
mount_casv_vltor_picatinny_rail_sections_LOD0
0  -0.035060 0.006247 -0.002847  -0.000000 1.000000 -0.000000  0.242408 0.968731 0
0  -0.044922 0.006247 -0.002847  -0.000000 1.000000 -0.000000  0.242405 0.889684 0
0  -0.045491 0.006247 -0.001473  -0.000000 1.000000 -0.000000  0.253421 0.885123 0
mount_casv_vltor_picatinny_rail_sections_LOD0
0  -0.035060 0.006247 -0.002847  -0.000000 1.000000 -0.000000  0.242408 0.968731 0
0  -0.035965 0.006247 -0.004026  -0.000000 1.000000 -0.000000  0.232957 0.961478 0
0  -0.044922 0.006247 -0.002847  -0.000000 1.000000 -0.000000  0.242405 0.889684 0
mount_casv_vltor_picatinny_rail_sections_LOD0
0  -0.035965 0.006247 -0.004026  -0.000000 1.000000 -0.000000  0.232957 0.961478 0
0  -0.044017 0.006247 -0.004026  -0.000000 1.000000 -0.000001  0.232951 0.896940 0
0  -0.044922 0.006247 -0.002847  -0.000000 1.000000 -0.000000  0.242405 0.889684 0
mount_casv_vltor_picatinny_rail_sections_LOD0
0  -0.044017 0.006247 -0.004026  -0.000000 1.000000 -0.000001  0.232951 0.896940 0
0  -0.035965 0.006247 -0.004026  -0.000000 1.000000 -0.000000  0.232957 0.961478 0
0  -0.042616 0.006247 -0.005023  -0.000000 1.000000 0.000000  0.224961 0.908169 0
mount_casv_vltor_picatinny_rail_sections_LOD0
0  -0.035965 0.006247 -0.004026  -0.000000 1.000000 -0.000000  0.232957 0.961478 0
0  -0.037367 0.006247 -0.005023  -0.000000 1.000000 -0.000000  0.224964 0.950240 0
0  -0.042616 0.006247 -0.005023  -0.000000 1.000000 0.000000  0.224961 0.908169 0
mount_casv_vltor_picatinny_rail_sections_LOD0
0  -0.042616 0.006247 -0.005023  -0.000000 1.000000 0.000000  0.224961 0.908169 0
0  -0.037367 0.006247 -0.005023  -0.000000 1.000000 -0.000000  0.224964 0.950240 0
0  -0.042616 0.006247 -0.010616  -0.000000 1.000000 -0.000000  0.180130 0.908175 0
mount_casv_vltor_picatinny_rail_sections_LOD0
0  -0.037367 0.006247 -0.005023  -0.000000 1.000000 -0.000000  0.224964 0.950240 0
0  -0.037367 0.006247 -0.010616  -0.000000 1.000000 -0.000000  0.180137 0.950247 0
0  -0.042616 0.006247 -0.010616  -0.000000 1.000000 -0.000000  0.180130 0.908175 0
mount_casv_vltor_picatinny_rail_sections_LOD0
0  -0.042616 0.009250 0.008119  0.000000 0.707110 0.707104  0.852040 0.995506 0
0  -0.047366 0.009250 0.008119  0.000000 0.707110 0.707103  0.813968 0.995506 0
0  -0.047366 0.006753 0.010616  0.000000 0.707110 0.707104  0.813968 0.967203 0
mount_casv_vltor_picatinny_rail_sections_LOD0
0  -0.042616 0.006753 0.010616  0.000000 0.707109 0.707104  0.852040 0.967203 0
0  -0.042616 0.009250 0.008119  0.000000 0.707110 0.707104  0.852040 0.995506 0
0  -0.047366 0.006753 0.010616  0.000000 0.707110 0.707104  0.813968 0.967203 0
mount_casv_vltor_picatinny_rail_sections_LOD0
0  -0.002619 0.006247 0.010616  0.000000 0.000002 1.000000  0.725342 0.964192 0
0  -0.002619 0.006753 0.010616  -0.000000 0.000002 1.000000  0.725342 0.968246 0
0  -0.007369 0.006753 0.010616  0.000001 0.000002 1.000000  0.687270 0.968246 0
mount_casv_vltor_picatinny_rail_sections_LOD0
0  -0.007369 0.006247 0.010616  0.000001 0.000002 1.000000  0.687270 0.964192 0
0  -0.002619 0.006247 0.010616  0.000000 0.000002 1.000000  0.725342 0.964192 0
0  -0.007369 0.006753 0.010616  0.000001 0.000002 1.000000  0.687270 0.968246 0
mount_casv_vltor_picatinny_rail_sections_LOD0
0  0.002630 0.006753 0.010616  0.000001 0.000002 1.000000  0.629652 0.966912 0
0  0.002630 0.006247 0.010616  0.000001 0.000002 1.000000  0.629652 0.962857 0
0  0.007380 0.006247 0.010616  0.000000 0.000004 1.000000  0.667725 0.962857 0
mount_casv_vltor_picatinny_rail_sections_LOD0
0  0.007380 0.006753 0.010616  0.000000 0.000004 1.000000  0.667725 0.966912 0
0  0.002630 0.006753 0.010616  0.000001 0.000002 1.000000  0.629652 0.966912 0
0  0.007380 0.006247 0.010616  0.000000 0.000004 1.000000  0.667725 0.962857 0
mount_casv_vltor_picatinny_rail_sections_LOD0
0  0.002630 0.009250 0.008119  0.000000 0.707110 0.707104  0.678371 0.816279 0
0  0.002630 0.006753 0.010616  0.000000 0.707110 0.707104  0.678371 0.787977 0
0  0.007380 0.006753 0.010616  0.000000 0.707110 0.707104  0.716442 0.787977 0
mount_casv_vltor_picatinny_rail_sections_LOD0
0  0.007380 0.009250 0.008119  0.000000 0.707109 0.707104  0.716442 0.816279 0
0  0.002630 0.009250 0.008119  0.000000 0.707110 0.707104  0.678371 0.816279 0
0  0.007380 0.006753 0.010616  0.000000 0.707110 0.707104  0.716442 0.787977 0
mount_casv_vltor_picatinny_rail_sections_LOD0
0  -0.002619 0.006247 0.005024  1.000000 0.000000 -0.000000  0.535644 0.222596 0
0  -0.002619 0.009250 0.005024  1.000000 0.000000 -0.000000  0.535644 0.246666 0
0  -0.002619 0.009250 0.008119  1.000000 0.000000 -0.000000  0.510838 0.246664 0
mount_casv_vltor_picatinny_rail_sections_LOD0
0  -0.002619 0.006247 0.010616  1.000000 0.000000 -0.000000  0.490821 0.222598 0
0  -0.002619 0.006247 0.005024  1.000000 0.000000 -0.000000  0.535644 0.222596 0
0  -0.002619 0.009250 0.008119  1.000000 0.000000 -0.000000  0.510838 0.246664 0
mount_casv_vltor_picatinny_rail_sections_LOD0
0  -0.002619 0.006753 0.010616  1.000000 0.000000 -0.000000  0.490821 0.226654 0
0  -0.002619 0.006247 0.010616  1.000000 0.000000 -0.000000  0.490821 0.222598 0
0  -0.002619 0.009250 0.008119  1.000000 0.000000 -0.000000  0.510838 0.246664 0
mount_casv_vltor_picatinny_rail_sections_LOD0
0  -0.002619 0.006247 0.005024  0.579537 -0.000000 -0.814946  0.830911 0.667282 0
0  -0.004020 0.006247 0.004027  0.694201 -0.000000 -0.719781  0.844693 0.667282 0
0  -0.002619 0.009250 0.005024  0.579811 -0.000000 -0.814751  0.830911 0.691349 0
mount_casv_vltor_picatinny_rail_sections_LOD0
0  -0.004020 0.006247 0.004027  0.694201 -0.000000 -0.719781  0.844693 0.667282 0
0  -0.004020 0.009250 0.004027  0.694202 -0.000000 -0.719780  0.844693 0.691349 0
0  -0.002619 0.009250 0.005024  0.579811 -0.000000 -0.814751  0.830911 0.691349 0
mount_casv_vltor_picatinny_rail_sections_LOD0
0  -0.004020 0.009250 0.004027  0.694202 -0.000000 -0.719780  0.844693 0.691349 0
0  -0.004020 0.006247 0.004027  0.694201 -0.000000 -0.719781  0.844693 0.667282 0
0  -0.004925 0.009250 0.002848  0.866003 -0.000000 -0.500038  0.856606 0.691349 0
mount_casv_vltor_picatinny_rail_sections_LOD0
0  -0.004020 0.006247 0.004027  0.694201 -0.000000 -0.719781  0.844693 0.667282 0
0  -0.004925 0.006247 0.002848  0.866001 -0.000000 -0.500042  0.856606 0.667282 0
0  -0.004925 0.009250 0.002848  0.866003 -0.000000 -0.500038  0.856606 0.691349 0
mount_casv_vltor_picatinny_rail_sections_LOD0
0  -0.004925 0.009250 0.002848  0.866003 -0.000000 -0.500038  0.856606 0.691349 0
0  -0.004925 0.006247 0.002848  0.866001 -0.000000 -0.500042  0.856606 0.667282 0
0  -0.005494 0.009250 0.001474  0.965940 -0.000000 -0.258765  0.868525 0.691349 0
mount_casv_vltor_picatinny_rail_sections_LOD0
0  -0.004925 0.006247 0.002848  0.866001 -0.000000 -0.500042  0.856606 0.667282 0
0  -0.005494 0.006247 0.001474  0.965939 -0.000000 -0.258770  0.868525 0.667282 0
0  -0.005494 0.009250 0.001474  0.965940 -0.000000 -0.258765  0.868525 0.691349 0
mount_casv_vltor_picatinny_rail_sections_LOD0
0  -0.005494 0.009250 0.001474  0.965940 -0.000000 -0.258765  0.868525 0.691349 0
0  -0.005494 0.006247 0.001474  0.965939 -0.000000 -0.258770  0.868525 0.667282 0
0  -0.005688 0.009250 -0.000000  1.000000 0.000000 0.000044  0.880441 0.691349 0
mount_casv_vltor_picatinny_rail_sections_LOD0
0  -0.005494 0.006247 0.001474  0.965939 -0.000000 -0.258770  0.868525 0.667282 0
0  -0.005688 0.006247 -0.000000  1.000000 0.000000 0.000044  0.880441 0.667282 0
0  -0.005688 0.009250 -0.000000  1.000000 0.000000 0.000044  0.880441 0.691349 0
mount_casv_vltor_picatinny_rail_sections_LOD0
0  -0.005688 0.009250 -0.000000  1.000000 0.000000 0.000044  0.880441 0.691349 0
0  -0.005688 0.006247 -0.000000  1.000000 0.000000 0.000044  0.880441 0.667282 0
0  -0.005494 0.006247 -0.001473  0.965928 0.000000 0.258812  0.892349 0.667282 0
mount_casv_vltor_picatinny_rail_sections_LOD0
0  -0.005494 0.009250 -0.001473  0.965929 0.000000 0.258808  0.892349 0.691349 0
0  -0.005688 0.009250 -0.000000  1.000000 0.000000 0.000044  0.880441 0.691349 0
0  -0.005494 0.006247 -0.001473  0.965928 0.000000 0.258812  0.892349 0.667282 0
mount_casv_vltor_picatinny_rail_sections_LOD0
0  -0.005494 0.009250 -0.001473  0.965929 0.000000 0.258808  0.892349 0.691349 0
0  -0.005494 0.006247 -0.001473  0.965928 0.000000 0.258812  0.892349 0.667282 0
0  -0.004925 0.006247 -0.002847  0.866002 0.000000 0.500041  0.904269 0.667282 0
mount_casv_vltor_picatinny_rail_sections_LOD0
0  -0.004925 0.009250 -0.002847  0.866004 0.000000 0.500038  0.904269 0.691349 0
0  -0.005494 0.009250 -0.001473  0.965929 0.000000 0.258808  0.892349 0.691349 0
0  -0.004925 0.006247 -0.002847  0.866002 0.000000 0.500041  0.904269 0.667282 0
mount_casv_vltor_picatinny_rail_sections_LOD0
0  -0.004925 0.009250 -0.002847  0.866004 0.000000 0.500038  0.904269 0.691349 0
0  -0.004925 0.006247 -0.002847  0.866002 0.000000 0.500041  0.904269 0.667282 0
0  -0.004020 0.006247 -0.004026  0.694201 0.000000 0.719781  0.916181 0.667282 0
mount_casv_vltor_picatinny_rail_sections_LOD0
0  -0.004020 0.009250 -0.004026  0.694204 0.000000 0.719779  0.916181 0.691349 0
0  -0.004925 0.009250 -0.002847  0.866004 0.000000 0.500038  0.904269 0.691349 0
0  -0.004020 0.006247 -0.004026  0.694201 0.000000 0.719781  0.916181 0.667282 0
mount_casv_vltor_picatinny_rail_sections_LOD0
0  -0.004020 0.006247 -0.004026  0.694201 0.000000 0.719781  0.916181 0.667282 0
0  -0.002619 0.006247 -0.005023  0.579811 0.000000 0.814751  0.929965 0.667282 0
0  -0.004020 0.009250 -0.004026  0.694204 0.000000 0.719779  0.916181 0.691349 0
mount_casv_vltor_picatinny_rail_sections_LOD0
0  -0.002619 0.006247 -0.005023  0.579811 0.000000 0.814751  0.929965 0.667282 0
0  -0.002619 0.009250 -0.005023  0.579811 0.000000 0.814751  0.929965 0.691349 0
0  -0.004020 0.009250 -0.004026  0.694204 0.000000 0.719779  0.916181 0.691349 0
mount_casv_vltor_picatinny_rail_sections_LOD0
0  0.002630 0.009250 0.005024  -1.000000 0.000000 0.000000  0.005835 0.338786 0
0  0.002630 0.006247 0.005024  -1.000000 -0.000000 0.000000  0.029903 0.338786 0
0  0.002630 0.009250 0.008119  -1.000000 -0.000000 0.000000  0.005835 0.313980 0
mount_casv_vltor_picatinny_rail_sections_LOD0
0  0.002630 0.006247 0.005024  -1.000000 -0.000000 0.000000  0.029903 0.338786 0
0  0.002630 0.006247 0.010616  -1.000000 -0.000000 0.000000  0.029902 0.293965 0
0  0.002630 0.009250 0.008119  -1.000000 -0.000000 0.000000  0.005835 0.313980 0
mount_casv_vltor_picatinny_rail_sections_LOD0
0  0.002630 0.006753 0.010616  -1.000000 0.000000 0.000000  0.025848 0.293965 0
0  0.002630 0.009250 0.008119  -1.000000 -0.000000 0.000000  0.005835 0.313980 0
0  0.002630 0.006247 0.010616  -1.000000 -0.000000 0.000000  0.029902 0.293965 0
mount_casv_vltor_picatinny_rail_sections_LOD0
0  0.002630 0.009250 0.005024  -0.579539 -0.000000 -0.814945  0.453572 0.946180 0
0  0.004032 0.009250 0.004027  -0.694082 -0.000000 -0.719896  0.439783 0.946180 0
0  0.002630 0.006247 0.005024  -0.579539 -0.000000 -0.814945  0.453572 0.922112 0
mount_casv_vltor_picatinny_rail_sections_LOD0
0  0.004032 0.009250 0.004027  -0.694082 -0.000000 -0.719896  0.439783 0.946180 0
0  0.004032 0.006247 0.004027  -0.694083 -0.000000 -0.719895  0.439783 0.922112 0
0  0.002630 0.006247 0.005024  -0.579539 -0.000000 -0.814945  0.453572 0.922112 0
mount_casv_vltor_picatinny_rail_sections_LOD0
0  0.004937 0.006247 0.002848  -0.866004 -0.000000 -0.500037  0.427870 0.922112 0
0  0.004032 0.006247 0.004027  -0.694083 -0.000000 -0.719895  0.439783 0.922112 0
0  0.004032 0.009250 0.004027  -0.694082 -0.000000 -0.719896  0.439783 0.946180 0
mount_casv_vltor_picatinny_rail_sections_LOD0
0  0.004937 0.009250 0.002848  -0.866002 -0.000000 -0.500041  0.427870 0.946180 0
0  0.004937 0.006247 0.002848  -0.866004 -0.000000 -0.500037  0.427870 0.922112 0
0  0.004032 0.009250 0.004027  -0.694082 -0.000000 -0.719896  0.439783 0.946180 0
mount_casv_vltor_picatinny_rail_sections_LOD0
0  0.005506 0.006247 0.001474  -0.965940 -0.000000 -0.258765  0.415950 0.922112 0
0  0.004937 0.006247 0.002848  -0.866004 -0.000000 -0.500037  0.427870 0.922112 0
0  0.004937 0.009250 0.002848  -0.866002 -0.000000 -0.500041  0.427870 0.946180 0
mount_casv_vltor_picatinny_rail_sections_LOD0
0  0.005506 0.009250 0.001474  -0.965939 -0.000000 -0.258769  0.415950 0.946180 0
0  0.005506 0.006247 0.001474  -0.965940 -0.000000 -0.258765  0.415950 0.922112 0
0  0.004937 0.009250 0.002848  -0.866002 -0.000000 -0.500041  0.427870 0.946180 0
mount_casv_vltor_picatinny_rail_sections_LOD0
0  0.005700 0.006247 -0.000000  -1.000000 -0.000000 0.000044  0.404035 0.922112 0
0  0.005506 0.006247 0.001474  -0.965940 -0.000000 -0.258765  0.415950 0.922112 0
0  0.005506 0.009250 0.001474  -0.965939 -0.000000 -0.258769  0.415950 0.946180 0
mount_casv_vltor_picatinny_rail_sections_LOD0
0  0.005700 0.009250 -0.000000  -1.000000 0.000000 0.000044  0.404035 0.946180 0
0  0.005700 0.006247 -0.000000  -1.000000 -0.000000 0.000044  0.404035 0.922112 0
0  0.005506 0.009250 0.001474  -0.965939 -0.000000 -0.258769  0.415950 0.946180 0
mount_casv_vltor_picatinny_rail_sections_LOD0
0  0.005700 0.009250 -0.000000  -1.000000 0.000000 0.000044  0.404035 0.946180 0
0  0.005506 0.009250 -0.001473  -0.965928 0.000000 0.258812  0.392128 0.946180 0
0  0.005700 0.006247 -0.000000  -1.000000 -0.000000 0.000044  0.404035 0.922112 0
mount_casv_vltor_picatinny_rail_sections_LOD0
0  0.005506 0.009250 -0.001473  -0.965928 0.000000 0.258812  0.392128 0.946180 0
0  0.005506 0.006247 -0.001473  -0.965929 0.000000 0.258808  0.392128 0.922112 0
0  0.005700 0.006247 -0.000000  -1.000000 -0.000000 0.000044  0.404035 0.922112 0
mount_casv_vltor_picatinny_rail_sections_LOD0
0  0.005506 0.009250 -0.001473  -0.965928 0.000000 0.258812  0.392128 0.946180 0
0  0.004937 0.009250 -0.002847  -0.866001 0.000000 0.500042  0.380207 0.946180 0
0  0.005506 0.006247 -0.001473  -0.965929 0.000000 0.258808  0.392128 0.922112 0
mount_casv_vltor_picatinny_rail_sections_LOD0
0  0.004937 0.009250 -0.002847  -0.866001 0.000000 0.500042  0.380207 0.946180 0
0  0.004937 0.006247 -0.002847  -0.866003 0.000000 0.500038  0.380207 0.922112 0
0  0.005506 0.006247 -0.001473  -0.965929 0.000000 0.258808  0.392128 0.922112 0
mount_casv_vltor_picatinny_rail_sections_LOD0
0  0.004937 0.009250 -0.002847  -0.866001 0.000000 0.500042  0.380207 0.946180 0
0  0.004032 0.009250 -0.004026  -0.694080 0.000000 0.719898  0.368294 0.946180 0
0  0.004937 0.006247 -0.002847  -0.866003 0.000000 0.500038  0.380207 0.922112 0
mount_casv_vltor_picatinny_rail_sections_LOD0
0  0.004032 0.009250 -0.004026  -0.694080 0.000000 0.719898  0.368294 0.946180 0
0  0.004032 0.006247 -0.004026  -0.694083 0.000000 0.719895  0.368294 0.922112 0
0  0.004937 0.006247 -0.002847  -0.866003 0.000000 0.500038  0.380207 0.922112 0
mount_casv_vltor_picatinny_rail_sections_LOD0
0  0.004032 0.006247 -0.004026  -0.694083 0.000000 0.719895  0.368294 0.922112 0
0  0.004032 0.009250 -0.004026  -0.694080 0.000000 0.719898  0.368294 0.946180 0
0  0.002630 0.009250 -0.005023  -0.579538 0.000000 0.814945  0.354505 0.946180 0
mount_casv_vltor_picatinny_rail_sections_LOD0
0  0.002630 0.006247 -0.005023  -0.579539 0.000000 0.814945  0.354505 0.922112 0
0  0.004032 0.006247 -0.004026  -0.694083 0.000000 0.719895  0.368294 0.922112 0
0  0.002630 0.009250 -0.005023  -0.579538 0.000000 0.814945  0.354505 0.946180 0
mount_casv_vltor_picatinny_rail_sections_LOD0
0  0.002630 0.006247 0.010616  0.000000 1.000000 -0.000000  0.174184 0.809520 0
0  0.002630 0.006247 0.005024  0.000000 1.000000 -0.000000  0.129361 0.809513 0
0  -0.002619 0.006247 0.010616  0.000000 1.000000 -0.000000  0.174190 0.767449 0
mount_casv_vltor_picatinny_rail_sections_LOD0
0  0.002630 0.006247 0.005024  0.000000 1.000000 -0.000000  0.129361 0.809513 0
0  -0.002619 0.006247 0.005024  -0.000000 1.000000 -0.000001  0.129369 0.767441 0
0  -0.002619 0.006247 0.010616  0.000000 1.000000 -0.000000  0.174190 0.767449 0
mount_casv_vltor_picatinny_rail_sections_LOD0
0  -0.002619 0.006247 0.005024  -0.000000 1.000000 -0.000001  0.129369 0.767441 0
0  0.002630 0.006247 0.005024  0.000000 1.000000 -0.000000  0.129361 0.809513 0
0  0.004032 0.006247 0.004027  -0.000000 1.000000 -0.000000  0.121367 0.820748 0
mount_casv_vltor_picatinny_rail_sections_LOD0
0  -0.004020 0.006247 0.004027  -0.000000 1.000000 -0.000001  0.121378 0.756210 0
0  -0.002619 0.006247 0.005024  -0.000000 1.000000 -0.000001  0.129369 0.767441 0
0  0.004032 0.006247 0.004027  -0.000000 1.000000 -0.000000  0.121367 0.820748 0
mount_casv_vltor_picatinny_rail_sections_LOD0
0  0.004032 0.006247 0.004027  -0.000000 1.000000 -0.000000  0.121367 0.820748 0
0  0.004937 0.006247 0.002848  -0.000000 1.000000 0.000001  0.111915 0.828000 0
0  -0.004020 0.006247 0.004027  -0.000000 1.000000 -0.000001  0.121378 0.756210 0
mount_casv_vltor_picatinny_rail_sections_LOD0
0  0.004937 0.006247 0.002848  -0.000000 1.000000 0.000001  0.111915 0.828000 0
0  -0.004925 0.006247 0.002848  -0.000000 1.000000 -0.000000  0.111925 0.748955 0
0  -0.004020 0.006247 0.004027  -0.000000 1.000000 -0.000001  0.121378 0.756210 0
mount_casv_vltor_picatinny_rail_sections_LOD0
0  0.004937 0.006247 0.002848  -0.000000 1.000000 0.000001  0.111915 0.828000 0
0  0.005506 0.006247 0.001474  -0.000000 1.000000 0.000000  0.100903 0.832560 0
0  -0.004925 0.006247 0.002848  -0.000000 1.000000 -0.000000  0.111925 0.748955 0
mount_casv_vltor_picatinny_rail_sections_LOD0
0  0.005506 0.006247 0.001474  -0.000000 1.000000 0.000000  0.100903 0.832560 0
0  -0.005494 0.006247 0.001474  -0.000000 1.000000 -0.000000  0.100908 0.744392 0
0  -0.004925 0.006247 0.002848  -0.000000 1.000000 -0.000000  0.111925 0.748955 0
mount_casv_vltor_picatinny_rail_sections_LOD0
0  0.005506 0.006247 0.001474  -0.000000 1.000000 0.000000  0.100903 0.832560 0
0  0.005700 0.006247 -0.000000  -0.000000 1.000000 -0.000000  0.089089 0.834114 0
0  -0.005494 0.006247 0.001474  -0.000000 1.000000 -0.000000  0.100908 0.744392 0
mount_casv_vltor_picatinny_rail_sections_LOD0
0  0.005700 0.006247 -0.000000  -0.000000 1.000000 -0.000000  0.089089 0.834114 0
0  -0.005688 0.006247 -0.000000  -0.000000 1.000000 -0.000000  0.089088 0.742837 0
0  -0.005494 0.006247 0.001474  -0.000000 1.000000 -0.000000  0.100908 0.744392 0
mount_casv_vltor_picatinny_rail_sections_LOD0
0  0.005700 0.006247 -0.000000  -0.000000 1.000000 -0.000000  0.089089 0.834114 0
0  0.005506 0.006247 -0.001473  -0.000000 1.000000 -0.000000  0.077283 0.832558 0
0  -0.005688 0.006247 -0.000000  -0.000000 1.000000 -0.000000  0.089088 0.742837 0
mount_casv_vltor_picatinny_rail_sections_LOD0
0  0.005506 0.006247 -0.001473  -0.000000 1.000000 -0.000000  0.077283 0.832558 0
0  -0.005494 0.006247 -0.001473  -0.000000 1.000000 0.000000  0.077278 0.744392 0
0  -0.005688 0.006247 -0.000000  -0.000000 1.000000 -0.000000  0.089088 0.742837 0
mount_casv_vltor_picatinny_rail_sections_LOD0
0  0.005506 0.006247 -0.001473  -0.000000 1.000000 -0.000000  0.077283 0.832558 0
0  0.004937 0.006247 -0.002847  -0.000000 1.000000 -0.000001  0.066270 0.827999 0
0  -0.005494 0.006247 -0.001473  -0.000000 1.000000 0.000000  0.077278 0.744392 0
mount_casv_vltor_picatinny_rail_sections_LOD0
0  0.004937 0.006247 -0.002847  -0.000000 1.000000 -0.000001  0.066270 0.827999 0
0  -0.004925 0.006247 -0.002847  -0.000000 1.000000 -0.000000  0.066264 0.748953 0
0  -0.005494 0.006247 -0.001473  -0.000000 1.000000 0.000000  0.077278 0.744392 0
mount_casv_vltor_picatinny_rail_sections_LOD0
0  0.004937 0.006247 -0.002847  -0.000000 1.000000 -0.000001  0.066270 0.827999 0
0  0.004032 0.006247 -0.004026  -0.000000 1.000000 -0.000000  0.056821 0.820746 0
0  -0.004925 0.006247 -0.002847  -0.000000 1.000000 -0.000000  0.066264 0.748953 0
mount_casv_vltor_picatinny_rail_sections_LOD0
0  0.004032 0.006247 -0.004026  -0.000000 1.000000 -0.000000  0.056821 0.820746 0
0  -0.004020 0.006247 -0.004026  -0.000000 1.000000 -0.000001  0.056812 0.756206 0
0  -0.004925 0.006247 -0.002847  -0.000000 1.000000 -0.000000  0.066264 0.748953 0
mount_casv_vltor_picatinny_rail_sections_LOD0
0  0.004032 0.006247 -0.004026  -0.000000 1.000000 -0.000000  0.056821 0.820746 0
0  0.002630 0.006247 -0.005023  -0.000000 1.000000 -0.000001  0.048828 0.809510 0
0  -0.004020 0.006247 -0.004026  -0.000000 1.000000 -0.000001  0.056812 0.756206 0
mount_casv_vltor_picatinny_rail_sections_LOD0
0  0.002630 0.006247 -0.005023  -0.000000 1.000000 -0.000001  0.048828 0.809510 0
0  -0.002619 0.006247 -0.005023  0.000000 1.000000 0.000000  0.048822 0.767438 0
0  -0.004020 0.006247 -0.004026  -0.000000 1.000000 -0.000001  0.056812 0.756206 0
mount_casv_vltor_picatinny_rail_sections_LOD0
0  -0.002619 0.006247 -0.005023  0.000000 1.000000 0.000000  0.048822 0.767438 0
0  0.002630 0.006247 -0.005023  -0.000000 1.000000 -0.000001  0.048828 0.809510 0
0  -0.002619 0.006247 -0.010616  0.000000 1.000000 -0.000000  0.003993 0.767446 0
mount_casv_vltor_picatinny_rail_sections_LOD0
0  0.002630 0.006247 -0.005023  -0.000000 1.000000 -0.000001  0.048828 0.809510 0
0  0.002630 0.006247 -0.010616  0.000000 1.000000 -0.000000  0.003999 0.809518 0
0  -0.002619 0.006247 -0.010616  0.000000 1.000000 -0.000000  0.003993 0.767446 0
mount_casv_vltor_picatinny_rail_sections_LOD0
0  -0.002619 0.009250 0.008119  0.000000 0.707110 0.707104  0.886597 0.931552 0
0  -0.007369 0.009250 0.008119  0.000000 0.707110 0.707104  0.886597 0.969624 0
0  -0.007369 0.006753 0.010616  0.000000 0.707110 0.707104  0.858294 0.969624 0
mount_casv_vltor_picatinny_rail_sections_LOD0
0  -0.002619 0.006753 0.010616  0.000000 0.707110 0.707104  0.858294 0.931552 0
0  -0.002619 0.009250 0.008119  0.000000 0.707110 0.707104  0.886597 0.931552 0
0  -0.007369 0.006753 0.010616  0.000000 0.707110 0.707104  0.858294 0.969624 0
mount_casv_vltor_picatinny_rail_sections_LOD0
0  0.037377 0.006247 0.010616  0.000000 0.000002 1.000000  0.789928 0.919749 0
0  0.037377 0.006753 0.010615  0.000000 0.000002 1.000000  0.789928 0.923804 0
0  0.032628 0.006753 0.010616  0.000000 0.000002 1.000000  0.751865 0.923804 0
mount_casv_vltor_picatinny_rail_sections_LOD0
0  0.032628 0.006247 0.010616  0.000000 0.000002 1.000000  0.751865 0.919749 0
0  0.037377 0.006247 0.010616  0.000000 0.000002 1.000000  0.789928 0.919749 0
0  0.032628 0.006753 0.010616  0.000000 0.000002 1.000000  0.751865 0.923804 0
mount_casv_vltor_picatinny_rail_sections_LOD0
0  0.042627 0.006753 0.010615  0.000000 0.000004 1.000000  0.773513 0.958598 0
0  0.042627 0.006247 0.010615  0.000000 0.000004 1.000000  0.773513 0.954544 0
0  0.047376 0.006247 0.010615  0.000001 0.000004 1.000000  0.811576 0.954544 0
mount_casv_vltor_picatinny_rail_sections_LOD0
0  0.047376 0.006753 0.010615  0.000001 0.000004 1.000000  0.811576 0.958598 0
0  0.042627 0.006753 0.010615  0.000000 0.000004 1.000000  0.773513 0.958598 0
0  0.047376 0.006247 0.010615  0.000001 0.000004 1.000000  0.811576 0.954544 0
mount_casv_vltor_picatinny_rail_sections_LOD0
0  0.042627 0.009250 0.008118  0.000000 0.707110 0.707104  0.553775 0.914556 0
0  0.042627 0.006753 0.010615  -0.000000 0.707109 0.707104  0.553775 0.886253 0
0  0.047376 0.006753 0.010615  0.000000 0.707110 0.707104  0.591838 0.886253 0
mount_casv_vltor_picatinny_rail_sections_LOD0
0  0.047376 0.009250 0.008118  0.000000 0.707110 0.707103  0.591838 0.914556 0
0  0.042627 0.009250 0.008118  0.000000 0.707110 0.707104  0.553775 0.914556 0
0  0.047376 0.006753 0.010615  0.000000 0.707110 0.707104  0.591838 0.886253 0
mount_casv_vltor_picatinny_rail_sections_LOD0
0  0.037377 0.006247 0.005023  1.000000 -0.000000 0.000000  0.991647 0.244184 0
0  0.037377 0.009250 0.005023  1.000000 -0.000002 0.000000  0.991647 0.268253 0
0  0.037377 0.009250 0.008118  1.000000 0.000000 0.000000  0.966841 0.268253 0
mount_casv_vltor_picatinny_rail_sections_LOD0
0  0.037377 0.006247 0.010616  1.000000 0.000000 0.000000  0.946824 0.244185 0
0  0.037377 0.006247 0.005023  1.000000 -0.000000 0.000000  0.991647 0.244184 0
0  0.037377 0.009250 0.008118  1.000000 0.000000 0.000000  0.966841 0.268253 0
mount_casv_vltor_picatinny_rail_sections_LOD0
0  0.037377 0.006753 0.010615  1.000000 0.000000 0.000000  0.946824 0.248242 0
0  0.037377 0.006247 0.010616  1.000000 0.000000 0.000000  0.946824 0.244185 0
0  0.037377 0.009250 0.008118  1.000000 0.000000 0.000000  0.966841 0.268253 0
mount_casv_vltor_picatinny_rail_sections_LOD0
0  0.037377 0.006247 0.005023  0.579811 0.000000 -0.814751  0.702691 0.474733 0
0  0.035976 0.006247 0.004026  0.694201 -0.000000 -0.719781  0.716475 0.474733 0
0  0.037377 0.009250 0.005023  0.579811 0.000000 -0.814751  0.702691 0.498801 0
mount_casv_vltor_picatinny_rail_sections_LOD0
0  0.035976 0.006247 0.004026  0.694201 -0.000000 -0.719781  0.716475 0.474733 0
0  0.035976 0.009250 0.004026  0.694202 0.000000 -0.719780  0.716475 0.498801 0
0  0.037377 0.009250 0.005023  0.579811 0.000000 -0.814751  0.702691 0.498801 0
mount_casv_vltor_picatinny_rail_sections_LOD0
0  0.035976 0.009250 0.004026  0.694202 0.000000 -0.719780  0.716475 0.498801 0
0  0.035976 0.006247 0.004026  0.694201 -0.000000 -0.719781  0.716475 0.474733 0
0  0.035071 0.009250 0.002847  0.866003 -0.000000 -0.500039  0.728387 0.498801 0
mount_casv_vltor_picatinny_rail_sections_LOD0
0  0.035976 0.006247 0.004026  0.694201 -0.000000 -0.719781  0.716475 0.474733 0
0  0.035071 0.006247 0.002847  0.866001 -0.000000 -0.500042  0.728387 0.474733 0
0  0.035071 0.009250 0.002847  0.866003 -0.000000 -0.500039  0.728387 0.498801 0
mount_casv_vltor_picatinny_rail_sections_LOD0
0  0.035071 0.009250 0.002847  0.866003 -0.000000 -0.500039  0.728387 0.498801 0
0  0.035071 0.006247 0.002847  0.866001 -0.000000 -0.500042  0.728387 0.474733 0
0  0.034502 0.009250 0.001474  0.966029 0.000000 -0.258434  0.740307 0.498801 0
mount_casv_vltor_picatinny_rail_sections_LOD0
0  0.035071 0.006247 0.002847  0.866001 -0.000000 -0.500042  0.728387 0.474733 0
0  0.034502 0.006247 0.001474  0.966028 0.000001 -0.258438  0.740307 0.474733 0
0  0.034502 0.009250 0.001474  0.966029 0.000000 -0.258434  0.740307 0.498801 0
mount_casv_vltor_picatinny_rail_sections_LOD0
0  0.034502 0.009250 0.001474  0.966029 0.000000 -0.258434  0.740307 0.498801 0
0  0.034502 0.006247 0.001474  0.966028 0.000001 -0.258438  0.740307 0.474733 0
0  0.034309 0.009250 -0.000001  1.000000 -0.000000 0.000044  0.752220 0.498801 0
mount_casv_vltor_picatinny_rail_sections_LOD0
0  0.034502 0.006247 0.001474  0.966028 0.000001 -0.258438  0.740307 0.474733 0
0  0.034309 0.006247 -0.000001  1.000000 0.000001 0.000044  0.752220 0.474733 0
0  0.034309 0.009250 -0.000001  1.000000 -0.000000 0.000044  0.752220 0.498801 0
mount_casv_vltor_picatinny_rail_sections_LOD0
0  0.034309 0.009250 -0.000001  1.000000 -0.000000 0.000044  0.752220 0.498801 0
0  0.034309 0.006247 -0.000001  1.000000 0.000001 0.000044  0.752220 0.474733 0
0  0.034502 0.006247 -0.001474  0.966016 0.000001 0.258480  0.764128 0.474733 0
mount_casv_vltor_picatinny_rail_sections_LOD0
0  0.034502 0.009250 -0.001474  0.966018 -0.000001 0.258476  0.764128 0.498801 0
0  0.034309 0.009250 -0.000001  1.000000 -0.000000 0.000044  0.752220 0.498801 0
0  0.034502 0.006247 -0.001474  0.966016 0.000001 0.258480  0.764128 0.474733 0
mount_casv_vltor_picatinny_rail_sections_LOD0
0  0.034502 0.009250 -0.001474  0.966018 -0.000001 0.258476  0.764128 0.498801 0
0  0.034502 0.006247 -0.001474  0.966016 0.000001 0.258480  0.764128 0.474733 0
0  0.035071 0.006247 -0.002848  0.866001 0.000001 0.500042  0.776049 0.474733 0
mount_casv_vltor_picatinny_rail_sections_LOD0
0  0.035071 0.009250 -0.002848  0.866003 0.000000 0.500038  0.776049 0.498801 0
0  0.034502 0.009250 -0.001474  0.966018 -0.000001 0.258476  0.764128 0.498801 0
0  0.035071 0.006247 -0.002848  0.866001 0.000001 0.500042  0.776049 0.474733 0
mount_casv_vltor_picatinny_rail_sections_LOD0
0  0.035071 0.009250 -0.002848  0.866003 0.000000 0.500038  0.776049 0.498801 0
0  0.035071 0.006247 -0.002848  0.866001 0.000001 0.500042  0.776049 0.474733 0
0  0.035976 0.006247 -0.004027  0.694201 0.000000 0.719781  0.787962 0.474733 0
mount_casv_vltor_picatinny_rail_sections_LOD0
0  0.035976 0.009250 -0.004027  0.694203 0.000000 0.719779  0.787962 0.498801 0
0  0.035071 0.009250 -0.002848  0.866003 0.000000 0.500038  0.776049 0.498801 0
0  0.035976 0.006247 -0.004027  0.694201 0.000000 0.719781  0.787962 0.474733 0
mount_casv_vltor_picatinny_rail_sections_LOD0
0  0.035976 0.006247 -0.004027  0.694201 0.000000 0.719781  0.787962 0.474733 0
0  0.037377 0.006247 -0.005023  0.579811 0.000000 0.814751  0.801744 0.474733 0
0  0.035976 0.009250 -0.004027  0.694203 0.000000 0.719779  0.787962 0.498801 0
mount_casv_vltor_picatinny_rail_sections_LOD0
0  0.037377 0.006247 -0.005023  0.579811 0.000000 0.814751  0.801744 0.474733 0
0  0.037377 0.009250 -0.005024  0.579811 0.000000 0.814751  0.801744 0.498801 0
0  0.035976 0.009250 -0.004027  0.694203 0.000000 0.719779  0.787962 0.498801 0
mount_casv_vltor_picatinny_rail_sections_LOD0
0  0.042627 0.009250 0.005023  -1.000000 0.000000 0.000000  0.452432 0.225685 0
0  0.042627 0.006247 0.005023  -1.000000 -0.000001 0.000000  0.452432 0.249754 0
0  0.042627 0.009250 0.008118  -1.000000 -0.000001 0.000000  0.477238 0.225685 0
mount_casv_vltor_picatinny_rail_sections_LOD0
0  0.042627 0.006247 0.005023  -1.000000 -0.000001 0.000000  0.452432 0.249754 0
0  0.042627 0.006247 0.010615  -1.000000 -0.000001 0.000000  0.497253 0.249753 0
0  0.042627 0.009250 0.008118  -1.000000 -0.000001 0.000000  0.477238 0.225685 0
mount_casv_vltor_picatinny_rail_sections_LOD0
0  0.042627 0.006753 0.010615  -1.000000 0.000000 0.000000  0.497253 0.245697 0
0  0.042627 0.009250 0.008118  -1.000000 -0.000001 0.000000  0.477238 0.225685 0
0  0.042627 0.006247 0.010615  -1.000000 -0.000001 0.000000  0.497253 0.249753 0
mount_casv_vltor_picatinny_rail_sections_LOD0
0  0.042627 0.009250 0.005023  -0.579529 0.000000 -0.814952  0.603816 0.852704 0
0  0.044029 0.009250 0.004026  -0.694077 0.000000 -0.719901  0.590026 0.852704 0
0  0.042627 0.006247 0.005023  -0.579529 0.000000 -0.814952  0.603816 0.828637 0
mount_casv_vltor_picatinny_rail_sections_LOD0
0  0.044029 0.009250 0.004026  -0.694077 0.000000 -0.719901  0.590026 0.852704 0
0  0.044029 0.006247 0.004026  -0.694078 0.000000 -0.719900  0.590026 0.828637 0
0  0.042627 0.006247 0.005023  -0.579529 0.000000 -0.814952  0.603816 0.828637 0
mount_casv_vltor_picatinny_rail_sections_LOD0
0  0.044934 0.006247 0.002847  -0.866003 -0.000000 -0.500038  0.578114 0.828637 0
0  0.044029 0.006247 0.004026  -0.694078 0.000000 -0.719900  0.590026 0.828637 0
0  0.044029 0.009250 0.004026  -0.694077 0.000000 -0.719901  0.590026 0.852704 0
mount_casv_vltor_picatinny_rail_sections_LOD0
0  0.044934 0.009250 0.002847  -0.866001 -0.000000 -0.500042  0.578114 0.852704 0
0  0.044934 0.006247 0.002847  -0.866003 -0.000000 -0.500038  0.578114 0.828637 0
0  0.044029 0.009250 0.004026  -0.694077 0.000000 -0.719901  0.590026 0.852704 0
mount_casv_vltor_picatinny_rail_sections_LOD0
0  0.045503 0.006247 0.001473  -0.966029 -0.000000 -0.258434  0.566194 0.828637 0
0  0.044934 0.006247 0.002847  -0.866003 -0.000000 -0.500038  0.578114 0.828637 0
0  0.044934 0.009250 0.002847  -0.866001 -0.000000 -0.500042  0.578114 0.852704 0
mount_casv_vltor_picatinny_rail_sections_LOD0
0  0.045503 0.009250 0.001473  -0.966028 -0.000000 -0.258438  0.566194 0.852704 0
0  0.045503 0.006247 0.001473  -0.966029 -0.000000 -0.258434  0.566194 0.828637 0
0  0.044934 0.009250 0.002847  -0.866001 -0.000000 -0.500042  0.578114 0.852704 0
mount_casv_vltor_picatinny_rail_sections_LOD0
0  0.045696 0.006247 -0.000001  -1.000000 -0.000001 0.000044  0.554279 0.828637 0
0  0.045503 0.006247 0.001473  -0.966029 -0.000000 -0.258434  0.566194 0.828637 0
0  0.045503 0.009250 0.001473  -0.966028 -0.000000 -0.258438  0.566194 0.852704 0
mount_casv_vltor_picatinny_rail_sections_LOD0
0  0.045696 0.009250 -0.000001  -1.000000 0.000002 0.000044  0.554279 0.852704 0
0  0.045696 0.006247 -0.000001  -1.000000 -0.000001 0.000044  0.554279 0.828637 0
0  0.045503 0.009250 0.001473  -0.966028 -0.000000 -0.258438  0.566194 0.852704 0
mount_casv_vltor_picatinny_rail_sections_LOD0
0  0.045696 0.009250 -0.000001  -1.000000 0.000002 0.000044  0.554279 0.852704 0
0  0.045503 0.009250 -0.001474  -0.966017 0.000001 0.258480  0.542373 0.852704 0
0  0.045696 0.006247 -0.000001  -1.000000 -0.000001 0.000044  0.554279 0.828637 0
mount_casv_vltor_picatinny_rail_sections_LOD0
0  0.045503 0.009250 -0.001474  -0.966017 0.000001 0.258480  0.542373 0.852704 0
0  0.045503 0.006247 -0.001474  -0.966018 -0.000002 0.258476  0.542373 0.828637 0
0  0.045696 0.006247 -0.000001  -1.000000 -0.000001 0.000044  0.554279 0.828637 0
mount_casv_vltor_picatinny_rail_sections_LOD0
0  0.045503 0.009250 -0.001474  -0.966017 0.000001 0.258480  0.542373 0.852704 0
0  0.044934 0.009250 -0.002848  -0.866001 0.000000 0.500042  0.530453 0.852704 0
0  0.045503 0.006247 -0.001474  -0.966018 -0.000002 0.258476  0.542373 0.828637 0
mount_casv_vltor_picatinny_rail_sections_LOD0
0  0.044934 0.009250 -0.002848  -0.866001 0.000000 0.500042  0.530453 0.852704 0
0  0.044934 0.006247 -0.002848  -0.866003 0.000000 0.500038  0.530453 0.828637 0
0  0.045503 0.006247 -0.001474  -0.966018 -0.000002 0.258476  0.542373 0.828637 0
mount_casv_vltor_picatinny_rail_sections_LOD0
0  0.044934 0.009250 -0.002848  -0.866001 0.000000 0.500042  0.530453 0.852704 0
0  0.044029 0.009250 -0.004027  -0.694076 0.000000 0.719902  0.518539 0.852704 0
0  0.044934 0.006247 -0.002848  -0.866003 0.000000 0.500038  0.530453 0.828637 0
mount_casv_vltor_picatinny_rail_sections_LOD0
0  0.044029 0.009250 -0.004027  -0.694076 0.000000 0.719902  0.518539 0.852704 0
0  0.044029 0.006247 -0.004027  -0.694078 0.000000 0.719899  0.518539 0.828637 0
0  0.044934 0.006247 -0.002848  -0.866003 0.000000 0.500038  0.530453 0.828637 0
mount_casv_vltor_picatinny_rail_sections_LOD0
0  0.044029 0.006247 -0.004027  -0.694078 0.000000 0.719899  0.518539 0.828637 0
0  0.044029 0.009250 -0.004027  -0.694076 0.000000 0.719902  0.518539 0.852704 0
0  0.042627 0.009250 -0.005024  -0.579529 0.000000 0.814952  0.504750 0.852704 0
mount_casv_vltor_picatinny_rail_sections_LOD0
0  0.042627 0.006247 -0.005024  -0.579529 0.000001 0.814952  0.504750 0.828637 0
0  0.044029 0.006247 -0.004027  -0.694078 0.000000 0.719899  0.518539 0.828637 0
0  0.042627 0.009250 -0.005024  -0.579529 0.000000 0.814952  0.504750 0.852704 0
mount_casv_vltor_picatinny_rail_sections_LOD0
0  0.042627 0.006247 0.010615  -0.000000 1.000000 0.000000  0.004062 0.896770 0
0  0.042627 0.006247 0.005023  -0.000000 1.000000 -0.000001  0.048882 0.896770 0
0  0.037377 0.006247 0.010616  -0.000000 1.000000 0.000000  0.004062 0.938851 0
mount_casv_vltor_picatinny_rail_sections_LOD0
0  0.042627 0.006247 0.005023  -0.000000 1.000000 -0.000001  0.048882 0.896770 0
0  0.037377 0.006247 0.005023  -0.000000 1.000000 -0.000000  0.048884 0.938851 0
0  0.037377 0.006247 0.010616  -0.000000 1.000000 0.000000  0.004062 0.938851 0
mount_casv_vltor_picatinny_rail_sections_LOD0
0  0.037377 0.006247 0.005023  -0.000000 1.000000 -0.000000  0.048884 0.938851 0
0  0.042627 0.006247 0.005023  -0.000000 1.000000 -0.000001  0.048882 0.896770 0
0  0.044029 0.006247 0.004026  -0.000000 1.000000 -0.000000  0.056877 0.885535 0
mount_casv_vltor_picatinny_rail_sections_LOD0
0  0.035976 0.006247 0.004026  -0.000000 1.000000 0.000000  0.056874 0.950081 0
0  0.037377 0.006247 0.005023  -0.000000 1.000000 -0.000000  0.048884 0.938851 0
0  0.044029 0.006247 0.004026  -0.000000 1.000000 -0.000000  0.056877 0.885535 0
mount_casv_vltor_picatinny_rail_sections_LOD0
0  0.044029 0.006247 0.004026  -0.000000 1.000000 -0.000000  0.056877 0.885535 0
0  0.044934 0.006247 0.002847  -0.000000 1.000000 0.000000  0.066328 0.878282 0
0  0.035976 0.006247 0.004026  -0.000000 1.000000 0.000000  0.056874 0.950081 0
mount_casv_vltor_picatinny_rail_sections_LOD0
0  0.044934 0.006247 0.002847  -0.000000 1.000000 0.000000  0.066328 0.878282 0
0  0.035071 0.006247 0.002847  -0.000000 1.000000 -0.000000  0.066326 0.957337 0
0  0.035976 0.006247 0.004026  -0.000000 1.000000 0.000000  0.056874 0.950081 0
mount_casv_vltor_picatinny_rail_sections_LOD0
0  0.044934 0.006247 0.002847  -0.000000 1.000000 0.000000  0.066328 0.878282 0
0  0.045503 0.006247 0.001473  -0.000000 1.000000 -0.000000  0.077340 0.873724 0
0  0.035071 0.006247 0.002847  -0.000000 1.000000 -0.000000  0.066326 0.957337 0
mount_casv_vltor_picatinny_rail_sections_LOD0
0  0.045503 0.006247 0.001473  -0.000000 1.000000 -0.000000  0.077340 0.873724 0
0  0.034502 0.006247 0.001474  -0.000000 1.000000 -0.000000  0.077341 0.961899 0
0  0.035071 0.006247 0.002847  -0.000000 1.000000 -0.000000  0.066326 0.957337 0
mount_casv_vltor_picatinny_rail_sections_LOD0
0  0.045503 0.006247 0.001473  -0.000000 1.000000 -0.000000  0.077340 0.873724 0
0  0.045696 0.006247 -0.000001  -0.000000 1.000000 -0.000000  0.089158 0.872179 0
0  0.034502 0.006247 0.001474  -0.000000 1.000000 -0.000000  0.077341 0.961899 0
mount_casv_vltor_picatinny_rail_sections_LOD0
0  0.045696 0.006247 -0.000001  -0.000000 1.000000 -0.000000  0.089158 0.872179 0
0  0.034309 0.006247 -0.000001  -0.000000 1.000000 -0.000000  0.089158 0.963446 0
0  0.034502 0.006247 0.001474  -0.000000 1.000000 -0.000000  0.077341 0.961899 0
mount_casv_vltor_picatinny_rail_sections_LOD0
0  0.045696 0.006247 -0.000001  -0.000000 1.000000 -0.000000  0.089158 0.872179 0
0  0.045503 0.006247 -0.001474  -0.000000 1.000000 -0.000000  0.100968 0.873726 0
0  0.034309 0.006247 -0.000001  -0.000000 1.000000 -0.000000  0.089158 0.963446 0
mount_casv_vltor_picatinny_rail_sections_LOD0
0  0.045503 0.006247 -0.001474  -0.000000 1.000000 -0.000000  0.100968 0.873726 0
0  0.034502 0.006247 -0.001474  -0.000000 1.000000 0.000000  0.100964 0.961902 0
0  0.034309 0.006247 -0.000001  -0.000000 1.000000 -0.000000  0.089158 0.963446 0
mount_casv_vltor_picatinny_rail_sections_LOD0
0  0.045503 0.006247 -0.001474  -0.000000 1.000000 -0.000000  0.100968 0.873726 0
0  0.044934 0.006247 -0.002848  -0.000000 1.000000 0.000000  0.111982 0.878289 0
0  0.034502 0.006247 -0.001474  -0.000000 1.000000 0.000000  0.100964 0.961902 0
mount_casv_vltor_picatinny_rail_sections_LOD0
0  0.044934 0.006247 -0.002848  -0.000000 1.000000 0.000000  0.111982 0.878289 0
0  0.035071 0.006247 -0.002848  -0.000000 1.000000 0.000000  0.111980 0.957342 0
0  0.034502 0.006247 -0.001474  -0.000000 1.000000 0.000000  0.100964 0.961902 0
mount_casv_vltor_picatinny_rail_sections_LOD0
0  0.044934 0.006247 -0.002848  -0.000000 1.000000 0.000000  0.111982 0.878289 0
0  0.044029 0.006247 -0.004027  -0.000000 1.000000 0.000000  0.121432 0.885543 0
0  0.035071 0.006247 -0.002848  -0.000000 1.000000 0.000000  0.111980 0.957342 0
mount_casv_vltor_picatinny_rail_sections_LOD0
0  0.044029 0.006247 -0.004027  -0.000000 1.000000 0.000000  0.121432 0.885543 0
0  0.035976 0.006247 -0.004027  -0.000000 1.000000 -0.000000  0.121433 0.950089 0
0  0.035071 0.006247 -0.002848  -0.000000 1.000000 0.000000  0.111980 0.957342 0
mount_casv_vltor_picatinny_rail_sections_LOD0
0  0.044029 0.006247 -0.004027  -0.000000 1.000000 0.000000  0.121432 0.885543 0
0  0.042627 0.006247 -0.005024  -0.000000 1.000000 0.000000  0.129422 0.896780 0
0  0.035976 0.006247 -0.004027  -0.000000 1.000000 -0.000000  0.121433 0.950089 0
mount_casv_vltor_picatinny_rail_sections_LOD0
0  0.042627 0.006247 -0.005024  -0.000000 1.000000 0.000000  0.129422 0.896780 0
0  0.037377 0.006247 -0.005023  -0.000000 1.000000 -0.000000  0.129426 0.938860 0
0  0.035976 0.006247 -0.004027  -0.000000 1.000000 -0.000000  0.121433 0.950089 0
mount_casv_vltor_picatinny_rail_sections_LOD0
0  0.037377 0.006247 -0.005023  -0.000000 1.000000 -0.000000  0.129426 0.938860 0
0  0.042627 0.006247 -0.005024  -0.000000 1.000000 0.000000  0.129422 0.896780 0
0  0.037377 0.006247 -0.010617  -0.000000 1.000000 -0.000000  0.174255 0.938856 0
mount_casv_vltor_picatinny_rail_sections_LOD0
0  0.042627 0.006247 -0.005024  -0.000000 1.000000 0.000000  0.129422 0.896780 0
0  0.042627 0.006247 -0.010617  -0.000000 1.000000 0.000000  0.174251 0.896776 0
0  0.037377 0.006247 -0.010617  -0.000000 1.000000 -0.000000  0.174255 0.938856 0
mount_casv_vltor_picatinny_rail_sections_LOD0
0  0.037377 0.009250 0.008118  0.000000 0.707110 0.707104  0.130837 0.304462 0
0  0.032628 0.009250 0.008118  0.000000 0.707110 0.707103  0.130837 0.342525 0
0  0.032628 0.006753 0.010616  0.000000 0.707110 0.707104  0.102533 0.342525 0
mount_casv_vltor_picatinny_rail_sections_LOD0
0  0.037377 0.006753 0.010615  -0.000000 0.707110 0.707104  0.102533 0.304462 0
0  0.037377 0.009250 0.008118  0.000000 0.707110 0.707104  0.130837 0.304462 0
0  0.032628 0.006753 0.010616  0.000000 0.707110 0.707104  0.102533 0.342525 0
mount_casv_vltor_picatinny_rail_sections_LOD0
0  -0.062620 0.006247 -0.010616  -0.000000 1.000000 -0.000000  0.935223 0.384390 0
0  -0.062620 0.006247 0.010617  -0.000000 1.000000 -0.000000  0.765042 0.384390 0
0  -0.057365 0.006247 0.010616  -0.000000 1.000000 -0.000000  0.765042 0.342270 0
mount_casv_vltor_picatinny_rail_sections_LOD0
0  -0.057365 0.006247 -0.010616  -0.000000 1.000000 -0.000000  0.935223 0.342270 0
0  -0.062620 0.006247 -0.010616  -0.000000 1.000000 -0.000000  0.935223 0.384390 0
0  -0.057365 0.006247 0.010616  -0.000000 1.000000 -0.000000  0.765042 0.342270 0
mount_casv_vltor_picatinny_rail_sections_LOD0
0  -0.047366 0.006247 -0.010616  -0.000000 1.000000 -0.000000  0.309371 0.257878 0
0  -0.052616 0.006247 -0.010616  -0.000000 1.000000 -0.000000  0.309371 0.299958 0
0  -0.052616 0.006247 0.010616  -0.000000 1.000000 -0.000000  0.139193 0.299958 0
mount_casv_vltor_picatinny_rail_sections_LOD0
0  -0.047366 0.006247 0.010616  -0.000000 1.000000 -0.000000  0.139193 0.257878 0
0  -0.047366 0.006247 -0.010616  -0.000000 1.000000 -0.000000  0.309371 0.257878 0
0  -0.052616 0.006247 0.010616  -0.000000 1.000000 -0.000000  0.139193 0.299958 0
mount_casv_vltor_picatinny_rail_sections_LOD0
0  -0.052616 0.006753 -0.010616  -0.000001 -0.000002 -1.000000  0.730069 0.949837 0
0  -0.052616 0.006247 -0.010616  -0.000001 -0.000002 -1.000000  0.730069 0.945783 0
0  -0.057365 0.006247 -0.010616  -0.000000 -0.000002 -1.000000  0.768133 0.945783 0
mount_casv_vltor_picatinny_rail_sections_LOD0
0  -0.057365 0.006753 -0.010616  0.000000 -0.000002 -1.000000  0.768133 0.949837 0
0  -0.052616 0.006753 -0.010616  -0.000001 -0.000002 -1.000000  0.730069 0.949837 0
0  -0.057365 0.006247 -0.010616  -0.000000 -0.000002 -1.000000  0.768133 0.945783 0
mount_casv_vltor_picatinny_rail_sections_LOD0
0  -0.052616 0.009250 -0.008119  -0.000000 0.707110 -0.707104  0.494798 0.284487 0
0  -0.052616 0.006753 -0.010616  0.000000 0.707110 -0.707104  0.494798 0.256184 0
0  -0.057365 0.006753 -0.010616  -0.000000 0.707110 -0.707104  0.532861 0.256184 0
mount_casv_vltor_picatinny_rail_sections_LOD0
0  -0.057365 0.009250 -0.008119  -0.000001 0.707110 -0.707104  0.532861 0.284487 0
0  -0.052616 0.009250 -0.008119  -0.000000 0.707110 -0.707104  0.494798 0.284487 0
0  -0.057365 0.006753 -0.010616  -0.000000 0.707110 -0.707104  0.532861 0.256184 0
mount_casv_vltor_picatinny_rail_sections_LOD0
0  -0.052616 0.006247 -0.010616  1.000000 0.000000 0.000000  0.665897 0.718678 0
0  -0.052616 0.006753 -0.010616  1.000000 0.000000 0.000000  0.665896 0.714622 0
0  -0.052616 0.009250 -0.008119  1.000000 0.000000 0.000000  0.685912 0.694610 0
mount_casv_vltor_picatinny_rail_sections_LOD0
0  -0.052616 0.009250 -0.008119  1.000000 0.000000 0.000000  0.685912 0.694610 0
0  -0.052616 0.009250 0.008119  1.000000 0.000002 0.000000  0.816062 0.694609 0
0  -0.052616 0.006247 -0.010616  1.000000 0.000000 0.000000  0.665897 0.718678 0
mount_casv_vltor_picatinny_rail_sections_LOD0
0  -0.052616 0.009250 0.008119  1.000000 0.000002 0.000000  0.816062 0.694609 0
0  -0.052616 0.006247 0.010616  1.000000 -0.000008 0.000000  0.836077 0.718679 0
0  -0.052616 0.006247 -0.010616  1.000000 0.000000 0.000000  0.665897 0.718678 0
mount_casv_vltor_picatinny_rail_sections_LOD0
0  -0.052616 0.006753 0.010616  1.000000 -0.000023 0.000000  0.836077 0.714622 0
0  -0.052616 0.006247 0.010616  1.000000 -0.000008 0.000000  0.836077 0.718679 0
0  -0.052616 0.009250 0.008119  1.000000 0.000002 0.000000  0.816062 0.694609 0
mount_casv_vltor_picatinny_rail_sections_LOD0
0  -0.057365 0.009250 0.008119  -0.000000 1.000000 -0.000000  0.367951 0.890253 0
0  -0.052616 0.009250 0.008119  -0.000000 1.000000 0.000000  0.367951 0.852189 0
0  -0.052616 0.009250 -0.008119  -0.000000 1.000000 -0.000000  0.498102 0.852189 0
mount_casv_vltor_picatinny_rail_sections_LOD0
0  -0.057365 0.009250 -0.008119  -0.000000 1.000000 -0.000000  0.498102 0.890253 0
0  -0.057365 0.009250 0.008119  -0.000000 1.000000 -0.000000  0.367951 0.890253 0
0  -0.052616 0.009250 -0.008119  -0.000000 1.000000 -0.000000  0.498102 0.852189 0
mount_casv_vltor_picatinny_rail_sections_LOD0
0  -0.042616 0.006247 -0.010616  -0.000000 -0.000004 -1.000000  0.679868 0.980857 0
0  -0.047366 0.006247 -0.010616  -0.000000 -0.000004 -1.000000  0.717941 0.980857 0
0  -0.047366 0.006753 -0.010616  -0.000000 -0.000004 -1.000000  0.717941 0.984911 0
mount_casv_vltor_picatinny_rail_sections_LOD0
0  -0.042616 0.006753 -0.010616  0.000000 -0.000004 -1.000000  0.679868 0.984911 0
0  -0.042616 0.006247 -0.010616  -0.000000 -0.000004 -1.000000  0.679868 0.980857 0
0  -0.047366 0.006753 -0.010616  -0.000000 -0.000004 -1.000000  0.717941 0.984911 0
mount_casv_vltor_picatinny_rail_sections_LOD0
0  -0.042616 0.009250 -0.008119  -0.000000 0.707109 -0.707105  0.956897 0.335887 0
0  -0.042616 0.006753 -0.010616  -0.000000 0.707109 -0.707105  0.956897 0.307584 0
0  -0.047366 0.006753 -0.010616  -0.000000 0.707109 -0.707104  0.994968 0.307584 0
mount_casv_vltor_picatinny_rail_sections_LOD0
0  -0.047366 0.009250 -0.008119  -0.000000 0.707109 -0.707104  0.994968 0.335887 0
0  -0.042616 0.009250 -0.008119  -0.000000 0.707109 -0.707105  0.956897 0.335887 0
0  -0.047366 0.006753 -0.010616  -0.000000 0.707109 -0.707104  0.994968 0.307584 0
mount_casv_vltor_picatinny_rail_sections_LOD0
0  -0.027367 0.006247 0.010616  -0.000000 1.000000 -0.000000  0.740901 0.443124 0
0  -0.027367 0.006247 -0.010616  -0.000000 1.000000 -0.000000  0.570724 0.443124 0
0  -0.032617 0.006247 -0.010616  -0.000000 1.000000 -0.000000  0.570724 0.401044 0
mount_casv_vltor_picatinny_rail_sections_LOD0
0  -0.032617 0.006247 0.010616  -0.000000 1.000000 -0.000000  0.740901 0.401044 0
0  -0.027367 0.006247 0.010616  -0.000000 1.000000 -0.000000  0.740901 0.443124 0
0  -0.032617 0.006247 -0.010616  -0.000000 1.000000 -0.000000  0.570724 0.401044 0
mount_casv_vltor_picatinny_rail_sections_LOD0
0  -0.037367 0.006753 -0.010616  -0.000000 -0.000002 -1.000000  0.761027 0.977567 0
0  -0.032617 0.006753 -0.010616  -0.000000 -0.000002 -1.000000  0.722955 0.977567 0
0  -0.032617 0.006247 -0.010616  -0.000000 -0.000002 -1.000000  0.722955 0.973513 0
mount_casv_vltor_picatinny_rail_sections_LOD0
0  -0.037367 0.006247 -0.010616  -0.000000 -0.000002 -1.000000  0.761027 0.973513 0
0  -0.037367 0.006753 -0.010616  -0.000000 -0.000002 -1.000000  0.761027 0.977567 0
0  -0.032617 0.006247 -0.010616  -0.000000 -0.000002 -1.000000  0.722955 0.973513 0
mount_casv_vltor_picatinny_rail_sections_LOD0
0  -0.022618 0.006247 0.010616  -0.000000 1.000000 -0.000000  0.313946 0.299777 0
0  -0.017368 0.006247 0.010616  -0.000000 1.000000 -0.000000  0.313946 0.257697 0
0  -0.017368 0.006247 -0.010616  -0.000000 1.000000 -0.000000  0.484123 0.257697 0
mount_casv_vltor_picatinny_rail_sections_LOD0
0  -0.022618 0.006247 -0.010616  -0.000000 1.000000 -0.000000  0.484123 0.299777 0
0  -0.022618 0.006247 0.010616  -0.000000 1.000000 -0.000000  0.313946 0.299777 0
0  -0.017368 0.006247 -0.010616  -0.000000 1.000000 -0.000000  0.484123 0.257697 0
mount_casv_vltor_picatinny_rail_sections_LOD0
0  -0.022618 0.006753 -0.010616  -0.000000 -0.000004 -1.000000  0.728980 0.934093 0
0  -0.022618 0.006247 -0.010616  0.000000 -0.000004 -1.000000  0.728980 0.930039 0
0  -0.027367 0.006247 -0.010616  -0.000001 -0.000002 -1.000000  0.767042 0.930039 0
mount_casv_vltor_picatinny_rail_sections_LOD0
0  -0.027367 0.006753 -0.010616  -0.000001 -0.000002 -1.000000  0.767042 0.934093 0
0  -0.022618 0.006753 -0.010616  -0.000000 -0.000004 -1.000000  0.728980 0.934093 0
0  -0.027367 0.006247 -0.010616  -0.000001 -0.000002 -1.000000  0.767042 0.930039 0
mount_casv_vltor_picatinny_rail_sections_LOD0
0  -0.022618 0.009250 -0.008119  -0.000000 0.707109 -0.707104  0.720144 0.815873 0
0  -0.022618 0.006753 -0.010616  -0.000000 0.707109 -0.707104  0.720144 0.787570 0
0  -0.027367 0.006753 -0.010616  -0.000000 0.707109 -0.707104  0.758209 0.787570 0
mount_casv_vltor_picatinny_rail_sections_LOD0
0  -0.027367 0.009250 -0.008119  0.000000 0.707109 -0.707104  0.758209 0.815873 0
0  -0.022618 0.009250 -0.008119  -0.000000 0.707109 -0.707104  0.720144 0.815873 0
0  -0.027367 0.006753 -0.010616  -0.000000 0.707109 -0.707104  0.758209 0.787570 0
mount_casv_vltor_picatinny_rail_sections_LOD0
0  -0.022618 0.006247 -0.010616  1.000000 -0.000001 -0.000000  0.964043 0.511125 0
0  -0.022618 0.006753 -0.010616  1.000000 0.000000 0.000000  0.959987 0.511126 0
0  -0.022618 0.009250 -0.008119  1.000000 -0.000001 -0.000000  0.939975 0.491110 0
mount_casv_vltor_picatinny_rail_sections_LOD0
0  -0.022618 0.009250 -0.008119  1.000000 -0.000001 -0.000000  0.939975 0.491110 0
0  -0.022618 0.009250 0.008119  1.000000 -0.000000 -0.000000  0.939974 0.360959 0
0  -0.022618 0.006247 -0.010616  1.000000 -0.000001 -0.000000  0.964043 0.511125 0
mount_casv_vltor_picatinny_rail_sections_LOD0
0  -0.022618 0.009250 0.008119  1.000000 -0.000000 -0.000000  0.939974 0.360959 0
0  -0.022618 0.006247 0.010616  1.000000 0.000000 -0.000000  0.964044 0.340946 0
0  -0.022618 0.006247 -0.010616  1.000000 -0.000001 -0.000000  0.964043 0.511125 0
mount_casv_vltor_picatinny_rail_sections_LOD0
0  -0.022618 0.006753 0.010616  1.000000 0.000000 0.000000  0.959987 0.340946 0
0  -0.022618 0.006247 0.010616  1.000000 0.000000 -0.000000  0.964044 0.340946 0
0  -0.022618 0.009250 0.008119  1.000000 -0.000000 -0.000000  0.939974 0.360959 0
mount_casv_vltor_picatinny_rail_sections_LOD0
0  -0.027367 0.009250 0.008119  -0.000000 1.000000 -0.000000  0.809783 0.794160 0
0  -0.022618 0.009250 0.008119  0.000000 1.000000 -0.000000  0.809783 0.756098 0
0  -0.022618 0.009250 -0.008119  -0.000000 1.000000 -0.000000  0.939932 0.756098 0
mount_casv_vltor_picatinny_rail_sections_LOD0
0  -0.027367 0.009250 -0.008119  -0.000000 1.000000 -0.000000  0.939932 0.794160 0
0  -0.027367 0.009250 0.008119  -0.000000 1.000000 -0.000000  0.809783 0.794160 0
0  -0.022618 0.009250 -0.008119  -0.000000 1.000000 -0.000000  0.939932 0.756098 0
mount_casv_vltor_picatinny_rail_sections_LOD0
0  -0.012619 0.006753 -0.010616  -0.000000 -0.000002 -1.000000  0.706842 0.923787 0
0  -0.012619 0.006247 -0.010616  -0.000000 -0.000002 -1.000000  0.706842 0.919733 0
0  -0.017368 0.006247 -0.010616  -0.000000 -0.000002 -1.000000  0.744906 0.919733 0
mount_casv_vltor_picatinny_rail_sections_LOD0
0  -0.017368 0.006753 -0.010616  -0.000000 -0.000002 -1.000000  0.744906 0.923787 0
0  -0.012619 0.006753 -0.010616  -0.000000 -0.000002 -1.000000  0.706842 0.923787 0
0  -0.017368 0.006247 -0.010616  -0.000000 -0.000002 -1.000000  0.744906 0.919733 0
mount_casv_vltor_picatinny_rail_sections_LOD0
0  -0.012619 0.009250 -0.008119  -0.000000 0.707109 -0.707104  0.346552 0.709515 0
0  -0.012619 0.006753 -0.010616  -0.000000 0.707110 -0.707104  0.318249 0.709515 0
0  -0.017368 0.006753 -0.010616  -0.000000 0.707110 -0.707104  0.318249 0.671452 0
mount_casv_vltor_picatinny_rail_sections_LOD0
0  -0.017368 0.009250 -0.008119  0.000000 0.707109 -0.707104  0.346552 0.671452 0
0  -0.012619 0.009250 -0.008119  -0.000000 0.707109 -0.707104  0.346552 0.709515 0
0  -0.017368 0.006753 -0.010616  -0.000000 0.707110 -0.707104  0.318249 0.671452 0
mount_casv_vltor_picatinny_rail_sections_LOD0
0  -0.012619 0.006247 -0.010616  1.000000 0.000000 -0.000000  0.939844 0.504010 0
0  -0.012619 0.006753 -0.010616  1.000000 0.000000 0.000000  0.939846 0.508065 0
0  -0.012619 0.009250 -0.008119  1.000000 0.000000 -0.000000  0.919829 0.528076 0
mount_casv_vltor_picatinny_rail_sections_LOD0
0  -0.012619 0.009250 -0.008119  1.000000 0.000000 -0.000000  0.919829 0.528076 0
0  -0.012619 0.009250 0.008119  1.000000 -0.000000 -0.000000  0.789679 0.528078 0
0  -0.012619 0.006247 -0.010616  1.000000 0.000000 -0.000000  0.939844 0.504010 0
mount_casv_vltor_picatinny_rail_sections_LOD0
0  -0.012619 0.009250 0.008119  1.000000 -0.000000 -0.000000  0.789679 0.528078 0
0  -0.012619 0.006247 0.010616  1.000000 -0.000003 -0.000000  0.769664 0.504009 0
0  -0.012619 0.006247 -0.010616  1.000000 0.000000 -0.000000  0.939844 0.504010 0
mount_casv_vltor_picatinny_rail_sections_LOD0
0  -0.012619 0.006753 0.010616  1.000000 -0.000006 0.000000  0.769664 0.508064 0
0  -0.012619 0.006247 0.010616  1.000000 -0.000003 -0.000000  0.769664 0.504009 0
0  -0.012619 0.009250 0.008119  1.000000 -0.000000 -0.000000  0.789679 0.528078 0
mount_casv_vltor_picatinny_rail_sections_LOD0
0  -0.017368 0.009250 0.008119  -0.000000 1.000000 -0.000000  0.540188 0.291335 0
0  -0.012619 0.009250 0.008119  -0.000000 1.000000 -0.000000  0.540188 0.253271 0
0  -0.012619 0.009250 -0.008119  -0.000000 1.000000 -0.000000  0.670338 0.253271 0
mount_casv_vltor_picatinny_rail_sections_LOD0
0  -0.017368 0.009250 -0.008119  -0.000000 1.000000 -0.000000  0.670338 0.291335 0
0  -0.017368 0.009250 0.008119  -0.000000 1.000000 -0.000000  0.540188 0.291335 0
0  -0.012619 0.009250 -0.008119  -0.000000 1.000000 -0.000000  0.670338 0.253271 0
mount_casv_vltor_picatinny_rail_sections_LOD0
0  0.017379 0.006247 -0.010616  -0.000000 1.000000 -0.000000  0.309187 0.347432 0
0  0.017379 0.006247 0.010616  -0.000000 1.000000 -0.000000  0.139009 0.347432 0
0  0.022628 0.006247 0.010616  -0.000000 1.000000 -0.000000  0.139009 0.305361 0
mount_casv_vltor_picatinny_rail_sections_LOD0
0  0.022628 0.006247 -0.010616  -0.000000 1.000000 -0.000000  0.309187 0.305361 0
0  0.017379 0.006247 -0.010616  -0.000000 1.000000 -0.000000  0.309187 0.347432 0
0  0.022628 0.006247 0.010616  -0.000000 1.000000 -0.000000  0.139009 0.305361 0
mount_casv_vltor_picatinny_rail_sections_LOD0
0  0.017379 0.006753 -0.010616  -0.000000 -0.000004 -1.000000  0.773457 0.933706 0
0  0.017379 0.006247 -0.010616  -0.000000 -0.000004 -1.000000  0.773457 0.929652 0
0  0.012629 0.006247 -0.010616  -0.000000 -0.000002 -1.000000  0.811530 0.929652 0
mount_casv_vltor_picatinny_rail_sections_LOD0
0  0.012629 0.006753 -0.010616  -0.000000 -0.000002 -1.000000  0.811530 0.933706 0
0  0.017379 0.006753 -0.010616  -0.000000 -0.000004 -1.000000  0.773457 0.933706 0
0  0.012629 0.006247 -0.010616  -0.000000 -0.000002 -1.000000  0.811530 0.929652 0
mount_casv_vltor_picatinny_rail_sections_LOD0
0  0.017379 0.009250 -0.008119  -0.000000 0.707110 -0.707104  0.607981 0.857219 0
0  0.017379 0.006753 -0.010616  -0.000001 0.707110 -0.707104  0.607981 0.828916 0
0  0.012629 0.006753 -0.010616  -0.000000 0.707110 -0.707104  0.646052 0.828916 0
mount_casv_vltor_picatinny_rail_sections_LOD0
0  0.012629 0.009250 -0.008119  0.000000 0.707109 -0.707104  0.646052 0.857219 0
0  0.017379 0.009250 -0.008119  -0.000000 0.707110 -0.707104  0.607981 0.857219 0
0  0.012629 0.006753 -0.010616  -0.000000 0.707110 -0.707104  0.646052 0.828916 0
mount_casv_vltor_picatinny_rail_sections_LOD0
0  0.017379 0.006247 -0.010616  1.000000 0.000001 -0.000000  0.944100 0.506638 0
0  0.017379 0.006753 -0.010616  1.000000 0.000000 0.000000  0.948155 0.506637 0
0  0.017379 0.009250 -0.008119  1.000000 0.000001 -0.000000  0.968168 0.526653 0
mount_casv_vltor_picatinny_rail_sections_LOD0
0  0.017379 0.009250 -0.008119  1.000000 0.000001 -0.000000  0.968168 0.526653 0
0  0.017379 0.009250 0.008119  1.000000 0.000000 -0.000000  0.968168 0.656803 0
0  0.017379 0.006247 -0.010616  1.000000 0.000001 -0.000000  0.944100 0.506638 0
mount_casv_vltor_picatinny_rail_sections_LOD0
0  0.017379 0.009250 0.008119  1.000000 0.000000 -0.000000  0.968168 0.656803 0
0  0.017379 0.006247 0.010616  1.000000 0.000003 -0.000000  0.944099 0.676817 0
0  0.017379 0.006247 -0.010616  1.000000 0.000001 -0.000000  0.944100 0.506638 0
mount_casv_vltor_picatinny_rail_sections_LOD0
0  0.017379 0.006753 0.010616  1.000000 0.000006 0.000000  0.948154 0.676817 0
0  0.017379 0.006247 0.010616  1.000000 0.000003 -0.000000  0.944099 0.676817 0
0  0.017379 0.009250 0.008119  1.000000 0.000000 -0.000000  0.968168 0.656803 0
mount_casv_vltor_picatinny_rail_sections_LOD0
0  0.012629 0.009250 0.008119  -0.000000 1.000000 -0.000000  0.542147 0.795324 0
0  0.017379 0.009250 0.008119  -0.000000 1.000000 -0.000000  0.542147 0.757252 0
0  0.017379 0.009250 -0.008119  -0.000000 1.000000 -0.000000  0.672298 0.757252 0
mount_casv_vltor_picatinny_rail_sections_LOD0
0  0.012629 0.009250 -0.008119  -0.000000 1.000000 -0.000000  0.672298 0.795324 0
0  0.012629 0.009250 0.008119  -0.000000 1.000000 -0.000000  0.542147 0.795324 0
0  0.017379 0.009250 -0.008119  -0.000000 1.000000 -0.000000  0.672298 0.757252 0
mount_casv_vltor_picatinny_rail_sections_LOD0
0  0.027378 0.006753 -0.010617  -0.000000 -0.000002 -1.000000  0.629668 0.975102 0
0  0.027378 0.006247 -0.010617  -0.000000 -0.000002 -1.000000  0.629668 0.971048 0
0  0.022628 0.006247 -0.010616  -0.000000 -0.000002 -1.000000  0.667739 0.971048 0
mount_casv_vltor_picatinny_rail_sections_LOD0
0  0.022628 0.006753 -0.010617  -0.000000 -0.000002 -1.000000  0.667739 0.975102 0
0  0.027378 0.006753 -0.010617  -0.000000 -0.000002 -1.000000  0.629668 0.975102 0
0  0.022628 0.006247 -0.010616  -0.000000 -0.000002 -1.000000  0.667739 0.971048 0
mount_casv_vltor_picatinny_rail_sections_LOD0
0  0.027378 0.009250 -0.008119  0.000000 0.707110 -0.707104  0.467114 0.922386 0
0  0.027378 0.006753 -0.010617  0.000000 0.707110 -0.707104  0.467114 0.894083 0
0  0.022628 0.006753 -0.010617  0.000000 0.707109 -0.707104  0.505184 0.894083 0
mount_casv_vltor_picatinny_rail_sections_LOD0
0  0.022628 0.009250 -0.008119  0.000000 0.707109 -0.707104  0.505184 0.922386 0
0  0.027378 0.009250 -0.008119  0.000000 0.707110 -0.707104  0.467114 0.922386 0
0  0.022628 0.006753 -0.010617  0.000000 0.707109 -0.707104  0.505184 0.894083 0
mount_casv_vltor_picatinny_rail_sections_LOD0
0  0.027378 0.006247 -0.010617  1.000000 -0.000000 -0.000000  0.939564 0.062362 0
0  0.027378 0.006753 -0.010617  1.000000 0.000000 0.000000  0.939564 0.066418 0
0  0.027378 0.009250 -0.008119  1.000000 0.000000 -0.000000  0.919549 0.086431 0
mount_casv_vltor_picatinny_rail_sections_LOD0
0  0.027378 0.009250 -0.008119  1.000000 0.000000 -0.000000  0.919549 0.086431 0
0  0.027378 0.009250 0.008119  1.000000 -0.000002 -0.000000  0.789391 0.086431 0
0  0.027378 0.006247 -0.010617  1.000000 -0.000000 -0.000000  0.939564 0.062362 0
mount_casv_vltor_picatinny_rail_sections_LOD0
0  0.027378 0.009250 0.008119  1.000000 -0.000002 -0.000000  0.789391 0.086431 0
0  0.027378 0.006247 0.010616  1.000000 -0.000001 -0.000000  0.769384 0.062362 0
0  0.027378 0.006247 -0.010617  1.000000 -0.000000 -0.000000  0.939564 0.062362 0
mount_casv_vltor_picatinny_rail_sections_LOD0
0  0.027378 0.006753 0.010616  1.000000 0.000000 0.000000  0.769384 0.066418 0
0  0.027378 0.006247 0.010616  1.000000 -0.000001 -0.000000  0.769384 0.062362 0
0  0.027378 0.009250 0.008119  1.000000 -0.000002 -0.000000  0.789391 0.086431 0
mount_casv_vltor_picatinny_rail_sections_LOD0
0  0.022628 0.009250 0.008119  0.000000 1.000000 -0.000000  0.958117 0.841620 0
0  0.027378 0.009250 0.008119  0.000000 1.000000 -0.000000  0.996187 0.841620 0
0  0.027378 0.009250 -0.008119  0.000000 1.000000 -0.000000  0.996187 0.971778 0
mount_casv_vltor_picatinny_rail_sections_LOD0
0  0.022628 0.009250 -0.008119  0.000000 1.000000 0.000000  0.958117 0.971778 0
0  0.022628 0.009250 0.008119  0.000000 1.000000 -0.000000  0.958117 0.841620 0
0  0.027378 0.009250 -0.008119  0.000000 1.000000 -0.000000  0.996187 0.971778 0
mount_casv_vltor_picatinny_rail_sections_LOD0
0  0.057376 0.006753 -0.010617  -0.000000 -0.000004 -1.000000  0.687324 0.951362 0
0  0.057376 0.006247 -0.010617  -0.000000 -0.000004 -1.000000  0.687324 0.947307 0
0  0.052626 0.006247 -0.010617  -0.000001 -0.000002 -1.000000  0.725395 0.947307 0
mount_casv_vltor_picatinny_rail_sections_LOD0
0  0.052626 0.006753 -0.010617  -0.000001 -0.000002 -1.000000  0.725395 0.951362 0
0  0.057376 0.006753 -0.010617  -0.000000 -0.000004 -1.000000  0.687324 0.951362 0
0  0.052626 0.006247 -0.010617  -0.000001 -0.000002 -1.000000  0.725395 0.947307 0
mount_casv_vltor_picatinny_rail_sections_LOD0
0  0.057376 0.009250 -0.008120  -0.000000 0.707109 -0.707104  0.957572 0.235024 0
0  0.057376 0.006753 -0.010617  -0.000000 0.707109 -0.707105  0.957572 0.206721 0
0  0.052626 0.006753 -0.010617  -0.000000 0.707109 -0.707104  0.995644 0.206721 0
mount_casv_vltor_picatinny_rail_sections_LOD0
0  0.052626 0.009250 -0.008120  -0.000000 0.707110 -0.707104  0.995644 0.235024 0
0  0.057376 0.009250 -0.008120  -0.000000 0.707109 -0.707104  0.957572 0.235024 0
0  0.052626 0.006753 -0.010617  -0.000000 0.707109 -0.707104  0.995644 0.206721 0
mount_casv_vltor_picatinny_rail_sections_LOD0
0  0.057376 0.006247 -0.010617  1.000000 -0.000003 0.000000  0.670264 0.699753 0
0  0.057376 0.006753 -0.010617  1.000000 0.000000 0.000000  0.670264 0.703808 0
0  0.057376 0.009250 -0.008120  1.000000 -0.000005 0.000000  0.650251 0.723822 0
mount_casv_vltor_picatinny_rail_sections_LOD0
0  0.057376 0.009250 -0.008120  1.000000 -0.000005 0.000000  0.650251 0.723822 0
0  0.057376 0.009250 0.008119  1.000000 -0.000004 0.000000  0.520092 0.723822 0
0  0.057376 0.006247 -0.010617  1.000000 -0.000003 0.000000  0.670264 0.699753 0
mount_casv_vltor_picatinny_rail_sections_LOD0
0  0.057376 0.009250 0.008119  1.000000 -0.000004 0.000000  0.520092 0.723822 0
0  0.057376 0.006247 0.010616  1.000000 -0.000012 0.000000  0.500077 0.699753 0
0  0.057376 0.006247 -0.010617  1.000000 -0.000003 0.000000  0.670264 0.699753 0
mount_casv_vltor_picatinny_rail_sections_LOD0
0  0.057376 0.006753 0.010616  1.000000 -0.000023 0.000000  0.500077 0.703808 0
0  0.057376 0.006247 0.010616  1.000000 -0.000012 0.000000  0.500077 0.699753 0
0  0.057376 0.009250 0.008119  1.000000 -0.000004 0.000000  0.520092 0.723822 0
mount_casv_vltor_picatinny_rail_sections_LOD0
0  0.052626 0.009250 0.008119  -0.000000 1.000000 -0.000000  0.369423 0.846703 0
0  0.057376 0.009250 0.008119  -0.000000 1.000000 -0.000000  0.369423 0.808632 0
0  0.057376 0.009250 -0.008120  -0.000000 1.000000 -0.000000  0.499582 0.808632 0
mount_casv_vltor_picatinny_rail_sections_LOD0
0  0.052626 0.009250 -0.008120  -0.000000 1.000000 0.000000  0.499582 0.846703 0
0  0.052626 0.009250 0.008119  -0.000000 1.000000 -0.000000  0.369423 0.846703 0
0  0.057376 0.009250 -0.008120  -0.000000 1.000000 -0.000000  0.499582 0.808632 0
mount_casv_vltor_picatinny_rail_sections_LOD0
0  0.057376 0.006247 0.010616  -0.000000 1.000000 -0.000000  0.715958 0.249444 0
0  0.062625 0.006247 0.010616  -0.000000 1.000000 -0.000000  0.715958 0.207373 0
0  0.062625 0.006247 -0.010617  -0.000000 1.000000 -0.000000  0.886144 0.207373 0
mount_casv_vltor_picatinny_rail_sections_LOD0
0  0.057376 0.006247 -0.010617  -0.000000 1.000000 -0.000000  0.886144 0.249444 0
0  0.057376 0.006247 0.010616  -0.000000 1.000000 -0.000000  0.715958 0.249444 0
0  0.062625 0.006247 -0.010617  -0.000000 1.000000 -0.000000  0.886144 0.207373 0
mount_casv_vltor_picatinny_rail_sections_LOD0
0  -0.042616 0.009250 -0.005023  1.000000 0.000000 0.000000  0.490844 0.791264 0
0  -0.042616 0.006247 -0.005023  1.000000 0.000000 0.000000  0.490844 0.767196 0
0  -0.042616 0.009250 -0.008119  1.000000 0.000000 0.000000  0.515658 0.791264 0
mount_casv_vltor_picatinny_rail_sections_LOD0
0  -0.042616 0.006247 -0.005023  1.000000 0.000000 0.000000  0.490844 0.767196 0
0  -0.042616 0.006247 -0.010616  1.000000 0.000000 0.000000  0.535672 0.767197 0
0  -0.042616 0.009250 -0.008119  1.000000 0.000000 0.000000  0.515658 0.791264 0
mount_casv_vltor_picatinny_rail_sections_LOD0
0  -0.042616 0.006753 -0.010616  1.000000 0.000000 0.000000  0.535672 0.771252 0
0  -0.042616 0.009250 -0.008119  1.000000 0.000000 0.000000  0.515658 0.791264 0
0  -0.042616 0.006247 -0.010616  1.000000 0.000000 0.000000  0.535672 0.767197 0
mount_casv_vltor_picatinny_rail_sections_LOD0
0  -0.037367 0.009250 -0.005023  -1.000000 0.000002 0.000001  0.952983 0.231769 0
0  -0.037367 0.009250 -0.008119  -1.000000 0.000001 0.000001  0.928167 0.231769 0
0  -0.037367 0.006247 -0.005023  -1.000000 0.000001 0.000001  0.952983 0.207700 0
mount_casv_vltor_picatinny_rail_sections_LOD0
0  -0.037367 0.009250 -0.008119  -1.000000 0.000001 0.000001  0.928167 0.231769 0
0  -0.037367 0.006247 -0.010616  -1.000000 0.000000 0.000000  0.908154 0.207699 0
0  -0.037367 0.006247 -0.005023  -1.000000 0.000001 0.000001  0.952983 0.207700 0
mount_casv_vltor_picatinny_rail_sections_LOD0
0  -0.037367 0.006753 -0.010616  -1.000000 0.000000 0.000000  0.908154 0.211754 0
0  -0.037367 0.006247 -0.010616  -1.000000 0.000000 0.000000  0.908154 0.207699 0
0  -0.037367 0.009250 -0.008119  -1.000000 0.000001 0.000001  0.928167 0.231769 0
mount_casv_vltor_picatinny_rail_sections_LOD0
0  -0.037367 0.009250 -0.008119  -0.000000 0.707109 -0.707104  0.952794 0.931422 0
0  -0.032617 0.009250 -0.008119  0.000000 0.707110 -0.707104  0.952794 0.969494 0
0  -0.032617 0.006753 -0.010616  -0.000000 0.707109 -0.707104  0.924493 0.969494 0
mount_casv_vltor_picatinny_rail_sections_LOD0
0  -0.037367 0.006753 -0.010616  -0.000000 0.707109 -0.707105  0.924493 0.931422 0
0  -0.037367 0.009250 -0.008119  -0.000000 0.707109 -0.707104  0.952794 0.931422 0
0  -0.032617 0.006753 -0.010616  -0.000000 0.707109 -0.707104  0.924493 0.969494 0
mount_casv_vltor_picatinny_rail_sections_LOD0
0  -0.037367 0.009250 -0.008119  0.000000 1.000000 -0.000000  0.330228 0.900689 0
0  -0.037367 0.009250 -0.005023  0.000000 1.000000 0.000000  0.305412 0.900700 0
0  -0.035965 0.009250 -0.004026  0.000000 1.000000 -0.000000  0.297417 0.889466 0
mount_casv_vltor_picatinny_rail_sections_LOD0
0  -0.032617 0.009250 -0.008119  -0.000000 1.000000 -0.000000  0.330211 0.862619 0
0  -0.037367 0.009250 -0.008119  0.000000 1.000000 -0.000000  0.330228 0.900689 0
0  -0.035965 0.009250 -0.004026  0.000000 1.000000 -0.000000  0.297417 0.889466 0
mount_casv_vltor_picatinny_rail_sections_LOD0
0  -0.035060 0.009250 -0.002847  -0.000001 1.000000 0.000000  0.287964 0.882215 0
0  -0.032617 0.009250 -0.008119  -0.000000 1.000000 -0.000000  0.330211 0.862619 0
0  -0.035965 0.009250 -0.004026  0.000000 1.000000 -0.000000  0.297417 0.889466 0
mount_casv_vltor_picatinny_rail_sections_LOD0
0  -0.034491 0.009250 -0.001473  0.000000 1.000000 0.000000  0.276948 0.877658 0
0  -0.032617 0.009250 -0.008119  -0.000000 1.000000 -0.000000  0.330211 0.862619 0
0  -0.035060 0.009250 -0.002847  -0.000001 1.000000 0.000000  0.287964 0.882215 0
mount_casv_vltor_picatinny_rail_sections_LOD0
0  -0.034297 0.009250 -0.000000  0.000000 1.000000 -0.000000  0.265139 0.876100 0
0  -0.032617 0.009250 -0.008119  -0.000000 1.000000 -0.000000  0.330211 0.862619 0
0  -0.034491 0.009250 -0.001473  0.000000 1.000000 0.000000  0.276948 0.877658 0
mount_casv_vltor_picatinny_rail_sections_LOD0
0  -0.032617 0.009250 0.008119  -0.000000 1.000000 -0.000000  0.200064 0.862632 0
0  -0.032617 0.009250 -0.008119  -0.000000 1.000000 -0.000000  0.330211 0.862619 0
0  -0.034297 0.009250 -0.000000  0.000000 1.000000 -0.000000  0.265139 0.876100 0
mount_casv_vltor_picatinny_rail_sections_LOD0
0  -0.034491 0.009250 0.001474  -0.000000 1.000000 -0.000000  0.253322 0.877658 0
0  -0.032617 0.009250 0.008119  -0.000000 1.000000 -0.000000  0.200064 0.862632 0
0  -0.034297 0.009250 -0.000000  0.000000 1.000000 -0.000000  0.265139 0.876100 0
mount_casv_vltor_picatinny_rail_sections_LOD0
0  -0.035060 0.009250 0.002848  -0.000000 1.000000 -0.000000  0.242308 0.882219 0
0  -0.032617 0.009250 0.008119  -0.000000 1.000000 -0.000000  0.200064 0.862632 0
0  -0.034491 0.009250 0.001474  -0.000000 1.000000 -0.000000  0.253322 0.877658 0
mount_casv_vltor_picatinny_rail_sections_LOD0
0  -0.035965 0.009250 0.004027  -0.000000 1.000000 0.000000  0.232855 0.889473 0
0  -0.032617 0.009250 0.008119  -0.000000 1.000000 -0.000000  0.200064 0.862632 0
0  -0.035060 0.009250 0.002848  -0.000000 1.000000 -0.000000  0.242308 0.882219 0
mount_casv_vltor_picatinny_rail_sections_LOD0
0  -0.037367 0.009250 0.008119  -0.000000 1.000000 -0.000000  0.200054 0.900703 0
0  -0.032617 0.009250 0.008119  -0.000000 1.000000 -0.000000  0.200064 0.862632 0
0  -0.035965 0.009250 0.004027  -0.000000 1.000000 0.000000  0.232855 0.889473 0
mount_casv_vltor_picatinny_rail_sections_LOD0
0  -0.037367 0.009250 0.005024  -0.000000 1.000000 -0.000000  0.224862 0.900709 0
0  -0.037367 0.009250 0.008119  -0.000000 1.000000 -0.000000  0.200054 0.900703 0
0  -0.035965 0.009250 0.004027  -0.000000 1.000000 0.000000  0.232855 0.889473 0
mount_casv_vltor_picatinny_rail_sections_LOD0
0  -0.012619 0.006247 -0.010616  -0.000000 1.000000 -0.000000  0.659922 0.338233 0
0  -0.012619 0.006247 0.010616  -0.000000 1.000000 -0.000000  0.489744 0.338233 0
0  -0.007369 0.006247 0.010616  -0.000000 1.000000 -0.000000  0.489744 0.296154 0
mount_casv_vltor_picatinny_rail_sections_LOD0
0  -0.007369 0.006247 -0.010616  -0.000000 1.000000 -0.000000  0.659922 0.296154 0
0  -0.012619 0.006247 -0.010616  -0.000000 1.000000 -0.000000  0.659922 0.338233 0
0  -0.007369 0.006247 0.010616  -0.000000 1.000000 -0.000000  0.489744 0.296154 0
mount_casv_vltor_picatinny_rail_sections_LOD0
0  -0.002619 0.006247 -0.010616  -0.000000 -0.000002 -1.000000  0.773572 0.946106 0
0  -0.007369 0.006247 -0.010616  -0.000001 -0.000004 -1.000000  0.811643 0.946106 0
0  -0.007369 0.006753 -0.010616  -0.000001 -0.000004 -1.000000  0.811643 0.950160 0
mount_casv_vltor_picatinny_rail_sections_LOD0
0  -0.002619 0.006753 -0.010616  -0.000000 -0.000002 -1.000000  0.773572 0.950160 0
0  -0.002619 0.006247 -0.010616  -0.000000 -0.000002 -1.000000  0.773572 0.946106 0
0  -0.007369 0.006753 -0.010616  -0.000001 -0.000004 -1.000000  0.811643 0.950160 0
mount_casv_vltor_picatinny_rail_sections_LOD0
0  -0.002619 0.009250 -0.008119  -0.000000 0.707110 -0.707104  0.508611 0.995683 0
0  -0.002619 0.006753 -0.010616  -0.000000 0.707110 -0.707104  0.480308 0.995683 0
0  -0.007369 0.006753 -0.010616  -0.000000 0.707110 -0.707104  0.480308 0.957612 0
mount_casv_vltor_picatinny_rail_sections_LOD0
0  -0.007369 0.009250 -0.008119  -0.000000 0.707110 -0.707104  0.508611 0.957612 0
0  -0.002619 0.009250 -0.008119  -0.000000 0.707110 -0.707104  0.508611 0.995683 0
0  -0.007369 0.006753 -0.010616  -0.000000 0.707110 -0.707104  0.480308 0.957612 0
mount_casv_vltor_picatinny_rail_sections_LOD0
0  0.002630 0.006753 -0.010616  -0.000000 -0.000002 -1.000000  0.723600 0.934499 0
0  0.007380 0.006247 -0.010616  -0.000001 -0.000002 -1.000000  0.685526 0.930442 0
0  0.002630 0.006247 -0.010616  -0.000000 -0.000002 -1.000000  0.723598 0.930442 0
mount_casv_vltor_picatinny_rail_sections_LOD0
0  0.007380 0.006753 -0.010616  -0.000001 -0.000002 -1.000000  0.685527 0.934499 0
0  0.007380 0.006247 -0.010616  -0.000001 -0.000002 -1.000000  0.685526 0.930442 0
0  0.002630 0.006753 -0.010616  -0.000000 -0.000002 -1.000000  0.723600 0.934499 0
mount_casv_vltor_picatinny_rail_sections_LOD0
0  -0.002619 0.009250 -0.005023  1.000000 0.000000 -0.000000  0.629407 0.951276 0
0  -0.002619 0.006247 -0.005023  1.000000 0.000000 -0.000000  0.629407 0.927207 0
0  -0.002619 0.009250 -0.008119  1.000000 0.000000 -0.000000  0.654222 0.951276 0
mount_casv_vltor_picatinny_rail_sections_LOD0
0  -0.002619 0.006247 -0.005023  1.000000 0.000000 -0.000000  0.629407 0.927207 0
0  -0.002619 0.006247 -0.010616  1.000000 -0.000000 -0.000000  0.674238 0.927209 0
0  -0.002619 0.009250 -0.008119  1.000000 0.000000 -0.000000  0.654222 0.951276 0
mount_casv_vltor_picatinny_rail_sections_LOD0
0  -0.002619 0.006753 -0.010616  1.000000 0.000000 -0.000000  0.674238 0.931264 0
0  -0.002619 0.009250 -0.008119  1.000000 0.000000 -0.000000  0.654222 0.951276 0
0  -0.002619 0.006247 -0.010616  1.000000 -0.000000 -0.000000  0.674238 0.927209 0
mount_casv_vltor_picatinny_rail_sections_LOD0
0  0.002630 0.009250 -0.005023  -1.000000 0.000000 0.000000  0.028819 0.257867 0
0  0.002630 0.009250 -0.008119  -1.000000 0.000000 0.000000  0.028819 0.282681 0
0  0.002630 0.006247 -0.005023  -1.000000 0.000000 0.000000  0.004751 0.257866 0
mount_casv_vltor_picatinny_rail_sections_LOD0
0  0.002630 0.009250 -0.008119  -1.000000 0.000000 0.000000  0.028819 0.282681 0
0  0.002630 0.006247 -0.010616  -1.000000 0.000000 0.000000  0.004751 0.302695 0
0  0.002630 0.006247 -0.005023  -1.000000 0.000000 0.000000  0.004751 0.257866 0
mount_casv_vltor_picatinny_rail_sections_LOD0
0  0.002630 0.006753 -0.010616  -1.000000 0.000000 0.000000  0.008805 0.302695 0
0  0.002630 0.006247 -0.010616  -1.000000 0.000000 0.000000  0.004751 0.302695 0
0  0.002630 0.009250 -0.008119  -1.000000 0.000000 0.000000  0.028819 0.282681 0
mount_casv_vltor_picatinny_rail_sections_LOD0
0  0.002630 0.009250 -0.008119  -0.000001 0.707109 -0.707104  0.957190 0.275054 0
0  0.007380 0.009250 -0.008119  -0.000000 0.707109 -0.707104  0.995262 0.275054 0
0  0.007380 0.006753 -0.010616  -0.000001 0.707109 -0.707104  0.995262 0.303357 0
mount_casv_vltor_picatinny_rail_sections_LOD0
0  0.002630 0.006753 -0.010616  -0.000001 0.707109 -0.707104  0.957190 0.303357 0
0  0.002630 0.009250 -0.008119  -0.000001 0.707109 -0.707104  0.957190 0.275054 0
0  0.007380 0.006753 -0.010616  -0.000001 0.707109 -0.707104  0.995262 0.303357 0
mount_casv_vltor_picatinny_rail_sections_LOD0
0  0.002630 0.009250 -0.008119  -0.000000 1.000000 -0.000000  0.025305 0.819269 0
0  0.002630 0.009250 -0.005023  0.000000 1.000000 0.000000  0.050120 0.819261 0
0  0.004032 0.009250 -0.004026  -0.000000 1.000000 -0.000000  0.058116 0.830497 0
mount_casv_vltor_picatinny_rail_sections_LOD0
0  0.007380 0.009250 -0.008119  -0.000000 1.000000 -0.000000  0.025315 0.857338 0
0  0.002630 0.009250 -0.008119  -0.000000 1.000000 -0.000000  0.025305 0.819269 0
0  0.004032 0.009250 -0.004026  -0.000000 1.000000 -0.000000  0.058116 0.830497 0
mount_casv_vltor_picatinny_rail_sections_LOD0
0  0.004937 0.009250 -0.002847  -0.000001 1.000000 0.000000  0.067567 0.837751 0
0  0.007380 0.009250 -0.008119  -0.000000 1.000000 -0.000000  0.025315 0.857338 0
0  0.004032 0.009250 -0.004026  -0.000000 1.000000 -0.000000  0.058116 0.830497 0
mount_casv_vltor_picatinny_rail_sections_LOD0
0  0.005506 0.009250 -0.001473  -0.000000 1.000000 0.000000  0.078582 0.842312 0
0  0.007380 0.009250 -0.008119  -0.000000 1.000000 -0.000000  0.025315 0.857338 0
0  0.004937 0.009250 -0.002847  -0.000001 1.000000 0.000000  0.067567 0.837751 0
mount_casv_vltor_picatinny_rail_sections_LOD0
0  0.005700 0.009250 -0.000000  -0.000001 1.000000 -0.000000  0.090391 0.843872 0
0  0.007380 0.009250 -0.008119  -0.000000 1.000000 -0.000000  0.025315 0.857338 0
0  0.005506 0.009250 -0.001473  -0.000000 1.000000 0.000000  0.078582 0.842312 0
mount_casv_vltor_picatinny_rail_sections_LOD0
0  0.007380 0.009250 0.008119  -0.000000 1.000000 -0.000001  0.155461 0.857356 0
0  0.007380 0.009250 -0.008119  -0.000000 1.000000 -0.000000  0.025315 0.857338 0
0  0.005700 0.009250 -0.000000  -0.000001 1.000000 -0.000000  0.090391 0.843872 0
mount_casv_vltor_picatinny_rail_sections_LOD0
0  0.005506 0.009250 0.001474  -0.000001 1.000000 0.000000  0.102205 0.842317 0
0  0.007380 0.009250 0.008119  -0.000000 1.000000 -0.000001  0.155461 0.857356 0
0  0.005700 0.009250 -0.000000  -0.000001 1.000000 -0.000000  0.090391 0.843872 0
mount_casv_vltor_picatinny_rail_sections_LOD0
0  0.004937 0.009250 0.002848  -0.000000 1.000000 0.000000  0.113221 0.837758 0
0  0.007380 0.009250 0.008119  -0.000000 1.000000 -0.000001  0.155461 0.857356 0
0  0.005506 0.009250 0.001474  -0.000001 1.000000 0.000000  0.102205 0.842317 0
mount_casv_vltor_picatinny_rail_sections_LOD0
0  0.004032 0.009250 0.004027  -0.000000 1.000000 -0.000000  0.122675 0.830507 0
0  0.007380 0.009250 0.008119  -0.000000 1.000000 -0.000001  0.155461 0.857356 0
0  0.004937 0.009250 0.002848  -0.000000 1.000000 0.000000  0.113221 0.837758 0
mount_casv_vltor_picatinny_rail_sections_LOD0
0  0.002630 0.009250 0.008119  -0.000000 1.000000 -0.000001  0.155480 0.819286 0
0  0.007380 0.009250 0.008119  -0.000000 1.000000 -0.000001  0.155461 0.857356 0
0  0.004032 0.009250 0.004027  -0.000000 1.000000 -0.000000  0.122675 0.830507 0
mount_casv_vltor_picatinny_rail_sections_LOD0
0  0.002630 0.009250 0.005024  -0.000000 1.000000 0.000000  0.130672 0.819273 0
0  0.002630 0.009250 0.008119  -0.000000 1.000000 -0.000001  0.155480 0.819286 0
0  0.004032 0.009250 0.004027  -0.000000 1.000000 -0.000000  0.122675 0.830507 0
mount_casv_vltor_picatinny_rail_sections_LOD0
0  0.012629 0.006247 0.010616  -0.000000 1.000000 -0.000000  0.765042 0.389478 0
0  0.012629 0.006247 -0.010616  -0.000000 1.000000 -0.000000  0.935219 0.389478 0
0  0.007380 0.006247 -0.010616  -0.000000 1.000000 -0.000000  0.935219 0.431550 0
mount_casv_vltor_picatinny_rail_sections_LOD0
0  0.007380 0.006247 0.010616  -0.000000 1.000000 -0.000000  0.765042 0.431550 0
0  0.012629 0.006247 0.010616  -0.000000 1.000000 -0.000000  0.765042 0.389478 0
0  0.007380 0.006247 -0.010616  -0.000000 1.000000 -0.000000  0.935219 0.431550 0
mount_casv_vltor_picatinny_rail_sections_LOD0
0  0.027378 0.006247 -0.010617  -0.000000 1.000000 -0.000000  0.698542 0.489870 0
0  0.027378 0.006247 0.010616  -0.000000 1.000000 -0.000000  0.528366 0.489870 0
0  0.032628 0.006247 0.010616  -0.000000 1.000000 -0.000000  0.528366 0.447791 0
mount_casv_vltor_picatinny_rail_sections_LOD0
0  0.032628 0.006247 -0.010617  -0.000000 1.000000 -0.000000  0.698542 0.447791 0
0  0.027378 0.006247 -0.010617  -0.000000 1.000000 -0.000000  0.698542 0.489870 0
0  0.032628 0.006247 0.010616  -0.000000 1.000000 -0.000000  0.528366 0.447791 0
mount_casv_vltor_picatinny_rail_sections_LOD0
0  0.037377 0.006247 -0.010617  -0.000000 -0.000004 -1.000000  0.729405 0.937978 0
0  0.032628 0.006247 -0.010617  -0.000000 -0.000002 -1.000000  0.767470 0.937978 0
0  0.032628 0.006753 -0.010617  -0.000000 -0.000002 -1.000000  0.767470 0.942032 0
mount_casv_vltor_picatinny_rail_sections_LOD0
0  0.037377 0.006753 -0.010617  -0.000000 -0.000004 -1.000000  0.729405 0.942032 0
0  0.037377 0.006247 -0.010617  -0.000000 -0.000004 -1.000000  0.729405 0.937978 0
0  0.032628 0.006753 -0.010617  -0.000000 -0.000002 -1.000000  0.767470 0.942032 0
mount_casv_vltor_picatinny_rail_sections_LOD0
0  0.037377 0.009250 -0.008119  -0.000000 0.707109 -0.707104  0.191525 0.892833 0
0  0.037377 0.006753 -0.010617  -0.000001 0.707109 -0.707104  0.163222 0.892833 0
0  0.032628 0.006753 -0.010617  -0.000000 0.707109 -0.707104  0.163222 0.854770 0
mount_casv_vltor_picatinny_rail_sections_LOD0
0  0.032628 0.009250 -0.008119  0.000000 0.707109 -0.707104  0.191525 0.854770 0
0  0.037377 0.009250 -0.008119  -0.000000 0.707109 -0.707104  0.191525 0.892833 0
0  0.032628 0.006753 -0.010617  -0.000000 0.707109 -0.707104  0.163222 0.854770 0
mount_casv_vltor_picatinny_rail_sections_LOD0
0  0.052626 0.006247 0.010616  -0.000000 1.000000 -0.000000  0.313907 0.305279 0
0  0.052626 0.006247 -0.010617  -0.000000 1.000000 -0.000000  0.484089 0.305279 0
0  0.047376 0.006247 -0.010617  -0.000000 1.000000 -0.000000  0.484089 0.347358 0
mount_casv_vltor_picatinny_rail_sections_LOD0
0  0.047376 0.006247 0.010615  -0.000000 1.000000 -0.000000  0.313907 0.347358 0
0  0.052626 0.006247 0.010616  -0.000000 1.000000 -0.000000  0.313907 0.305279 0
0  0.047376 0.006247 -0.010617  -0.000000 1.000000 -0.000000  0.484089 0.347358 0
mount_casv_vltor_picatinny_rail_sections_LOD0
0  0.042627 0.006753 -0.010617  -0.000000 -0.000002 -1.000000  0.810740 0.966418 0
0  0.047376 0.006753 -0.010617  -0.000000 -0.000002 -1.000000  0.772676 0.966418 0
0  0.047376 0.006247 -0.010617  -0.000000 -0.000002 -1.000000  0.772676 0.962364 0
mount_casv_vltor_picatinny_rail_sections_LOD0
0  0.042627 0.006247 -0.010617  -0.000000 -0.000002 -1.000000  0.810740 0.962364 0
0  0.042627 0.006753 -0.010617  -0.000000 -0.000002 -1.000000  0.810740 0.966418 0
0  0.047376 0.006247 -0.010617  -0.000000 -0.000002 -1.000000  0.772676 0.962364 0
mount_casv_vltor_picatinny_rail_sections_LOD0
0  0.037377 0.009250 -0.005024  1.000000 0.000000 -0.000001  0.509324 0.943467 0
0  0.037377 0.006247 -0.005023  1.000000 0.000000 -0.000001  0.509324 0.919397 0
0  0.037377 0.009250 -0.008119  1.000000 0.000001 -0.000001  0.534138 0.943467 0
mount_casv_vltor_picatinny_rail_sections_LOD0
0  0.037377 0.006247 -0.005023  1.000000 0.000000 -0.000001  0.509324 0.919397 0
0  0.037377 0.006247 -0.010617  1.000000 0.000006 -0.000000  0.554153 0.919398 0
0  0.037377 0.009250 -0.008119  1.000000 0.000001 -0.000001  0.534138 0.943467 0
mount_casv_vltor_picatinny_rail_sections_LOD0
0  0.037377 0.006753 -0.010617  1.000000 0.000012 0.000000  0.554153 0.923454 0
0  0.037377 0.009250 -0.008119  1.000000 0.000001 -0.000001  0.534138 0.943467 0
0  0.037377 0.006247 -0.010617  1.000000 0.000006 -0.000000  0.554153 0.919398 0
mount_casv_vltor_picatinny_rail_sections_LOD0
0  0.042627 0.009250 -0.005024  -1.000000 0.000000 0.000000  0.183236 0.993163 0
0  0.042627 0.009250 -0.008120  -1.000000 0.000000 0.000000  0.183236 0.968348 0
0  0.042627 0.006247 -0.005024  -1.000000 0.000000 0.000000  0.159167 0.993163 0
mount_casv_vltor_picatinny_rail_sections_LOD0
0  0.042627 0.009250 -0.008120  -1.000000 0.000000 0.000000  0.183236 0.968348 0
0  0.042627 0.006247 -0.010617  -1.000000 0.000000 0.000000  0.159165 0.948335 0
0  0.042627 0.006247 -0.005024  -1.000000 0.000000 0.000000  0.159167 0.993163 0
mount_casv_vltor_picatinny_rail_sections_LOD0
0  0.042627 0.006753 -0.010617  -1.000000 0.000000 0.000000  0.163221 0.948334 0
0  0.042627 0.006247 -0.010617  -1.000000 0.000000 0.000000  0.159165 0.948335 0
0  0.042627 0.009250 -0.008120  -1.000000 0.000000 0.000000  0.183236 0.968348 0
mount_casv_vltor_picatinny_rail_sections_LOD0
0  0.042627 0.009250 -0.008120  -0.000000 0.707110 -0.707104  0.099159 0.258627 0
0  0.047376 0.009250 -0.008120  -0.000000 0.707110 -0.707103  0.099159 0.296691 0
0  0.047376 0.006753 -0.010617  -0.000000 0.707110 -0.707104  0.070857 0.296691 0
mount_casv_vltor_picatinny_rail_sections_LOD0
0  0.042627 0.006753 -0.010617  -0.000000 0.707109 -0.707104  0.070857 0.258627 0
0  0.042627 0.009250 -0.008120  -0.000000 0.707110 -0.707104  0.099159 0.258627 0
0  0.047376 0.006753 -0.010617  -0.000000 0.707110 -0.707104  0.070857 0.296691 0
mount_casv_vltor_picatinny_rail_sections_LOD0
0  0.042627 0.009250 -0.008120  -0.000000 1.000000 -0.000000  0.329436 0.759966 0
0  0.042627 0.009250 -0.005024  -0.000001 1.000000 0.000000  0.304622 0.759975 0
0  0.044029 0.009250 -0.004027  -0.000000 1.000000 -0.000000  0.296627 0.748739 0
mount_casv_vltor_picatinny_rail_sections_LOD0
0  0.047376 0.009250 -0.008120  -0.000000 1.000000 -0.000000  0.329424 0.721904 0
0  0.042627 0.009250 -0.008120  -0.000000 1.000000 -0.000000  0.329436 0.759966 0
0  0.044029 0.009250 -0.004027  -0.000000 1.000000 -0.000000  0.296627 0.748739 0
mount_casv_vltor_picatinny_rail_sections_LOD0
0  0.044934 0.009250 -0.002848  -0.000001 1.000000 -0.000000  0.287174 0.741487 0
0  0.047376 0.009250 -0.008120  -0.000000 1.000000 -0.000000  0.329424 0.721904 0
0  0.044029 0.009250 -0.004027  -0.000000 1.000000 -0.000000  0.296627 0.748739 0
mount_casv_vltor_picatinny_rail_sections_LOD0
0  0.045503 0.009250 -0.001474  0.000000 1.000000 -0.000001  0.276158 0.736927 0
0  0.047376 0.009250 -0.008120  -0.000000 1.000000 -0.000000  0.329424 0.721904 0
0  0.044934 0.009250 -0.002848  -0.000001 1.000000 -0.000000  0.287174 0.741487 0
mount_casv_vltor_picatinny_rail_sections_LOD0
0  0.045696 0.009250 -0.000001  0.000000 1.000000 -0.000000  0.264351 0.735377 0
0  0.047376 0.009250 -0.008120  -0.000000 1.000000 -0.000000  0.329424 0.721904 0
0  0.045503 0.009250 -0.001474  0.000000 1.000000 -0.000001  0.276158 0.736927 0
mount_casv_vltor_picatinny_rail_sections_LOD0
0  0.047376 0.009250 0.008118  -0.000000 1.000000 0.000000  0.199276 0.721900 0
0  0.047376 0.009250 -0.008120  -0.000000 1.000000 -0.000000  0.329424 0.721904 0
0  0.045696 0.009250 -0.000001  0.000000 1.000000 -0.000000  0.264351 0.735377 0
mount_casv_vltor_picatinny_rail_sections_LOD0
0  0.045503 0.009250 0.001473  -0.000000 1.000000 0.000001  0.252535 0.736924 0
0  0.047376 0.009250 0.008118  -0.000000 1.000000 0.000000  0.199276 0.721900 0
0  0.045696 0.009250 -0.000001  0.000000 1.000000 -0.000000  0.264351 0.735377 0
mount_casv_vltor_picatinny_rail_sections_LOD0
0  0.044934 0.009250 0.002847  -0.000000 1.000000 0.000000  0.241520 0.741482 0
0  0.047376 0.009250 0.008118  -0.000000 1.000000 0.000000  0.199276 0.721900 0
0  0.045503 0.009250 0.001473  -0.000000 1.000000 0.000001  0.252535 0.736924 0
mount_casv_vltor_picatinny_rail_sections_LOD0
0  0.044029 0.009250 0.004026  -0.000000 1.000000 0.000000  0.232069 0.748735 0
0  0.047376 0.009250 0.008118  -0.000000 1.000000 0.000000  0.199276 0.721900 0
0  0.044934 0.009250 0.002847  -0.000000 1.000000 0.000000  0.241520 0.741482 0
mount_casv_vltor_picatinny_rail_sections_LOD0
0  0.042627 0.009250 0.008118  -0.000000 1.000000 0.000000  0.199267 0.759964 0
0  0.047376 0.009250 0.008118  -0.000000 1.000000 0.000000  0.199276 0.721900 0
0  0.044029 0.009250 0.004026  -0.000000 1.000000 0.000000  0.232069 0.748735 0
mount_casv_vltor_picatinny_rail_sections_LOD0
0  0.042627 0.009250 0.005023  -0.000001 1.000000 0.000000  0.224075 0.759970 0
0  0.042627 0.009250 0.008118  -0.000000 1.000000 0.000000  0.199267 0.759964 0
0  0.044029 0.009250 0.004026  -0.000000 1.000000 0.000000  0.232069 0.748735 0
mount_casv_vltor_picatinny_rail_sections_LOD0
0  -0.042616 0.009250 -0.005023  -0.000001 1.000000 0.000000  0.305223 0.820001 0
0  -0.042616 0.009250 -0.008119  -0.000000 1.000000 0.000000  0.330038 0.820005 0
0  -0.044017 0.009250 -0.004026  -0.000000 1.000000 0.000000  0.297230 0.831231 0
mount_casv_vltor_picatinny_rail_sections_LOD0
0  -0.042616 0.009250 -0.008119  -0.000000 1.000000 0.000000  0.330038 0.820005 0
0  -0.047366 0.009250 -0.008119  -0.000000 1.000000 0.000000  0.330032 0.858077 0
0  -0.044017 0.009250 -0.004026  -0.000000 1.000000 0.000000  0.297230 0.831231 0
mount_casv_vltor_picatinny_rail_sections_LOD0
0  -0.044017 0.009250 -0.004026  -0.000000 1.000000 0.000000  0.297230 0.831231 0
0  -0.047366 0.009250 -0.008119  -0.000000 1.000000 0.000000  0.330032 0.858077 0
0  -0.044922 0.009250 -0.002847  0.000001 1.000000 -0.000000  0.287779 0.838483 0
mount_casv_vltor_picatinny_rail_sections_LOD0
0  -0.045491 0.009250 -0.001473  -0.000000 1.000000 -0.000000  0.276764 0.843044 0
0  -0.044922 0.009250 -0.002847  0.000001 1.000000 -0.000000  0.287779 0.838483 0
0  -0.047366 0.009250 -0.008119  -0.000000 1.000000 0.000000  0.330032 0.858077 0
mount_casv_vltor_picatinny_rail_sections_LOD0
0  -0.045685 0.009250 -0.000000  -0.000000 1.000000 0.000000  0.264955 0.844602 0
0  -0.045491 0.009250 -0.001473  -0.000000 1.000000 -0.000000  0.276764 0.843044 0
0  -0.047366 0.009250 -0.008119  -0.000000 1.000000 0.000000  0.330032 0.858077 0
mount_casv_vltor_picatinny_rail_sections_LOD0
0  -0.045685 0.009250 -0.000000  -0.000000 1.000000 0.000000  0.264955 0.844602 0
0  -0.047366 0.009250 -0.008119  -0.000000 1.000000 0.000000  0.330032 0.858077 0
0  -0.047366 0.009250 0.008119  -0.000000 1.000000 -0.000001  0.199881 0.858088 0
mount_casv_vltor_picatinny_rail_sections_LOD0
0  -0.045491 0.009250 0.001474  0.000000 1.000000 0.000000  0.253139 0.843046 0
0  -0.045685 0.009250 -0.000000  -0.000000 1.000000 0.000000  0.264955 0.844602 0
0  -0.047366 0.009250 0.008119  -0.000000 1.000000 -0.000001  0.199881 0.858088 0
mount_casv_vltor_picatinny_rail_sections_LOD0
0  -0.044922 0.009250 0.002848  0.000000 1.000000 0.000000  0.242124 0.838485 0
0  -0.045491 0.009250 0.001474  0.000000 1.000000 0.000000  0.253139 0.843046 0
0  -0.047366 0.009250 0.008119  -0.000000 1.000000 -0.000001  0.199881 0.858088 0
mount_casv_vltor_picatinny_rail_sections_LOD0
0  -0.044017 0.009250 0.004027  -0.000000 1.000000 -0.000000  0.232669 0.831233 0
0  -0.044922 0.009250 0.002848  0.000000 1.000000 0.000000  0.242124 0.838485 0
0  -0.047366 0.009250 0.008119  -0.000000 1.000000 -0.000001  0.199881 0.858088 0
mount_casv_vltor_picatinny_rail_sections_LOD0
0  -0.042616 0.009250 0.005024  -0.000000 1.000000 -0.000001  0.224674 0.820007 0
0  -0.044017 0.009250 0.004027  -0.000000 1.000000 -0.000000  0.232669 0.831233 0
0  -0.047366 0.009250 0.008119  -0.000000 1.000000 -0.000001  0.199881 0.858088 0
mount_casv_vltor_picatinny_rail_sections_LOD0
0  -0.042616 0.009250 0.008119  -0.000000 1.000000 -0.000001  0.199867 0.820017 0
0  -0.042616 0.009250 0.005024  -0.000000 1.000000 -0.000001  0.224674 0.820007 0
0  -0.047366 0.009250 0.008119  -0.000000 1.000000 -0.000001  0.199881 0.858088 0
mount_casv_vltor_picatinny_rail_sections_LOD0
0  -0.002619 0.009250 0.008119  -0.000000 1.000000 0.000000  0.154076 0.759825 0
0  -0.002619 0.009250 0.005024  -0.000000 1.000000 0.000000  0.129269 0.759832 0
0  -0.007369 0.009250 0.008119  -0.000000 1.000000 0.000000  0.154067 0.721754 0
mount_casv_vltor_picatinny_rail_sections_LOD0
0  -0.002619 0.009250 0.005024  -0.000000 1.000000 0.000000  0.129269 0.759832 0
0  -0.004020 0.009250 0.004027  0.000000 1.000000 0.000000  0.121274 0.748603 0
0  -0.007369 0.009250 0.008119  -0.000000 1.000000 0.000000  0.154067 0.721754 0
mount_casv_vltor_picatinny_rail_sections_LOD0
0  -0.004020 0.009250 0.004027  0.000000 1.000000 0.000000  0.121274 0.748603 0
0  -0.004925 0.009250 0.002848  0.000000 1.000000 0.000000  0.111821 0.741350 0
0  -0.007369 0.009250 0.008119  -0.000000 1.000000 0.000000  0.154067 0.721754 0
mount_casv_vltor_picatinny_rail_sections_LOD0
0  -0.004925 0.009250 0.002848  0.000000 1.000000 0.000000  0.111821 0.741350 0
0  -0.005494 0.009250 0.001474  0.000000 1.000000 0.000000  0.100807 0.736787 0
0  -0.007369 0.009250 0.008119  -0.000000 1.000000 0.000000  0.154067 0.721754 0
mount_casv_vltor_picatinny_rail_sections_LOD0
0  -0.005494 0.009250 0.001474  0.000000 1.000000 0.000000  0.100807 0.736787 0
0  -0.005688 0.009250 -0.000000  -0.000001 1.000000 -0.000000  0.088990 0.735230 0
0  -0.007369 0.009250 0.008119  -0.000000 1.000000 0.000000  0.154067 0.721754 0
mount_casv_vltor_picatinny_rail_sections_LOD0
0  -0.005688 0.009250 -0.000000  -0.000001 1.000000 -0.000000  0.088990 0.735230 0
0  -0.007369 0.009250 -0.008119  -0.000000 1.000000 -0.000000  0.023919 0.721737 0
0  -0.007369 0.009250 0.008119  -0.000000 1.000000 0.000000  0.154067 0.721754 0
mount_casv_vltor_picatinny_rail_sections_LOD0
0  -0.005688 0.009250 -0.000000  -0.000001 1.000000 -0.000000  0.088990 0.735230 0
0  -0.005494 0.009250 -0.001473  -0.000000 1.000000 -0.000000  0.077181 0.736785 0
0  -0.007369 0.009250 -0.008119  -0.000000 1.000000 -0.000000  0.023919 0.721737 0
mount_casv_vltor_picatinny_rail_sections_LOD0
0  -0.005494 0.009250 -0.001473  -0.000000 1.000000 -0.000000  0.077181 0.736785 0
0  -0.004925 0.009250 -0.002847  0.000000 1.000000 -0.000001  0.066167 0.741343 0
0  -0.007369 0.009250 -0.008119  -0.000000 1.000000 -0.000000  0.023919 0.721737 0
mount_casv_vltor_picatinny_rail_sections_LOD0
0  -0.004020 0.009250 -0.004026  -0.000000 1.000000 0.000000  0.056713 0.748595 0
0  -0.007369 0.009250 -0.008119  -0.000000 1.000000 -0.000000  0.023919 0.721737 0
0  -0.004925 0.009250 -0.002847  0.000000 1.000000 -0.000001  0.066167 0.741343 0
mount_casv_vltor_picatinny_rail_sections_LOD0
0  -0.002619 0.009250 -0.008119  -0.000000 1.000000 -0.000000  0.023901 0.759808 0
0  -0.007369 0.009250 -0.008119  -0.000000 1.000000 -0.000000  0.023919 0.721737 0
0  -0.004020 0.009250 -0.004026  -0.000000 1.000000 0.000000  0.056713 0.748595 0
mount_casv_vltor_picatinny_rail_sections_LOD0
0  -0.002619 0.009250 -0.005023  0.000000 1.000000 0.000000  0.048717 0.759820 0
0  -0.002619 0.009250 -0.008119  -0.000000 1.000000 -0.000000  0.023901 0.759808 0
0  -0.004020 0.009250 -0.004026  -0.000000 1.000000 0.000000  0.056713 0.748595 0
mount_casv_vltor_picatinny_rail_sections_LOD0
0  0.037377 0.009250 -0.005024  0.000000 1.000000 0.000000  0.460232 0.766515 0
0  0.037377 0.009250 -0.008119  0.000000 1.000000 0.000000  0.485047 0.766523 0
0  0.035976 0.009250 -0.004027  0.000000 1.000000 0.000000  0.452237 0.777742 0
mount_casv_vltor_picatinny_rail_sections_LOD0
0  0.037377 0.009250 -0.008119  0.000000 1.000000 0.000000  0.485047 0.766523 0
0  0.032628 0.009250 -0.008119  0.000000 1.000000 0.000000  0.485035 0.804587 0
0  0.035976 0.009250 -0.004027  0.000000 1.000000 0.000000  0.452237 0.777742 0
mount_casv_vltor_picatinny_rail_sections_LOD0
0  0.035976 0.009250 -0.004027  0.000000 1.000000 0.000000  0.452237 0.777742 0
0  0.032628 0.009250 -0.008119  0.000000 1.000000 0.000000  0.485035 0.804587 0
0  0.035071 0.009250 -0.002848  0.000001 1.000000 0.000000  0.442785 0.784996 0
mount_casv_vltor_picatinny_rail_sections_LOD0
0  0.034502 0.009250 -0.001474  -0.000000 1.000000 0.000000  0.431769 0.789555 0
0  0.035071 0.009250 -0.002848  0.000001 1.000000 0.000000  0.442785 0.784996 0
0  0.032628 0.009250 -0.008119  0.000000 1.000000 0.000000  0.485035 0.804587 0
mount_casv_vltor_picatinny_rail_sections_LOD0
0  0.034309 0.009250 -0.000001  -0.000000 1.000000 -0.000000  0.419961 0.791105 0
0  0.034502 0.009250 -0.001474  -0.000000 1.000000 0.000000  0.431769 0.789555 0
0  0.032628 0.009250 -0.008119  0.000000 1.000000 0.000000  0.485035 0.804587 0
mount_casv_vltor_picatinny_rail_sections_LOD0
0  0.034309 0.009250 -0.000001  -0.000000 1.000000 -0.000000  0.419961 0.791105 0
0  0.032628 0.009250 -0.008119  0.000000 1.000000 0.000000  0.485035 0.804587 0
0  0.032628 0.009250 0.008118  0.000000 1.000000 -0.000000  0.354887 0.804589 0
mount_casv_vltor_picatinny_rail_sections_LOD0
0  0.034502 0.009250 0.001474  0.000000 1.000000 -0.000001  0.408144 0.789558 0
0  0.034309 0.009250 -0.000001  -0.000000 1.000000 -0.000000  0.419961 0.791105 0
0  0.032628 0.009250 0.008118  0.000000 1.000000 -0.000000  0.354887 0.804589 0
mount_casv_vltor_picatinny_rail_sections_LOD0
0  0.035071 0.009250 0.002847  0.000000 1.000000 -0.000000  0.397131 0.785000 0
0  0.034502 0.009250 0.001474  0.000000 1.000000 -0.000001  0.408144 0.789558 0
0  0.032628 0.009250 0.008118  0.000000 1.000000 -0.000000  0.354887 0.804589 0
mount_casv_vltor_picatinny_rail_sections_LOD0
0  0.035976 0.009250 0.004026  0.000000 1.000000 -0.000000  0.387678 0.777746 0
0  0.035071 0.009250 0.002847  0.000000 1.000000 -0.000000  0.397131 0.785000 0
0  0.032628 0.009250 0.008118  0.000000 1.000000 -0.000000  0.354887 0.804589 0
mount_casv_vltor_picatinny_rail_sections_LOD0
0  0.037377 0.009250 0.005023  0.000000 1.000000 0.000000  0.379685 0.766520 0
0  0.035976 0.009250 0.004026  0.000000 1.000000 -0.000000  0.387678 0.777746 0
0  0.032628 0.009250 0.008118  0.000000 1.000000 -0.000000  0.354887 0.804589 0
mount_casv_vltor_picatinny_rail_sections_LOD0
0  0.037377 0.009250 0.008118  -0.000000 1.000000 0.000000  0.354878 0.766527 0
0  0.037377 0.009250 0.005023  0.000000 1.000000 0.000000  0.379685 0.766520 0
0  0.032628 0.009250 0.008118  0.000000 1.000000 -0.000000  0.354887 0.804589 0
mount_casv_vltor_picatinny_rail_sections_LOD0
0  -0.032617 0.006753 0.010616  1.000000 0.000000 0.000000  0.503557 0.804522 0
0  -0.032617 0.006247 0.010616  1.000000 0.000000 -0.000000  0.503557 0.800467 0
0  -0.032617 0.009250 0.008119  1.000000 0.000000 -0.000000  0.523571 0.824535 0
mount_casv_vltor_picatinny_rail_sections_LOD0
0  -0.032617 0.009250 0.008119  1.000000 0.000000 -0.000000  0.523571 0.824535 0
0  -0.032617 0.006247 0.010616  1.000000 0.000000 -0.000000  0.503557 0.800467 0
0  -0.032617 0.006247 -0.010616  1.000000 0.000000 -0.000000  0.673738 0.800468 0
mount_casv_vltor_picatinny_rail_sections_LOD0
0  -0.032617 0.009250 -0.008119  1.000000 0.000000 -0.000000  0.653722 0.824535 0
0  -0.032617 0.009250 0.008119  1.000000 0.000000 -0.000000  0.523571 0.824535 0
0  -0.032617 0.006247 -0.010616  1.000000 0.000000 -0.000000  0.673738 0.800468 0
mount_casv_vltor_picatinny_rail_sections_LOD0
0  -0.032617 0.006753 -0.010616  1.000000 0.000000 0.000000  0.673738 0.804523 0
0  -0.032617 0.009250 -0.008119  1.000000 0.000000 -0.000000  0.653722 0.824535 0
0  -0.032617 0.006247 -0.010616  1.000000 0.000000 -0.000000  0.673738 0.800468 0
mount_casv_vltor_picatinny_rail_sections_LOD0
0  0.007380 0.006753 0.010616  1.000000 0.000000 -0.000001  0.975787 0.829919 0
0  0.007380 0.006247 0.010616  1.000000 0.000000 -0.000000  0.971732 0.829919 0
0  0.007380 0.009250 0.008119  1.000000 0.000000 -0.000000  0.995800 0.809906 0
mount_casv_vltor_picatinny_rail_sections_LOD0
0  0.007380 0.009250 0.008119  1.000000 0.000000 -0.000000  0.995800 0.809906 0
0  0.007380 0.006247 0.010616  1.000000 0.000000 -0.000000  0.971732 0.829919 0
0  0.007380 0.006247 -0.010616  1.000000 0.000000 -0.000000  0.971733 0.659741 0
mount_casv_vltor_picatinny_rail_sections_LOD0
0  0.007380 0.009250 -0.008119  1.000000 0.000000 -0.000000  0.995800 0.679755 0
0  0.007380 0.009250 0.008119  1.000000 0.000000 -0.000000  0.995800 0.809906 0
0  0.007380 0.006247 -0.010616  1.000000 0.000000 -0.000000  0.971733 0.659741 0
mount_casv_vltor_picatinny_rail_sections_LOD0
0  0.007380 0.006753 -0.010616  1.000000 0.000000 -0.000001  0.975788 0.659739 0
0  0.007380 0.009250 -0.008119  1.000000 0.000000 -0.000000  0.995800 0.679755 0
0  0.007380 0.006247 -0.010616  1.000000 0.000000 -0.000000  0.971733 0.659741 0
mount_casv_vltor_picatinny_rail_sections_LOD0
0  0.047376 0.006753 0.010615  1.000000 0.000000 0.000000  0.491172 0.674824 0
0  0.047376 0.006247 0.010615  1.000000 0.000000 0.000000  0.491172 0.670768 0
0  0.047376 0.009250 0.008118  1.000000 0.000000 0.000000  0.511187 0.694837 0
mount_casv_vltor_picatinny_rail_sections_LOD0
0  0.047376 0.009250 0.008118  1.000000 0.000000 0.000000  0.511187 0.694837 0
0  0.047376 0.006247 0.010615  1.000000 0.000000 0.000000  0.491172 0.670768 0
0  0.047376 0.006247 -0.010617  1.000000 0.000000 0.000000  0.661353 0.670770 0
mount_casv_vltor_picatinny_rail_sections_LOD0
0  0.047376 0.009250 -0.008120  1.000000 0.000000 0.000000  0.641338 0.694836 0
0  0.047376 0.009250 0.008118  1.000000 0.000000 0.000000  0.511187 0.694837 0
0  0.047376 0.006247 -0.010617  1.000000 0.000000 0.000000  0.661353 0.670770 0
mount_casv_vltor_picatinny_rail_sections_LOD0
0  0.047376 0.006753 -0.010617  1.000000 0.000000 0.000000  0.661354 0.674825 0
0  0.047376 0.009250 -0.008120  1.000000 0.000000 0.000000  0.641338 0.694836 0
0  0.047376 0.006247 -0.010617  1.000000 0.000000 0.000000  0.661353 0.670770 0
mount_casv_vltor_picatinny_rail_sections_LOD0
0  -0.057365 0.006753 0.010616  -1.000000 0.000000 0.000000  0.963704 0.837457 0
0  -0.057365 0.009250 0.008119  -1.000000 0.000000 0.000000  0.943692 0.817444 0
0  -0.057365 0.006247 0.010616  -1.000000 0.000000 0.000000  0.967761 0.837457 0
mount_casv_vltor_picatinny_rail_sections_LOD0
0  -0.057365 0.006247 0.010616  -1.000000 0.000000 0.000000  0.967761 0.837457 0
0  -0.057365 0.009250 0.008119  -1.000000 0.000000 0.000000  0.943692 0.817444 0
0  -0.057365 0.006247 -0.010616  -1.000000 0.000001 0.000000  0.967761 0.667278 0
mount_casv_vltor_picatinny_rail_sections_LOD0
0  -0.057365 0.009250 0.008119  -1.000000 0.000000 0.000000  0.943692 0.817444 0
0  -0.057365 0.009250 -0.008119  -1.000000 0.000003 0.000000  0.943691 0.687292 0
0  -0.057365 0.006247 -0.010616  -1.000000 0.000001 0.000000  0.967761 0.667278 0
mount_casv_vltor_picatinny_rail_sections_LOD0
0  -0.057365 0.006753 -0.010616  -1.000000 0.000000 0.000000  0.963704 0.667278 0
0  -0.057365 0.006247 -0.010616  -1.000000 0.000001 0.000000  0.967761 0.667278 0
0  -0.057365 0.009250 -0.008119  -1.000000 0.000003 0.000000  0.943691 0.687292 0
mount_casv_vltor_picatinny_rail_sections_LOD0
0  -0.047366 0.006753 0.010616  -1.000000 0.000000 0.000000  0.974282 0.340930 0
0  -0.047366 0.009250 0.008119  -1.000000 0.000001 0.000000  0.994296 0.360945 0
0  -0.047366 0.006247 0.010616  -1.000000 0.000000 0.000000  0.970227 0.340930 0
mount_casv_vltor_picatinny_rail_sections_LOD0
0  -0.047366 0.006247 -0.010616  -1.000000 0.000001 0.000000  0.970227 0.511111 0
0  -0.047366 0.006247 0.010616  -1.000000 0.000000 0.000000  0.970227 0.340930 0
0  -0.047366 0.009250 0.008119  -1.000000 0.000001 0.000000  0.994296 0.360945 0
mount_casv_vltor_picatinny_rail_sections_LOD0
0  -0.047366 0.009250 -0.008119  -1.000000 0.000002 0.000000  0.994296 0.491097 0
0  -0.047366 0.006247 -0.010616  -1.000000 0.000001 0.000000  0.970227 0.511111 0
0  -0.047366 0.009250 0.008119  -1.000000 0.000001 0.000000  0.994296 0.360945 0
mount_casv_vltor_picatinny_rail_sections_LOD0
0  -0.047366 0.006753 -0.010616  -1.000000 0.000000 0.000000  0.974282 0.511111 0
0  -0.047366 0.006247 -0.010616  -1.000000 0.000001 0.000000  0.970227 0.511111 0
0  -0.047366 0.009250 -0.008119  -1.000000 0.000002 0.000000  0.994296 0.491097 0
mount_casv_vltor_picatinny_rail_sections_LOD0
0  -0.027367 0.006753 0.010616  -1.000000 0.000000 0.000000  0.656206 0.686450 0
0  -0.027367 0.009250 0.008119  -1.000000 0.000000 0.000000  0.676221 0.666438 0
0  -0.027367 0.006247 0.010616  -1.000000 0.000000 0.000000  0.656206 0.690506 0
mount_casv_vltor_picatinny_rail_sections_LOD0
0  -0.027367 0.006247 0.010616  -1.000000 0.000000 0.000000  0.656206 0.690506 0
0  -0.027367 0.009250 0.008119  -1.000000 0.000000 0.000000  0.676221 0.666438 0
0  -0.027367 0.006247 -0.010616  -1.000000 0.000005 0.000000  0.826386 0.690506 0
mount_casv_vltor_picatinny_rail_sections_LOD0
0  -0.027367 0.009250 0.008119  -1.000000 0.000000 0.000000  0.676221 0.666438 0
0  -0.027367 0.009250 -0.008119  -1.000000 0.000001 0.000000  0.806371 0.666437 0
0  -0.027367 0.006247 -0.010616  -1.000000 0.000005 0.000000  0.826386 0.690506 0
mount_casv_vltor_picatinny_rail_sections_LOD0
0  -0.027367 0.006753 -0.010616  -1.000000 0.000012 0.000000  0.826386 0.686450 0
0  -0.027367 0.006247 -0.010616  -1.000000 0.000005 0.000000  0.826386 0.690506 0
0  -0.027367 0.009250 -0.008119  -1.000000 0.000001 0.000000  0.806371 0.666437 0
mount_casv_vltor_picatinny_rail_sections_LOD0
0  -0.017368 0.006753 0.010616  -1.000000 0.000000 0.000000  0.872991 0.610045 0
0  -0.017368 0.009250 0.008119  -1.000000 0.000001 0.000000  0.852977 0.630057 0
0  -0.017368 0.006247 0.010616  -1.000000 0.000001 0.000000  0.872991 0.605990 0
mount_casv_vltor_picatinny_rail_sections_LOD0
0  -0.017368 0.006247 0.010616  -1.000000 0.000001 0.000000  0.872991 0.605990 0
0  -0.017368 0.009250 0.008119  -1.000000 0.000001 0.000000  0.852977 0.630057 0
0  -0.017368 0.006247 -0.010616  -1.000000 -0.000003 0.000000  0.702811 0.605990 0
mount_casv_vltor_picatinny_rail_sections_LOD0
0  -0.017368 0.009250 0.008119  -1.000000 0.000001 0.000000  0.852977 0.630057 0
0  -0.017368 0.009250 -0.008119  -1.000000 -0.000001 0.000000  0.722826 0.630059 0
0  -0.017368 0.006247 -0.010616  -1.000000 -0.000003 0.000000  0.702811 0.605990 0
mount_casv_vltor_picatinny_rail_sections_LOD0
0  -0.017368 0.006753 -0.010616  -1.000000 -0.000006 0.000000  0.702811 0.610045 0
0  -0.017368 0.006247 -0.010616  -1.000000 -0.000003 0.000000  0.702811 0.605990 0
0  -0.017368 0.009250 -0.008119  -1.000000 -0.000001 0.000000  0.722826 0.630059 0
mount_casv_vltor_picatinny_rail_sections_LOD0
0  0.012629 0.006753 0.010616  -1.000000 0.000000 0.000000  0.938934 0.008524 0
0  0.012629 0.009250 0.008119  -1.000000 0.000000 0.000000  0.918919 0.028537 0
0  0.012629 0.006247 0.010616  -1.000000 0.000000 0.000000  0.938934 0.004469 0
mount_casv_vltor_picatinny_rail_sections_LOD0
0  0.012629 0.006247 0.010616  -1.000000 0.000000 0.000000  0.938934 0.004469 0
0  0.012629 0.009250 0.008119  -1.000000 0.000000 0.000000  0.918919 0.028537 0
0  0.012629 0.006247 -0.010616  -1.000000 0.000000 0.000000  0.768754 0.004469 0
mount_casv_vltor_picatinny_rail_sections_LOD0
0  0.012629 0.009250 0.008119  -1.000000 0.000000 0.000000  0.918919 0.028537 0
0  0.012629 0.009250 -0.008119  -1.000000 0.000000 0.000000  0.788769 0.028538 0
0  0.012629 0.006247 -0.010616  -1.000000 0.000000 0.000000  0.768754 0.004469 0
mount_casv_vltor_picatinny_rail_sections_LOD0
0  0.012629 0.006753 -0.010616  -1.000000 0.000000 0.000000  0.768754 0.008524 0
0  0.012629 0.006247 -0.010616  -1.000000 0.000000 0.000000  0.768754 0.004469 0
0  0.012629 0.009250 -0.008119  -1.000000 0.000000 0.000000  0.788769 0.028538 0
mount_casv_vltor_picatinny_rail_sections_LOD0
0  0.022628 0.006753 0.010617  -1.000000 0.000006 0.000000  0.991921 0.669638 0
0  0.022628 0.009250 0.008119  -1.000000 -0.000001 0.000000  0.971909 0.649623 0
0  0.022628 0.006247 0.010616  -1.000000 0.000002 0.000000  0.995977 0.669630 0
mount_casv_vltor_picatinny_rail_sections_LOD0
0  0.022628 0.006247 0.010616  -1.000000 0.000002 0.000000  0.995977 0.669630 0
0  0.022628 0.009250 0.008119  -1.000000 -0.000001 0.000000  0.971909 0.649623 0
0  0.022628 0.006247 -0.010616  -1.000000 -0.000002 0.000000  0.995978 0.499450 0
mount_casv_vltor_picatinny_rail_sections_LOD0
0  0.022628 0.009250 0.008119  -1.000000 -0.000001 0.000000  0.971909 0.649623 0
0  0.022628 0.009250 -0.008119  -1.000000 0.000002 0.000000  0.971909 0.519464 0
0  0.022628 0.006247 -0.010616  -1.000000 -0.000002 0.000000  0.995978 0.499450 0
mount_casv_vltor_picatinny_rail_sections_LOD0
0  0.022628 0.006753 -0.010617  -1.000000 -0.000006 0.000000  0.991923 0.499450 0
0  0.022628 0.006247 -0.010616  -1.000000 -0.000002 0.000000  0.995978 0.499450 0
0  0.022628 0.009250 -0.008119  -1.000000 0.000002 0.000000  0.971909 0.519464 0
mount_casv_vltor_picatinny_rail_sections_LOD0
0  0.052626 0.006753 0.010616  -1.000000 0.000000 0.000000  0.872216 0.582229 0
0  0.052626 0.009250 0.008119  -1.000000 -0.000003 0.000000  0.852201 0.602242 0
0  0.052626 0.006247 0.010616  -1.000000 -0.000002 0.000000  0.872216 0.578174 0
mount_casv_vltor_picatinny_rail_sections_LOD0
0  0.052626 0.006247 0.010616  -1.000000 -0.000002 0.000000  0.872216 0.578174 0
0  0.052626 0.009250 0.008119  -1.000000 -0.000003 0.000000  0.852201 0.602242 0
0  0.052626 0.006247 -0.010617  -1.000000 0.000002 0.000000  0.702029 0.578174 0
mount_casv_vltor_picatinny_rail_sections_LOD0
0  0.052626 0.009250 0.008119  -1.000000 -0.000003 0.000000  0.852201 0.602242 0
0  0.052626 0.009250 -0.008120  -1.000000 0.000005 0.000000  0.722042 0.602242 0
0  0.052626 0.006247 -0.010617  -1.000000 0.000002 0.000000  0.702029 0.578174 0
mount_casv_vltor_picatinny_rail_sections_LOD0
0  0.052626 0.006753 -0.010617  -1.000000 0.000000 0.000000  0.702029 0.582229 0
0  0.052626 0.006247 -0.010617  -1.000000 0.000002 0.000000  0.702029 0.578174 0
0  0.052626 0.009250 -0.008120  -1.000000 0.000005 0.000000  0.722042 0.602242 0
mount_casv_vltor_picatinny_rail_sections_LOD0
0  -0.007369 0.006753 0.010616  -1.000000 0.000000 0.000001  0.769110 0.053604 0
0  -0.007369 0.009250 0.008119  -1.000000 -0.000000 0.000000  0.789125 0.033591 0
0  -0.007369 0.006247 0.010616  -1.000000 -0.000000 0.000000  0.769110 0.057660 0
mount_casv_vltor_picatinny_rail_sections_LOD0
0  -0.007369 0.006247 -0.010616  -1.000000 -0.000000 0.000000  0.939290 0.057660 0
0  -0.007369 0.006247 0.010616  -1.000000 -0.000000 0.000000  0.769110 0.057660 0
0  -0.007369 0.009250 0.008119  -1.000000 -0.000000 0.000000  0.789125 0.033591 0
mount_casv_vltor_picatinny_rail_sections_LOD0
0  -0.007369 0.009250 -0.008119  -1.000000 0.000000 0.000000  0.919275 0.033591 0
0  -0.007369 0.006247 -0.010616  -1.000000 -0.000000 0.000000  0.939290 0.057660 0
0  -0.007369 0.009250 0.008119  -1.000000 -0.000000 0.000000  0.789125 0.033591 0
mount_casv_vltor_picatinny_rail_sections_LOD0
0  -0.007369 0.006753 -0.010616  -1.000000 0.000000 0.000001  0.939290 0.053604 0
0  -0.007369 0.006247 -0.010616  -1.000000 -0.000000 0.000000  0.939290 0.057660 0
0  -0.007369 0.009250 -0.008119  -1.000000 0.000000 0.000000  0.919275 0.033591 0
mount_casv_vltor_picatinny_rail_sections_LOD0
0  0.032628 0.006753 0.010616  -1.000000 0.000000 0.000000  0.680118 0.732555 0
0  0.032628 0.009250 0.008118  -1.000000 -0.000001 0.000000  0.660103 0.752567 0
0  0.032628 0.006247 0.010616  -1.000000 -0.000001 0.000000  0.680118 0.728500 0
mount_casv_vltor_picatinny_rail_sections_LOD0
0  0.032628 0.006247 -0.010617  -1.000000 0.000001 0.000000  0.509938 0.728500 0
0  0.032628 0.006247 0.010616  -1.000000 -0.000001 0.000000  0.680118 0.728500 0
0  0.032628 0.009250 0.008118  -1.000000 -0.000001 0.000000  0.660103 0.752567 0
mount_casv_vltor_picatinny_rail_sections_LOD0
0  0.032628 0.009250 -0.008119  -1.000000 0.000002 0.000000  0.529953 0.752569 0
0  0.032628 0.006247 -0.010617  -1.000000 0.000001 0.000000  0.509938 0.728500 0
0  0.032628 0.009250 0.008118  -1.000000 -0.000001 0.000000  0.660103 0.752567 0
mount_casv_vltor_picatinny_rail_sections_LOD0
0  0.032628 0.006753 -0.010617  -1.000000 0.000000 0.000000  0.509938 0.732555 0
0  0.032628 0.006247 -0.010617  -1.000000 0.000001 0.000000  0.509938 0.728500 0
0  0.032628 0.009250 -0.008119  -1.000000 0.000002 0.000000  0.529953 0.752569 0
mount_casv_vltor_picatinny_rail_sections_LOD0
0  -0.067386 0.003751 0.008121  -0.000164 -0.706905 0.707309  0.004398 0.471648 0
0  -0.062620 0.006247 0.010617  -0.000019 -0.707090 0.707123  0.042606 0.499955 0
0  -0.064876 0.006248 0.010616  -0.000624 -0.706511 0.707702  0.024525 0.499955 0
mount_casv_vltor_picatinny_rail_sections_LOD0
0  -0.057365 0.006247 0.010616  0.000015 -0.706996 0.707218  0.084724 0.499955 0
0  -0.062620 0.006247 0.010617  -0.000019 -0.707090 0.707123  0.042606 0.499955 0
0  -0.067386 0.003751 0.008121  -0.000164 -0.706905 0.707309  0.004398 0.471648 0
mount_casv_vltor_picatinny_rail_sections_LOD0
0  -0.052616 0.006247 0.010616  0.000000 -0.706966 0.707248  0.122787 0.499955 0
0  -0.057365 0.006247 0.010616  0.000015 -0.706996 0.707218  0.084724 0.499955 0
0  -0.067386 0.003751 0.008121  -0.000164 -0.706905 0.707309  0.004398 0.471648 0
mount_casv_vltor_picatinny_rail_sections_LOD0
0  -0.047366 0.006247 0.010616  0.000000 -0.706967 0.707247  0.164867 0.499955 0
0  -0.052616 0.006247 0.010616  0.000000 -0.706966 0.707248  0.122787 0.499955 0
0  -0.067386 0.003751 0.008121  -0.000164 -0.706905 0.707309  0.004398 0.471648 0
mount_casv_vltor_picatinny_rail_sections_LOD0
0  -0.042616 0.006247 0.010616  0.000000 -0.706965 0.707248  0.202938 0.499955 0
0  -0.047366 0.006247 0.010616  0.000000 -0.706967 0.707247  0.164867 0.499955 0
0  -0.067386 0.003751 0.008121  -0.000164 -0.706905 0.707309  0.004398 0.471648 0
mount_casv_vltor_picatinny_rail_sections_LOD0
0  -0.037367 0.006247 0.010616  0.000000 -0.706969 0.707245  0.245011 0.499955 0
0  -0.042616 0.006247 0.010616  0.000000 -0.706965 0.707248  0.202938 0.499955 0
0  -0.067386 0.003751 0.008121  -0.000164 -0.706905 0.707309  0.004398 0.471648 0
mount_casv_vltor_picatinny_rail_sections_LOD0
0  -0.032617 0.006247 0.010616  0.000000 -0.706966 0.707247  0.283083 0.499955 0
0  -0.037367 0.006247 0.010616  0.000000 -0.706969 0.707245  0.245011 0.499955 0
0  -0.067386 0.003751 0.008121  -0.000164 -0.706905 0.707309  0.004398 0.471648 0
mount_casv_vltor_picatinny_rail_sections_LOD0
0  -0.027367 0.006247 0.010616  0.000000 -0.706964 0.707250  0.325162 0.499955 0
0  -0.032617 0.006247 0.010616  0.000000 -0.706966 0.707247  0.283083 0.499955 0
0  -0.067386 0.003751 0.008121  -0.000164 -0.706905 0.707309  0.004398 0.471648 0
mount_casv_vltor_picatinny_rail_sections_LOD0
0  -0.022618 0.006247 0.010616  0.000000 -0.706969 0.707244  0.363227 0.499955 0
0  -0.027367 0.006247 0.010616  0.000000 -0.706964 0.707250  0.325162 0.499955 0
0  -0.067386 0.003751 0.008121  -0.000164 -0.706905 0.707309  0.004398 0.471648 0
mount_casv_vltor_picatinny_rail_sections_LOD0
0  -0.017368 0.006247 0.010616  0.000000 -0.706967 0.707247  0.405306 0.499955 0
0  -0.022618 0.006247 0.010616  0.000000 -0.706969 0.707244  0.363227 0.499955 0
0  -0.067386 0.003751 0.008121  -0.000164 -0.706905 0.707309  0.004398 0.471648 0
mount_casv_vltor_picatinny_rail_sections_LOD0
0  -0.012619 0.006247 0.010616  0.000000 -0.706966 0.707248  0.443367 0.499955 0
0  -0.017368 0.006247 0.010616  0.000000 -0.706967 0.707247  0.405306 0.499955 0
0  -0.067386 0.003751 0.008121  -0.000164 -0.706905 0.707309  0.004398 0.471648 0
mount_casv_vltor_picatinny_rail_sections_LOD0
0  -0.007369 0.006247 0.010616  0.000000 -0.706966 0.707247  0.485438 0.499955 0
0  -0.012619 0.006247 0.010616  0.000000 -0.706966 0.707248  0.443367 0.499955 0
0  -0.067386 0.003751 0.008121  -0.000164 -0.706905 0.707309  0.004398 0.471648 0
mount_casv_vltor_picatinny_rail_sections_LOD0
0  -0.002619 0.006247 0.010616  0.000005 -0.707031 0.707182  0.523477 0.499955 0
0  -0.007369 0.006247 0.010616  0.000000 -0.706966 0.707247  0.485438 0.499955 0
0  -0.067386 0.003751 0.008121  -0.000164 -0.706905 0.707309  0.004398 0.471648 0
mount_casv_vltor_picatinny_rail_sections_LOD0
0  -0.002619 0.003751 0.008120  0.000005 -0.707034 0.707180  0.523476 0.471648 0
0  -0.002619 0.006247 0.010616  0.000005 -0.707031 0.707182  0.523477 0.499955 0
0  -0.067386 0.003751 0.008121  -0.000164 -0.706905 0.707309  0.004398 0.471648 0
mount_casv_vltor_picatinny_rail_sections_LOD0
0  -0.067386 0.003751 -0.008119  -0.000103 -0.707148 -0.707066  0.517865 0.638351 0
0  -0.064876 0.006248 -0.010616  -0.000311 -0.706951 -0.707262  0.497964 0.666646 0
0  -0.062620 0.006247 -0.010616  -0.000063 -0.707190 -0.707023  0.480074 0.666646 0
mount_casv_vltor_picatinny_rail_sections_LOD0
0  -0.057365 0.006247 -0.010616  -0.000000 -0.707249 -0.706964  0.438404 0.666646 0
0  -0.067386 0.003751 -0.008119  -0.000103 -0.707148 -0.707066  0.517865 0.638351 0
0  -0.062620 0.006247 -0.010616  -0.000063 -0.707190 -0.707023  0.480074 0.666646 0
mount_casv_vltor_picatinny_rail_sections_LOD0
0  -0.052616 0.006247 -0.010616  -0.000000 -0.707250 -0.706964  0.400746 0.666646 0
0  -0.067386 0.003751 -0.008119  -0.000103 -0.707148 -0.707066  0.517865 0.638351 0
0  -0.057365 0.006247 -0.010616  -0.000000 -0.707249 -0.706964  0.438404 0.666646 0
mount_casv_vltor_picatinny_rail_sections_LOD0
0  -0.047366 0.006247 -0.010616  0.000000 -0.707251 -0.706963  0.359118 0.666646 0
0  -0.067386 0.003751 -0.008119  -0.000103 -0.707148 -0.707066  0.517865 0.638351 0
0  -0.052616 0.006247 -0.010616  -0.000000 -0.707250 -0.706964  0.400746 0.666646 0
mount_casv_vltor_picatinny_rail_sections_LOD0
0  -0.042616 0.006247 -0.010616  -0.000000 -0.707249 -0.706965  0.321451 0.666646 0
0  -0.067386 0.003751 -0.008119  -0.000103 -0.707148 -0.707066  0.517865 0.638351 0
0  -0.047366 0.006247 -0.010616  0.000000 -0.707251 -0.706963  0.359118 0.666646 0
mount_casv_vltor_picatinny_rail_sections_LOD0
0  -0.037367 0.006247 -0.010616  0.000000 -0.707250 -0.706964  0.279830 0.666646 0
0  -0.067386 0.003751 -0.008119  -0.000103 -0.707148 -0.707066  0.517865 0.638351 0
0  -0.042616 0.006247 -0.010616  -0.000000 -0.707249 -0.706965  0.321451 0.666646 0
mount_casv_vltor_picatinny_rail_sections_LOD0
0  -0.032617 0.006247 -0.010616  -0.000000 -0.707252 -0.706962  0.242165 0.666646 0
0  -0.067386 0.003751 -0.008119  -0.000103 -0.707148 -0.707066  0.517865 0.638351 0
0  -0.037367 0.006247 -0.010616  0.000000 -0.707250 -0.706964  0.279830 0.666646 0
mount_casv_vltor_picatinny_rail_sections_LOD0
0  -0.027367 0.006247 -0.010616  -0.000000 -0.707250 -0.706964  0.200535 0.666646 0
0  -0.067386 0.003751 -0.008119  -0.000103 -0.707148 -0.707066  0.517865 0.638351 0
0  -0.032617 0.006247 -0.010616  -0.000000 -0.707252 -0.706962  0.242165 0.666646 0
mount_casv_vltor_picatinny_rail_sections_LOD0
0  -0.022618 0.006247 -0.010616  -0.000000 -0.707249 -0.706965  0.162876 0.666646 0
0  -0.067386 0.003751 -0.008119  -0.000103 -0.707148 -0.707066  0.517865 0.638351 0
0  -0.027367 0.006247 -0.010616  -0.000000 -0.707250 -0.706964  0.200535 0.666646 0
mount_casv_vltor_picatinny_rail_sections_LOD0
0  -0.067386 0.003751 -0.008119  -0.000103 -0.707148 -0.707066  0.517865 0.638351 0
0  -0.022618 0.006247 -0.010616  -0.000000 -0.707249 -0.706965  0.162876 0.666646 0
0  -0.017368 0.006247 -0.010616  -0.000000 -0.707248 -0.706966  0.121248 0.666646 0
mount_casv_vltor_picatinny_rail_sections_LOD0
0  -0.012619 0.006247 -0.010616  0.000000 -0.707252 -0.706961  0.083589 0.666646 0
0  -0.067386 0.003751 -0.008119  -0.000103 -0.707148 -0.707066  0.517865 0.638351 0
0  -0.017368 0.006247 -0.010616  -0.000000 -0.707248 -0.706966  0.121248 0.666646 0
mount_casv_vltor_picatinny_rail_sections_LOD0
0  -0.012619 0.006247 -0.010616  0.000000 -0.707252 -0.706961  0.083589 0.666646 0
0  -0.007369 0.006247 -0.010616  -0.000000 -0.707246 -0.706967  0.041960 0.666646 0
0  -0.067386 0.003751 -0.008119  -0.000103 -0.707148 -0.707066  0.517865 0.638351 0
mount_casv_vltor_picatinny_rail_sections_LOD0
0  -0.002619 0.006247 -0.010616  -0.000005 -0.707184 -0.707030  0.004294 0.666646 0
0  -0.067386 0.003751 -0.008119  -0.000103 -0.707148 -0.707066  0.517865 0.638351 0
0  -0.007369 0.006247 -0.010616  -0.000000 -0.707246 -0.706967  0.041960 0.666646 0
mount_casv_vltor_picatinny_rail_sections_LOD0
0  -0.002619 0.003751 -0.008120  -0.000005 -0.707182 -0.707032  0.004293 0.638351 0
0  -0.067386 0.003751 -0.008119  -0.000103 -0.707148 -0.707066  0.517865 0.638351 0
0  -0.002619 0.006247 -0.010616  -0.000005 -0.707184 -0.707030  0.004294 0.666646 0
mount_casv_vltor_picatinny_rail_sections_LOD0
0  0.064875 0.006248 0.010616  0.000312 -0.706953 0.707261  0.544939 0.634185 0
0  0.062625 0.006247 0.010616  0.000063 -0.707189 0.707025  0.526904 0.634185 0
0  0.067386 0.003751 0.008119  0.000095 -0.707147 0.707067  0.565068 0.605878 0
mount_casv_vltor_picatinny_rail_sections_LOD0
0  0.062625 0.006247 0.010616  0.000063 -0.707189 0.707025  0.526904 0.634185 0
0  0.057376 0.006247 0.010616  0.000001 -0.707250 0.706963  0.484833 0.634185 0
0  0.067386 0.003751 0.008119  0.000095 -0.707147 0.707067  0.565068 0.605878 0
mount_casv_vltor_picatinny_rail_sections_LOD0
0  0.057376 0.006247 0.010616  0.000001 -0.707250 0.706963  0.484833 0.634185 0
0  0.052626 0.006247 0.010616  -0.000124 -0.707618 0.706595  0.446762 0.634185 0
0  0.067386 0.003751 0.008119  0.000095 -0.707147 0.707067  0.565068 0.605878 0
mount_casv_vltor_picatinny_rail_sections_LOD0
0  0.052626 0.006247 0.010616  -0.000124 -0.707618 0.706595  0.446762 0.634185 0
0  0.047376 0.006247 0.010615  -0.000007 -0.707138 0.707075  0.404681 0.634185 0
0  0.067386 0.003751 0.008119  0.000095 -0.707147 0.707067  0.565068 0.605878 0
mount_casv_vltor_picatinny_rail_sections_LOD0
0  0.047376 0.006247 0.010615  -0.000007 -0.707138 0.707075  0.404681 0.634185 0
0  0.042627 0.006247 0.010615  0.000000 -0.707108 0.707106  0.366618 0.634185 0
0  0.067386 0.003751 0.008119  0.000095 -0.707147 0.707067  0.565068 0.605878 0
mount_casv_vltor_picatinny_rail_sections_LOD0
0  0.042627 0.006247 0.010615  0.000000 -0.707108 0.707106  0.366618 0.634185 0
0  0.037377 0.006247 0.010616  0.000000 -0.707109 0.707104  0.324537 0.634185 0
0  0.067386 0.003751 0.008119  0.000095 -0.707147 0.707067  0.565068 0.605878 0
mount_casv_vltor_picatinny_rail_sections_LOD0
0  0.037377 0.006247 0.010616  0.000000 -0.707109 0.707104  0.324537 0.634185 0
0  0.032628 0.006247 0.010616  0.000000 -0.707107 0.707106  0.286472 0.634185 0
0  0.067386 0.003751 0.008119  0.000095 -0.707147 0.707067  0.565068 0.605878 0
mount_casv_vltor_picatinny_rail_sections_LOD0
0  0.032628 0.006247 0.010616  0.000000 -0.707107 0.707106  0.286472 0.634185 0
0  0.027378 0.006247 0.010616  0.000000 -0.707107 0.707106  0.244394 0.634185 0
0  0.067386 0.003751 0.008119  0.000095 -0.707147 0.707067  0.565068 0.605878 0
mount_casv_vltor_picatinny_rail_sections_LOD0
0  0.027378 0.006247 0.010616  0.000000 -0.707107 0.707106  0.244394 0.634185 0
0  0.022628 0.006247 0.010616  0.000001 -0.707109 0.707105  0.206322 0.634185 0
0  0.067386 0.003751 0.008119  0.000095 -0.707147 0.707067  0.565068 0.605878 0
mount_casv_vltor_picatinny_rail_sections_LOD0
0  0.022628 0.006247 0.010616  0.000001 -0.707109 0.707105  0.206322 0.634185 0
0  0.017379 0.006247 0.010616  0.000000 -0.707107 0.707106  0.164251 0.634185 0
0  0.067386 0.003751 0.008119  0.000095 -0.707147 0.707067  0.565068 0.605878 0
mount_casv_vltor_picatinny_rail_sections_LOD0
0  0.017379 0.006247 0.010616  0.000000 -0.707107 0.707106  0.164251 0.634185 0
0  0.012629 0.006247 0.010616  0.000000 -0.707109 0.707105  0.126179 0.634185 0
0  0.067386 0.003751 0.008119  0.000095 -0.707147 0.707067  0.565068 0.605878 0
mount_casv_vltor_picatinny_rail_sections_LOD0
0  0.012629 0.006247 0.010616  0.000000 -0.707109 0.707105  0.126179 0.634185 0
0  0.007380 0.006247 0.010616  0.000000 -0.707104 0.707109  0.084110 0.634185 0
0  0.067386 0.003751 0.008119  0.000095 -0.707147 0.707067  0.565068 0.605878 0
mount_casv_vltor_picatinny_rail_sections_LOD0
0  0.007380 0.006247 0.010616  0.000000 -0.707104 0.707109  0.084110 0.634185 0
0  0.002630 0.006247 0.010616  0.000000 -0.707113 0.707100  0.046047 0.634185 0
0  0.067386 0.003751 0.008119  0.000095 -0.707147 0.707067  0.565068 0.605878 0
mount_casv_vltor_picatinny_rail_sections_LOD0
0  0.002630 0.006247 0.010616  0.000000 -0.707113 0.707100  0.046047 0.634185 0
0  -0.002619 0.006247 0.010616  0.000005 -0.707036 0.707177  0.004009 0.634185 0
0  0.067386 0.003751 0.008119  0.000095 -0.707147 0.707067  0.565068 0.605878 0
mount_casv_vltor_picatinny_rail_sections_LOD0
0  0.067386 0.003751 0.008119  0.000095 -0.707147 0.707067  0.565068 0.605878 0
0  -0.002619 0.006247 0.010616  0.000005 -0.707036 0.707177  0.004009 0.634185 0
0  -0.002619 0.003751 0.008120  0.000006 -0.707034 0.707180  0.004008 0.605878 0
mount_casv_vltor_picatinny_rail_sections_LOD0
0  0.064875 0.006248 -0.010616  0.000627 -0.706509 -0.707703  0.024634 0.532753 0
0  0.067386 0.003751 -0.008121  0.000207 -0.706914 -0.707299  0.004510 0.504458 0
0  0.062625 0.006247 -0.010617  0.000127 -0.706986 -0.707227  0.042669 0.532753 0
mount_casv_vltor_picatinny_rail_sections_LOD0
0  0.062625 0.006247 -0.010617  0.000127 -0.706986 -0.707227  0.042669 0.532753 0
0  0.067386 0.003751 -0.008121  0.000207 -0.706914 -0.707299  0.004510 0.504458 0
0  0.057376 0.006247 -0.010617  -0.000000 -0.707109 -0.707105  0.084738 0.532753 0
mount_casv_vltor_picatinny_rail_sections_LOD0
0  0.057376 0.006247 -0.010617  -0.000000 -0.707109 -0.707105  0.084738 0.532753 0
0  0.067386 0.003751 -0.008121  0.000207 -0.706914 -0.707299  0.004510 0.504458 0
0  0.052626 0.006247 -0.010617  -0.000000 -0.707108 -0.707106  0.122812 0.532753 0
mount_casv_vltor_picatinny_rail_sections_LOD0
0  0.052626 0.006247 -0.010617  -0.000000 -0.707108 -0.707106  0.122812 0.532753 0
0  0.067386 0.003751 -0.008121  0.000207 -0.706914 -0.707299  0.004510 0.504458 0
0  0.047376 0.006247 -0.010617  0.000000 -0.707108 -0.707105  0.164891 0.532753 0
mount_casv_vltor_picatinny_rail_sections_LOD0
0  0.047376 0.006247 -0.010617  0.000000 -0.707108 -0.707105  0.164891 0.532753 0
0  0.067386 0.003751 -0.008121  0.000207 -0.706914 -0.707299  0.004510 0.504458 0
0  0.042627 0.006247 -0.010617  -0.000000 -0.707108 -0.707105  0.202956 0.532753 0
mount_casv_vltor_picatinny_rail_sections_LOD0
0  0.042627 0.006247 -0.010617  -0.000000 -0.707108 -0.707105  0.202956 0.532753 0
0  0.067386 0.003751 -0.008121  0.000207 -0.706914 -0.707299  0.004510 0.504458 0
0  0.037377 0.006247 -0.010617  -0.000000 -0.707108 -0.707105  0.245037 0.532753 0
mount_casv_vltor_picatinny_rail_sections_LOD0
0  0.037377 0.006247 -0.010617  -0.000000 -0.707108 -0.707105  0.245037 0.532753 0
0  0.067386 0.003751 -0.008121  0.000207 -0.706914 -0.707299  0.004510 0.504458 0
0  0.032628 0.006247 -0.010617  -0.000000 -0.707108 -0.707106  0.283102 0.532753 0
mount_casv_vltor_picatinny_rail_sections_LOD0
0  0.032628 0.006247 -0.010617  -0.000000 -0.707108 -0.707106  0.283102 0.532753 0
0  0.067386 0.003751 -0.008121  0.000207 -0.706914 -0.707299  0.004510 0.504458 0
0  0.027378 0.006247 -0.010617  0.000000 -0.707108 -0.707105  0.325182 0.532753 0
mount_casv_vltor_picatinny_rail_sections_LOD0
0  0.027378 0.006247 -0.010617  0.000000 -0.707108 -0.707105  0.325182 0.532753 0
0  0.067386 0.003751 -0.008121  0.000207 -0.706914 -0.707299  0.004510 0.504458 0
0  0.022628 0.006247 -0.010616  -0.000000 -0.707110 -0.707104  0.363254 0.532753 0
mount_casv_vltor_picatinny_rail_sections_LOD0
0  0.022628 0.006247 -0.010616  -0.000000 -0.707110 -0.707104  0.363254 0.532753 0
0  0.067386 0.003751 -0.008121  0.000207 -0.706914 -0.707299  0.004510 0.504458 0
0  0.017379 0.006247 -0.010616  -0.000000 -0.707108 -0.707106  0.405325 0.532753 0
mount_casv_vltor_picatinny_rail_sections_LOD0
0  0.017379 0.006247 -0.010616  -0.000000 -0.707108 -0.707106  0.405325 0.532753 0
0  0.067386 0.003751 -0.008121  0.000207 -0.706914 -0.707299  0.004510 0.504458 0
0  0.012629 0.006247 -0.010616  0.000000 -0.707107 -0.707106  0.443397 0.532753 0
mount_casv_vltor_picatinny_rail_sections_LOD0
0  0.012629 0.006247 -0.010616  0.000000 -0.707107 -0.707106  0.443397 0.532753 0
0  0.067386 0.003751 -0.008121  0.000207 -0.706914 -0.707299  0.004510 0.504458 0
0  0.007380 0.006247 -0.010616  -0.000000 -0.707110 -0.707104  0.485469 0.532753 0
mount_casv_vltor_picatinny_rail_sections_LOD0
0  0.007380 0.006247 -0.010616  -0.000000 -0.707110 -0.707104  0.485469 0.532753 0
0  0.067386 0.003751 -0.008121  0.000207 -0.706914 -0.707299  0.004510 0.504458 0
0  0.002630 0.006247 -0.010616  -0.000000 -0.707107 -0.707107  0.523541 0.532753 0
mount_casv_vltor_picatinny_rail_sections_LOD0
0  0.002630 0.006247 -0.010616  -0.000000 -0.707107 -0.707107  0.523541 0.532753 0
0  0.067386 0.003751 -0.008121  0.000207 -0.706914 -0.707299  0.004510 0.504458 0
0  -0.002619 0.006247 -0.010616  -0.000005 -0.707179 -0.707035  0.565616 0.532753 0
mount_casv_vltor_picatinny_rail_sections_LOD0
0  0.067386 0.003751 -0.008121  0.000207 -0.706914 -0.707299  0.004510 0.504458 0
0  -0.002619 0.003751 -0.008120  -0.000005 -0.707181 -0.707032  0.565615 0.504458 0
0  -0.002619 0.006247 -0.010616  -0.000005 -0.707179 -0.707035  0.565616 0.532753 0
mount_casv_vltor_picatinny_rail_sections_LOD0
0  -0.002619 0.003751 -0.008120  -0.000008 -0.000000 -1.000000  0.004012 0.566971 0
0  -0.002619 0.000000 -0.008120  -0.000008 -0.000000 -1.000000  0.004012 0.536906 0
0  -0.067386 0.000000 -0.008119  -0.000008 -0.000000 -1.000000  0.523130 0.536906 0
mount_casv_vltor_picatinny_rail_sections_LOD0
0  -0.067386 0.003751 -0.008119  -0.000008 -0.000000 -1.000000  0.523130 0.566971 0
0  -0.002619 0.003751 -0.008120  -0.000008 -0.000000 -1.000000  0.004012 0.566971 0
0  -0.067386 0.000000 -0.008119  -0.000008 -0.000000 -1.000000  0.523130 0.536906 0
mount_casv_vltor_picatinny_rail_sections_LOD0
0  -0.002619 0.003751 0.008120  0.000008 0.000000 1.000000  0.004072 0.601044 0
0  -0.002619 0.000000 0.008120  0.000008 0.000000 1.000000  0.004072 0.570979 0
0  0.067386 0.000000 0.008119  0.000008 0.000000 1.000000  0.565175 0.570979 0
mount_casv_vltor_picatinny_rail_sections_LOD0
0  0.067386 0.003751 0.008119  0.000008 0.000000 1.000000  0.565175 0.601044 0
0  -0.002619 0.003751 0.008120  0.000008 0.000000 1.000000  0.004072 0.601044 0
0  0.067386 0.000000 0.008119  0.000008 0.000000 1.000000  0.565175 0.570979 0
mount_casv_vltor_picatinny_rail_sections_LOD0
0  0.000531 -0.003782 0.001234  0.246001 -0.772086 0.585976  0.624550 0.498496 0
0  0.000638 -0.003040 0.001527  0.349802 -0.387180 0.853071  0.624550 0.494062 0
0  -0.000520 -0.003782 0.001234  -0.246004 -0.772061 0.586007  0.631012 0.498496 0
mount_casv_vltor_picatinny_rail_sections_LOD0
0  0.000638 -0.003040 0.001527  0.349802 -0.387180 0.853071  0.624550 0.494062 0
0  -0.000627 -0.003040 0.001527  -0.349809 -0.386985 0.853157  0.631012 0.494062 0
0  -0.000520 -0.003782 0.001234  -0.246004 -0.772061 0.586007  0.631012 0.498496 0
mount_casv_vltor_picatinny_rail_sections_LOD0
0  -0.001264 -0.003782 0.000491  -0.598633 -0.764188 0.240115  0.637472 0.498496 0
0  -0.000520 -0.003782 0.001234  -0.246004 -0.772061 0.586007  0.631012 0.498496 0
0  -0.000627 -0.003040 0.001527  -0.349809 -0.386985 0.853157  0.631012 0.494062 0
mount_casv_vltor_picatinny_rail_sections_LOD0
0  -0.001521 -0.003040 0.000632  -0.856582 -0.366203 0.363542  0.637472 0.494062 0
0  -0.001264 -0.003782 0.000491  -0.598633 -0.764188 0.240115  0.637472 0.498496 0
0  -0.000627 -0.003040 0.001527  -0.349809 -0.386985 0.853157  0.631012 0.494062 0
mount_casv_vltor_picatinny_rail_sections_LOD0
0  -0.001264 -0.003782 -0.000561  -0.604528 -0.753446 -0.258583  0.643932 0.498496 0
0  -0.001264 -0.003782 0.000491  -0.598633 -0.764188 0.240115  0.637472 0.498496 0
0  -0.001521 -0.003040 0.000632  -0.856582 -0.366203 0.363542  0.637472 0.494062 0
mount_casv_vltor_picatinny_rail_sections_LOD0
0  -0.001521 -0.003040 -0.000632  -0.873190 -0.336531 -0.352541  0.643932 0.494062 0
0  -0.001264 -0.003782 -0.000561  -0.604528 -0.753446 -0.258583  0.643932 0.498496 0
0  -0.001521 -0.003040 0.000632  -0.856582 -0.366203 0.363542  0.637472 0.494062 0
mount_casv_vltor_picatinny_rail_sections_LOD0
0  -0.000520 -0.003782 -0.001304  -0.251972 -0.746134 -0.616274  0.650392 0.498496 0
0  -0.001264 -0.003782 -0.000561  -0.604528 -0.753446 -0.258583  0.643932 0.498496 0
0  -0.001521 -0.003040 -0.000632  -0.873190 -0.336531 -0.352541  0.643932 0.494062 0
mount_casv_vltor_picatinny_rail_sections_LOD0
0  -0.000627 -0.003040 -0.001527  -0.366404 -0.315383 -0.875375  0.650392 0.494062 0
0  -0.000520 -0.003782 -0.001304  -0.251972 -0.746134 -0.616274  0.650392 0.498496 0
0  -0.001521 -0.003040 -0.000632  -0.873190 -0.336531 -0.352541  0.643932 0.494062 0
mount_casv_vltor_picatinny_rail_sections_LOD0
0  0.000531 -0.003782 -0.001304  0.251987 -0.746138 -0.616263  0.656852 0.498496 0
0  -0.000520 -0.003782 -0.001304  -0.251972 -0.746134 -0.616274  0.650392 0.498496 0
0  -0.000627 -0.003040 -0.001527  -0.366404 -0.315383 -0.875375  0.650392 0.494062 0
mount_casv_vltor_picatinny_rail_sections_LOD0
0  0.000638 -0.003040 -0.001527  0.366525 -0.315731 -0.875199  0.656852 0.494062 0
0  0.000531 -0.003782 -0.001304  0.251987 -0.746138 -0.616263  0.656852 0.498496 0
0  -0.000627 -0.003040 -0.001527  -0.366404 -0.315383 -0.875375  0.650392 0.494062 0
mount_casv_vltor_picatinny_rail_sections_LOD0
0  0.001274 -0.003782 -0.000561  0.604034 -0.753944 -0.258286  0.663310 0.498496 0
0  0.000531 -0.003782 -0.001304  0.251987 -0.746138 -0.616263  0.656852 0.498496 0
0  0.000638 -0.003040 -0.001527  0.366525 -0.315731 -0.875199  0.656852 0.494062 0
mount_casv_vltor_picatinny_rail_sections_LOD0
0  0.001532 -0.003040 -0.000632  0.873088 -0.337297 -0.352064  0.663310 0.494062 0
0  0.001274 -0.003782 -0.000561  0.604034 -0.753944 -0.258286  0.663310 0.498496 0
0  0.000638 -0.003040 -0.001527  0.366525 -0.315731 -0.875199  0.656852 0.494062 0
mount_casv_vltor_picatinny_rail_sections_LOD0
0  0.001274 -0.003782 0.000491  0.598125 -0.764658 0.239884  0.669772 0.498496 0
0  0.001274 -0.003782 -0.000561  0.604034 -0.753944 -0.258286  0.663310 0.498496 0
0  0.001532 -0.003040 -0.000632  0.873088 -0.337297 -0.352064  0.663310 0.494062 0
mount_casv_vltor_picatinny_rail_sections_LOD0
0  0.001532 -0.003040 0.000632  0.856498 -0.366846 0.363091  0.669772 0.494062 0
0  0.001274 -0.003782 0.000491  0.598125 -0.764658 0.239884  0.669772 0.498496 0
0  0.001532 -0.003040 -0.000632  0.873088 -0.337297 -0.352064  0.663310 0.494062 0
mount_casv_vltor_picatinny_rail_sections_LOD0
0  0.001274 -0.003782 0.000491  0.598125 -0.764658 0.239884  0.669772 0.498496 0
0  0.001532 -0.003040 0.000632  0.856498 -0.366846 0.363091  0.669772 0.494062 0
0  0.000638 -0.003040 0.001527  0.349948 -0.387216 0.852995  0.676230 0.494062 0
mount_casv_vltor_picatinny_rail_sections_LOD0
0  0.000531 -0.003782 0.001234  0.245975 -0.772079 0.585994  0.676230 0.498496 0
0  0.001274 -0.003782 0.000491  0.598125 -0.764658 0.239884  0.669772 0.498496 0
0  0.000638 -0.003040 0.001527  0.349948 -0.387216 0.852995  0.676230 0.494062 0
mount_casv_vltor_picatinny_rail_sections_LOD0
0  0.000638 -0.003040 0.001527  0.382961 0.000019 0.923765  0.946968 0.139566 0
0  0.000638 0.000006 0.001527  0.382960 -0.000018 0.923765  0.929877 0.139566 0
0  -0.000627 -0.003040 0.001527  -0.382949 0.000000 0.923770  0.946968 0.132468 0
mount_casv_vltor_picatinny_rail_sections_LOD0
0  0.000638 0.000006 0.001527  0.382960 -0.000018 0.923765  0.929877 0.139566 0
0  -0.000627 0.000006 0.001527  -0.382930 0.000000 0.923777  0.929877 0.132468 0
0  -0.000627 -0.003040 0.001527  -0.382949 0.000000 0.923770  0.946968 0.132468 0
mount_casv_vltor_picatinny_rail_sections_LOD0
0  -0.001521 -0.003040 0.000632  -0.923985 -0.000000 0.382428  0.946968 0.125372 0
0  -0.000627 -0.003040 0.001527  -0.382949 0.000000 0.923770  0.946968 0.132468 0
0  -0.000627 0.000006 0.001527  -0.382930 0.000000 0.923777  0.929877 0.132468 0
mount_casv_vltor_picatinny_rail_sections_LOD0
0  -0.001521 0.000006 0.000632  -0.923985 0.000000 0.382428  0.929877 0.125370 0
0  -0.001521 -0.003040 0.000632  -0.923985 -0.000000 0.382428  0.946968 0.125372 0
0  -0.000627 0.000006 0.001527  -0.382930 0.000000 0.923777  0.929877 0.132468 0
mount_casv_vltor_picatinny_rail_sections_LOD0
0  -0.001521 -0.003040 0.000632  -0.923985 -0.000000 0.382428  0.946968 0.125372 0
0  -0.001521 0.000006 0.000632  -0.923985 0.000000 0.382428  0.929877 0.125370 0
0  -0.001521 0.000006 -0.000632  -0.923986 -0.000000 -0.382427  0.929877 0.118278 0
mount_casv_vltor_picatinny_rail_sections_LOD0
0  -0.001521 -0.003040 -0.000632  -0.923986 -0.000000 -0.382427  0.946968 0.118278 0
0  -0.001521 -0.003040 0.000632  -0.923985 -0.000000 0.382428  0.946968 0.125372 0
0  -0.001521 0.000006 -0.000632  -0.923986 -0.000000 -0.382427  0.929877 0.118278 0
mount_casv_vltor_picatinny_rail_sections_LOD0
0  -0.001521 -0.003040 -0.000632  -0.923986 -0.000000 -0.382427  0.946968 0.118278 0
0  -0.001521 0.000006 -0.000632  -0.923986 -0.000000 -0.382427  0.929877 0.118278 0
0  -0.000627 -0.003040 -0.001527  -0.382931 -0.000000 -0.923777  0.946968 0.111182 0
mount_casv_vltor_picatinny_rail_sections_LOD0
0  -0.001521 0.000006 -0.000632  -0.923986 -0.000000 -0.382427  0.929877 0.118278 0
0  -0.000627 0.000006 -0.001527  -0.382949 -0.000000 -0.923769  0.929877 0.111182 0
0  -0.000627 -0.003040 -0.001527  -0.382931 -0.000000 -0.923777  0.946968 0.111182 0
mount_casv_vltor_picatinny_rail_sections_LOD0
0  -0.000627 -0.003040 -0.001527  -0.382931 -0.000000 -0.923777  0.946968 0.111182 0
0  -0.000627 0.000006 -0.001527  -0.382949 -0.000000 -0.923769  0.929877 0.111182 0
0  0.000638 -0.003040 -0.001527  0.382949 -0.000000 -0.923770  0.946968 0.104087 0
mount_casv_vltor_picatinny_rail_sections_LOD0
0  -0.000627 0.000006 -0.001527  -0.382949 -0.000000 -0.923769  0.929877 0.111182 0
0  0.000638 0.000006 -0.001527  0.382930 -0.000000 -0.923777  0.929877 0.104087 0
0  0.000638 -0.003040 -0.001527  0.382949 -0.000000 -0.923770  0.946968 0.104087 0
mount_casv_vltor_picatinny_rail_sections_LOD0
0  0.000638 -0.003040 -0.001527  0.382949 -0.000000 -0.923770  0.946968 0.104087 0
0  0.000638 0.000006 -0.001527  0.382930 -0.000000 -0.923777  0.929877 0.104087 0
0  0.001532 -0.003040 -0.000632  0.923989 -0.000000 -0.382418  0.946968 0.096988 0
mount_casv_vltor_picatinny_rail_sections_LOD0
0  0.000638 0.000006 -0.001527  0.382930 -0.000000 -0.923777  0.929877 0.104087 0
0  0.001532 0.000006 -0.000632  0.923982 0.000000 -0.382437  0.929877 0.096988 0
0  0.001532 -0.003040 -0.000632  0.923989 -0.000000 -0.382418  0.946968 0.096988 0
mount_casv_vltor_picatinny_rail_sections_LOD0
0  0.001532 -0.003040 -0.000632  0.923989 -0.000000 -0.382418  0.946968 0.096988 0
0  0.001532 0.000006 -0.000632  0.923982 0.000000 -0.382437  0.929877 0.096988 0
0  0.001532 -0.003040 0.000632  0.923982 0.000000 0.382436  0.946968 0.089897 0
mount_casv_vltor_picatinny_rail_sections_LOD0
0  0.001532 0.000006 -0.000632  0.923982 0.000000 -0.382437  0.929877 0.096988 0
0  0.001532 0.000006 0.000632  0.923990 0.000000 0.382418  0.929877 0.089897 0
0  0.001532 -0.003040 0.000632  0.923982 0.000000 0.382436  0.946968 0.089897 0
mount_casv_vltor_picatinny_rail_sections_LOD0
0  0.001532 -0.003040 0.000632  0.923982 0.000000 0.382436  0.946968 0.089897 0
0  0.001532 0.000006 0.000632  0.923990 0.000000 0.382418  0.929877 0.089897 0
0  0.000638 -0.003040 0.001527  0.383096 0.000018 0.923708  0.946968 0.082801 0
mount_casv_vltor_picatinny_rail_sections_LOD0
0  0.001532 0.000006 0.000632  0.923990 0.000000 0.382418  0.929877 0.089897 0
0  0.000638 0.000006 0.001527  0.383096 -0.000018 0.923708  0.929877 0.082801 0
0  0.000638 -0.003040 0.001527  0.383096 0.000018 0.923708  0.946968 0.082801 0
mount_casv_vltor_picatinny_rail_sections_LOD0
0  -0.001264 -0.003782 0.000491  -0.598684 -0.764134 0.240160  0.006345 0.889703 0
0  0.000531 -0.003782 0.001234  0.246040 -0.771993 0.586082  0.017246 0.889698 0
0  -0.000520 -0.003782 0.001234  -0.246021 -0.771993 0.586090  0.011797 0.891954 0
mount_casv_vltor_picatinny_rail_sections_LOD0
0  0.000531 -0.003782 0.001234  0.246040 -0.771993 0.586082  0.017246 0.889698 0
0  -0.001264 -0.003782 0.000491  -0.598684 -0.764134 0.240160  0.006345 0.889703 0
0  -0.001264 -0.003782 -0.000561  -0.604605 -0.753393 -0.258557  0.004088 0.884246 0
mount_casv_vltor_picatinny_rail_sections_LOD0
0  0.001274 -0.003782 0.000491  0.598210 -0.764598 0.239866  0.019501 0.884252 0
0  0.000531 -0.003782 0.001234  0.246040 -0.771993 0.586082  0.017246 0.889698 0
0  -0.001264 -0.003782 -0.000561  -0.604605 -0.753393 -0.258557  0.004088 0.884246 0
mount_casv_vltor_picatinny_rail_sections_LOD0
0  0.001274 -0.003782 0.000491  0.598210 -0.764598 0.239866  0.019501 0.884252 0
0  -0.001264 -0.003782 -0.000561  -0.604605 -0.753393 -0.258557  0.004088 0.884246 0
0  -0.000520 -0.003782 -0.001304  -0.251986 -0.746097 -0.616313  0.006348 0.878798 0
mount_casv_vltor_picatinny_rail_sections_LOD0
0  0.001274 -0.003782 -0.000561  0.604092 -0.753866 -0.258378  0.017241 0.878798 0
0  0.001274 -0.003782 0.000491  0.598210 -0.764598 0.239866  0.019501 0.884252 0
0  -0.000520 -0.003782 -0.001304  -0.251986 -0.746097 -0.616313  0.006348 0.878798 0
mount_casv_vltor_picatinny_rail_sections_LOD0
0  0.000531 -0.003782 -0.001304  0.251950 -0.746097 -0.616328  0.011795 0.876543 0
0  0.001274 -0.003782 -0.000561  0.604092 -0.753866 -0.258378  0.017241 0.878798 0
0  -0.000520 -0.003782 -0.001304  -0.251986 -0.746097 -0.616313  0.006348 0.878798 0
mount_casv_vltor_picatinny_rail_sections_LOD0
0  -0.039484 -0.003782 0.001234  0.246000 -0.772086 0.585976  0.953348 0.086294 0
0  -0.039377 -0.003040 0.001527  0.349802 -0.387181 0.853070  0.957782 0.086294 0
0  -0.040535 -0.003782 0.001234  -0.246003 -0.772062 0.586006  0.953348 0.092756 0
mount_casv_vltor_picatinny_rail_sections_LOD0
0  -0.039377 -0.003040 0.001527  0.349802 -0.387181 0.853070  0.957782 0.086294 0
0  -0.040642 -0.003040 0.001527  -0.349808 -0.386986 0.853156  0.957782 0.092756 0
0  -0.040535 -0.003782 0.001234  -0.246003 -0.772062 0.586006  0.953348 0.092756 0
mount_casv_vltor_picatinny_rail_sections_LOD0
0  -0.041279 -0.003782 0.000491  -0.598678 -0.764189 0.240000  0.953348 0.099217 0
0  -0.040535 -0.003782 0.001234  -0.246003 -0.772062 0.586006  0.953348 0.092756 0
0  -0.040642 -0.003040 0.001527  -0.349808 -0.386986 0.853156  0.957782 0.092756 0
mount_casv_vltor_picatinny_rail_sections_LOD0
0  -0.041536 -0.003040 0.000632  -0.856831 -0.365820 0.363340  0.957782 0.099217 0
0  -0.041279 -0.003782 0.000491  -0.598678 -0.764189 0.240000  0.953348 0.099217 0
0  -0.040642 -0.003040 0.001527  -0.349808 -0.386986 0.853156  0.957782 0.092756 0
mount_casv_vltor_picatinny_rail_sections_LOD0
0  -0.041279 -0.003782 -0.000561  -0.604526 -0.753448 -0.258582  0.953348 0.105676 0
0  -0.041279 -0.003782 0.000491  -0.598678 -0.764189 0.240000  0.953348 0.099217 0
0  -0.041536 -0.003040 0.000632  -0.856831 -0.365820 0.363340  0.957782 0.099217 0
mount_casv_vltor_picatinny_rail_sections_LOD0
0  -0.041536 -0.003040 -0.000632  -0.873190 -0.336533 -0.352541  0.957782 0.105676 0
0  -0.041279 -0.003782 -0.000561  -0.604526 -0.753448 -0.258582  0.953348 0.105676 0
0  -0.041536 -0.003040 0.000632  -0.856831 -0.365820 0.363340  0.957782 0.099217 0
mount_casv_vltor_picatinny_rail_sections_LOD0
0  -0.040535 -0.003782 -0.001304  -0.251971 -0.746137 -0.616272  0.953348 0.112136 0
0  -0.041279 -0.003782 -0.000561  -0.604526 -0.753448 -0.258582  0.953348 0.105676 0
0  -0.041536 -0.003040 -0.000632  -0.873190 -0.336533 -0.352541  0.957782 0.105676 0
mount_casv_vltor_picatinny_rail_sections_LOD0
0  -0.040642 -0.003040 -0.001527  -0.366445 -0.315477 -0.875324  0.957782 0.112136 0
0  -0.040535 -0.003782 -0.001304  -0.251971 -0.746137 -0.616272  0.953348 0.112136 0
0  -0.041536 -0.003040 -0.000632  -0.873190 -0.336533 -0.352541  0.957782 0.105676 0
mount_casv_vltor_picatinny_rail_sections_LOD0
0  -0.039484 -0.003782 -0.001304  0.251985 -0.746139 -0.616263  0.953348 0.118596 0
0  -0.040535 -0.003782 -0.001304  -0.251971 -0.746137 -0.616272  0.953348 0.112136 0
0  -0.040642 -0.003040 -0.001527  -0.366445 -0.315477 -0.875324  0.957782 0.112136 0
mount_casv_vltor_picatinny_rail_sections_LOD0
0  -0.039377 -0.003040 -0.001527  0.366525 -0.315731 -0.875199  0.957782 0.118596 0
0  -0.039484 -0.003782 -0.001304  0.251985 -0.746139 -0.616263  0.953348 0.118596 0
0  -0.040642 -0.003040 -0.001527  -0.366445 -0.315477 -0.875324  0.957782 0.112136 0
mount_casv_vltor_picatinny_rail_sections_LOD0
0  -0.038741 -0.003782 -0.000561  0.604038 -0.753940 -0.258287  0.953348 0.125054 0
0  -0.039484 -0.003782 -0.001304  0.251985 -0.746139 -0.616263  0.953348 0.118596 0
0  -0.039377 -0.003040 -0.001527  0.366525 -0.315731 -0.875199  0.957782 0.118596 0
mount_casv_vltor_picatinny_rail_sections_LOD0
0  -0.038483 -0.003040 -0.000632  0.873088 -0.337296 -0.352064  0.957782 0.125054 0
0  -0.038741 -0.003782 -0.000561  0.604038 -0.753940 -0.258287  0.953348 0.125054 0
0  -0.039377 -0.003040 -0.001527  0.366525 -0.315731 -0.875199  0.957782 0.118596 0
mount_casv_vltor_picatinny_rail_sections_LOD0
0  -0.038741 -0.003782 0.000491  0.598123 -0.764660 0.239884  0.953348 0.131516 0
0  -0.038741 -0.003782 -0.000561  0.604038 -0.753940 -0.258287  0.953348 0.125054 0
0  -0.038483 -0.003040 -0.000632  0.873088 -0.337296 -0.352064  0.957782 0.125054 0
mount_casv_vltor_picatinny_rail_sections_LOD0
0  -0.038483 -0.003040 0.000632  0.856496 -0.366851 0.363091  0.957782 0.131516 0
0  -0.038741 -0.003782 0.000491  0.598123 -0.764660 0.239884  0.953348 0.131516 0
0  -0.038483 -0.003040 -0.000632  0.873088 -0.337296 -0.352064  0.957782 0.125054 0
mount_casv_vltor_picatinny_rail_sections_LOD0
0  -0.038741 -0.003782 0.000491  0.598123 -0.764660 0.239884  0.953348 0.131516 0
0  -0.038483 -0.003040 0.000632  0.856496 -0.366851 0.363091  0.957782 0.131516 0
0  -0.039377 -0.003040 0.001527  0.349947 -0.387216 0.852995  0.957782 0.137974 0
mount_casv_vltor_picatinny_rail_sections_LOD0
0  -0.039484 -0.003782 0.001234  0.245971 -0.772082 0.585993  0.953348 0.137974 0
0  -0.038741 -0.003782 0.000491  0.598123 -0.764660 0.239884  0.953348 0.131516 0
0  -0.039377 -0.003040 0.001527  0.349947 -0.387216 0.852995  0.957782 0.137974 0
mount_casv_vltor_picatinny_rail_sections_LOD0
0  -0.039377 -0.003040 0.001527  0.382960 0.000019 0.923765  0.021531 0.871020 0
0  -0.039377 0.000006 0.001527  0.382960 -0.000018 0.923765  0.004440 0.871020 0
0  -0.040642 -0.003040 0.001527  -0.382948 -0.000000 0.923770  0.021531 0.863922 0
mount_casv_vltor_picatinny_rail_sections_LOD0
0  -0.039377 0.000006 0.001527  0.382960 -0.000018 0.923765  0.004440 0.871020 0
0  -0.040642 0.000006 0.001527  -0.382930 0.000001 0.923777  0.004440 0.863922 0
0  -0.040642 -0.003040 0.001527  -0.382948 -0.000000 0.923770  0.021531 0.863922 0
mount_casv_vltor_picatinny_rail_sections_LOD0
0  -0.041536 -0.003040 0.000632  -0.923985 0.000000 0.382428  0.021531 0.856826 0
0  -0.040642 -0.003040 0.001527  -0.382948 -0.000000 0.923770  0.021531 0.863922 0
0  -0.040642 0.000006 0.001527  -0.382930 0.000001 0.923777  0.004440 0.863922 0
mount_casv_vltor_picatinny_rail_sections_LOD0
0  -0.041536 0.000006 0.000632  -0.923985 0.000001 0.382428  0.004440 0.856824 0
0  -0.041536 -0.003040 0.000632  -0.923985 0.000000 0.382428  0.021531 0.856826 0
0  -0.040642 0.000006 0.001527  -0.382930 0.000001 0.923777  0.004440 0.863922 0
mount_casv_vltor_picatinny_rail_sections_LOD0
0  -0.041536 -0.003040 0.000632  -0.923985 0.000000 0.382428  0.021531 0.856826 0
0  -0.041536 0.000006 0.000632  -0.923985 0.000001 0.382428  0.004440 0.856824 0
0  -0.041536 0.000006 -0.000632  -0.923985 0.000000 -0.382428  0.004440 0.849732 0
mount_casv_vltor_picatinny_rail_sections_LOD0
0  -0.041536 -0.003040 -0.000632  -0.923985 0.000000 -0.382428  0.021531 0.849732 0
0  -0.041536 -0.003040 0.000632  -0.923985 0.000000 0.382428  0.021531 0.856826 0
0  -0.041536 0.000006 -0.000632  -0.923985 0.000000 -0.382428  0.004440 0.849732 0
mount_casv_vltor_picatinny_rail_sections_LOD0
0  -0.041536 -0.003040 -0.000632  -0.923985 0.000000 -0.382428  0.021531 0.849732 0
0  -0.041536 0.000006 -0.000632  -0.923985 0.000000 -0.382428  0.004440 0.849732 0
0  -0.040642 -0.003040 -0.001527  -0.382930 -0.000000 -0.923777  0.021531 0.842636 0
mount_casv_vltor_picatinny_rail_sections_LOD0
0  -0.041536 0.000006 -0.000632  -0.923985 0.000000 -0.382428  0.004440 0.849732 0
0  -0.040642 0.000006 -0.001527  -0.382949 0.000000 -0.923770  0.004440 0.842636 0
0  -0.040642 -0.003040 -0.001527  -0.382930 -0.000000 -0.923777  0.021531 0.842636 0
mount_casv_vltor_picatinny_rail_sections_LOD0
0  -0.040642 -0.003040 -0.001527  -0.382930 -0.000000 -0.923777  0.021531 0.842636 0
0  -0.040642 0.000006 -0.001527  -0.382949 0.000000 -0.923770  0.004440 0.842636 0
0  -0.039377 -0.003040 -0.001527  0.382949 -0.000000 -0.923769  0.021531 0.835541 0
mount_casv_vltor_picatinny_rail_sections_LOD0
0  -0.040642 0.000006 -0.001527  -0.382949 0.000000 -0.923770  0.004440 0.842636 0
0  -0.039377 0.000006 -0.001527  0.382931 -0.000000 -0.923777  0.004440 0.835541 0
0  -0.039377 -0.003040 -0.001527  0.382949 -0.000000 -0.923769  0.021531 0.835541 0
mount_casv_vltor_picatinny_rail_sections_LOD0
0  -0.039377 -0.003040 -0.001527  0.382949 -0.000000 -0.923769  0.021531 0.835541 0
0  -0.039377 0.000006 -0.001527  0.382931 -0.000000 -0.923777  0.004440 0.835541 0
0  -0.038483 -0.003040 -0.000632  0.923990 -0.000000 -0.382418  0.021531 0.828442 0
mount_casv_vltor_picatinny_rail_sections_LOD0
0  -0.039377 0.000006 -0.001527  0.382931 -0.000000 -0.923777  0.004440 0.835541 0
0  -0.038483 0.000006 -0.000632  0.923982 0.000001 -0.382436  0.004440 0.828442 0
0  -0.038483 -0.003040 -0.000632  0.923990 -0.000000 -0.382418  0.021531 0.828442 0
mount_casv_vltor_picatinny_rail_sections_LOD0
0  -0.038483 -0.003040 -0.000632  0.923990 -0.000000 -0.382418  0.021531 0.828442 0
0  -0.038483 0.000006 -0.000632  0.923982 0.000001 -0.382436  0.004440 0.828442 0
0  -0.038483 -0.003040 0.000632  0.923982 0.000000 0.382436  0.021531 0.821351 0
mount_casv_vltor_picatinny_rail_sections_LOD0
0  -0.038483 0.000006 -0.000632  0.923982 0.000001 -0.382436  0.004440 0.828442 0
0  -0.038483 0.000006 0.000632  0.923990 0.000001 0.382417  0.004440 0.821351 0
0  -0.038483 -0.003040 0.000632  0.923982 0.000000 0.382436  0.021531 0.821351 0
mount_casv_vltor_picatinny_rail_sections_LOD0
0  -0.038483 -0.003040 0.000632  0.923982 0.000000 0.382436  0.021531 0.821351 0
0  -0.038483 0.000006 0.000632  0.923990 0.000001 0.382417  0.004440 0.821351 0
0  -0.039377 -0.003040 0.001527  0.383097 0.000128 0.923708  0.021531 0.814255 0
mount_casv_vltor_picatinny_rail_sections_LOD0
0  -0.038483 0.000006 0.000632  0.923990 0.000001 0.382417  0.004440 0.821351 0
0  -0.039377 0.000006 0.001527  0.383097 -0.000018 0.923708  0.004440 0.814255 0
0  -0.039377 -0.003040 0.001527  0.383097 0.000128 0.923708  0.021531 0.814255 0
mount_casv_vltor_picatinny_rail_sections_LOD0
0  -0.041279 -0.003782 0.000491  -0.598713 -0.764134 0.240088  0.441590 0.165301 0
0  -0.039484 -0.003782 0.001234  0.246040 -0.771992 0.586082  0.452491 0.165297 0
0  -0.040535 -0.003782 0.001234  -0.246021 -0.771993 0.586090  0.447043 0.167553 0
mount_casv_vltor_picatinny_rail_sections_LOD0
0  -0.039484 -0.003782 0.001234  0.246040 -0.771992 0.586082  0.452491 0.165297 0
0  -0.041279 -0.003782 0.000491  -0.598713 -0.764134 0.240088  0.441590 0.165301 0
0  -0.041279 -0.003782 -0.000561  -0.604605 -0.753393 -0.258558  0.439333 0.159845 0
mount_casv_vltor_picatinny_rail_sections_LOD0
0  -0.038741 -0.003782 0.000491  0.598210 -0.764598 0.239866  0.454746 0.159851 0
0  -0.039484 -0.003782 0.001234  0.246040 -0.771992 0.586082  0.452491 0.165297 0
0  -0.041279 -0.003782 -0.000561  -0.604605 -0.753393 -0.258558  0.439333 0.159845 0
mount_casv_vltor_picatinny_rail_sections_LOD0
0  -0.038741 -0.003782 0.000491  0.598210 -0.764598 0.239866  0.454746 0.159851 0
0  -0.041279 -0.003782 -0.000561  -0.604605 -0.753393 -0.258558  0.439333 0.159845 0
0  -0.040535 -0.003782 -0.001304  -0.251986 -0.746097 -0.616313  0.441593 0.154396 0
mount_casv_vltor_picatinny_rail_sections_LOD0
0  -0.038741 -0.003782 -0.000561  0.604092 -0.753866 -0.258379  0.452486 0.154396 0
0  -0.038741 -0.003782 0.000491  0.598210 -0.764598 0.239866  0.454746 0.159851 0
0  -0.040535 -0.003782 -0.001304  -0.251986 -0.746097 -0.616313  0.441593 0.154396 0
mount_casv_vltor_picatinny_rail_sections_LOD0
0  -0.039484 -0.003782 -0.001304  0.251949 -0.746097 -0.616328  0.447040 0.152141 0
0  -0.038741 -0.003782 -0.000561  0.604092 -0.753866 -0.258379  0.452486 0.154396 0
0  -0.040535 -0.003782 -0.001304  -0.251986 -0.746097 -0.616313  0.441593 0.154396 0
mount_casv_vltor_picatinny_rail_sections_LOD0
0  0.040524 -0.003782 0.001234  0.246159 -0.772045 0.585963  0.953348 0.086294 0
0  0.040631 -0.003040 0.001527  0.349802 -0.387180 0.853071  0.957782 0.086294 0
0  0.039473 -0.003782 0.001234  -0.246004 -0.772061 0.586007  0.953348 0.092756 0
mount_casv_vltor_picatinny_rail_sections_LOD0
0  0.040631 -0.003040 0.001527  0.349802 -0.387180 0.853071  0.957782 0.086294 0
0  0.039366 -0.003040 0.001527  -0.349809 -0.386984 0.853157  0.957782 0.092756 0
0  0.039473 -0.003782 0.001234  -0.246004 -0.772061 0.586007  0.953348 0.092756 0
mount_casv_vltor_picatinny_rail_sections_LOD0
0  0.038729 -0.003782 0.000490  -0.598635 -0.764186 0.240115  0.953348 0.099217 0
0  0.039473 -0.003782 0.001234  -0.246004 -0.772061 0.586007  0.953348 0.092756 0
0  0.039366 -0.003040 0.001527  -0.349809 -0.386984 0.853157  0.957782 0.092756 0
mount_casv_vltor_picatinny_rail_sections_LOD0
0  0.038472 -0.003040 0.000632  -0.856833 -0.365816 0.363340  0.957782 0.099217 0
0  0.038729 -0.003782 0.000490  -0.598635 -0.764186 0.240115  0.953348 0.099217 0
0  0.039366 -0.003040 0.001527  -0.349809 -0.386984 0.853157  0.957782 0.092756 0
mount_casv_vltor_picatinny_rail_sections_LOD0
0  0.038729 -0.003782 -0.000562  -0.604525 -0.753449 -0.258581  0.953348 0.105676 0
0  0.038729 -0.003782 0.000490  -0.598635 -0.764186 0.240115  0.953348 0.099217 0
0  0.038472 -0.003040 0.000632  -0.856833 -0.365816 0.363340  0.957782 0.099217 0
mount_casv_vltor_picatinny_rail_sections_LOD0
0  0.038472 -0.003040 -0.000632  -0.873190 -0.336531 -0.352542  0.957782 0.105676 0
0  0.038729 -0.003782 -0.000562  -0.604525 -0.753449 -0.258581  0.953348 0.105676 0
0  0.038472 -0.003040 0.000632  -0.856833 -0.365816 0.363340  0.957782 0.099217 0
mount_casv_vltor_picatinny_rail_sections_LOD0
0  0.039473 -0.003782 -0.001304  -0.251973 -0.746134 -0.616275  0.953348 0.112136 0
0  0.038729 -0.003782 -0.000562  -0.604525 -0.753449 -0.258581  0.953348 0.105676 0
0  0.038472 -0.003040 -0.000632  -0.873190 -0.336531 -0.352542  0.957782 0.105676 0
mount_casv_vltor_picatinny_rail_sections_LOD0
0  0.039366 -0.003040 -0.001528  -0.366445 -0.315472 -0.875326  0.957782 0.112136 0
0  0.039473 -0.003782 -0.001304  -0.251973 -0.746134 -0.616275  0.953348 0.112136 0
0  0.038472 -0.003040 -0.000632  -0.873190 -0.336531 -0.352542  0.957782 0.105676 0
mount_casv_vltor_picatinny_rail_sections_LOD0
0  0.040524 -0.003782 -0.001304  0.251988 -0.746138 -0.616263  0.953348 0.118596 0
0  0.039473 -0.003782 -0.001304  -0.251973 -0.746134 -0.616275  0.953348 0.112136 0
0  0.039366 -0.003040 -0.001528  -0.366445 -0.315472 -0.875326  0.957782 0.112136 0
mount_casv_vltor_picatinny_rail_sections_LOD0
0  0.040631 -0.003040 -0.001528  0.366525 -0.315731 -0.875199  0.957782 0.118596 0
0  0.040524 -0.003782 -0.001304  0.251988 -0.746138 -0.616263  0.953348 0.118596 0
0  0.039366 -0.003040 -0.001528  -0.366445 -0.315472 -0.875326  0.957782 0.112136 0
mount_casv_vltor_picatinny_rail_sections_LOD0
0  0.041267 -0.003782 -0.000562  0.604038 -0.753941 -0.258286  0.953348 0.125054 0
0  0.040524 -0.003782 -0.001304  0.251988 -0.746138 -0.616263  0.953348 0.118596 0
0  0.040631 -0.003040 -0.001528  0.366525 -0.315731 -0.875199  0.957782 0.118596 0
mount_casv_vltor_picatinny_rail_sections_LOD0
0  0.041525 -0.003040 -0.000632  0.873088 -0.337297 -0.352063  0.957782 0.125054 0
0  0.041267 -0.003782 -0.000562  0.604038 -0.753941 -0.258286  0.953348 0.125054 0
0  0.040631 -0.003040 -0.001528  0.366525 -0.315731 -0.875199  0.957782 0.118596 0
mount_casv_vltor_picatinny_rail_sections_LOD0
0  0.041267 -0.003782 0.000490  0.598126 -0.764657 0.239884  0.953348 0.131516 0
0  0.041267 -0.003782 -0.000562  0.604038 -0.753941 -0.258286  0.953348 0.125054 0
0  0.041525 -0.003040 -0.000632  0.873088 -0.337297 -0.352063  0.957782 0.125054 0
mount_casv_vltor_picatinny_rail_sections_LOD0
0  0.041525 -0.003040 0.000632  0.856497 -0.366851 0.363090  0.957782 0.131516 0
0  0.041267 -0.003782 0.000490  0.598126 -0.764657 0.239884  0.953348 0.131516 0
0  0.041525 -0.003040 -0.000632  0.873088 -0.337297 -0.352063  0.957782 0.125054 0
mount_casv_vltor_picatinny_rail_sections_LOD0
0  0.041267 -0.003782 0.000490  0.598126 -0.764657 0.239884  0.953348 0.131516 0
0  0.041525 -0.003040 0.000632  0.856497 -0.366851 0.363090  0.957782 0.131516 0
0  0.040631 -0.003040 0.001527  0.349949 -0.387212 0.852996  0.957782 0.137974 0
mount_casv_vltor_picatinny_rail_sections_LOD0
0  0.040524 -0.003782 0.001234  0.246061 -0.772024 0.586031  0.953348 0.137974 0
0  0.041267 -0.003782 0.000490  0.598126 -0.764657 0.239884  0.953348 0.131516 0
0  0.040631 -0.003040 0.001527  0.349949 -0.387212 0.852996  0.957782 0.137974 0
mount_casv_vltor_picatinny_rail_sections_LOD0
0  0.040631 -0.003040 0.001527  0.382960 0.000019 0.923765  0.021531 0.871020 0
0  0.040631 0.000006 0.001527  0.382960 -0.000018 0.923765  0.004440 0.871020 0
0  0.039366 -0.003040 0.001527  -0.382949 0.000000 0.923769  0.021531 0.863922 0
mount_casv_vltor_picatinny_rail_sections_LOD0
0  0.040631 0.000006 0.001527  0.382960 -0.000018 0.923765  0.004440 0.871020 0
0  0.039366 0.000006 0.001527  -0.382931 0.000000 0.923777  0.004440 0.863922 0
0  0.039366 -0.003040 0.001527  -0.382949 0.000000 0.923769  0.021531 0.863922 0
mount_casv_vltor_picatinny_rail_sections_LOD0
0  0.038472 -0.003040 0.000632  -0.923986 0.000000 0.382427  0.021531 0.856826 0
0  0.039366 -0.003040 0.001527  -0.382949 0.000000 0.923769  0.021531 0.863922 0
0  0.039366 0.000006 0.001527  -0.382931 0.000000 0.923777  0.004440 0.863922 0
mount_casv_vltor_picatinny_rail_sections_LOD0
0  0.038472 0.000006 0.000632  -0.923986 0.000000 0.382427  0.004440 0.856824 0
0  0.038472 -0.003040 0.000632  -0.923986 0.000000 0.382427  0.021531 0.856826 0
0  0.039366 0.000006 0.001527  -0.382931 0.000000 0.923777  0.004440 0.863922 0
mount_casv_vltor_picatinny_rail_sections_LOD0
0  0.038472 -0.003040 0.000632  -0.923986 0.000000 0.382427  0.021531 0.856826 0
0  0.038472 0.000006 0.000632  -0.923986 0.000000 0.382427  0.004440 0.856824 0
0  0.038472 0.000006 -0.000632  -0.923986 -0.000000 -0.382427  0.004440 0.849732 0
mount_casv_vltor_picatinny_rail_sections_LOD0
0  0.038472 -0.003040 -0.000632  -0.923986 0.000000 -0.382427  0.021531 0.849732 0
0  0.038472 -0.003040 0.000632  -0.923986 0.000000 0.382427  0.021531 0.856826 0
0  0.038472 0.000006 -0.000632  -0.923986 -0.000000 -0.382427  0.004440 0.849732 0
mount_casv_vltor_picatinny_rail_sections_LOD0
0  0.038472 -0.003040 -0.000632  -0.923986 0.000000 -0.382427  0.021531 0.849732 0
0  0.038472 0.000006 -0.000632  -0.923986 -0.000000 -0.382427  0.004440 0.849732 0
0  0.039366 -0.003040 -0.001528  -0.382931 -0.000000 -0.923777  0.021531 0.842636 0
mount_casv_vltor_picatinny_rail_sections_LOD0
0  0.038472 0.000006 -0.000632  -0.923986 -0.000000 -0.382427  0.004440 0.849732 0
0  0.039366 0.000006 -0.001528  -0.382950 -0.000000 -0.923769  0.004440 0.842636 0
0  0.039366 -0.003040 -0.001528  -0.382931 -0.000000 -0.923777  0.021531 0.842636 0
mount_casv_vltor_picatinny_rail_sections_LOD0
0  0.039366 -0.003040 -0.001528  -0.382931 -0.000000 -0.923777  0.021531 0.842636 0
0  0.039366 0.000006 -0.001528  -0.382950 -0.000000 -0.923769  0.004440 0.842636 0
0  0.040631 -0.003040 -0.001528  0.382949 -0.000000 -0.923769  0.021531 0.835541 0
mount_casv_vltor_picatinny_rail_sections_LOD0
0  0.039366 0.000006 -0.001528  -0.382950 -0.000000 -0.923769  0.004440 0.842636 0
0  0.040631 0.000006 -0.001528  0.382931 -0.000000 -0.923777  0.004440 0.835541 0
0  0.040631 -0.003040 -0.001528  0.382949 -0.000000 -0.923769  0.021531 0.835541 0
mount_casv_vltor_picatinny_rail_sections_LOD0
0  0.040631 -0.003040 -0.001528  0.382949 -0.000000 -0.923769  0.021531 0.835541 0
0  0.040631 0.000006 -0.001528  0.382931 -0.000000 -0.923777  0.004440 0.835541 0
0  0.041525 -0.003040 -0.000632  0.923990 -0.000001 -0.382418  0.021531 0.828442 0
mount_casv_vltor_picatinny_rail_sections_LOD0
0  0.040631 0.000006 -0.001528  0.382931 -0.000000 -0.923777  0.004440 0.835541 0
0  0.041525 0.000006 -0.000632  0.923982 -0.000000 -0.382436  0.004440 0.828442 0
0  0.041525 -0.003040 -0.000632  0.923990 -0.000001 -0.382418  0.021531 0.828442 0
mount_casv_vltor_picatinny_rail_sections_LOD0
0  0.041525 -0.003040 -0.000632  0.923990 -0.000001 -0.382418  0.021531 0.828442 0
0  0.041525 0.000006 -0.000632  0.923982 -0.000000 -0.382436  0.004440 0.828442 0
0  0.041525 -0.003040 0.000632  0.923982 -0.000001 0.382436  0.021531 0.821351 0
mount_casv_vltor_picatinny_rail_sections_LOD0
0  0.041525 0.000006 -0.000632  0.923982 -0.000000 -0.382436  0.004440 0.828442 0
0  0.041525 0.000006 0.000632  0.923990 0.000001 0.382417  0.004440 0.821351 0
0  0.041525 -0.003040 0.000632  0.923982 -0.000001 0.382436  0.021531 0.821351 0
mount_casv_vltor_picatinny_rail_sections_LOD0
0  0.041525 -0.003040 0.000632  0.923982 -0.000001 0.382436  0.021531 0.821351 0
0  0.041525 0.000006 0.000632  0.923990 0.000001 0.382417  0.004440 0.821351 0
0  0.040631 -0.003040 0.001527  0.383097 0.000018 0.923708  0.021531 0.814255 0
mount_casv_vltor_picatinny_rail_sections_LOD0
0  0.041525 0.000006 0.000632  0.923990 0.000001 0.382417  0.004440 0.821351 0
0  0.040631 0.000006 0.001527  0.383097 -0.000019 0.923708  0.004440 0.814255 0
0  0.040631 -0.003040 0.001527  0.383097 0.000018 0.923708  0.021531 0.814255 0
mount_casv_vltor_picatinny_rail_sections_LOD0
0  0.038729 -0.003782 0.000490  -0.598684 -0.764134 0.240160  0.441590 0.165301 0
0  0.040524 -0.003782 0.001234  0.246181 -0.771993 0.586023  0.452491 0.165297 0
0  0.039473 -0.003782 0.001234  -0.246021 -0.771993 0.586090  0.447043 0.167553 0
mount_casv_vltor_picatinny_rail_sections_LOD0
0  0.040524 -0.003782 0.001234  0.246181 -0.771993 0.586023  0.452491 0.165297 0
0  0.038729 -0.003782 0.000490  -0.598684 -0.764134 0.240160  0.441590 0.165301 0
0  0.038729 -0.003782 -0.000562  -0.604605 -0.753393 -0.258558  0.439333 0.159845 0
mount_casv_vltor_picatinny_rail_sections_LOD0
0  0.041267 -0.003782 0.000490  0.598210 -0.764598 0.239866  0.454746 0.159851 0
0  0.040524 -0.003782 0.001234  0.246181 -0.771993 0.586023  0.452491 0.165297 0
0  0.038729 -0.003782 -0.000562  -0.604605 -0.753393 -0.258558  0.439333 0.159845 0
mount_casv_vltor_picatinny_rail_sections_LOD0
0  0.041267 -0.003782 0.000490  0.598210 -0.764598 0.239866  0.454746 0.159851 0
0  0.038729 -0.003782 -0.000562  -0.604605 -0.753393 -0.258558  0.439333 0.159845 0
0  0.039473 -0.003782 -0.001304  -0.251986 -0.746097 -0.616313  0.441593 0.154396 0
mount_casv_vltor_picatinny_rail_sections_LOD0
0  0.041267 -0.003782 -0.000562  0.604092 -0.753866 -0.258378  0.452486 0.154396 0
0  0.041267 -0.003782 0.000490  0.598210 -0.764598 0.239866  0.454746 0.159851 0
0  0.039473 -0.003782 -0.001304  -0.251986 -0.746097 -0.616313  0.441593 0.154396 0
mount_casv_vltor_picatinny_rail_sections_LOD0
0  0.040524 -0.003782 -0.001304  0.251950 -0.746097 -0.616328  0.447040 0.152141 0
0  0.041267 -0.003782 -0.000562  0.604092 -0.753866 -0.258378  0.452486 0.154396 0
0  0.039473 -0.003782 -0.001304  -0.251986 -0.746097 -0.616313  0.441593 0.154396 0
end
